volume,plate,list_name,list_latin,caption_latin,imprint,bhl_barcode,bhl_item,leaf,bhl_page,orientation,rotate,scan_url,page_url,sheet_asset,crop_asset,notes
I,1,Egyptian Vulture,Neophron percnopterus,NEOPIR ON PERCNOPTERUS .,"J. Wolf & H. CRichter, del et lith. | Walter, Imp.",birdsgreatbrita1goul,221495,162,53017799,portrait,0,https://bhl-open-data.s3.us-east-2.amazonaws.com/images/birdsgreatbrita1goul/birdsgreatbrita1goul_0162.jp2,https://www.biodiversitylibrary.org/page/53017799,sheet-birdsgreatbrita1goul-0162.jpg,crop-birdsgreatbrita1goul-0162.jpg,
I,2,Golden Eagle,Aquila chrysaëtos,"AQUILA CHRYSAÈTOS, Briss","J. Wolf and H. C. Richter, del. et lith. | Walter & Cohn, Imp.",birdsgreatbrita1goul,221495,166,53017803,portrait,0,https://bhl-open-data.s3.us-east-2.amazonaws.com/images/birdsgreatbrita1goul/birdsgreatbrita1goul_0166.jp2,https://www.biodiversitylibrary.org/page/53017803,sheet-birdsgreatbrita1goul-0166.jpg,crop-birdsgreatbrita1goul-0166.jpg,
I,3,Spotted Eagle,Aquila nævia,AQUILA NAVIA.,"J. Wolf & H. CRichter, del et lith. | Walter, Imp.",birdsgreatbrita1goul,221495,170,53017807,portrait,0,https://bhl-open-data.s3.us-east-2.amazonaws.com/images/birdsgreatbrita1goul/birdsgreatbrita1goul_0170.jp2,https://www.biodiversitylibrary.org/page/53017807,sheet-birdsgreatbrita1goul-0170.jpg,crop-birdsgreatbrita1goul-0170.jpg,
I,4,Sea-Eagle,Haliaëtus albicilla,HALIAËTUS ALBICILLA.,"J. Wolf and H. C. Richter, del. et lith. | Walter & Cohn, Imp.",birdsgreatbrita1goul,221495,174,53017811,portrait,0,https://bhl-open-data.s3.us-east-2.amazonaws.com/images/birdsgreatbrita1goul/birdsgreatbrita1goul_0174.jp2,https://www.biodiversitylibrary.org/page/53017811,sheet-birdsgreatbrita1goul-0174.jpg,crop-birdsgreatbrita1goul-0174.jpg,
I,5,Osprey,Pandion haliaëtus,PANDION HALIAËTUS.,"J. Wolf & HCRichter, del et lith. | Walter, Imp.",birdsgreatbrita1goul,221495,178,53017815,portrait,0,https://bhl-open-data.s3.us-east-2.amazonaws.com/images/birdsgreatbrita1goul/birdsgreatbrita1goul_0178.jp2,https://www.biodiversitylibrary.org/page/53017815,sheet-birdsgreatbrita1goul-0178.jpg,crop-birdsgreatbrita1goul-0178.jpg,
I,6,Common Buzzard,Buteo vulgaris,BUTEO VULGARIS.,J Wolf & H. C. Richter del et lith. | Walter & Cohn Imp.,birdsgreatbrita1goul,221495,182,53017819,portrait,0,https://bhl-open-data.s3.us-east-2.amazonaws.com/images/birdsgreatbrita1goul/birdsgreatbrita1goul_0182.jp2,https://www.biodiversitylibrary.org/page/53017819,sheet-birdsgreatbrita1goul-0182.jpg,crop-birdsgreatbrita1goul-0182.jpg,
I,7,Rough-legged Buzzard,Archibuteo lagopus,"ARCHIBUTEO LAGOPUS,","J. Wolf and H. C. Richter, del et lith. | Walter & Cohn, Imp.",birdsgreatbrita1goul,221495,186,53017823,portrait,0,https://bhl-open-data.s3.us-east-2.amazonaws.com/images/birdsgreatbrita1goul/birdsgreatbrita1goul_0186.jp2,https://www.biodiversitylibrary.org/page/53017823,sheet-birdsgreatbrita1goul-0186.jpg,crop-birdsgreatbrita1goul-0186.jpg,
I,8,Honey-Buzzard,Pernis apivorus,PERNIS APIVORUS.,"J. Gould & H. C. Richter, del. et lith. | Walter, Imp.",birdsgreatbrita1goul,221495,190,53017827,portrait,0,https://bhl-open-data.s3.us-east-2.amazonaws.com/images/birdsgreatbrita1goul/birdsgreatbrita1goul_0190.jp2,https://www.biodiversitylibrary.org/page/53017827,sheet-birdsgreatbrita1goul-0190.jpg,crop-birdsgreatbrita1goul-0190.jpg,
I,9,Goshawk,Astur palumbarius,ASTUR PALUMBARIUS.,"J. Wolf & H. CRichter, del et lith. | Walter. Imp.",birdsgreatbrita1goul,221495,194,53017831,portrait,0,https://bhl-open-data.s3.us-east-2.amazonaws.com/images/birdsgreatbrita1goul/birdsgreatbrita1goul_0194.jp2,https://www.biodiversitylibrary.org/page/53017831,sheet-birdsgreatbrita1goul-0194.jpg,crop-birdsgreatbrita1goul-0194.jpg,
I,10,Sparrow-Hawk,Accipiter nisus,ACCIPITER NISIS.,"J. Wolf and H. C. Richter, del. et lith | Walter & Cohn, Imp.",birdsgreatbrita1goul,221495,198,53017835,portrait,0,https://bhl-open-data.s3.us-east-2.amazonaws.com/images/birdsgreatbrita1goul/birdsgreatbrita1goul_0198.jp2,https://www.biodiversitylibrary.org/page/53017835,sheet-birdsgreatbrita1goul-0198.jpg,crop-birdsgreatbrita1goul-0198.jpg,
I,11,Iceland Falcon,Falco islandus,"FALCO ISLANDUS, J.F.Gmel.","J. Wolf & HCRichter, del et lith. | Walter, Imp.",birdsgreatbrita1goul,221495,202,53017839,portrait,0,https://bhl-open-data.s3.us-east-2.amazonaws.com/images/birdsgreatbrita1goul/birdsgreatbrita1goul_0202.jp2,https://www.biodiversitylibrary.org/page/53017839,sheet-birdsgreatbrita1goul-0202.jpg,crop-birdsgreatbrita1goul-0202.jpg,
I,12,Iceland Falcon (young),Falco islandus,"FALCO ISIANDUS, J.EGmel.","J. Wolf & H. C. Richter, del et lith. | Walter, Imp.",birdsgreatbrita1goul,221495,205,53017842,portrait,0,https://bhl-open-data.s3.us-east-2.amazonaws.com/images/birdsgreatbrita1goul/birdsgreatbrita1goul_0205.jp2,https://www.biodiversitylibrary.org/page/53017842,sheet-birdsgreatbrita1goul-0205.jpg,crop-birdsgreatbrita1goul-0205.jpg,
I,13,Greenland Falcon,Falco candicans,"FALCO CANDICANS, J.F.Gmel.","J. Wolf & H. C. Richter, del et lith. | Walter Imp.",birdsgreatbrita1goul,221495,208,53017845,portrait,0,https://bhl-open-data.s3.us-east-2.amazonaws.com/images/birdsgreatbrita1goul/birdsgreatbrita1goul_0208.jp2,https://www.biodiversitylibrary.org/page/53017845,sheet-birdsgreatbrita1goul-0208.jpg,crop-birdsgreatbrita1goul-0208.jpg,
I,14,Greenland Falcon (dark race),Falco candicans,FALCO CANDICANS.,"J. Wolf & W. Hart, del et lith. | Walter, Imp.",birdsgreatbrita1goul,221495,212,53017849,portrait,0,https://bhl-open-data.s3.us-east-2.amazonaws.com/images/birdsgreatbrita1goul/birdsgreatbrita1goul_0212.jp2,https://www.biodiversitylibrary.org/page/53017849,sheet-birdsgreatbrita1goul-0212.jpg,crop-birdsgreatbrita1goul-0212.jpg,
I,15,"Greenland Falcon (dark race, young)",Falco candicans,FALCO CANDICANS.,"J. Wolf & HCRichter, del et lith. | Walter, Imp.",birdsgreatbrita1goul,221495,215,53017852,portrait,0,https://bhl-open-data.s3.us-east-2.amazonaws.com/images/birdsgreatbrita1goul/birdsgreatbrita1goul_0215.jp2,https://www.biodiversitylibrary.org/page/53017852,sheet-birdsgreatbrita1goul-0215.jpg,crop-birdsgreatbrita1goul-0215.jpg,
I,16,Norwegian or Gyr Falcon,Falco gyrfalco,"FALCO GYREALCO, Linn.","J. Wolf & H. CRichter, del et lith. | Walter, Imp.",birdsgreatbrita1goul,221495,218,53017855,portrait,0,https://bhl-open-data.s3.us-east-2.amazonaws.com/images/birdsgreatbrita1goul/birdsgreatbrita1goul_0218.jp2,https://www.biodiversitylibrary.org/page/53017855,sheet-birdsgreatbrita1goul-0218.jpg,crop-birdsgreatbrita1goul-0218.jpg,
I,17,Peregrine Falcon,Falco peregrinus,"FALCO PEREGRINUS, Gmel.","J. Wolf & H. C. Richter, del. et lith. | Walter & Cohn, Imp.",birdsgreatbrita1goul,221495,222,53017859,portrait,0,https://bhl-open-data.s3.us-east-2.amazonaws.com/images/birdsgreatbrita1goul/birdsgreatbrita1goul_0222.jp2,https://www.biodiversitylibrary.org/page/53017859,sheet-birdsgreatbrita1goul-0222.jpg,crop-birdsgreatbrita1goul-0222.jpg,
I,18,Hobby,Falco subbuteo,"FALCO SUBBUTEO, Linn.","J. Wolf, and H. C. Richter, del, et lith. | Walter. Imp.",birdsgreatbrita1goul,221495,226,53017863,portrait,0,https://bhl-open-data.s3.us-east-2.amazonaws.com/images/birdsgreatbrita1goul/birdsgreatbrita1goul_0226.jp2,https://www.biodiversitylibrary.org/page/53017863,sheet-birdsgreatbrita1goul-0226.jpg,crop-birdsgreatbrita1goul-0226.jpg,
I,19,Merlin,Falco æsalon,"FALCO ZESALON, Linn","J. Wolf, and H. C. Richter, del et lith, | Walter, Imp.",birdsgreatbrita1goul,221495,230,53017867,portrait,0,https://bhl-open-data.s3.us-east-2.amazonaws.com/images/birdsgreatbrita1goul/birdsgreatbrita1goul_0230.jp2,https://www.biodiversitylibrary.org/page/53017867,sheet-birdsgreatbrita1goul-0230.jpg,crop-birdsgreatbrita1goul-0230.jpg,
I,20,Orange-legged Hobby,Erythropus vespertinus,ERYTUROPUS VESPERTINUS,"J. Gould & H. CRichter, del et lith. | Walter, Imp.",birdsgreatbrita1goul,221495,234,53017871,portrait,0,https://bhl-open-data.s3.us-east-2.amazonaws.com/images/birdsgreatbrita1goul/birdsgreatbrita1goul_0234.jp2,https://www.biodiversitylibrary.org/page/53017871,sheet-birdsgreatbrita1goul-0234.jpg,crop-birdsgreatbrita1goul-0234.jpg,
I,21,Kestrel,Tinnunculus alaudarius,TINNUNCULUS ALAUDARIUS.,"J. Wolf and H. C. Richter, del. et lith. | Walter & Cohn, Imp.",birdsgreatbrita1goul,221495,238,53017875,portrait,0,https://bhl-open-data.s3.us-east-2.amazonaws.com/images/birdsgreatbrita1goul/birdsgreatbrita1goul_0238.jp2,https://www.biodiversitylibrary.org/page/53017875,sheet-birdsgreatbrita1goul-0238.jpg,crop-birdsgreatbrita1goul-0238.jpg,
I,22,Kite or Glede,Milvus regalis,MILVUS REGALIS.,"J. Wolf & H. CRichter, del et lith. | Walter Imp.",birdsgreatbrita1goul,221495,242,53017879,portrait,0,https://bhl-open-data.s3.us-east-2.amazonaws.com/images/birdsgreatbrita1goul/birdsgreatbrita1goul_0242.jp2,https://www.biodiversitylibrary.org/page/53017879,sheet-birdsgreatbrita1goul-0242.jpg,crop-birdsgreatbrita1goul-0242.jpg,
I,23,Black Kite,Milvus migrans,"MILVUS MIGRANS, Bodd.","J. Wolf & W. Hart, del et lith. | Walter, Imp.",birdsgreatbrita1goul,221495,246,53017883,portrait,0,https://bhl-open-data.s3.us-east-2.amazonaws.com/images/birdsgreatbrita1goul/birdsgreatbrita1goul_0246.jp2,https://www.biodiversitylibrary.org/page/53017883,sheet-birdsgreatbrita1goul-0246.jpg,crop-birdsgreatbrita1goul-0246.jpg,
I,24,Marsh-Harrier,Circus æruginosus,CIRCUS ÆRUGINOSUS.,"J. Gould & H. C. Richter, del et lith.",birdsgreatbrita1goul,221495,250,53017887,landscape,270,https://bhl-open-data.s3.us-east-2.amazonaws.com/images/birdsgreatbrita1goul/birdsgreatbrita1goul_0250.jp2,https://www.biodiversitylibrary.org/page/53017887,sheet-birdsgreatbrita1goul-0250.jpg,crop-birdsgreatbrita1goul-0250.jpg,right credit line not on the scan: the right corner is blank to the gutter
I,25,Marsh-Harrier (young),Circus æruginosus,CIRCUS ÆRUGINOSUS,,birdsgreatbrita1goul,221495,253,53017890,landscape,90,https://bhl-open-data.s3.us-east-2.amazonaws.com/images/birdsgreatbrita1goul/birdsgreatbrita1goul_0253.jp2,https://www.biodiversitylibrary.org/page/53017890,sheet-birdsgreatbrita1goul-0253.jpg,crop-birdsgreatbrita1goul-0253.jpg,credit lines cut off: the sheet ends in the caption
I,26,Hen-Harrier,Circus cyaneus,CIRCUS CYANEUS,,birdsgreatbrita1goul,221495,256,53017893,landscape,270,https://bhl-open-data.s3.us-east-2.amazonaws.com/images/birdsgreatbrita1goul/birdsgreatbrita1goul_0256.jp2,https://www.biodiversitylibrary.org/page/53017893,sheet-birdsgreatbrita1goul-0256.jpg,crop-birdsgreatbrita1goul-0256.jpg,credit lines cut off: the sheet ends in the caption
I,27,Ash-coloured Harrier,Circus cinerascens,CIRCUS CINERACEUS.,"J. Gould & H. C. Richter, del et lith. | Walter, Imp.",birdsgreatbrita1goul,221495,260,53017897,landscape,270,https://bhl-open-data.s3.us-east-2.amazonaws.com/images/birdsgreatbrita1goul/birdsgreatbrita1goul_0260.jp2,https://www.biodiversitylibrary.org/page/53017897,sheet-birdsgreatbrita1goul-0260.jpg,crop-birdsgreatbrita1goul-0260.jpg,
I,28,Barn-Owl,Strix flammea,"STRIX FLAMMEA, Lin","J. Gould & H. C. Richter, del et lith | Walter, Imp.",birdsgreatbrita1goul,221495,264,53017901,portrait,0,https://bhl-open-data.s3.us-east-2.amazonaws.com/images/birdsgreatbrita1goul/birdsgreatbrita1goul_0264.jp2,https://www.biodiversitylibrary.org/page/53017901,sheet-birdsgreatbrita1goul-0264.jpg,crop-birdsgreatbrita1goul-0264.jpg,
I,29,Tawny or Brown Owl,Syrnium aluco,SYRNIUM ALUCO.,"J. Wolf and H. C. Richter, del. et lith. | Walter & Cohn, Imp.",birdsgreatbrita1goul,221495,268,53017905,portrait,0,https://bhl-open-data.s3.us-east-2.amazonaws.com/images/birdsgreatbrita1goul/birdsgreatbrita1goul_0268.jp2,https://www.biodiversitylibrary.org/page/53017905,sheet-birdsgreatbrita1goul-0268.jpg,crop-birdsgreatbrita1goul-0268.jpg,
I,30,Eagle Owl,Bubo maximus,"BUBO MAXIMUS, Sibb","J. Wolf, and HC. Richter, del, et lith, | Walter Imp.",birdsgreatbrita1goul,221495,272,53017909,portrait,0,https://bhl-open-data.s3.us-east-2.amazonaws.com/images/birdsgreatbrita1goul/birdsgreatbrita1goul_0272.jp2,https://www.biodiversitylibrary.org/page/53017909,sheet-birdsgreatbrita1goul-0272.jpg,crop-birdsgreatbrita1goul-0272.jpg,
I,31,Long-eared Owl,Otus vulgaris,OTUS VULGARIS.,"J. Wolf and H. C. Richter, del. et lith. | Walter & Cohn, Imp.",birdsgreatbrita1goul,221495,276,53017913,portrait,0,https://bhl-open-data.s3.us-east-2.amazonaws.com/images/birdsgreatbrita1goul/birdsgreatbrita1goul_0276.jp2,https://www.biodiversitylibrary.org/page/53017913,sheet-birdsgreatbrita1goul-0276.jpg,crop-birdsgreatbrita1goul-0276.jpg,
I,32,Short-eared Owl,Brachyotus palustris,BRACHYOTUS PALUSTRIS.,"J. Gould and H. C. Richter, del. et lith. | Walter & Cohn, Imp.",birdsgreatbrita1goul,221495,280,53017917,landscape,270,https://bhl-open-data.s3.us-east-2.amazonaws.com/images/birdsgreatbrita1goul/birdsgreatbrita1goul_0280.jp2,https://www.biodiversitylibrary.org/page/53017917,sheet-birdsgreatbrita1goul-0280.jpg,crop-birdsgreatbrita1goul-0280.jpg,
I,33,Scops Owl,Scops zorca,SCOPS ZORCA.,"J. Gould & H. C. Richter, del et lith. | Walter, Imp.",birdsgreatbrita1goul,221495,284,53017921,portrait,0,https://bhl-open-data.s3.us-east-2.amazonaws.com/images/birdsgreatbrita1goul/birdsgreatbrita1goul_0284.jp2,https://www.biodiversitylibrary.org/page/53017921,sheet-birdsgreatbrita1goul-0284.jpg,crop-birdsgreatbrita1goul-0284.jpg,
I,34,Snowy Owl,Nyctea nivea,NYCTEA NIVEA.,"J. Wolf and H. C. Richter, del. et lith. | Walter & Cohn, Imp.",birdsgreatbrita1goul,221495,288,53017925,portrait,0,https://bhl-open-data.s3.us-east-2.amazonaws.com/images/birdsgreatbrita1goul/birdsgreatbrita1goul_0288.jp2,https://www.biodiversitylibrary.org/page/53017925,sheet-birdsgreatbrita1goul-0288.jpg,crop-birdsgreatbrita1goul-0288.jpg,
I,35,Hawk Owl,Surnia funerea,SURNIA FUNEREA.,"J. Gould & H. C. Richter, del. et lith. | Walter, Imp",birdsgreatbrita1goul,221495,292,53017929,portrait,0,https://bhl-open-data.s3.us-east-2.amazonaws.com/images/birdsgreatbrita1goul/birdsgreatbrita1goul_0292.jp2,https://www.biodiversitylibrary.org/page/53017929,sheet-birdsgreatbrita1goul-0292.jpg,crop-birdsgreatbrita1goul-0292.jpg,
I,36,Tengmalm's Owl,Nyctale Tengmalmi,NYCTALE TENGMALMI.,"J. Gould & H. C. Richter, del et lith. | Walter, Imp.",birdsgreatbrita1goul,221495,296,53017933,portrait,0,https://bhl-open-data.s3.us-east-2.amazonaws.com/images/birdsgreatbrita1goul/birdsgreatbrita1goul_0296.jp2,https://www.biodiversitylibrary.org/page/53017933,sheet-birdsgreatbrita1goul-0296.jpg,crop-birdsgreatbrita1goul-0296.jpg,
I,37,Little Owl,Athene noctua,AТHENE NOCTUA.,"J. Wolf & H. C. Richter, del et lith | Walter, Imp.",birdsgreatbrita1goul,221495,300,53017937,portrait,0,https://bhl-open-data.s3.us-east-2.amazonaws.com/images/birdsgreatbrita1goul/birdsgreatbrita1goul_0300.jp2,https://www.biodiversitylibrary.org/page/53017937,sheet-birdsgreatbrita1goul-0300.jpg,crop-birdsgreatbrita1goul-0300.jpg,
II,1,"Nightjar, or Goatsucker",Caprimulgus europæus,"CAPRIMULGUS EUROPÆUS, Linn.","J. Gould and H. C. Richter, del. et lith. | Walter & Cohn, Imp.",birdsgreatbrita2goul,221554,12,53020336,landscape,270,https://bhl-open-data.s3.us-east-2.amazonaws.com/images/birdsgreatbrita2goul/birdsgreatbrita2goul_0012.jp2,https://www.biodiversitylibrary.org/page/53020336,sheet-birdsgreatbrita2goul-0012.jpg,crop-birdsgreatbrita2goul-0012.jpg,
II,2,Red-necked Goatsucker,Caprimulgus ruficollis,"CAPRIMULGUS RUFICOLLIŞ, 1emm.","J. Gould & H. C. Richter, del et lith. | Walter, Imp.",birdsgreatbrita2goul,221554,16,53020340,landscape,270,https://bhl-open-data.s3.us-east-2.amazonaws.com/images/birdsgreatbrita2goul/birdsgreatbrita2goul_0016.jp2,https://www.biodiversitylibrary.org/page/53020340,sheet-birdsgreatbrita2goul-0016.jpg,crop-birdsgreatbrita2goul-0016.jpg,
II,3,Swift,Cypselus apus,CYPSELUS APUS.,"J. Gould and H. C. Richter, del. et lith. | Walter & Cohn, Imp.",birdsgreatbrita2goul,221554,20,53020344,portrait,0,https://bhl-open-data.s3.us-east-2.amazonaws.com/images/birdsgreatbrita2goul/birdsgreatbrita2goul_0020.jp2,https://www.biodiversitylibrary.org/page/53020344,sheet-birdsgreatbrita2goul-0020.jpg,crop-birdsgreatbrita2goul-0020.jpg,
II,4,Alpine Swift,Cypselus melba,CYPSELUS MELBA.,"J. Gould & H. CRichter, del. et lith. | Walter, Imp.",birdsgreatbrita2goul,221554,24,53020348,portrait,0,https://bhl-open-data.s3.us-east-2.amazonaws.com/images/birdsgreatbrita2goul/birdsgreatbrita2goul_0024.jp2,https://www.biodiversitylibrary.org/page/53020348,sheet-birdsgreatbrita2goul-0024.jpg,crop-birdsgreatbrita2goul-0024.jpg,
II,5,Swallow,Hirundo rustica,"HIRUNDO RUSTICA, Linn.","J. Gould and H. CRichter, del. et lith. | Walter & Cohn, Imp.",birdsgreatbrita2goul,221554,28,53020352,portrait,0,https://bhl-open-data.s3.us-east-2.amazonaws.com/images/birdsgreatbrita2goul/birdsgreatbrita2goul_0028.jp2,https://www.biodiversitylibrary.org/page/53020352,sheet-birdsgreatbrita2goul-0028.jpg,crop-birdsgreatbrita2goul-0028.jpg,
II,6,House-Martin,Chelidon urbica,CHELIDON URBICA.,"J. Gould & H. CRichter, del et lith | Walter, Imp.",birdsgreatbrita2goul,221554,32,53020356,portrait,0,https://bhl-open-data.s3.us-east-2.amazonaws.com/images/birdsgreatbrita2goul/birdsgreatbrita2goul_0032.jp2,https://www.biodiversitylibrary.org/page/53020356,sheet-birdsgreatbrita2goul-0032.jpg,crop-birdsgreatbrita2goul-0032.jpg,
II,7,Sand-Martin,Cotyle riparia,COTYLE RIPARIA.,"J. Gould and H. C. Richter, del. et lith | Walter & Cohn, Imp.",birdsgreatbrita2goul,221554,36,53020360,portrait,0,https://bhl-open-data.s3.us-east-2.amazonaws.com/images/birdsgreatbrita2goul/birdsgreatbrita2goul_0036.jp2,https://www.biodiversitylibrary.org/page/53020360,sheet-birdsgreatbrita2goul-0036.jpg,crop-birdsgreatbrita2goul-0036.jpg,
II,8,Sand-Martin (young),Cotyle riparia,COTYLE RIPARIA,,birdsgreatbrita2goul,221554,39,53020363,landscape,90,https://bhl-open-data.s3.us-east-2.amazonaws.com/images/birdsgreatbrita2goul/birdsgreatbrita2goul_0039.jp2,https://www.biodiversitylibrary.org/page/53020363,sheet-birdsgreatbrita2goul-0039.jpg,crop-birdsgreatbrita2goul-0039.jpg,credit lines cut off: the sheet ends in the caption
II,9,Bee-eater,Merops apiaster,MEROPS APIASTER. Linn.,"J. Gould & H. C. Richter, del et lith. | Walter, Imp.",birdsgreatbrita2goul,221554,42,53020366,portrait,0,https://bhl-open-data.s3.us-east-2.amazonaws.com/images/birdsgreatbrita2goul/birdsgreatbrita2goul_0042.jp2,https://www.biodiversitylibrary.org/page/53020366,sheet-birdsgreatbrita2goul-0042.jpg,crop-birdsgreatbrita2goul-0042.jpg,
II,10,Kingfisher,Alcedo ispida,"ALCEDO ISPIDA, Linn..","J. Gould and H. C Richter, del. et lith. | Walter & Cohn, Imp.",birdsgreatbrita2goul,221554,46,53020370,portrait,0,https://bhl-open-data.s3.us-east-2.amazonaws.com/images/birdsgreatbrita2goul/birdsgreatbrita2goul_0046.jp2,https://www.biodiversitylibrary.org/page/53020370,sheet-birdsgreatbrita2goul-0046.jpg,crop-birdsgreatbrita2goul-0046.jpg,
II,11,Roller,Coracias garrula,"CORACIAS GARRULA, Linn:","J. Gould, and H C. Richter, del et lith. | Walter, Imp",birdsgreatbrita2goul,221554,50,53020374,portrait,0,https://bhl-open-data.s3.us-east-2.amazonaws.com/images/birdsgreatbrita2goul/birdsgreatbrita2goul_0050.jp2,https://www.biodiversitylibrary.org/page/53020374,sheet-birdsgreatbrita2goul-0050.jpg,crop-birdsgreatbrita2goul-0050.jpg,right credit line cut off by the gutter after Imp; no stop visible after H
II,12,Hoopoe,Upupa epops,"UPUPA EPOPS, Linn.","J. Gould & H. CRichter, del et lith. | Walter, Imp",birdsgreatbrita2goul,221554,54,53020378,portrait,0,https://bhl-open-data.s3.us-east-2.amazonaws.com/images/birdsgreatbrita2goul/birdsgreatbrita2goul_0054.jp2,https://www.biodiversitylibrary.org/page/53020378,sheet-birdsgreatbrita2goul-0054.jpg,crop-birdsgreatbrita2goul-0054.jpg,
II,13,Great Grey Shrike,Lanius excubitor,"LANIUS EXCUBITOR, Lin.","J. Gould & H. C. Richter, del et lith | Walter, Imp.",birdsgreatbrita2goul,221554,58,53020382,portrait,0,https://bhl-open-data.s3.us-east-2.amazonaws.com/images/birdsgreatbrita2goul/birdsgreatbrita2goul_0058.jp2,https://www.biodiversitylibrary.org/page/53020382,sheet-birdsgreatbrita2goul-0058.jpg,crop-birdsgreatbrita2goul-0058.jpg,
II,14,Rose-breasted Shrike,Lanius minor,"LANUS MINOR, Gme.","J. Gould & H. C. Richter, del et lith. | Walter. Imp",birdsgreatbrita2goul,221554,62,53020386,portrait,0,https://bhl-open-data.s3.us-east-2.amazonaws.com/images/birdsgreatbrita2goul/birdsgreatbrita2goul_0062.jp2,https://www.biodiversitylibrary.org/page/53020386,sheet-birdsgreatbrita2goul-0062.jpg,crop-birdsgreatbrita2goul-0062.jpg,
II,15,Butcher-bird,Enneoctonus collurio,ENNEOCTONUS COLLURIO.,"J. Gould and H. C. Richter, del. et lith. | Walter & Cohn, Imp.",birdsgreatbrita2goul,221554,66,53020390,portrait,0,https://bhl-open-data.s3.us-east-2.amazonaws.com/images/birdsgreatbrita2goul/birdsgreatbrita2goul_0066.jp2,https://www.biodiversitylibrary.org/page/53020390,sheet-birdsgreatbrita2goul-0066.jpg,crop-birdsgreatbrita2goul-0066.jpg,
II,16,Woodchat,Enneoctonus rufus,ENNEOCTONUS RUFUS.,"J. Gould and H. C. Richter, del. et lith. | Walter & Cohn, Imp.",birdsgreatbrita2goul,221554,70,53020394,portrait,0,https://bhl-open-data.s3.us-east-2.amazonaws.com/images/birdsgreatbrita2goul/birdsgreatbrita2goul_0070.jp2,https://www.biodiversitylibrary.org/page/53020394,sheet-birdsgreatbrita2goul-0070.jpg,crop-birdsgreatbrita2goul-0070.jpg,
II,17,Pied Flycatcher,Muscicapa atricapilla,"MUSCICAPA ATRICAPILLA, Linn.","J. Gould and H. C. Richter, del. et lith. | Walter & Cohn, Imp.",birdsgreatbrita2goul,221554,74,53020398,portrait,0,https://bhl-open-data.s3.us-east-2.amazonaws.com/images/birdsgreatbrita2goul/birdsgreatbrita2goul_0074.jp2,https://www.biodiversitylibrary.org/page/53020398,sheet-birdsgreatbrita2goul-0074.jpg,crop-birdsgreatbrita2goul-0074.jpg,
II,18,White-collared Flycatcher,Muscicapa collaris,"MUSCICAPA COLLARIS, Bechst.","J. Gould & W. Hart, del et lith. | Walter, Imp.",birdsgreatbrita2goul,221554,78,53020402,portrait,0,https://bhl-open-data.s3.us-east-2.amazonaws.com/images/birdsgreatbrita2goul/birdsgreatbrita2goul_0078.jp2,https://www.biodiversitylibrary.org/page/53020402,sheet-birdsgreatbrita2goul-0078.jpg,crop-birdsgreatbrita2goul-0078.jpg,
II,19,Spotted Flycatcher,Butalis grisola,BUTALIS GRISOLA.,"J. Gould and H. C. Richter, del. et lith | Walter & Cohn, Imp.",birdsgreatbrita2goul,221554,82,53020406,portrait,0,https://bhl-open-data.s3.us-east-2.amazonaws.com/images/birdsgreatbrita2goul/birdsgreatbrita2goul_0082.jp2,https://www.biodiversitylibrary.org/page/53020406,sheet-birdsgreatbrita2goul-0082.jpg,crop-birdsgreatbrita2goul-0082.jpg,
II,20,Red-breasted Flycatcher,Erythrosterna parva,ERYTUROSTERNA PARVA .,"J. Gould & H. C. Richter, del et lith. | Walter, Imp.",birdsgreatbrita2goul,221554,86,53020410,portrait,0,https://bhl-open-data.s3.us-east-2.amazonaws.com/images/birdsgreatbrita2goul/birdsgreatbrita2goul_0086.jp2,https://www.biodiversitylibrary.org/page/53020410,sheet-birdsgreatbrita2goul-0086.jpg,crop-birdsgreatbrita2goul-0086.jpg,
II,21,Waxen Chatterer,Ampelis garrulus,AMPELIS GARRULUS.,"J. Gould and H. C. Richter, del. et lith. | Walter & Cohn, Imp.",birdsgreatbrita2goul,221554,90,53020414,portrait,0,https://bhl-open-data.s3.us-east-2.amazonaws.com/images/birdsgreatbrita2goul/birdsgreatbrita2goul_0090.jp2,https://www.biodiversitylibrary.org/page/53020414,sheet-birdsgreatbrita2goul-0090.jpg,crop-birdsgreatbrita2goul-0090.jpg,
II,22,Nuthatch,Sitta cæsia,"SITTA CÆSIA, Wolf et Meyer","J. Gould and H. C. Richter, del. et lith. | Walter & Cohn, Imp.",birdsgreatbrita2goul,221554,94,53020418,portrait,0,https://bhl-open-data.s3.us-east-2.amazonaws.com/images/birdsgreatbrita2goul/birdsgreatbrita2goul_0094.jp2,https://www.biodiversitylibrary.org/page/53020418,sheet-birdsgreatbrita2goul-0094.jpg,crop-birdsgreatbrita2goul-0094.jpg,
II,23,Great Tit,Parus major,"PARUS MAJOR, Linn.","J. Gould & H. C. Richter, del. et lith. | Walter, Imp.",birdsgreatbrita2goul,221554,98,53020422,portrait,0,https://bhl-open-data.s3.us-east-2.amazonaws.com/images/birdsgreatbrita2goul/birdsgreatbrita2goul_0098.jp2,https://www.biodiversitylibrary.org/page/53020422,sheet-birdsgreatbrita2goul-0098.jpg,crop-birdsgreatbrita2goul-0098.jpg,
II,24,Blue Tit,Parus cæruleus,PARUS CÆRULEUS.,"J. Gould and H. C. Richter, del. et lith. | Walter & Cohn, Imp.",birdsgreatbrita2goul,221554,102,53020426,portrait,0,https://bhl-open-data.s3.us-east-2.amazonaws.com/images/birdsgreatbrita2goul/birdsgreatbrita2goul_0102.jp2,https://www.biodiversitylibrary.org/page/53020426,sheet-birdsgreatbrita2goul-0102.jpg,crop-birdsgreatbrita2goul-0102.jpg,
II,25,Coal Tit,Parus ater,PARUS ATER.,"J. Gould and H. C Richter, del. et lith. | Walter & Cohn, Imp.",birdsgreatbrita2goul,221554,106,53020430,portrait,0,https://bhl-open-data.s3.us-east-2.amazonaws.com/images/birdsgreatbrita2goul/birdsgreatbrita2goul_0106.jp2,https://www.biodiversitylibrary.org/page/53020430,sheet-birdsgreatbrita2goul-0106.jpg,crop-birdsgreatbrita2goul-0106.jpg,
II,26,Crested Tit,Parus cristatus,"PARUS CRISTATUS, Linn.","J. Gould & H. C. Richter, del et lith. | Walter, Imp.",birdsgreatbrita2goul,221554,110,53020434,portrait,0,https://bhl-open-data.s3.us-east-2.amazonaws.com/images/birdsgreatbrita2goul/birdsgreatbrita2goul_0110.jp2,https://www.biodiversitylibrary.org/page/53020434,sheet-birdsgreatbrita2goul-0110.jpg,crop-birdsgreatbrita2goul-0110.jpg,
II,27,Marsh Tit,Pœcile palustris,PŒCILE PALUSTRIS,"J. Gould & H. C. Richter, del. et lith. | Walter, Imp.",birdsgreatbrita2goul,221554,114,53020438,portrait,0,https://bhl-open-data.s3.us-east-2.amazonaws.com/images/birdsgreatbrita2goul/birdsgreatbrita2goul_0114.jp2,https://www.biodiversitylibrary.org/page/53020438,sheet-birdsgreatbrita2goul-0114.jpg,crop-birdsgreatbrita2goul-0114.jpg,
II,28,Long-tailed Tit,Mecistura caudata,MECISTURA CAUDATA.,"J. Gould and H. C. Richter, del. et lith. | Walter & Cohn, Imp.",birdsgreatbrita2goul,221554,118,53020442,portrait,0,https://bhl-open-data.s3.us-east-2.amazonaws.com/images/birdsgreatbrita2goul/birdsgreatbrita2goul_0118.jp2,https://www.biodiversitylibrary.org/page/53020442,sheet-birdsgreatbrita2goul-0118.jpg,crop-birdsgreatbrita2goul-0118.jpg,
II,29,Long-tailed Tit (young),Mecistura caudata,MECISTURA CAUDATA.,J. Gould & W. Hart del et lith. | Walter Imp.,birdsgreatbrita2goul,221554,121,53020445,portrait,0,https://bhl-open-data.s3.us-east-2.amazonaws.com/images/birdsgreatbrita2goul/birdsgreatbrita2goul_0121.jp2,https://www.biodiversitylibrary.org/page/53020445,sheet-birdsgreatbrita2goul-0121.jpg,crop-birdsgreatbrita2goul-0121.jpg,
II,30,Bearded Tit,Calamophilus biarmicus,CALAMOPHILUS BIARMICUS.,"J. Gould and H. C. Richter del. et lith | Walter & Cohn, Imp.",birdsgreatbrita2goul,221554,124,53020448,portrait,0,https://bhl-open-data.s3.us-east-2.amazonaws.com/images/birdsgreatbrita2goul/birdsgreatbrita2goul_0124.jp2,https://www.biodiversitylibrary.org/page/53020448,sheet-birdsgreatbrita2goul-0124.jpg,crop-birdsgreatbrita2goul-0124.jpg,
II,31,Golden Oriole,Oriolus galbula,"ORIOLUS GALBULA, Linn.","J. Gould. and HCRichter, del et lith. | Walter, Imp.",birdsgreatbrita2goul,221554,128,53020452,portrait,0,https://bhl-open-data.s3.us-east-2.amazonaws.com/images/birdsgreatbrita2goul/birdsgreatbrita2goul_0128.jp2,https://www.biodiversitylibrary.org/page/53020452,sheet-birdsgreatbrita2goul-0128.jpg,crop-birdsgreatbrita2goul-0128.jpg,
II,32,Thrush,Turdus musicus,"TURDUS MUSICUS, Linn",J. Gould & H. C. Richter del et lith. | Walter. Imp.,birdsgreatbrita2goul,221554,132,53020456,portrait,0,https://bhl-open-data.s3.us-east-2.amazonaws.com/images/birdsgreatbrita2goul/birdsgreatbrita2goul_0132.jp2,https://www.biodiversitylibrary.org/page/53020456,sheet-birdsgreatbrita2goul-0132.jpg,crop-birdsgreatbrita2goul-0132.jpg,
II,33,Missel-Thrush,Turdus viscivorus,"TURDUS VISCIVORUS, Linn.","J. Gould & H. C. Richter, del et lith. | Walter, Imp.",birdsgreatbrita2goul,221554,136,53020460,portrait,0,https://bhl-open-data.s3.us-east-2.amazonaws.com/images/birdsgreatbrita2goul/birdsgreatbrita2goul_0136.jp2,https://www.biodiversitylibrary.org/page/53020460,sheet-birdsgreatbrita2goul-0136.jpg,crop-birdsgreatbrita2goul-0136.jpg,
II,34,Redwing,Turdus iliacus,"TURDUS ILIACUS, Linn.","J. Gould and H. C. Richter, del. et lith. | Walter & Cohn, Imp.",birdsgreatbrita2goul,221554,140,53020464,portrait,0,https://bhl-open-data.s3.us-east-2.amazonaws.com/images/birdsgreatbrita2goul/birdsgreatbrita2goul_0140.jp2,https://www.biodiversitylibrary.org/page/53020464,sheet-birdsgreatbrita2goul-0140.jpg,crop-birdsgreatbrita2goul-0140.jpg,
II,35,Fieldfare,Turdus pilaris,"TURDUS PILARIS, Linn:","J. Gould and H. C. Richter, del. et lith. | Walter & Cohn, Imp.",birdsgreatbrita2goul,221554,144,53020468,portrait,0,https://bhl-open-data.s3.us-east-2.amazonaws.com/images/birdsgreatbrita2goul/birdsgreatbrita2goul_0144.jp2,https://www.biodiversitylibrary.org/page/53020468,sheet-birdsgreatbrita2goul-0144.jpg,crop-birdsgreatbrita2goul-0144.jpg,
II,36,Black-throated Thrush,Turdus atrogularis,"TURDUS ATROGULARIS, Iemm.","J. Gould & H. CRichter, del et lith. | Walter. Imp.",birdsgreatbrita2goul,221554,148,53020472,portrait,0,https://bhl-open-data.s3.us-east-2.amazonaws.com/images/birdsgreatbrita2goul/birdsgreatbrita2goul_0148.jp2,https://www.biodiversitylibrary.org/page/53020472,sheet-birdsgreatbrita2goul-0148.jpg,crop-birdsgreatbrita2goul-0148.jpg,
II,37,Blackbird,Merula vulgaris,"MERULA VULGARIS, Ray","J. Gould & H. C. Richter del et lith | Walter, Imp.",birdsgreatbrita2goul,221554,152,53020476,portrait,0,https://bhl-open-data.s3.us-east-2.amazonaws.com/images/birdsgreatbrita2goul/birdsgreatbrita2goul_0152.jp2,https://www.biodiversitylibrary.org/page/53020476,sheet-birdsgreatbrita2goul-0152.jpg,crop-birdsgreatbrita2goul-0152.jpg,
II,38,Ring-Ouzel,Merula torquata,MERULA TORQUATA.,"J. Gould & H. C. Richter, del. et lith. | Walter. Imp.",birdsgreatbrita2goul,221554,156,53020480,portrait,0,https://bhl-open-data.s3.us-east-2.amazonaws.com/images/birdsgreatbrita2goul/birdsgreatbrita2goul_0156.jp2,https://www.biodiversitylibrary.org/page/53020480,sheet-birdsgreatbrita2goul-0156.jpg,crop-birdsgreatbrita2goul-0156.jpg,
II,39,White's Thrush,Oreocincla aurea,"OREOCINCIA AUREA,","J. Gould & H. CRichter, del et lith. | Walter, Imp.",birdsgreatbrita2goul,221554,160,53020484,portrait,0,https://bhl-open-data.s3.us-east-2.amazonaws.com/images/birdsgreatbrita2goul/birdsgreatbrita2goul_0160.jp2,https://www.biodiversitylibrary.org/page/53020484,sheet-birdsgreatbrita2goul-0160.jpg,crop-birdsgreatbrita2goul-0160.jpg,
II,40,Siberian Thrush,Cichloselys sibiricus,CICHLOSELYS SIBIRICUS.,"J. Gould & W. Hart, del et lith. | Walter Imp.",birdsgreatbrita2goul,221554,164,53020488,portrait,0,https://bhl-open-data.s3.us-east-2.amazonaws.com/images/birdsgreatbrita2goul/birdsgreatbrita2goul_0164.jp2,https://www.biodiversitylibrary.org/page/53020488,sheet-birdsgreatbrita2goul-0164.jpg,crop-birdsgreatbrita2goul-0164.jpg,
II,41,"Water-Ouzel, or Dipper",Cinclus aquaticus,CINCLUS AQUATICUS.,"J. Gould and H. C. Richter, del. et lith. | Walter & Cohn, Imp.",birdsgreatbrita2goul,221554,168,53020492,landscape,270,https://bhl-open-data.s3.us-east-2.amazonaws.com/images/birdsgreatbrita2goul/birdsgreatbrita2goul_0168.jp2,https://www.biodiversitylibrary.org/page/53020492,sheet-birdsgreatbrita2goul-0168.jpg,crop-birdsgreatbrita2goul-0168.jpg,
II,42,Black-bellied Water-Ouzel,Cinclus melanogaster,"CINCLUS MELANOGASTER, Brehm.","J. Gould & H. CRichter, del et lith. | Walter, Imp.",birdsgreatbrita2goul,221554,172,53020496,landscape,270,https://bhl-open-data.s3.us-east-2.amazonaws.com/images/birdsgreatbrita2goul/birdsgreatbrita2goul_0172.jp2,https://www.biodiversitylibrary.org/page/53020496,sheet-birdsgreatbrita2goul-0172.jpg,crop-birdsgreatbrita2goul-0172.jpg,
II,43,Blue Rock-Thrush,Petrocossyphus cyanus,PETROCOSSYPHUS CYANUS.,"J. Gould & H. C. Richter, del et lith | Walter, Imp.",birdsgreatbrita2goul,221554,176,53020500,portrait,0,https://bhl-open-data.s3.us-east-2.amazonaws.com/images/birdsgreatbrita2goul/birdsgreatbrita2goul_0176.jp2,https://www.biodiversitylibrary.org/page/53020500,sheet-birdsgreatbrita2goul-0176.jpg,crop-birdsgreatbrita2goul-0176.jpg,
II,44,Rock-Thrush,Petrocincla saxatilis,PETROCINCLA SAXATILIS.,"J. Gould & H. C. Richter, del et lith. | Walter, Imp.",birdsgreatbrita2goul,221554,180,53020504,portrait,0,https://bhl-open-data.s3.us-east-2.amazonaws.com/images/birdsgreatbrita2goul/birdsgreatbrita2goul_0180.jp2,https://www.biodiversitylibrary.org/page/53020504,sheet-birdsgreatbrita2goul-0180.jpg,crop-birdsgreatbrita2goul-0180.jpg,
II,45,Wheatear,Saxicola œnanthe,SAXICOLA CNANTHE.,"J. Gould & H. C. Richter del et lith | Walter, Imp.",birdsgreatbrita2goul,221554,184,53020508,portrait,0,https://bhl-open-data.s3.us-east-2.amazonaws.com/images/birdsgreatbrita2goul/birdsgreatbrita2goul_0184.jp2,https://www.biodiversitylibrary.org/page/53020508,sheet-birdsgreatbrita2goul-0184.jpg,crop-birdsgreatbrita2goul-0184.jpg,
II,46,Whinchat,Saxicola rubetra,PRATINCOLA RUBETRA,"J. Gould and H. C. Richter, del. et lith. | Walter & Cohn, Imp",birdsgreatbrita2goul,221554,188,53020512,portrait,0,https://bhl-open-data.s3.us-east-2.amazonaws.com/images/birdsgreatbrita2goul/birdsgreatbrita2goul_0188.jp2,https://www.biodiversitylibrary.org/page/53020512,sheet-birdsgreatbrita2goul-0188.jpg,crop-birdsgreatbrita2goul-0188.jpg,
II,47,"Stone-chat, or Furze-chat",Pratincola rubicola,PRATINCOLA RUBICOLA.,"J. Gould and H. C. Richter, del. et lith. | Walter & Cohn, Imp.",birdsgreatbrita2goul,221554,192,53020516,portrait,0,https://bhl-open-data.s3.us-east-2.amazonaws.com/images/birdsgreatbrita2goul/birdsgreatbrita2goul_0192.jp2,https://www.biodiversitylibrary.org/page/53020516,sheet-birdsgreatbrita2goul-0192.jpg,crop-birdsgreatbrita2goul-0192.jpg,
II,48,"Robin, or Redbreast",Erythacus rubecula,ERYTHACUS RUBECULA.,"J. Gould & H. C. Richter, del. et lith. | Walter, Imp.",birdsgreatbrita2goul,221554,196,53020520,portrait,0,https://bhl-open-data.s3.us-east-2.amazonaws.com/images/birdsgreatbrita2goul/birdsgreatbrita2goul_0196.jp2,https://www.biodiversitylibrary.org/page/53020520,sheet-birdsgreatbrita2goul-0196.jpg,crop-birdsgreatbrita2goul-0196.jpg,
II,49,Red-throated Bluebreast,Cyanecula suecica,CYANECULA SUECICA.,"J. Gould, and H C Richter, del. et lith. | Walter Imp.",birdsgreatbrita2goul,221554,200,53020524,portrait,0,https://bhl-open-data.s3.us-east-2.amazonaws.com/images/birdsgreatbrita2goul/birdsgreatbrita2goul_0200.jp2,https://www.biodiversitylibrary.org/page/53020524,sheet-birdsgreatbrita2goul-0200.jpg,crop-birdsgreatbrita2goul-0200.jpg,
II,50,White-throated Bluebreast,Cyanecula leucocyana,CYANECULA LETCOCIANA.,J. Gould & W. Hart del et lith. | Walter. Imp.,birdsgreatbrita2goul,221554,204,53020528,portrait,0,https://bhl-open-data.s3.us-east-2.amazonaws.com/images/birdsgreatbrita2goul/birdsgreatbrita2goul_0204.jp2,https://www.biodiversitylibrary.org/page/53020528,sheet-birdsgreatbrita2goul-0204.jpg,crop-birdsgreatbrita2goul-0204.jpg,
II,51,Redstart,Ruticilla phœnicura,RUTICILLA PHŒNICURA.,"J. Gould and H. C. Richter, del. et lith. | Walter & Cohn, Imp.",birdsgreatbrita2goul,221554,208,53020532,portrait,0,https://bhl-open-data.s3.us-east-2.amazonaws.com/images/birdsgreatbrita2goul/birdsgreatbrita2goul_0208.jp2,https://www.biodiversitylibrary.org/page/53020532,sheet-birdsgreatbrita2goul-0208.jpg,crop-birdsgreatbrita2goul-0208.jpg,
II,52,Black Redstart,Ruticilla tithys,RUTICILLA TITHYS.,"J. Gould and H. C. Richter, del. et lith. | Walter & Cohn Imp.",birdsgreatbrita2goul,221554,212,53020536,portrait,0,https://bhl-open-data.s3.us-east-2.amazonaws.com/images/birdsgreatbrita2goul/birdsgreatbrita2goul_0212.jp2,https://www.biodiversitylibrary.org/page/53020536,sheet-birdsgreatbrita2goul-0212.jpg,crop-birdsgreatbrita2goul-0212.jpg,
II,53,Rufous Sedge-Warbler,Aëdon galactodes,AEDON GALACTODES.,"J. Gould & H. C. Richter, del et lith. | Walter, Imp.",birdsgreatbrita2goul,221554,216,53020540,portrait,0,https://bhl-open-data.s3.us-east-2.amazonaws.com/images/birdsgreatbrita2goul/birdsgreatbrita2goul_0216.jp2,https://www.biodiversitylibrary.org/page/53020540,sheet-birdsgreatbrita2goul-0216.jpg,crop-birdsgreatbrita2goul-0216.jpg,
II,54,Alpine Accentor,Accentor alpinus,ACCENTOR ALPINUS.,"J. Gould & H. C Richter del et lith. | Walter, Imp.",birdsgreatbrita2goul,221554,220,53020544,portrait,0,https://bhl-open-data.s3.us-east-2.amazonaws.com/images/birdsgreatbrita2goul/birdsgreatbrita2goul_0220.jp2,https://www.biodiversitylibrary.org/page/53020544,sheet-birdsgreatbrita2goul-0220.jpg,crop-birdsgreatbrita2goul-0220.jpg,
II,55,"Hedge-Accentor, or Hedge-Sparrow",Accentor modularis,ACCENTOR MODULARIS .,"J. Gould & H. C. Richter, del et lith. | Walter, Imp.",birdsgreatbrita2goul,221554,224,53020548,portrait,0,https://bhl-open-data.s3.us-east-2.amazonaws.com/images/birdsgreatbrita2goul/birdsgreatbrita2goul_0224.jp2,https://www.biodiversitylibrary.org/page/53020548,sheet-birdsgreatbrita2goul-0224.jpg,crop-birdsgreatbrita2goul-0224.jpg,
II,56,Nightingale,Luscinia philomela,LUSCINIA PHULOMELA.,"J. Gould & H. C. Richter, del. et lith. | Walter, Imp.",birdsgreatbrita2goul,221554,228,53020552,portrait,0,https://bhl-open-data.s3.us-east-2.amazonaws.com/images/birdsgreatbrita2goul/birdsgreatbrita2goul_0228.jp2,https://www.biodiversitylibrary.org/page/53020552,sheet-birdsgreatbrita2goul-0228.jpg,crop-birdsgreatbrita2goul-0228.jpg,
II,57,Whitethroat,Sylvia cinerea,"SYIVIA CINEREA,","J. Gould, and H. CRichter, del et lith, | Walter, Imp.",birdsgreatbrita2goul,221554,232,53020556,portrait,0,https://bhl-open-data.s3.us-east-2.amazonaws.com/images/birdsgreatbrita2goul/birdsgreatbrita2goul_0232.jp2,https://www.biodiversitylibrary.org/page/53020556,sheet-birdsgreatbrita2goul-0232.jpg,crop-birdsgreatbrita2goul-0232.jpg,
II,58,Lesser Whitethroat,Sylvia curruca,SYLVIA CURRUCA.,"J. Gould, and H. CRichter, del et lith, | Walter Imp.",birdsgreatbrita2goul,221554,236,53020560,portrait,0,https://bhl-open-data.s3.us-east-2.amazonaws.com/images/birdsgreatbrita2goul/birdsgreatbrita2goul_0236.jp2,https://www.biodiversitylibrary.org/page/53020560,sheet-birdsgreatbrita2goul-0236.jpg,crop-birdsgreatbrita2goul-0236.jpg,
II,59,Dartford Warbler,Melizophilus provincialis,MELIZOPHILUS PROVINCIALIS.,"J. Gould and H. CRichter, del. et lith. | Walter & Cohn, Imp.",birdsgreatbrita2goul,221554,240,53020564,portrait,0,https://bhl-open-data.s3.us-east-2.amazonaws.com/images/birdsgreatbrita2goul/birdsgreatbrita2goul_0240.jp2,https://www.biodiversitylibrary.org/page/53020564,sheet-birdsgreatbrita2goul-0240.jpg,crop-birdsgreatbrita2goul-0240.jpg,
II,60,Blackcap,Curruca atricapilla,CURRUCA ATRICAPITA.,"J. Gould, and H. C. Richter, del et lith. | Walter, Imp.",birdsgreatbrita2goul,221554,244,53020568,portrait,0,https://bhl-open-data.s3.us-east-2.amazonaws.com/images/birdsgreatbrita2goul/birdsgreatbrita2goul_0244.jp2,https://www.biodiversitylibrary.org/page/53020568,sheet-birdsgreatbrita2goul-0244.jpg,crop-birdsgreatbrita2goul-0244.jpg,
II,61,Orphean Warbler,Curruca orphea,CURRUCA ORPEEA.,"J. Gould & H. CRichter del. et lith. | Walter, Imp.",birdsgreatbrita2goul,221554,248,53020572,portrait,0,https://bhl-open-data.s3.us-east-2.amazonaws.com/images/birdsgreatbrita2goul/birdsgreatbrita2goul_0248.jp2,https://www.biodiversitylibrary.org/page/53020572,sheet-birdsgreatbrita2goul-0248.jpg,crop-birdsgreatbrita2goul-0248.jpg,
II,62,Garden Warbler,Curruca hortensis,CORRUCA HORTENSIS.,"J. Gould and H. CRichter, del et lith, | Walter, Imp.",birdsgreatbrita2goul,221554,252,53020576,portrait,0,https://bhl-open-data.s3.us-east-2.amazonaws.com/images/birdsgreatbrita2goul/birdsgreatbrita2goul_0252.jp2,https://www.biodiversitylibrary.org/page/53020576,sheet-birdsgreatbrita2goul-0252.jpg,crop-birdsgreatbrita2goul-0252.jpg,
II,63,Common Wren,Troglodytes europæus,TROGLODYTES FUROPÆUS.,"J. Gould and H. CRichter, del. et lith | Walter & Cohn, Imp.",birdsgreatbrita2goul,221554,256,53020580,portrait,0,https://bhl-open-data.s3.us-east-2.amazonaws.com/images/birdsgreatbrita2goul/birdsgreatbrita2goul_0256.jp2,https://www.biodiversitylibrary.org/page/53020580,sheet-birdsgreatbrita2goul-0256.jpg,crop-birdsgreatbrita2goul-0256.jpg,
II,64,Tree-creeper,Certhia familiaris,"CERTHIA FAMILIARIS, Linn.","J. Gould & H. C. Richter. del et lith. | Walter, Imp.",birdsgreatbrita2goul,221554,260,53020584,portrait,0,https://bhl-open-data.s3.us-east-2.amazonaws.com/images/birdsgreatbrita2goul/birdsgreatbrita2goul_0260.jp2,https://www.biodiversitylibrary.org/page/53020584,sheet-birdsgreatbrita2goul-0260.jpg,crop-birdsgreatbrita2goul-0260.jpg,
II,65,Willow-Wren,Phyllopneuste trochilus,PHYLLOPNEUSTE TROCHILUS.,"J. Gould and HC. Richter, del. et lith. | Walter & Cohn, Imp",birdsgreatbrita2goul,221554,264,53020588,portrait,0,https://bhl-open-data.s3.us-east-2.amazonaws.com/images/birdsgreatbrita2goul/birdsgreatbrita2goul_0264.jp2,https://www.biodiversitylibrary.org/page/53020588,sheet-birdsgreatbrita2goul-0264.jpg,crop-birdsgreatbrita2goul-0264.jpg,
II,66,Chiff-chaff,Phyllopneuste rufa,PHYLLOPNEUSTE RUFA.,"J. Gould and H. C Richter, del. et lith | Walter & Cohn, Imp.",birdsgreatbrita2goul,221554,268,53020592,portrait,0,https://bhl-open-data.s3.us-east-2.amazonaws.com/images/birdsgreatbrita2goul/birdsgreatbrita2goul_0268.jp2,https://www.biodiversitylibrary.org/page/53020592,sheet-birdsgreatbrita2goul-0268.jpg,crop-birdsgreatbrita2goul-0268.jpg,
II,67,Wood-Wren,Phyllopneuste sibilatrix,PHYLLOPNEUSTE SIBILATRIX.,"J. Gould and H. C. Richter, del. et lith. | Walter & Cohn Imp.",birdsgreatbrita2goul,221554,272,53020596,portrait,0,https://bhl-open-data.s3.us-east-2.amazonaws.com/images/birdsgreatbrita2goul/birdsgreatbrita2goul_0272.jp2,https://www.biodiversitylibrary.org/page/53020596,sheet-birdsgreatbrita2goul-0272.jpg,crop-birdsgreatbrita2goul-0272.jpg,
II,68,Yellow-browed Warbler,Reguloïdes superciliosus,REGULOIDES SUPERCILIOSUS.,"J. Gould & H. C. Richter, del et lith. | Walter, Imp.",birdsgreatbrita2goul,221554,276,53020600,portrait,0,https://bhl-open-data.s3.us-east-2.amazonaws.com/images/birdsgreatbrita2goul/birdsgreatbrita2goul_0276.jp2,https://www.biodiversitylibrary.org/page/53020600,sheet-birdsgreatbrita2goul-0276.jpg,crop-birdsgreatbrita2goul-0276.jpg,
II,69,"Golden-crested Wren, or Kinglet",Regulus cristatus,"REGULUS CRISTATUS, Ray.","J. Gould and H. C. Richter, del. et lith. | Walter & Cohn, Imp.",birdsgreatbrita2goul,221554,280,53020604,portrait,0,https://bhl-open-data.s3.us-east-2.amazonaws.com/images/birdsgreatbrita2goul/birdsgreatbrita2goul_0280.jp2,https://www.biodiversitylibrary.org/page/53020604,sheet-birdsgreatbrita2goul-0280.jpg,crop-birdsgreatbrita2goul-0280.jpg,
II,70,Fire-crested Wren,Regulus ignicapillus,REGULUS IONICAPILLUS.,"J. Gould and H. C. Richter, del. et lith. | Walter & Cohn, Imp.",birdsgreatbrita2goul,221554,284,53020608,portrait,0,https://bhl-open-data.s3.us-east-2.amazonaws.com/images/birdsgreatbrita2goul/birdsgreatbrita2goul_0284.jp2,https://www.biodiversitylibrary.org/page/53020608,sheet-birdsgreatbrita2goul-0284.jpg,crop-birdsgreatbrita2goul-0284.jpg,
II,71,Melodious Warbler,Ficedula hypolais,"FICEDULA HYPOLAIS,","J. Gould, and HC. Richter del, et lith | Walter. Imp",birdsgreatbrita2goul,221554,288,53020612,portrait,0,https://bhl-open-data.s3.us-east-2.amazonaws.com/images/birdsgreatbrita2goul/birdsgreatbrita2goul_0288.jp2,https://www.biodiversitylibrary.org/page/53020612,sheet-birdsgreatbrita2goul-0288.jpg,crop-birdsgreatbrita2goul-0288.jpg,
II,72,Thrush-Warbler,Acrocephalus turdoides,ACROCEPHALUS TURDOÏDES.,"J. Gould & H. C. Richter, del et lith. | Walter, Imp.",birdsgreatbrita2goul,221554,292,53020616,portrait,0,https://bhl-open-data.s3.us-east-2.amazonaws.com/images/birdsgreatbrita2goul/birdsgreatbrita2goul_0292.jp2,https://www.biodiversitylibrary.org/page/53020616,sheet-birdsgreatbrita2goul-0292.jpg,crop-birdsgreatbrita2goul-0292.jpg,
II,73,Reed-Warbler,Calamoherpe arundinacea,CALAMOHERPE ARUNDINACEA.,"J. Gould and H. C. Richter, del. et lith. | Walter & Cohn, Imp",birdsgreatbrita2goul,221554,296,53020620,portrait,0,https://bhl-open-data.s3.us-east-2.amazonaws.com/images/birdsgreatbrita2goul/birdsgreatbrita2goul_0296.jp2,https://www.biodiversitylibrary.org/page/53020620,sheet-birdsgreatbrita2goul-0296.jpg,crop-birdsgreatbrita2goul-0296.jpg,
II,74,Marsh-Warbler,Calamoherpe palustris,CALAMOHERPE PALUSTRIS.,"J. Gould & H. C. Richter, del et lith. | Walter Imp.",birdsgreatbrita2goul,221554,300,53020624,portrait,0,https://bhl-open-data.s3.us-east-2.amazonaws.com/images/birdsgreatbrita2goul/birdsgreatbrita2goul_0300.jp2,https://www.biodiversitylibrary.org/page/53020624,sheet-birdsgreatbrita2goul-0300.jpg,crop-birdsgreatbrita2goul-0300.jpg,
II,75,"Sedge-Warbler, or Chat",Calamodyta phragmitis,CALAMODYTA PHRAGMITIS.,"J. Gould and H. C. Richter, del. et lith. | Walter & Cohn, Imp",birdsgreatbrita2goul,221554,304,53020628,portrait,0,https://bhl-open-data.s3.us-east-2.amazonaws.com/images/birdsgreatbrita2goul/birdsgreatbrita2goul_0304.jp2,https://www.biodiversitylibrary.org/page/53020628,sheet-birdsgreatbrita2goul-0304.jpg,crop-birdsgreatbrita2goul-0304.jpg,
II,76,Aquatic Warbler,Calamodyta aquatica,CALAMODYTA AQUATICA.,"J. Gould & H. CRichter, del et lith. | Walter, Imp.",birdsgreatbrita2goul,221554,308,53020632,portrait,0,https://bhl-open-data.s3.us-east-2.amazonaws.com/images/birdsgreatbrita2goul/birdsgreatbrita2goul_0308.jp2,https://www.biodiversitylibrary.org/page/53020632,sheet-birdsgreatbrita2goul-0308.jpg,crop-birdsgreatbrita2goul-0308.jpg,
II,77,Savi's Warbler,Lusciniopsis luscinioides,LUSCINIOPSIS LUSCINIOIDES,"J. Gould & H. C. Richter, del. et lith. | Walter. Imp.",birdsgreatbrita2goul,221554,312,53020636,portrait,0,https://bhl-open-data.s3.us-east-2.amazonaws.com/images/birdsgreatbrita2goul/birdsgreatbrita2goul_0312.jp2,https://www.biodiversitylibrary.org/page/53020636,sheet-birdsgreatbrita2goul-0312.jpg,crop-birdsgreatbrita2goul-0312.jpg,
II,78,Grasshopper Warbler,Locustella avicula,"LOCUSTELLA AVICULA, RaY","J. Gould & H. C. Richter del. et lith. | Walter, Imp",birdsgreatbrita2goul,221554,316,53020640,landscape,270,https://bhl-open-data.s3.us-east-2.amazonaws.com/images/birdsgreatbrita2goul/birdsgreatbrita2goul_0316.jp2,https://www.biodiversitylibrary.org/page/53020640,sheet-birdsgreatbrita2goul-0316.jpg,crop-birdsgreatbrita2goul-0316.jpg,
III,1,Pied Wagtail,Motacilla Yarrelli,MOTACILLA YARRELLI.,"J. Gould & H. C. Richter, del et lith. | Walter, Imp.",birdsgreatbrita3goul,221726,12,53040557,landscape,270,https://bhl-open-data.s3.us-east-2.amazonaws.com/images/birdsgreatbrita3goul/birdsgreatbrita3goul_0012.jp2,https://www.biodiversitylibrary.org/page/53040557,sheet-birdsgreatbrita3goul-0012.jpg,crop-birdsgreatbrita3goul-0012.jpg,
III,2,White Wagtail,Motacilla alba,"MOTACILLA АLBA, Linn.","J. Gould & H. C Richter, del et lith. | Walter, Imp.",birdsgreatbrita3goul,221726,16,53040561,landscape,270,https://bhl-open-data.s3.us-east-2.amazonaws.com/images/birdsgreatbrita3goul/birdsgreatbrita3goul_0016.jp2,https://www.biodiversitylibrary.org/page/53040561,sheet-birdsgreatbrita3goul-0016.jpg,crop-birdsgreatbrita3goul-0016.jpg,
III,3,Yellow Wagtail,Budytes Rayi,BUDYTES RAYI.,"J. Gould & H. CRichter, del. et lith. | Walter, Imp.",birdsgreatbrita3goul,221726,20,53040565,landscape,270,https://bhl-open-data.s3.us-east-2.amazonaws.com/images/birdsgreatbrita3goul/birdsgreatbrita3goul_0020.jp2,https://www.biodiversitylibrary.org/page/53040565,sheet-birdsgreatbrita3goul-0020.jpg,crop-birdsgreatbrita3goul-0020.jpg,
III,4,Grey-headed Wagtail,Budytes flava,BUDYTES FLAVA.,"J. Gould & H. CRichter, del. et lith. | Walter, Imp.",birdsgreatbrita3goul,221726,24,53040569,landscape,270,https://bhl-open-data.s3.us-east-2.amazonaws.com/images/birdsgreatbrita3goul/birdsgreatbrita3goul_0024.jp2,https://www.biodiversitylibrary.org/page/53040569,sheet-birdsgreatbrita3goul-0024.jpg,crop-birdsgreatbrita3goul-0024.jpg,
III,5,Grey-capped Wagtail,Budytes cinereocapilla,BODYTES CINEREOCADIITA,"J. Gould & W. Hart del et lith. | Walter, Imp.",birdsgreatbrita3goul,221726,28,53040573,landscape,270,https://bhl-open-data.s3.us-east-2.amazonaws.com/images/birdsgreatbrita3goul/birdsgreatbrita3goul_0028.jp2,https://www.biodiversitylibrary.org/page/53040573,sheet-birdsgreatbrita3goul-0028.jpg,crop-birdsgreatbrita3goul-0028.jpg,
III,6,Grey Wagtail (summer plumage),Calobates sulphurea,CALOBALES SULIHUREA,"J. Gould & H. CRichter, del et lith. | Walter Imp.",birdsgreatbrita3goul,221726,32,53040577,landscape,270,https://bhl-open-data.s3.us-east-2.amazonaws.com/images/birdsgreatbrita3goul/birdsgreatbrita3goul_0032.jp2,https://www.biodiversitylibrary.org/page/53040577,sheet-birdsgreatbrita3goul-0032.jpg,crop-birdsgreatbrita3goul-0032.jpg,
III,7,Grey Wagtail (winter plumage),Calobates sulphurea,CALOBATES SULPHUREA.,"J. Gould & H. C. Richter, del et lith. | Walter, Imp.",birdsgreatbrita3goul,221726,35,53040580,landscape,90,https://bhl-open-data.s3.us-east-2.amazonaws.com/images/birdsgreatbrita3goul/birdsgreatbrita3goul_0035.jp2,https://www.biodiversitylibrary.org/page/53040580,sheet-birdsgreatbrita3goul-0035.jpg,crop-birdsgreatbrita3goul-0035.jpg,
III,8,Richard's Pipit,Anthus Richardii,ANTHUS RICHARDI.,"J. Gould & H. C. Richter, del et lith. | Walter, Imp.",birdsgreatbrita3goul,221726,38,53040583,landscape,270,https://bhl-open-data.s3.us-east-2.amazonaws.com/images/birdsgreatbrita3goul/birdsgreatbrita3goul_0038.jp2,https://www.biodiversitylibrary.org/page/53040583,sheet-birdsgreatbrita3goul-0038.jpg,crop-birdsgreatbrita3goul-0038.jpg,
III,9,Tawny Pipit,Anthus campestris,"ANTHUS CAMPESTRIS, Bechst.","J. Gould and H. C. Richter del et lith. | Walter, Imp",birdsgreatbrita3goul,221726,42,53040587,landscape,270,https://bhl-open-data.s3.us-east-2.amazonaws.com/images/birdsgreatbrita3goul/birdsgreatbrita3goul_0042.jp2,https://www.biodiversitylibrary.org/page/53040587,sheet-birdsgreatbrita3goul-0042.jpg,crop-birdsgreatbrita3goul-0042.jpg,
III,10,Rock-Pipit,Anthus obscurus,ANTHUS OBSCURUS.,"J. Gould & H. C. Richter, del et lith. | Walter, Imp.",birdsgreatbrita3goul,221726,46,53040591,portrait,0,https://bhl-open-data.s3.us-east-2.amazonaws.com/images/birdsgreatbrita3goul/birdsgreatbrita3goul_0046.jp2,https://www.biodiversitylibrary.org/page/53040591,sheet-birdsgreatbrita3goul-0046.jpg,crop-birdsgreatbrita3goul-0046.jpg,
III,11,Vinous Pipit,Anthus spinoletta,ANTEUS SPINOLETTA.,"J. Gould & H. C. Richter, del et lith. | Walter, Imp.",birdsgreatbrita3goul,221726,50,53040595,portrait,0,https://bhl-open-data.s3.us-east-2.amazonaws.com/images/birdsgreatbrita3goul/birdsgreatbrita3goul_0050.jp2,https://www.biodiversitylibrary.org/page/53040595,sheet-birdsgreatbrita3goul-0050.jpg,crop-birdsgreatbrita3goul-0050.jpg,
III,12,Red-throated Pipit,Anthus cervinus,ANTHUS CERVINUS.,"J. Gould & W. Hart del et lith. | Walter, Imp.",birdsgreatbrita3goul,221726,54,53040599,portrait,0,https://bhl-open-data.s3.us-east-2.amazonaws.com/images/birdsgreatbrita3goul/birdsgreatbrita3goul_0054.jp2,https://www.biodiversitylibrary.org/page/53040599,sheet-birdsgreatbrita3goul-0054.jpg,crop-birdsgreatbrita3goul-0054.jpg,
III,13,"Meadow-Pipit, or Titlark",Anthus pratensis,ANTHUS PRATENSIS.,"J. Gould and H. C. Richter, del. et lith. | Walter & Cohn, Imp.",birdsgreatbrita3goul,221726,58,53040603,landscape,270,https://bhl-open-data.s3.us-east-2.amazonaws.com/images/birdsgreatbrita3goul/birdsgreatbrita3goul_0058.jp2,https://www.biodiversitylibrary.org/page/53040603,sheet-birdsgreatbrita3goul-0058.jpg,crop-birdsgreatbrita3goul-0058.jpg,
III,14,Tree-Pipit,Anthus arboreus,"ANTHUS ARBOREUS, Bechst.","J. Gould, and H. C. Richter, del, et, lith, | Walter, Imp.",birdsgreatbrita3goul,221726,62,53040607,portrait,0,https://bhl-open-data.s3.us-east-2.amazonaws.com/images/birdsgreatbrita3goul/birdsgreatbrita3goul_0062.jp2,https://www.biodiversitylibrary.org/page/53040607,sheet-birdsgreatbrita3goul-0062.jpg,crop-birdsgreatbrita3goul-0062.jpg,
III,15,Sky-Lark,Alauda arvensis,ALAUDA ARVENSIS. Iinn.,"J. Gould & H. C. Richter, del et lith. | Walter, Imp.",birdsgreatbrita3goul,221726,66,53040611,portrait,0,https://bhl-open-data.s3.us-east-2.amazonaws.com/images/birdsgreatbrita3goul/birdsgreatbrita3goul_0066.jp2,https://www.biodiversitylibrary.org/page/53040611,sheet-birdsgreatbrita3goul-0066.jpg,crop-birdsgreatbrita3goul-0066.jpg,
III,16,Wood-Lark,Alauda arborea,"ALAUDA ARBOREA, Limn.",J. Gould & H. C. Richter. del. et lith. | Walter. Imp.,birdsgreatbrita3goul,221726,70,53040615,portrait,0,https://bhl-open-data.s3.us-east-2.amazonaws.com/images/birdsgreatbrita3goul/birdsgreatbrita3goul_0070.jp2,https://www.biodiversitylibrary.org/page/53040615,sheet-birdsgreatbrita3goul-0070.jpg,crop-birdsgreatbrita3goul-0070.jpg,
III,17,Crested Lark,Galerita cristata,"GALERITA CRISTATA, Boie.","J. Gould & H. C. Richter del et lith. | Walter, Imp.",birdsgreatbrita3goul,221726,74,53040619,landscape,270,https://bhl-open-data.s3.us-east-2.amazonaws.com/images/birdsgreatbrita3goul/birdsgreatbrita3goul_0074.jp2,https://www.biodiversitylibrary.org/page/53040619,sheet-birdsgreatbrita3goul-0074.jpg,crop-birdsgreatbrita3goul-0074.jpg,
III,18,Shore-Lark,Otocoris alpestris,OTOCORIS ALPESTRIS.,"J. Gould & H. C. Richter, del et lith. | Walter, Imp.",birdsgreatbrita3goul,221726,78,53040623,portrait,0,https://bhl-open-data.s3.us-east-2.amazonaws.com/images/birdsgreatbrita3goul/birdsgreatbrita3goul_0078.jp2,https://www.biodiversitylibrary.org/page/53040623,sheet-birdsgreatbrita3goul-0078.jpg,crop-birdsgreatbrita3goul-0078.jpg,
III,19,Calandra Lark,Melanocorypha calandra,MELANOCORYPHA CALANDRA.,"J. Gould & HC. Richter, del et lith. | Walter Imp.",birdsgreatbrita3goul,221726,82,53040627,portrait,0,https://bhl-open-data.s3.us-east-2.amazonaws.com/images/birdsgreatbrita3goul/birdsgreatbrita3goul_0082.jp2,https://www.biodiversitylibrary.org/page/53040627,sheet-birdsgreatbrita3goul-0082.jpg,crop-birdsgreatbrita3goul-0082.jpg,
III,20,White-winged Lark,Melanocorypha leucoptera,MELANOCORYPHA LEUCOPTERA •,"J. Gould & H. C. Richter, del et lith. | Walter, Imp.",birdsgreatbrita3goul,221726,86,53040631,portrait,0,https://bhl-open-data.s3.us-east-2.amazonaws.com/images/birdsgreatbrita3goul/birdsgreatbrita3goul_0086.jp2,https://www.biodiversitylibrary.org/page/53040631,sheet-birdsgreatbrita3goul-0086.jpg,crop-birdsgreatbrita3goul-0086.jpg,
III,21,Short-toed Lark,Calandrella brachydactyla,CALANDRELLA BRACHYDACTYLA.,"J. Gould & H. C. Richter, del et lith. | Walter, Imp.",birdsgreatbrita3goul,221726,90,53040635,landscape,270,https://bhl-open-data.s3.us-east-2.amazonaws.com/images/birdsgreatbrita3goul/birdsgreatbrita3goul_0090.jp2,https://www.biodiversitylibrary.org/page/53040635,sheet-birdsgreatbrita3goul-0090.jpg,crop-birdsgreatbrita3goul-0090.jpg,
III,22,"Yellowhammer, or Yellow Bunting",Emberiza citrinella,EMBERIZA CITRINELLA. Lim,"J. Gould & H. C. Richter del et lith | Walter, Imp",birdsgreatbrita3goul,221726,94,53040639,portrait,0,https://bhl-open-data.s3.us-east-2.amazonaws.com/images/birdsgreatbrita3goul/birdsgreatbrita3goul_0094.jp2,https://www.biodiversitylibrary.org/page/53040639,sheet-birdsgreatbrita3goul-0094.jpg,crop-birdsgreatbrita3goul-0094.jpg,
III,23,Cirl Bunting,Emberiza cirlus,"EMBERIZA CIRLUS, Linn","J. Gould & H. C. Richter del. et lith. | Walter, Imp.",birdsgreatbrita3goul,221726,98,53040643,portrait,0,https://bhl-open-data.s3.us-east-2.amazonaws.com/images/birdsgreatbrita3goul/birdsgreatbrita3goul_0098.jp2,https://www.biodiversitylibrary.org/page/53040643,sheet-birdsgreatbrita3goul-0098.jpg,crop-birdsgreatbrita3goul-0098.jpg,
III,24,Rustic Bunting,Emberiza rustica,"EMBERIZA RUSTICA, Pall.","J. Gould & H. C. Richter, del et lith | Walter. Imp.",birdsgreatbrita3goul,221726,102,53040647,portrait,0,https://bhl-open-data.s3.us-east-2.amazonaws.com/images/birdsgreatbrita3goul/birdsgreatbrita3goul_0102.jp2,https://www.biodiversitylibrary.org/page/53040647,sheet-birdsgreatbrita3goul-0102.jpg,crop-birdsgreatbrita3goul-0102.jpg,
III,25,Dwarf Bunting,Emberiza pusilla,"EMBERIZA PUSULLA, Pall:","J. Gould & H. C. Richter del et lith. | Walter, Imp.",birdsgreatbrita3goul,221726,106,53040651,portrait,0,https://bhl-open-data.s3.us-east-2.amazonaws.com/images/birdsgreatbrita3goul/birdsgreatbrita3goul_0106.jp2,https://www.biodiversitylibrary.org/page/53040651,sheet-birdsgreatbrita3goul-0106.jpg,crop-birdsgreatbrita3goul-0106.jpg,
III,26,Common Bunting,Crithophaga miliaria,CRITHOPHAGA MILIARIA .,"J. Gould & H. C. Richter, del et lith. | Walter Imp.",birdsgreatbrita3goul,221726,110,53040655,portrait,0,https://bhl-open-data.s3.us-east-2.amazonaws.com/images/birdsgreatbrita3goul/birdsgreatbrita3goul_0110.jp2,https://www.biodiversitylibrary.org/page/53040655,sheet-birdsgreatbrita3goul-0110.jpg,crop-birdsgreatbrita3goul-0110.jpg,
III,27,Ortolan Bunting,Glycyspina hortulana,GIYCYSPINA MORTULANA .,"J. Gould & H. C. Richter, del. et lith.",birdsgreatbrita3goul,221726,114,53040659,portrait,0,https://bhl-open-data.s3.us-east-2.amazonaws.com/images/birdsgreatbrita3goul/birdsgreatbrita3goul_0114.jp2,https://www.biodiversitylibrary.org/page/53040659,sheet-birdsgreatbrita3goul-0114.jpg,crop-birdsgreatbrita3goul-0114.jpg,"right credit line cut off at the sheet's edge: only the first stroke of its first letter shows; the stop after C sits apart from the C, against the R"
III,28,Black-headed Bunting,Euspiza melanocephala,EUSPIZA MELANOCEPHAŁA.,"J. Gould & H. C. Richter, del et lith | Walter Imp.",birdsgreatbrita3goul,221726,118,53040663,portrait,0,https://bhl-open-data.s3.us-east-2.amazonaws.com/images/birdsgreatbrita3goul/birdsgreatbrita3goul_0118.jp2,https://www.biodiversitylibrary.org/page/53040663,sheet-birdsgreatbrita3goul-0118.jpg,crop-birdsgreatbrita3goul-0118.jpg,right credit line faint and broken; no comma visible after Walter
III,29,Reed-Bunting,Schœnicola arundinacea,SCHÆENICOIA ARUNDINACEA.,"J. Gould, and H. C. Richter, del et lith, | Walter, Imp.",birdsgreatbrita3goul,221726,122,53040667,portrait,0,https://bhl-open-data.s3.us-east-2.amazonaws.com/images/birdsgreatbrita3goul/birdsgreatbrita3goul_0122.jp2,https://www.biodiversitylibrary.org/page/53040667,sheet-birdsgreatbrita3goul-0122.jpg,crop-birdsgreatbrita3goul-0122.jpg,
III,30,Lapland Bunting,Centrophanes lapponica,CENTROPEANES LAPPONICA.,"J. Gould & H. CRichter, del et lith. | Walter, Imp.",birdsgreatbrita3goul,221726,126,53040671,portrait,0,https://bhl-open-data.s3.us-east-2.amazonaws.com/images/birdsgreatbrita3goul/birdsgreatbrita3goul_0126.jp2,https://www.biodiversitylibrary.org/page/53040671,sheet-birdsgreatbrita3goul-0126.jpg,crop-birdsgreatbrita3goul-0126.jpg,
III,31,"Snow-Bunting, or Snowflake",Plectrophanes nivalis,PLECTROPEANES NIVALIS .,"J. Gould & H. C. Richter, del et lith. | Walter, Imp.",birdsgreatbrita3goul,221726,130,53040675,portrait,0,https://bhl-open-data.s3.us-east-2.amazonaws.com/images/birdsgreatbrita3goul/birdsgreatbrita3goul_0130.jp2,https://www.biodiversitylibrary.org/page/53040675,sheet-birdsgreatbrita3goul-0130.jpg,crop-birdsgreatbrita3goul-0130.jpg,
III,32,Common or House-Sparrow,Passer domesticus,"PASSER DOMESTICUS, Ray.","J. Gould and H. C. Richter: del. et lith | Walter & Cohn, Imp.",birdsgreatbrita3goul,221726,134,53040679,portrait,0,https://bhl-open-data.s3.us-east-2.amazonaws.com/images/birdsgreatbrita3goul/birdsgreatbrita3goul_0134.jp2,https://www.biodiversitylibrary.org/page/53040679,sheet-birdsgreatbrita3goul-0134.jpg,crop-birdsgreatbrita3goul-0134.jpg,left credit line faint; no stop visible after lith
III,33,Tree-Sparrow,Passer montanus,PASSER MONTANUS.,"J. Gould and HC. Richter, del. et lith | Walter & Cohn, Imp.",birdsgreatbrita3goul,221726,138,53040683,portrait,0,https://bhl-open-data.s3.us-east-2.amazonaws.com/images/birdsgreatbrita3goul/birdsgreatbrita3goul_0138.jp2,https://www.biodiversitylibrary.org/page/53040683,sheet-birdsgreatbrita3goul-0138.jpg,crop-birdsgreatbrita3goul-0138.jpg,
III,34,Chaffinch,Fringilla cœlebs,FRINGILLA CÆLEBS.,"J. Gould and H. C. Richter, del. et lith. | Walter & Cohn Imp.",birdsgreatbrita3goul,221726,142,53040687,portrait,0,https://bhl-open-data.s3.us-east-2.amazonaws.com/images/birdsgreatbrita3goul/birdsgreatbrita3goul_0142.jp2,https://www.biodiversitylibrary.org/page/53040687,sheet-birdsgreatbrita3goul-0142.jpg,crop-birdsgreatbrita3goul-0142.jpg,
III,35,Bramblefinch,Fringilla montifringilla,FRINGILLA MONTIFRINGILLA.,"J. Gould and H. C. Richter, del. et lith. | Walter & Cohn, Imp.",birdsgreatbrita3goul,221726,146,53040691,portrait,0,https://bhl-open-data.s3.us-east-2.amazonaws.com/images/birdsgreatbrita3goul/birdsgreatbrita3goul_0146.jp2,https://www.biodiversitylibrary.org/page/53040691,sheet-birdsgreatbrita3goul-0146.jpg,crop-birdsgreatbrita3goul-0146.jpg,
III,36,Goldfinch,Carduelis elegans,CARDUELIS FLEGANS.,"J. Gould and H. C. Richter, del. et lith. | Walter & Cohn, Imp.",birdsgreatbrita3goul,221726,150,53040695,portrait,0,https://bhl-open-data.s3.us-east-2.amazonaws.com/images/birdsgreatbrita3goul/birdsgreatbrita3goul_0150.jp2,https://www.biodiversitylibrary.org/page/53040695,sheet-birdsgreatbrita3goul-0150.jpg,crop-birdsgreatbrita3goul-0150.jpg,
III,37,Siskin,Chrysomitris spinus,CHRYSOMITRIS SPINUS.,"J. Gould & H. C. Richter, del et lith. | Walter. Imp.",birdsgreatbrita3goul,221726,154,53040699,portrait,0,https://bhl-open-data.s3.us-east-2.amazonaws.com/images/birdsgreatbrita3goul/birdsgreatbrita3goul_0154.jp2,https://www.biodiversitylibrary.org/page/53040699,sheet-birdsgreatbrita3goul-0154.jpg,crop-birdsgreatbrita3goul-0154.jpg,
III,38,Serin Finch,Serinus hortulanus,SERINUS HORTULANUS.,"J. Gould & H. C. Richter, del et lith. | Walter, Imp.",birdsgreatbrita3goul,221726,158,53040703,portrait,0,https://bhl-open-data.s3.us-east-2.amazonaws.com/images/birdsgreatbrita3goul/birdsgreatbrita3goul_0158.jp2,https://www.biodiversitylibrary.org/page/53040703,sheet-birdsgreatbrita3goul-0158.jpg,crop-birdsgreatbrita3goul-0158.jpg,
III,39,Greenfinch,Ligurinus chloris,LIGURINUS CHLORIS .,J. Gould & H. C. Richter: del et lith. | Walter Imp,birdsgreatbrita3goul,221726,162,53040707,portrait,0,https://bhl-open-data.s3.us-east-2.amazonaws.com/images/birdsgreatbrita3goul/birdsgreatbrita3goul_0162.jp2,https://www.biodiversitylibrary.org/page/53040707,sheet-birdsgreatbrita3goul-0162.jpg,crop-birdsgreatbrita3goul-0162.jpg,
III,40,Hawfinch,Coccothraustes vulgaris,COCCOTHRAUSTES VULGARIS.,"J. Gould and H. CRichter, del. et lith | Walter & Cohn, Imp.",birdsgreatbrita3goul,221726,166,53040711,portrait,0,https://bhl-open-data.s3.us-east-2.amazonaws.com/images/birdsgreatbrita3goul/birdsgreatbrita3goul_0166.jp2,https://www.biodiversitylibrary.org/page/53040711,sheet-birdsgreatbrita3goul-0166.jpg,crop-birdsgreatbrita3goul-0166.jpg,
III,41,Bullfinch,Pyrrhula vulgaris,PYRRHULA VULGARIS.,"J. Gould & H. C. Richter, del et lith. | Walter, Imp.",birdsgreatbrita3goul,221726,170,53040715,portrait,0,https://bhl-open-data.s3.us-east-2.amazonaws.com/images/birdsgreatbrita3goul/birdsgreatbrita3goul_0170.jp2,https://www.biodiversitylibrary.org/page/53040715,sheet-birdsgreatbrita3goul-0170.jpg,crop-birdsgreatbrita3goul-0170.jpg,
III,42,Bullfinch (young),Pyrrhula vulgaris,PYRRHOLA VULGARIS.,"J. Gould & W. Hart del et lith. | Walter, Imp.",birdsgreatbrita3goul,221726,173,53040718,portrait,0,https://bhl-open-data.s3.us-east-2.amazonaws.com/images/birdsgreatbrita3goul/birdsgreatbrita3goul_0173.jp2,https://www.biodiversitylibrary.org/page/53040718,sheet-birdsgreatbrita3goul-0173.jpg,crop-birdsgreatbrita3goul-0173.jpg,
III,43,Scarlet Bullfinch,Carpodacus erythrinus,CARPODACUS ERYTERINUS.,"J. Gould & H. C. Richter, del et lith. | Walter, Imp.",birdsgreatbrita3goul,221726,176,53040721,portrait,0,https://bhl-open-data.s3.us-east-2.amazonaws.com/images/birdsgreatbrita3goul/birdsgreatbrita3goul_0176.jp2,https://www.biodiversitylibrary.org/page/53040721,sheet-birdsgreatbrita3goul-0176.jpg,crop-birdsgreatbrita3goul-0176.jpg,
III,44,Pine-Grosbeak,Pinicola enucleator,PINICOLA ENUCLEATOR.,"J. Gould & H. C. Richter, del et lith. | Walter, Imp.",birdsgreatbrita3goul,221726,180,53040725,portrait,0,https://bhl-open-data.s3.us-east-2.amazonaws.com/images/birdsgreatbrita3goul/birdsgreatbrita3goul_0180.jp2,https://www.biodiversitylibrary.org/page/53040725,sheet-birdsgreatbrita3goul-0180.jpg,crop-birdsgreatbrita3goul-0180.jpg,
III,45,Common Crossbill,Loxia curvirostra,"LOXIA CURVIROSTRA, Linn.","J. Gould and H. C. Richter, del. et lith | Walter & Cohn, Imp.",birdsgreatbrita3goul,221726,184,53040729,portrait,0,https://bhl-open-data.s3.us-east-2.amazonaws.com/images/birdsgreatbrita3goul/birdsgreatbrita3goul_0184.jp2,https://www.biodiversitylibrary.org/page/53040729,sheet-birdsgreatbrita3goul-0184.jpg,crop-birdsgreatbrita3goul-0184.jpg,
III,46,Parrot Crossbill,Loxia pityopsittacus,"LOXIA PITYOPSITTACUS, Bechst.","J. Gould and H. C. Richter, del. et lith. | Walter & Cohn, Imp.",birdsgreatbrita3goul,221726,188,53040733,portrait,0,https://bhl-open-data.s3.us-east-2.amazonaws.com/images/birdsgreatbrita3goul/birdsgreatbrita3goul_0188.jp2,https://www.biodiversitylibrary.org/page/53040733,sheet-birdsgreatbrita3goul-0188.jpg,crop-birdsgreatbrita3goul-0188.jpg,
III,47,White-winged Crossbill,Loxia bifasciata,"LOXIA BIFASCIATA, Selys.","J. Gould and H. C. Richter, del. et lith. | Walter & Cohn, Imp.",birdsgreatbrita3goul,221726,192,53040737,portrait,0,https://bhl-open-data.s3.us-east-2.amazonaws.com/images/birdsgreatbrita3goul/birdsgreatbrita3goul_0192.jp2,https://www.biodiversitylibrary.org/page/53040737,sheet-birdsgreatbrita3goul-0192.jpg,crop-birdsgreatbrita3goul-0192.jpg,
III,48,American White-winged Crossbill,Loxia leucoptera,"LOXIA LEUCOPTERA, Gmel.","J. Gould and H. C. Richter, del. et lith. | Walter & Cohn, Imp.",birdsgreatbrita3goul,221726,196,53040741,portrait,0,https://bhl-open-data.s3.us-east-2.amazonaws.com/images/birdsgreatbrita3goul/birdsgreatbrita3goul_0196.jp2,https://www.biodiversitylibrary.org/page/53040741,sheet-birdsgreatbrita3goul-0196.jpg,crop-birdsgreatbrita3goul-0196.jpg,
III,49,Linnet,Linota cannabina,LINOTA CANNABINA.,"J. Gould & H. C. Richter, del. et lith. | Walter, Imp.",birdsgreatbrita3goul,221726,200,53040745,portrait,0,https://bhl-open-data.s3.us-east-2.amazonaws.com/images/birdsgreatbrita3goul/birdsgreatbrita3goul_0200.jp2,https://www.biodiversitylibrary.org/page/53040745,sheet-birdsgreatbrita3goul-0200.jpg,crop-birdsgreatbrita3goul-0200.jpg,
III,50,"Twite, or Mountain-Linnet",Linota montium,TINOTA MONTIUM.,"J. Gould. and H. CRichter, del. et lith | Walter, Imp.",birdsgreatbrita3goul,221726,204,53040749,portrait,0,https://bhl-open-data.s3.us-east-2.amazonaws.com/images/birdsgreatbrita3goul/birdsgreatbrita3goul_0204.jp2,https://www.biodiversitylibrary.org/page/53040749,sheet-birdsgreatbrita3goul-0204.jpg,crop-birdsgreatbrita3goul-0204.jpg,
III,51,Mealy Redpole,Ægiothus linaria,AGIOTHUS LINARIA.,"J. Gould & H. C. Richter del et lith | Walter, Imp.",birdsgreatbrita3goul,221726,208,53040753,portrait,0,https://bhl-open-data.s3.us-east-2.amazonaws.com/images/birdsgreatbrita3goul/birdsgreatbrita3goul_0208.jp2,https://www.biodiversitylibrary.org/page/53040753,sheet-birdsgreatbrita3goul-0208.jpg,crop-birdsgreatbrita3goul-0208.jpg,
III,52,Lesser Redpole,Ægiothus rufescens,"AGIOTHUS RUFESCENS,","J. Gould & H. C. Richter del et lith. | Walter, Imp.",birdsgreatbrita3goul,221726,212,53040757,portrait,0,https://bhl-open-data.s3.us-east-2.amazonaws.com/images/birdsgreatbrita3goul/birdsgreatbrita3goul_0212.jp2,https://www.biodiversitylibrary.org/page/53040757,sheet-birdsgreatbrita3goul-0212.jpg,crop-birdsgreatbrita3goul-0212.jpg,
III,53,Starling,Sturnus vulgaris,"STURNUS VULGARIS, Linn.","J. Gould & H. C. Richter, del et lith | Walter Imp.",birdsgreatbrita3goul,221726,216,53040761,portrait,0,https://bhl-open-data.s3.us-east-2.amazonaws.com/images/birdsgreatbrita3goul/birdsgreatbrita3goul_0216.jp2,https://www.biodiversitylibrary.org/page/53040761,sheet-birdsgreatbrita3goul-0216.jpg,crop-birdsgreatbrita3goul-0216.jpg,
III,54,Starling (young),Sturnus vulgaris,"STURNUS VULGARIS, Linn.","J. Gould & W. Hart, del et lith. | Walter, Imp.",birdsgreatbrita3goul,221726,219,53040764,portrait,0,https://bhl-open-data.s3.us-east-2.amazonaws.com/images/birdsgreatbrita3goul/birdsgreatbrita3goul_0219.jp2,https://www.biodiversitylibrary.org/page/53040764,sheet-birdsgreatbrita3goul-0219.jpg,crop-birdsgreatbrita3goul-0219.jpg,
III,55,Rose-coloured Pastor,Pastor roseus,PASTOR ROSEUS.,"J. Gould & H. C. Richter, del et lith, | Walter, Imp.",birdsgreatbrita3goul,221726,222,53040767,portrait,0,https://bhl-open-data.s3.us-east-2.amazonaws.com/images/birdsgreatbrita3goul/birdsgreatbrita3goul_0222.jp2,https://www.biodiversitylibrary.org/page/53040767,sheet-birdsgreatbrita3goul-0222.jpg,crop-birdsgreatbrita3goul-0222.jpg,
III,56,Rose-coloured Pastor (young),Pastor roseus,PASTOR ROSEUS.,"J. Gould & W. Hart del et lith. | Walter, Imp.",birdsgreatbrita3goul,221726,225,53040770,portrait,0,https://bhl-open-data.s3.us-east-2.amazonaws.com/images/birdsgreatbrita3goul/birdsgreatbrita3goul_0225.jp2,https://www.biodiversitylibrary.org/page/53040770,sheet-birdsgreatbrita3goul-0225.jpg,crop-birdsgreatbrita3goul-0225.jpg,
III,57,Raven,Corvus corax,"CORVUS CORAX, Linn.","J. Gould & H. CRichter, del et lith. | Walter, Imp.",birdsgreatbrita3goul,221726,228,53040773,portrait,0,https://bhl-open-data.s3.us-east-2.amazonaws.com/images/birdsgreatbrita3goul/birdsgreatbrita3goul_0228.jp2,https://www.biodiversitylibrary.org/page/53040773,sheet-birdsgreatbrita3goul-0228.jpg,crop-birdsgreatbrita3goul-0228.jpg,
III,58,Carrion-Crow,Corvus corone,"CORVUS CORONE, Linn.","J. Gould & H. C. Richter, del et lith. | Walter, Imp.",birdsgreatbrita3goul,221726,232,53040777,portrait,0,https://bhl-open-data.s3.us-east-2.amazonaws.com/images/birdsgreatbrita3goul/birdsgreatbrita3goul_0232.jp2,https://www.biodiversitylibrary.org/page/53040777,sheet-birdsgreatbrita3goul-0232.jpg,crop-birdsgreatbrita3goul-0232.jpg,
III,59,Hooded Crow,Corvus cornix,"CORVUS CORNIX, Linn.","J. Wolf & H. C. Richter, del et lith. | Walter, Imp.",birdsgreatbrita3goul,221726,236,53040781,portrait,0,https://bhl-open-data.s3.us-east-2.amazonaws.com/images/birdsgreatbrita3goul/birdsgreatbrita3goul_0236.jp2,https://www.biodiversitylibrary.org/page/53040781,sheet-birdsgreatbrita3goul-0236.jpg,crop-birdsgreatbrita3goul-0236.jpg,
III,60,Rook,Corvus frugilegus,"CORVUS FRUGILEGUS, Linn.","J. Gould and H. C. Richter, del. et lith. | Walter & Cohn, Imp.",birdsgreatbrita3goul,221726,240,53040785,portrait,0,https://bhl-open-data.s3.us-east-2.amazonaws.com/images/birdsgreatbrita3goul/birdsgreatbrita3goul_0240.jp2,https://www.biodiversitylibrary.org/page/53040785,sheet-birdsgreatbrita3goul-0240.jpg,crop-birdsgreatbrita3goul-0240.jpg,
III,61,Jackdaw,Corvus monedula,"CORVUS MONEDULA, Linn","Gould & H. C Richter, del. et lith. | Walter, Imp.",birdsgreatbrita3goul,221726,244,53040789,portrait,0,https://bhl-open-data.s3.us-east-2.amazonaws.com/images/birdsgreatbrita3goul/birdsgreatbrita3goul_0244.jp2,https://www.biodiversitylibrary.org/page/53040789,sheet-birdsgreatbrita3goul-0244.jpg,crop-birdsgreatbrita3goul-0244.jpg,left credit line's start cut off at the sheet's edge: the initial before Gould is not on the sheet
III,62,Chough,Fregilus graculus,FREGILUS GRACULUS.,"J. Gould & H. C. Richter, del et lith. | Walter, Imp.",birdsgreatbrita3goul,221726,248,53040793,portrait,0,https://bhl-open-data.s3.us-east-2.amazonaws.com/images/birdsgreatbrita3goul/birdsgreatbrita3goul_0248.jp2,https://www.biodiversitylibrary.org/page/53040793,sheet-birdsgreatbrita3goul-0248.jpg,crop-birdsgreatbrita3goul-0248.jpg,
III,63,Magpie,Pica caudata,PICA CAUDATA.,"J. Gould and H. C. Richter, del. et lith. | Walter & Cohn, Imp.",birdsgreatbrita3goul,221726,252,53040797,portrait,0,https://bhl-open-data.s3.us-east-2.amazonaws.com/images/birdsgreatbrita3goul/birdsgreatbrita3goul_0252.jp2,https://www.biodiversitylibrary.org/page/53040797,sheet-birdsgreatbrita3goul-0252.jpg,crop-birdsgreatbrita3goul-0252.jpg,
III,64,Jay,Garrulus glandarius,GARRULUS CLANDARIUS.,"J. Gould and H. C. Richter, del. et lith. | Walter & Cohn, Imp.",birdsgreatbrita3goul,221726,256,53040801,portrait,0,https://bhl-open-data.s3.us-east-2.amazonaws.com/images/birdsgreatbrita3goul/birdsgreatbrita3goul_0256.jp2,https://www.biodiversitylibrary.org/page/53040801,sheet-birdsgreatbrita3goul-0256.jpg,crop-birdsgreatbrita3goul-0256.jpg,
III,65,Nutcracker,Nucifraga caryocatactes,NUCIFRAGA CARYOCATACTES.,"J. Gould and H C. Richter, del et lith | Walter Imp.",birdsgreatbrita3goul,221726,260,53040805,portrait,0,https://bhl-open-data.s3.us-east-2.amazonaws.com/images/birdsgreatbrita3goul/birdsgreatbrita3goul_0260.jp2,https://www.biodiversitylibrary.org/page/53040805,sheet-birdsgreatbrita3goul-0260.jpg,crop-birdsgreatbrita3goul-0260.jpg,
III,66,Nutcracker (young),Nucifraga caryocatactes,NUCIFRAGA CARYOCATACTES..,J. Gould & W. Hart del et lith. | Walter Imp.,birdsgreatbrita3goul,221726,263,53040808,portrait,0,https://bhl-open-data.s3.us-east-2.amazonaws.com/images/birdsgreatbrita3goul/birdsgreatbrita3goul_0263.jp2,https://www.biodiversitylibrary.org/page/53040808,sheet-birdsgreatbrita3goul-0263.jpg,crop-birdsgreatbrita3goul-0263.jpg,
III,67,Cuckoo,Cuculus canorus,"CUCULUS CANORUS, Linn.","J. Gould and H. C. Richter, del. et lith. | Walter & Cohn, Imp.",birdsgreatbrita3goul,221726,266,53040811,portrait,0,https://bhl-open-data.s3.us-east-2.amazonaws.com/images/birdsgreatbrita3goul/birdsgreatbrita3goul_0266.jp2,https://www.biodiversitylibrary.org/page/53040811,sheet-birdsgreatbrita3goul-0266.jpg,crop-birdsgreatbrita3goul-0266.jpg,
III,68,Cuckoo (young ejecting infant Titlarks),Cuculus canorus,CUCULUS CANORUS.,"J. Gould & W. Hart, del et lith. | Walter, Imp.",birdsgreatbrita3goul,221726,269,53040814,portrait,0,https://bhl-open-data.s3.us-east-2.amazonaws.com/images/birdsgreatbrita3goul/birdsgreatbrita3goul_0269.jp2,https://www.biodiversitylibrary.org/page/53040814,sheet-birdsgreatbrita3goul-0269.jpg,crop-birdsgreatbrita3goul-0269.jpg,
III,69,Great Spotted Cuckoo,Oxylophus glandarius,OXYLOPHUS GLANDARTUS.,"J. Gould & H. CRichter del et lith. | Walter, Imp.",birdsgreatbrita3goul,221726,274,53040819,portrait,0,https://bhl-open-data.s3.us-east-2.amazonaws.com/images/birdsgreatbrita3goul/birdsgreatbrita3goul_0274.jp2,https://www.biodiversitylibrary.org/page/53040819,sheet-birdsgreatbrita3goul-0274.jpg,crop-birdsgreatbrita3goul-0274.jpg,
III,70,Great Spotted Woodpecker,Picus major,"PICUS MAJOR, Linn.","J. Gould and H. C. Richter, del. et lith. | Walter & Cohn, Imp.",birdsgreatbrita3goul,221726,278,53040823,portrait,0,https://bhl-open-data.s3.us-east-2.amazonaws.com/images/birdsgreatbrita3goul/birdsgreatbrita3goul_0278.jp2,https://www.biodiversitylibrary.org/page/53040823,sheet-birdsgreatbrita3goul-0278.jpg,crop-birdsgreatbrita3goul-0278.jpg,
III,71,White-backed Woodpecker,Picus leuconotus,"PICUS LEUCONOTUS, Bechst.",J. Gould & W. Hart del et lith. | Walter Imp.,birdsgreatbrita3goul,221726,282,53040827,portrait,0,https://bhl-open-data.s3.us-east-2.amazonaws.com/images/birdsgreatbrita3goul/birdsgreatbrita3goul_0282.jp2,https://www.biodiversitylibrary.org/page/53040827,sheet-birdsgreatbrita3goul-0282.jpg,crop-birdsgreatbrita3goul-0282.jpg,
III,72,Lesser Spotted Woodpecker,Picus minor,"PICUS MINOR, Linn","J. Gould and H. C. Richter, del. et lith. | Walter & Cohn, Imp.",birdsgreatbrita3goul,221726,286,53040831,portrait,0,https://bhl-open-data.s3.us-east-2.amazonaws.com/images/birdsgreatbrita3goul/birdsgreatbrita3goul_0286.jp2,https://www.biodiversitylibrary.org/page/53040831,sheet-birdsgreatbrita3goul-0286.jpg,crop-birdsgreatbrita3goul-0286.jpg,
III,73,Great Black Woodpecker,Drycocopus martius,DRYOCOPUS MARTIUS .,"J. Gould & H. C. Richter, del et lith. | Walter, Imp.",birdsgreatbrita3goul,221726,290,53040835,portrait,0,https://bhl-open-data.s3.us-east-2.amazonaws.com/images/birdsgreatbrita3goul/birdsgreatbrita3goul_0290.jp2,https://www.biodiversitylibrary.org/page/53040835,sheet-birdsgreatbrita3goul-0290.jpg,crop-birdsgreatbrita3goul-0290.jpg,
III,74,"Green Woodpecker, or Yaffle",Gecinus viridis,GECINUS VIRIDIS.,"J. Gould and H. C. Richter, del. et lith. | Walter & Cohn, Imp.",birdsgreatbrita3goul,221726,294,53040839,portrait,0,https://bhl-open-data.s3.us-east-2.amazonaws.com/images/birdsgreatbrita3goul/birdsgreatbrita3goul_0294.jp2,https://www.biodiversitylibrary.org/page/53040839,sheet-birdsgreatbrita3goul-0294.jpg,crop-birdsgreatbrita3goul-0294.jpg,
III,75,Green Woodpecker (young),Gecinus viridis,GECINUS VIRIDIS.,"J. Gould & W. Hart, del et lith. | Walter, Imp.",birdsgreatbrita3goul,221726,297,53040842,portrait,0,https://bhl-open-data.s3.us-east-2.amazonaws.com/images/birdsgreatbrita3goul/birdsgreatbrita3goul_0297.jp2,https://www.biodiversitylibrary.org/page/53040842,sheet-birdsgreatbrita3goul-0297.jpg,crop-birdsgreatbrita3goul-0297.jpg,
III,76,Wryneck,Yunx torquilla,YUNX TORQUILLA.,"J. Gould and H. CRichter, del. et lith. | Walter & Cohn, Imp.",birdsgreatbrita3goul,221726,300,53040845,portrait,0,https://bhl-open-data.s3.us-east-2.amazonaws.com/images/birdsgreatbrita3goul/birdsgreatbrita3goul_0300.jp2,https://www.biodiversitylibrary.org/page/53040845,sheet-birdsgreatbrita3goul-0300.jpg,crop-birdsgreatbrita3goul-0300.jpg,
IV,1,"Wood-Pigeon, or Cushat",Palumbus torquatus,PALUMBUS TORQUATUS.,"J. Gould & H. CRichter, del et lith. | Walter, Imp.",birdsgreatbrita4goul,221609,12,53023682,portrait,0,https://bhl-open-data.s3.us-east-2.amazonaws.com/images/birdsgreatbrita4goul/birdsgreatbrita4goul_0012.jp2,https://www.biodiversitylibrary.org/page/53023682,sheet-birdsgreatbrita4goul-0012.jpg,crop-birdsgreatbrita4goul-0012.jpg,
IV,2,Stock-Dove,Columba œnas,"COLUMBA CENAS, Linn",J. Gould and H. C. Richter del et lith. | Walter Imp,birdsgreatbrita4goul,221609,16,53023686,portrait,0,https://bhl-open-data.s3.us-east-2.amazonaws.com/images/birdsgreatbrita4goul/birdsgreatbrita4goul_0016.jp2,https://www.biodiversitylibrary.org/page/53023686,sheet-birdsgreatbrita4goul-0016.jpg,crop-birdsgreatbrita4goul-0016.jpg,
IV,3,Rock-Pigeon,Columba livia,"COLUMBA LIVIA, Tenn.","J. Gould & H. C. Richter, del et lith. | Walter, Imp.",birdsgreatbrita4goul,221609,20,53023690,portrait,0,https://bhl-open-data.s3.us-east-2.amazonaws.com/images/birdsgreatbrita4goul/birdsgreatbrita4goul_0020.jp2,https://www.biodiversitylibrary.org/page/53023690,sheet-birdsgreatbrita4goul-0020.jpg,crop-birdsgreatbrita4goul-0020.jpg,
IV,4,Turtle Dove,Turtur auritus,"TURTUR AURITUS, Ray","J. Gould & H. C. Richter, del et lith. | Walter, Imp.",birdsgreatbrita4goul,221609,24,53023694,portrait,0,https://bhl-open-data.s3.us-east-2.amazonaws.com/images/birdsgreatbrita4goul/birdsgreatbrita4goul_0024.jp2,https://www.biodiversitylibrary.org/page/53023694,sheet-birdsgreatbrita4goul-0024.jpg,crop-birdsgreatbrita4goul-0024.jpg,
IV,5,"Capercailzie, or Cock of the Wood",Tetrao urogallus,"TETRAO UROGALLUS, Linn!","J. Wolf & HC. Richter, del et lith. | Walter, Imp.",birdsgreatbrita4goul,221609,28,53023698,portrait,0,https://bhl-open-data.s3.us-east-2.amazonaws.com/images/birdsgreatbrita4goul/birdsgreatbrita4goul_0028.jp2,https://www.biodiversitylibrary.org/page/53023698,sheet-birdsgreatbrita4goul-0028.jpg,crop-birdsgreatbrita4goul-0028.jpg,
IV,6,Blackcock,Tetrao tetrix,"TETRAO TETRIX, Linn.","J. Wolf, & H. C. Richter, del et lith. | Walter, Imp.",birdsgreatbrita4goul,221609,32,53023702,landscape,270,https://bhl-open-data.s3.us-east-2.amazonaws.com/images/birdsgreatbrita4goul/birdsgreatbrita4goul_0032.jp2,https://www.biodiversitylibrary.org/page/53023702,sheet-birdsgreatbrita4goul-0032.jpg,crop-birdsgreatbrita4goul-0032.jpg,
IV,7,Red Grouse,Lagopus scoticus,LAGOPUS SCOTICUS.,,birdsgreatbrita4goul,221609,36,53023706,landscape,270,https://bhl-open-data.s3.us-east-2.amazonaws.com/images/birdsgreatbrita4goul/birdsgreatbrita4goul_0036.jp2,https://www.biodiversitylibrary.org/page/53023706,sheet-birdsgreatbrita4goul-0036.jpg,crop-birdsgreatbrita4goul-0036.jpg,credit lines cut off at the sheet's foot: only the tops of their letters show
IV,8,Ptarmigan,Lagopus mutus,LAGOPUS MUTUS.,J. Wolf and H. C. Richter del et lith,birdsgreatbrita4goul,221609,40,53023710,landscape,270,https://bhl-open-data.s3.us-east-2.amazonaws.com/images/birdsgreatbrita4goul/birdsgreatbrita4goul_0040.jp2,https://www.biodiversitylibrary.org/page/53023710,sheet-birdsgreatbrita4goul-0040.jpg,crop-birdsgreatbrita4goul-0040.jpg,"left credit line's foot cut off at the sheet's edge, read from the upper half of its letters, so stops and commas are unreadable; right credit line not on the sheet"
IV,9,Ptarmigan (summer plumage),Lagopus mutus,LAGOPUS MUTUS.,"J. Wolf and H. C. Richter, del. et lith. | Walter & Cohn, Imp.",birdsgreatbrita4goul,221609,43,53023713,landscape,90,https://bhl-open-data.s3.us-east-2.amazonaws.com/images/birdsgreatbrita4goul/birdsgreatbrita4goul_0043.jp2,https://www.biodiversitylibrary.org/page/53023713,sheet-birdsgreatbrita4goul-0043.jpg,crop-birdsgreatbrita4goul-0043.jpg,
IV,10,Ptarmigan (autumn plumage),Lagopus mutus,LAGOPUS MUTUS.,"J. Wolf and H. C. Richter, del. et lith. | Walter & Cohn, Imp.",birdsgreatbrita4goul,221609,46,53023716,landscape,270,https://bhl-open-data.s3.us-east-2.amazonaws.com/images/birdsgreatbrita4goul/birdsgreatbrita4goul_0046.jp2,https://www.biodiversitylibrary.org/page/53023716,sheet-birdsgreatbrita4goul-0046.jpg,crop-birdsgreatbrita4goul-0046.jpg,a cut-off duplicate of the left credit line shows under it
IV,11,Pallas's Sand-Grouse,Syrrhaptes paradoxus,SYRRHAPTES PARADOXUS,"J. Gould and H. C. Richter, del. et lith. | Walter & Cohn, Imp.",birdsgreatbrita4goul,221609,50,53023720,landscape,270,https://bhl-open-data.s3.us-east-2.amazonaws.com/images/birdsgreatbrita4goul/birdsgreatbrita4goul_0050.jp2,https://www.biodiversitylibrary.org/page/53023720,sheet-birdsgreatbrita4goul-0050.jpg,crop-birdsgreatbrita4goul-0050.jpg,
IV,12,Common Pheasant,Phasianus colchicus,PHASIANUS COLCHCUS Linn.,J. Gould & W. Hart del et lith | Walter Imp.,birdsgreatbrita4goul,221609,54,53023724,landscape,270,https://bhl-open-data.s3.us-east-2.amazonaws.com/images/birdsgreatbrita4goul/birdsgreatbrita4goul_0054.jp2,https://www.biodiversitylibrary.org/page/53023724,sheet-birdsgreatbrita4goul-0054.jpg,crop-birdsgreatbrita4goul-0054.jpg,"left credit line's foot cut off at the sheet's edge, read from the upper half of its letters, so stops and commas are unreadable; no comma visible after Walter"
IV,13,Partridge,Perdix cinerea,"PERDIX CINEREA, Linn.","J. Gould & H. C. Richter, del. et lith. | Walter, Imp.",birdsgreatbrita4goul,221609,58,53023728,landscape,270,https://bhl-open-data.s3.us-east-2.amazonaws.com/images/birdsgreatbrita4goul/birdsgreatbrita4goul_0058.jp2,https://www.biodiversitylibrary.org/page/53023728,sheet-birdsgreatbrita4goul-0058.jpg,crop-birdsgreatbrita4goul-0058.jpg,
IV,14,Red-legged Partridge,Caccabis rubra,CACCABIS RUBRA.,"J. Wolf & H. C. Richter, del et lith. | Walter, Imp.",birdsgreatbrita4goul,221609,62,53023732,landscape,270,https://bhl-open-data.s3.us-east-2.amazonaws.com/images/birdsgreatbrita4goul/birdsgreatbrita4goul_0062.jp2,https://www.biodiversitylibrary.org/page/53023732,sheet-birdsgreatbrita4goul-0062.jpg,crop-birdsgreatbrita4goul-0062.jpg,
IV,15,Common Quail,Coturnix communis,COTORNX COMMONIS.,"J. Gould & HC. Richter, del et lith | Walter, Imp.",birdsgreatbrita4goul,221609,66,53023736,landscape,270,https://bhl-open-data.s3.us-east-2.amazonaws.com/images/birdsgreatbrita4goul/birdsgreatbrita4goul_0066.jp2,https://www.biodiversitylibrary.org/page/53023736,sheet-birdsgreatbrita4goul-0066.jpg,crop-birdsgreatbrita4goul-0066.jpg,
IV,16,Andalusian Turnix,Turnix africanus,"TURNIX AFRICANOS, Dest","J. Gould & H. C. Richter, del et lith. | Walter, Imp.",birdsgreatbrita4goul,221609,70,53023740,landscape,270,https://bhl-open-data.s3.us-east-2.amazonaws.com/images/birdsgreatbrita4goul/birdsgreatbrita4goul_0070.jp2,https://www.biodiversitylibrary.org/page/53023740,sheet-birdsgreatbrita4goul-0070.jpg,crop-birdsgreatbrita4goul-0070.jpg,
IV,17,Great Bustard,Otis tarda,"OTIS TARDA, Lin.","J. Wolf and H. C. Richter, del. et lith. | Walter & Cohn, Imp.",birdsgreatbrita4goul,221609,74,53023744,landscape,270,https://bhl-open-data.s3.us-east-2.amazonaws.com/images/birdsgreatbrita4goul/birdsgreatbrita4goul_0074.jp2,https://www.biodiversitylibrary.org/page/53023744,sheet-birdsgreatbrita4goul-0074.jpg,crop-birdsgreatbrita4goul-0074.jpg,
IV,18,Little Bustard,Otis tetrax,"OTIS TETRAX, Linn","J. Wolf and H. C. Richter, del. et lith. | Walter & Cohn, Imp.",birdsgreatbrita4goul,221609,78,53023748,landscape,270,https://bhl-open-data.s3.us-east-2.amazonaws.com/images/birdsgreatbrita4goul/birdsgreatbrita4goul_0078.jp2,https://www.biodiversitylibrary.org/page/53023748,sheet-birdsgreatbrita4goul-0078.jpg,crop-birdsgreatbrita4goul-0078.jpg,
IV,19,Common Crane,Grus cinerea,GRUS CINEREA,,birdsgreatbrita4goul,221609,82,53023752,landscape,270,https://bhl-open-data.s3.us-east-2.amazonaws.com/images/birdsgreatbrita4goul/birdsgreatbrita4goul_0082.jp2,https://www.biodiversitylibrary.org/page/53023752,sheet-birdsgreatbrita4goul-0082.jpg,crop-birdsgreatbrita4goul-0082.jpg,credit lines cut off: the sheet ends in the caption
IV,20,Heron,Ardea cinerea,"ARDEA CINFREA, Linn.","J. Gould, and H. C. Richter, del, et lith. | Walter Imp.",birdsgreatbrita4goul,221609,86,53023756,portrait,0,https://bhl-open-data.s3.us-east-2.amazonaws.com/images/birdsgreatbrita4goul/birdsgreatbrita4goul_0086.jp2,https://www.biodiversitylibrary.org/page/53023756,sheet-birdsgreatbrita4goul-0086.jpg,crop-birdsgreatbrita4goul-0086.jpg,
IV,21,Purple Heron,Ardea purpurea,"ARDFA PORPUREA, Lin.",Walter Imp,birdsgreatbrita4goul,221609,90,53023760,landscape,270,https://bhl-open-data.s3.us-east-2.amazonaws.com/images/birdsgreatbrita4goul/birdsgreatbrita4goul_0090.jp2,https://www.biodiversitylibrary.org/page/53023760,sheet-birdsgreatbrita4goul-0090.jpg,crop-birdsgreatbrita4goul-0090.jpg,"left credit line cut off at the sheet's foot; the right one's foot is cut too, so its punctuation is unreadable"
IV,22,"Great White Egret, or White Heron",Herodias alba,OERODTAS ALBA,,birdsgreatbrita4goul,221609,94,53023764,landscape,270,https://bhl-open-data.s3.us-east-2.amazonaws.com/images/birdsgreatbrita4goul/birdsgreatbrita4goul_0094.jp2,https://www.biodiversitylibrary.org/page/53023764,sheet-birdsgreatbrita4goul-0094.jpg,crop-birdsgreatbrita4goul-0094.jpg,"credit lines cut off at the sheet's foot: the left credit line is gone, and of the printer's credit line only the tops of the letters show"
IV,23,Little Egret,Herodias garzetta,HERODIAS GARZETTA •,"J. Gould & H. C. Richter, del et lith | Walter, Imp.",birdsgreatbrita4goul,221609,98,53023768,portrait,0,https://bhl-open-data.s3.us-east-2.amazonaws.com/images/birdsgreatbrita4goul/birdsgreatbrita4goul_0098.jp2,https://www.biodiversitylibrary.org/page/53023768,sheet-birdsgreatbrita4goul-0098.jpg,crop-birdsgreatbrita4goul-0098.jpg,
IV,24,Buff-backed Heron,Bubulcus russatus,BUBULCUS RUSSATUS.,,birdsgreatbrita4goul,221609,102,53023772,landscape,270,https://bhl-open-data.s3.us-east-2.amazonaws.com/images/birdsgreatbrita4goul/birdsgreatbrita4goul_0102.jp2,https://www.biodiversitylibrary.org/page/53023772,sheet-birdsgreatbrita4goul-0102.jpg,crop-birdsgreatbrita4goul-0102.jpg,"credit lines cut off at the sheet's foot: only the tops of the right one's letters show, unreadable"
IV,25,Squacco Heron,Buphus comatus,BUPHUS COMATUS :,Walter Imp,birdsgreatbrita4goul,221609,106,53023776,landscape,270,https://bhl-open-data.s3.us-east-2.amazonaws.com/images/birdsgreatbrita4goul/birdsgreatbrita4goul_0106.jp2,https://www.biodiversitylibrary.org/page/53023776,sheet-birdsgreatbrita4goul-0106.jpg,crop-birdsgreatbrita4goul-0106.jpg,"left credit line cut off at the sheet's foot; right credit line's foot cut, read from the upper part of its letters, punctuation unreadable"
IV,26,Night-Heron,Nycticorax griseus,NYCTICORAX GRISEUS,"J. Gould & H. C. Richter, del et lith. | Walter, Imp.",birdsgreatbrita4goul,221609,110,53023780,landscape,270,https://bhl-open-data.s3.us-east-2.amazonaws.com/images/birdsgreatbrita4goul/birdsgreatbrita4goul_0110.jp2,https://www.biodiversitylibrary.org/page/53023780,sheet-birdsgreatbrita4goul-0110.jpg,crop-birdsgreatbrita4goul-0110.jpg,
IV,27,Bittern,Botaurus stellaris,BOTAURUS STELLLARIS.,J. Gould and H. C. Richter del et lith | Walter & Cohn Imp,birdsgreatbrita4goul,221609,114,53023784,landscape,270,https://bhl-open-data.s3.us-east-2.amazonaws.com/images/birdsgreatbrita4goul/birdsgreatbrita4goul_0114.jp2,https://www.biodiversitylibrary.org/page/53023784,sheet-birdsgreatbrita4goul-0114.jpg,crop-birdsgreatbrita4goul-0114.jpg,"foot of both credit lines cut off at the sheet's edge, read from the upper half of the letters, so stops and commas are unreadable"
IV,28,American Bittern,Botaurus lentiginosus,BOTAURUS LENTIGINOSUS .,"J. Gould & W. Hart, del et lith. | Walter, Imp.",birdsgreatbrita4goul,221609,118,53023788,landscape,270,https://bhl-open-data.s3.us-east-2.amazonaws.com/images/birdsgreatbrita4goul/birdsgreatbrita4goul_0118.jp2,https://www.biodiversitylibrary.org/page/53023788,sheet-birdsgreatbrita4goul-0118.jpg,crop-birdsgreatbrita4goul-0118.jpg,
IV,29,Little Bittern,Ardetta minuta,ARDETTA MNUTA .,"J. Gould & H. C. Richter, del et lith. | Walter, Imp.",birdsgreatbrita4goul,221609,122,53023792,landscape,270,https://bhl-open-data.s3.us-east-2.amazonaws.com/images/birdsgreatbrita4goul/birdsgreatbrita4goul_0122.jp2,https://www.biodiversitylibrary.org/page/53023792,sheet-birdsgreatbrita4goul-0122.jpg,crop-birdsgreatbrita4goul-0122.jpg,
IV,30,Stork,Ciconia alba,CICONIA ALBA.,"J. Gould & H. CRichter, del et lith. | Walter Imp.",birdsgreatbrita4goul,221609,126,53023796,portrait,0,https://bhl-open-data.s3.us-east-2.amazonaws.com/images/birdsgreatbrita4goul/birdsgreatbrita4goul_0126.jp2,https://www.biodiversitylibrary.org/page/53023796,sheet-birdsgreatbrita4goul-0126.jpg,crop-birdsgreatbrita4goul-0126.jpg,
IV,31,Black Stork,Ciconia nigra,CICONIA NIGRA.,"J. Gould & H. C. Richter, del et lith. | Walter, Imp.",birdsgreatbrita4goul,221609,130,53023800,portrait,0,https://bhl-open-data.s3.us-east-2.amazonaws.com/images/birdsgreatbrita4goul/birdsgreatbrita4goul_0130.jp2,https://www.biodiversitylibrary.org/page/53023800,sheet-birdsgreatbrita4goul-0130.jpg,crop-birdsgreatbrita4goul-0130.jpg,
IV,32,Spoonbill,Platalea leucorodia,PLATALEA LEUCORODIA. Linn.,,birdsgreatbrita4goul,221609,134,53023804,landscape,270,https://bhl-open-data.s3.us-east-2.amazonaws.com/images/birdsgreatbrita4goul/birdsgreatbrita4goul_0134.jp2,https://www.biodiversitylibrary.org/page/53023804,sheet-birdsgreatbrita4goul-0134.jpg,crop-birdsgreatbrita4goul-0134.jpg,credit lines cut off: the sheet ends in the caption
IV,33,"Lapwing, or Peewit",Vanellus cristatus,VANELGUS CRISTAUS .,,birdsgreatbrita4goul,221609,138,53023808,landscape,270,https://bhl-open-data.s3.us-east-2.amazonaws.com/images/birdsgreatbrita4goul/birdsgreatbrita4goul_0138.jp2,https://www.biodiversitylibrary.org/page/53023808,sheet-birdsgreatbrita4goul-0138.jpg,crop-birdsgreatbrita4goul-0138.jpg,credit lines cut off: the sheet ends in the caption
IV,34,"Stilt, or Long-legged Plover",Himantopus candidus,HMANTOPUS CANDIDUS.,"J. Gould & HC. Richter, del et lith. | Walter, Imp.",birdsgreatbrita4goul,221609,142,53023812,landscape,270,https://bhl-open-data.s3.us-east-2.amazonaws.com/images/birdsgreatbrita4goul/birdsgreatbrita4goul_0142.jp2,https://www.biodiversitylibrary.org/page/53023812,sheet-birdsgreatbrita4goul-0142.jpg,crop-birdsgreatbrita4goul-0142.jpg,
IV,35,Thick-kneed Bustard,Œdicnemus crepitans,ŒEDICNEMUS CREPITANS,"J. Gould & H. C. Richter, del et lith | Walter, Imp.",birdsgreatbrita4goul,221609,146,53023816,landscape,270,https://bhl-open-data.s3.us-east-2.amazonaws.com/images/birdsgreatbrita4goul/birdsgreatbrita4goul_0146.jp2,https://www.biodiversitylibrary.org/page/53023816,sheet-birdsgreatbrita4goul-0146.jpg,crop-birdsgreatbrita4goul-0146.jpg,
IV,36,Grey Plover,Squatarola helvetica,SQUATAROLA TELVETICA.,"J. Wolf & H. C. Richter, del et lith. | Walter Imp.",birdsgreatbrita4goul,221609,150,53023820,landscape,270,https://bhl-open-data.s3.us-east-2.amazonaws.com/images/birdsgreatbrita4goul/birdsgreatbrita4goul_0150.jp2,https://www.biodiversitylibrary.org/page/53023820,sheet-birdsgreatbrita4goul-0150.jpg,crop-birdsgreatbrita4goul-0150.jpg,
IV,37,Grey Plover (plumage of winter and young),Squatarola helvetica,SQUATAROLA HELVETICA.,"J. Gould & H. CRichter, del et lith | Walter, Imp.",birdsgreatbrita4goul,221609,153,53023823,landscape,90,https://bhl-open-data.s3.us-east-2.amazonaws.com/images/birdsgreatbrita4goul/birdsgreatbrita4goul_0153.jp2,https://www.biodiversitylibrary.org/page/53023823,sheet-birdsgreatbrita4goul-0153.jpg,crop-birdsgreatbrita4goul-0153.jpg,
IV,38,Golden Plover (summer plumage),Charadrius pluvialis,"CHARADRIUS PLUVIALIS, Linn.","J. Wolf and H. C. Richter del. et lith. | Walter & Cohn, Imp.",birdsgreatbrita4goul,221609,156,53023826,landscape,270,https://bhl-open-data.s3.us-east-2.amazonaws.com/images/birdsgreatbrita4goul/birdsgreatbrita4goul_0156.jp2,https://www.biodiversitylibrary.org/page/53023826,sheet-birdsgreatbrita4goul-0156.jpg,crop-birdsgreatbrita4goul-0156.jpg,"left credit line's foot cut off at the sheet's edge, read from the upper part of its letters"
IV,39,Golden Plover (winter plumage),Charadrius pluvialis,"CHARADRIUS PLUVIALIS, Lin.","J. Gould and H. C. Richter, del. et lith. | Walter & Cohn, Imp.",birdsgreatbrita4goul,221609,159,53023829,landscape,90,https://bhl-open-data.s3.us-east-2.amazonaws.com/images/birdsgreatbrita4goul/birdsgreatbrita4goul_0159.jp2,https://www.biodiversitylibrary.org/page/53023829,sheet-birdsgreatbrita4goul-0159.jpg,crop-birdsgreatbrita4goul-0159.jpg,
IV,40,Kentish Plover,Ægialophilus cantianus,ÆGIALOPHOLUS CANTIANOS,"J. Gould & W. Hart, del et lith. | Walter, Imp.",birdsgreatbrita4goul,221609,162,53023832,landscape,270,https://bhl-open-data.s3.us-east-2.amazonaws.com/images/birdsgreatbrita4goul/birdsgreatbrita4goul_0162.jp2,https://www.biodiversitylibrary.org/page/53023832,sheet-birdsgreatbrita4goul-0162.jpg,crop-birdsgreatbrita4goul-0162.jpg,
IV,41,Ringed Plover,Ægialitis hiaticula,EGIALITIS HATICOLA .,"Walter, Imp.",birdsgreatbrita4goul,221609,166,53023836,landscape,270,https://bhl-open-data.s3.us-east-2.amazonaws.com/images/birdsgreatbrita4goul/birdsgreatbrita4goul_0166.jp2,https://www.biodiversitylibrary.org/page/53023836,sheet-birdsgreatbrita4goul-0166.jpg,crop-birdsgreatbrita4goul-0166.jpg,left credit line cut off at the sheet's foot: only the tops of its letters show
IV,42,Little Ringed Plover,Ægialitis minor,ECIALTIS MONOR.,"J. Gould & H. C. Richter, del et lith. | Walter, Imp.",birdsgreatbrita4goul,221609,170,53023840,landscape,270,https://bhl-open-data.s3.us-east-2.amazonaws.com/images/birdsgreatbrita4goul/birdsgreatbrita4goul_0170.jp2,https://www.biodiversitylibrary.org/page/53023840,sheet-birdsgreatbrita4goul-0170.jpg,crop-birdsgreatbrita4goul-0170.jpg,
IV,43,Dotterel,Eudromias morinellus,EUDROMIAS MORINELLUS.,,birdsgreatbrita4goul,221609,174,53023844,landscape,270,https://bhl-open-data.s3.us-east-2.amazonaws.com/images/birdsgreatbrita4goul/birdsgreatbrita4goul_0174.jp2,https://www.biodiversitylibrary.org/page/53023844,sheet-birdsgreatbrita4goul-0174.jpg,crop-birdsgreatbrita4goul-0174.jpg,credit lines cut off: the sheet ends in the caption
IV,44,Cream-coloured Courser,Cursorius gallicus,CURSORIUS GALLICUS .,"J. Gould & H. C Richter del et lith. | Walter, Imp.",birdsgreatbrita4goul,221609,178,53023848,landscape,270,https://bhl-open-data.s3.us-east-2.amazonaws.com/images/birdsgreatbrita4goul/birdsgreatbrita4goul_0178.jp2,https://www.biodiversitylibrary.org/page/53023848,sheet-birdsgreatbrita4goul-0178.jpg,crop-birdsgreatbrita4goul-0178.jpg,
IV,45,Oyster-catcher,Hæmatopus ostralegus,"HÆMATOPUS OSTRALEGUS, Lin.","J. Gould & H. C. Richter, del et lith. | Walter, Imp.",birdsgreatbrita4goul,221609,182,53023852,landscape,270,https://bhl-open-data.s3.us-east-2.amazonaws.com/images/birdsgreatbrita4goul/birdsgreatbrita4goul_0182.jp2,https://www.biodiversitylibrary.org/page/53023852,sheet-birdsgreatbrita4goul-0182.jpg,crop-birdsgreatbrita4goul-0182.jpg,
IV,46,Common Pratincole,Glareola pratincola,GLAREOLA PRATINCOLA.,"J. Gould & H. CRichter, del et lith. | Walter, Imp.",birdsgreatbrita4goul,221609,186,53023856,landscape,270,https://bhl-open-data.s3.us-east-2.amazonaws.com/images/birdsgreatbrita4goul/birdsgreatbrita4goul_0186.jp2,https://www.biodiversitylibrary.org/page/53023856,sheet-birdsgreatbrita4goul-0186.jpg,crop-birdsgreatbrita4goul-0186.jpg,
IV,47,Glossy Ibis,Falcinellus igneus,FALCINELLUS IGNEUS.,"J. Gould & H. C. Richter, del et lith. | Walter Imp",birdsgreatbrita4goul,221609,190,53023860,landscape,270,https://bhl-open-data.s3.us-east-2.amazonaws.com/images/birdsgreatbrita4goul/birdsgreatbrita4goul_0190.jp2,https://www.biodiversitylibrary.org/page/53023860,sheet-birdsgreatbrita4goul-0190.jpg,crop-birdsgreatbrita4goul-0190.jpg,
IV,48,Curlew,Numenius arquata,NUMENIOS ARQUATA .,"J. Gould & H. C. Richter, del et lith. | Walter Imp.",birdsgreatbrita4goul,221609,194,53023864,landscape,270,https://bhl-open-data.s3.us-east-2.amazonaws.com/images/birdsgreatbrita4goul/birdsgreatbrita4goul_0194.jp2,https://www.biodiversitylibrary.org/page/53023864,sheet-birdsgreatbrita4goul-0194.jpg,crop-birdsgreatbrita4goul-0194.jpg,
IV,49,Whimbrel,Numenius phæopus,NUMENIUS PHOPUS .,"J. Gould & H. C. Richter, del et lith. | Walter, Imp.",birdsgreatbrita4goul,221609,198,53023868,landscape,270,https://bhl-open-data.s3.us-east-2.amazonaws.com/images/birdsgreatbrita4goul/birdsgreatbrita4goul_0198.jp2,https://www.biodiversitylibrary.org/page/53023868,sheet-birdsgreatbrita4goul-0198.jpg,crop-birdsgreatbrita4goul-0198.jpg,
IV,50,Black-tailed Godwit,Limosa melanura,"LIMOSA MELLANURA, LesL.",,birdsgreatbrita4goul,221609,202,53023872,landscape,270,https://bhl-open-data.s3.us-east-2.amazonaws.com/images/birdsgreatbrita4goul/birdsgreatbrita4goul_0202.jp2,https://www.biodiversitylibrary.org/page/53023872,sheet-birdsgreatbrita4goul-0202.jpg,crop-birdsgreatbrita4goul-0202.jpg,credit lines cut off: the sheet ends in the caption
IV,51,Bar-tailed Godwit,Limosa rufa,"IIMOSA RUFA, Temm.","Walter, Imp.",birdsgreatbrita4goul,221609,206,53023876,landscape,270,https://bhl-open-data.s3.us-east-2.amazonaws.com/images/birdsgreatbrita4goul/birdsgreatbrita4goul_0206.jp2,https://www.biodiversitylibrary.org/page/53023876,sheet-birdsgreatbrita4goul-0206.jpg,crop-birdsgreatbrita4goul-0206.jpg,left credit line cut off at the sheet's foot
IV,52,Avocet,Recurvirostra avocetta,"RECURVIROSTRA AVOCETTA, Lin.","J. Gould and H. C. Richter, del. et lith. | Walter & Cohn, Imp.",birdsgreatbrita4goul,221609,210,53023880,landscape,270,https://bhl-open-data.s3.us-east-2.amazonaws.com/images/birdsgreatbrita4goul/birdsgreatbrita4goul_0210.jp2,https://www.biodiversitylibrary.org/page/53023880,sheet-birdsgreatbrita4goul-0210.jpg,crop-birdsgreatbrita4goul-0210.jpg,
IV,53,Greenshank,Glottis canescens,GLOTTIS CANESCENS,"J. Gould & H. C. Richter, del et lith. | Walter, Imp.",birdsgreatbrita4goul,221609,214,53023884,landscape,270,https://bhl-open-data.s3.us-east-2.amazonaws.com/images/birdsgreatbrita4goul/birdsgreatbrita4goul_0214.jp2,https://www.biodiversitylibrary.org/page/53023884,sheet-birdsgreatbrita4goul-0214.jpg,crop-birdsgreatbrita4goul-0214.jpg,
IV,54,Redshank,Totanus calidris,TOTANUS CALIDRIS.,"J. Gould & H. C. Richter, del et lith. | Walter, Imp.",birdsgreatbrita4goul,221609,218,53023888,landscape,270,https://bhl-open-data.s3.us-east-2.amazonaws.com/images/birdsgreatbrita4goul/birdsgreatbrita4goul_0218.jp2,https://www.biodiversitylibrary.org/page/53023888,sheet-birdsgreatbrita4goul-0218.jpg,crop-birdsgreatbrita4goul-0218.jpg,
IV,55,Spotted Redshank,Totanus fuscus,TOTANTS FUSCUS .,,birdsgreatbrita4goul,221609,222,53023892,landscape,270,https://bhl-open-data.s3.us-east-2.amazonaws.com/images/birdsgreatbrita4goul/birdsgreatbrita4goul_0222.jp2,https://www.biodiversitylibrary.org/page/53023892,sheet-birdsgreatbrita4goul-0222.jpg,crop-birdsgreatbrita4goul-0222.jpg,credit lines cut off: the sheet ends in the caption
IV,56,Green Sandpiper,Totanus ochropus,TOTANUS OCHROPUS.,"J. Gould, and H. C. Richter, del. et lith. | Walter, Imp.",birdsgreatbrita4goul,221609,226,53023896,portrait,0,https://bhl-open-data.s3.us-east-2.amazonaws.com/images/birdsgreatbrita4goul/birdsgreatbrita4goul_0226.jp2,https://www.biodiversitylibrary.org/page/53023896,sheet-birdsgreatbrita4goul-0226.jpg,crop-birdsgreatbrita4goul-0226.jpg,
IV,57,Wood-Sandpiper,Totanus glareola,TOTANUS GLAREOLA.,"J. Gould & HCRichter, del et lith. | Walter, Imp.",birdsgreatbrita4goul,221609,230,53023900,landscape,270,https://bhl-open-data.s3.us-east-2.amazonaws.com/images/birdsgreatbrita4goul/birdsgreatbrita4goul_0230.jp2,https://www.biodiversitylibrary.org/page/53023900,sheet-birdsgreatbrita4goul-0230.jpg,crop-birdsgreatbrita4goul-0230.jpg,
IV,58,Summer Snipe,Actitis hypoleucos,ACTITIS HYPOLEUCOS.,"J. Gould and H. C. Richter, del. et lith. | Walter & Cohn, Imp.",birdsgreatbrita4goul,221609,234,53023904,landscape,270,https://bhl-open-data.s3.us-east-2.amazonaws.com/images/birdsgreatbrita4goul/birdsgreatbrita4goul_0234.jp2,https://www.biodiversitylibrary.org/page/53023904,sheet-birdsgreatbrita4goul-0234.jpg,crop-birdsgreatbrita4goul-0234.jpg,
IV,59,Spotted Sandpiper,Actitis macularius,ACTITIS MACULARIUS.,"J. Gould & W Hart del et lith. | Walter, Imp.",birdsgreatbrita4goul,221609,238,53023908,landscape,270,https://bhl-open-data.s3.us-east-2.amazonaws.com/images/birdsgreatbrita4goul/birdsgreatbrita4goul_0238.jp2,https://www.biodiversitylibrary.org/page/53023908,sheet-birdsgreatbrita4goul-0238.jpg,crop-birdsgreatbrita4goul-0238.jpg,
IV,60,Turnstone,Strepsilas interpres,STREPSILAS INTERPRES,"J. Gould & H. C. Richter del. et lith. | Walter, Imp.",birdsgreatbrita4goul,221609,242,53023912,landscape,270,https://bhl-open-data.s3.us-east-2.amazonaws.com/images/birdsgreatbrita4goul/birdsgreatbrita4goul_0242.jp2,https://www.biodiversitylibrary.org/page/53023912,sheet-birdsgreatbrita4goul-0242.jpg,crop-birdsgreatbrita4goul-0242.jpg,
IV,61,Ruff,Machetes pugnax,MACHETES PUGNAX.,"J. Gould & HC. Richter, del et lith. | Walter, Imp.",birdsgreatbrita4goul,221609,246,53023916,landscape,270,https://bhl-open-data.s3.us-east-2.amazonaws.com/images/birdsgreatbrita4goul/birdsgreatbrita4goul_0246.jp2,https://www.biodiversitylibrary.org/page/53023916,sheet-birdsgreatbrita4goul-0246.jpg,crop-birdsgreatbrita4goul-0246.jpg,
IV,62,Ruff and Reeve in first-autumn plumage,Machetes pugnax,MACHETES PUGNAX.,,birdsgreatbrita4goul,221609,249,53023919,landscape,90,https://bhl-open-data.s3.us-east-2.amazonaws.com/images/birdsgreatbrita4goul/birdsgreatbrita4goul_0249.jp2,https://www.biodiversitylibrary.org/page/53023919,sheet-birdsgreatbrita4goul-0249.jpg,crop-birdsgreatbrita4goul-0249.jpg,credit lines cut off at the sheet's foot: only the tops of a few of the right one's letters show
IV,63,Bartram's Sandpiper,Actiturus Bartramius,,,birdsgreatbrita4goul,221609,252,53023922,landscape,270,https://bhl-open-data.s3.us-east-2.amazonaws.com/images/birdsgreatbrita4goul/birdsgreatbrita4goul_0252.jp2,https://www.biodiversitylibrary.org/page/53023922,sheet-birdsgreatbrita4goul-0252.jpg,crop-birdsgreatbrita4goul-0252.jpg,the caption could not be read on the scan; credit lines cut off: the sheet ends at the foot of the picture
IV,64,Buff-breasted Sandpiper,Tryngites rufescens,TRYNGITES RUFESCENS .,J. Gould & H. C. Richter del et lith. | Walter Imp.,birdsgreatbrita4goul,221609,256,53023926,landscape,270,https://bhl-open-data.s3.us-east-2.amazonaws.com/images/birdsgreatbrita4goul/birdsgreatbrita4goul_0256.jp2,https://www.biodiversitylibrary.org/page/53023926,sheet-birdsgreatbrita4goul-0256.jpg,crop-birdsgreatbrita4goul-0256.jpg,
IV,65,Knot,Tringa canutus,"TRINGA CANOTUS, Linn","J. Gould & W. Hart, del et lith. | Walter, Imp.",birdsgreatbrita4goul,221609,260,53023930,landscape,270,https://bhl-open-data.s3.us-east-2.amazonaws.com/images/birdsgreatbrita4goul/birdsgreatbrita4goul_0260.jp2,https://www.biodiversitylibrary.org/page/53023930,sheet-birdsgreatbrita4goul-0260.jpg,crop-birdsgreatbrita4goul-0260.jpg,
IV,66,Sanderling,Calidris arenaria,CALIDRIS ARENARIA.,"J. Gould & H. C. Richter, del et lith. | Walter, Imp.",birdsgreatbrita4goul,221609,264,53023934,landscape,270,https://bhl-open-data.s3.us-east-2.amazonaws.com/images/birdsgreatbrita4goul/birdsgreatbrita4goul_0264.jp2,https://www.biodiversitylibrary.org/page/53023934,sheet-birdsgreatbrita4goul-0264.jpg,crop-birdsgreatbrita4goul-0264.jpg,
IV,67,Pectoral Sandpiper,Limnocinclus pectoralis,LIMNOCINCLUS PECTORALIS .,"J. Gould & H. C. Richter, del et lith. | Walter, Imp.",birdsgreatbrita4goul,221609,268,53023938,landscape,270,https://bhl-open-data.s3.us-east-2.amazonaws.com/images/birdsgreatbrita4goul/birdsgreatbrita4goul_0268.jp2,https://www.biodiversitylibrary.org/page/53023938,sheet-birdsgreatbrita4goul-0268.jpg,crop-birdsgreatbrita4goul-0268.jpg,
IV,68,Curlew Sandpiper,Ancylocheilus subarquata,ANCYLOCHEILUS SUBARQUATA :,"J. Gould & W. Hart, del et lith. | Walter, Imp.",birdsgreatbrita4goul,221609,272,53023942,landscape,270,https://bhl-open-data.s3.us-east-2.amazonaws.com/images/birdsgreatbrita4goul/birdsgreatbrita4goul_0272.jp2,https://www.biodiversitylibrary.org/page/53023942,sheet-birdsgreatbrita4goul-0272.jpg,crop-birdsgreatbrita4goul-0272.jpg,
IV,69,Dunlin (summer plumage),Pelidna cinclus,PELIDNA CINCLUS .,"J. Gould & H. C. Richter, del. et lith | Walter. Imp.",birdsgreatbrita4goul,221609,276,53023946,landscape,270,https://bhl-open-data.s3.us-east-2.amazonaws.com/images/birdsgreatbrita4goul/birdsgreatbrita4goul_0276.jp2,https://www.biodiversitylibrary.org/page/53023946,sheet-birdsgreatbrita4goul-0276.jpg,crop-birdsgreatbrita4goul-0276.jpg,
IV,70,Dunlin (winter plumage),Pelidna cinclus,PELIDNA CINCLUS .,"J. Gould & H. C. Richter, del. et lith. | Walter, Imp.",birdsgreatbrita4goul,221609,279,53023949,landscape,90,https://bhl-open-data.s3.us-east-2.amazonaws.com/images/birdsgreatbrita4goul/birdsgreatbrita4goul_0279.jp2,https://www.biodiversitylibrary.org/page/53023949,sheet-birdsgreatbrita4goul-0279.jpg,crop-birdsgreatbrita4goul-0279.jpg,
IV,71,Bonaparte's Sandpiper,Pelidna Bonapartei,PELODNA BONAPARTEI,"J. Gould & W. Hart, del et lith. | Walter, Imp.",birdsgreatbrita4goul,221609,282,53023952,landscape,270,https://bhl-open-data.s3.us-east-2.amazonaws.com/images/birdsgreatbrita4goul/birdsgreatbrita4goul_0282.jp2,https://www.biodiversitylibrary.org/page/53023952,sheet-birdsgreatbrita4goul-0282.jpg,crop-birdsgreatbrita4goul-0282.jpg,
IV,72,Little Stint,Actodromas minuta,ACTODROMAS MINUTA,"J. Gould & HC. Richter, del et lith. | Walter, Imp.",birdsgreatbrita4goul,221609,286,53023956,landscape,270,https://bhl-open-data.s3.us-east-2.amazonaws.com/images/birdsgreatbrita4goul/birdsgreatbrita4goul_0286.jp2,https://www.biodiversitylibrary.org/page/53023956,sheet-birdsgreatbrita4goul-0286.jpg,crop-birdsgreatbrita4goul-0286.jpg,
IV,73,Temminck's Stint,Leimonites Temminckii,LEIMONITES TEMMINCKI.,"J. Gould & H. C. Richter, del et lith. | Walter, Imp.",birdsgreatbrita4goul,221609,290,53023960,landscape,270,https://bhl-open-data.s3.us-east-2.amazonaws.com/images/birdsgreatbrita4goul/birdsgreatbrita4goul_0290.jp2,https://www.biodiversitylibrary.org/page/53023960,sheet-birdsgreatbrita4goul-0290.jpg,crop-birdsgreatbrita4goul-0290.jpg,
IV,74,Purple Sandpiper,Arquatella maritima,ARQUATELLA MARITIMA .,"J. Gould & H. C. Richter, del et lith. | Walter, Imp.",birdsgreatbrita4goul,221609,294,53023964,landscape,270,https://bhl-open-data.s3.us-east-2.amazonaws.com/images/birdsgreatbrita4goul/birdsgreatbrita4goul_0294.jp2,https://www.biodiversitylibrary.org/page/53023964,sheet-birdsgreatbrita4goul-0294.jpg,crop-birdsgreatbrita4goul-0294.jpg,
IV,75,Broad-billed Sandpiper,Limicola pygmæa,LIMICOLA PIGMEA.,"J. Gould & HC. Richter, del et lith. | Walter, Imp.",birdsgreatbrita4goul,221609,298,53023968,landscape,270,https://bhl-open-data.s3.us-east-2.amazonaws.com/images/birdsgreatbrita4goul/birdsgreatbrita4goul_0298.jp2,https://www.biodiversitylibrary.org/page/53023968,sheet-birdsgreatbrita4goul-0298.jpg,crop-birdsgreatbrita4goul-0298.jpg,
IV,76,Red-breasted or Brown Snipe,Macrorhamphus griseus,MACRORAMPHUS GRISEUS.,"J. Gould & W. Hart, del et lith. | Walter, Imp.",birdsgreatbrita4goul,221609,302,53023972,landscape,270,https://bhl-open-data.s3.us-east-2.amazonaws.com/images/birdsgreatbrita4goul/birdsgreatbrita4goul_0302.jp2,https://www.biodiversitylibrary.org/page/53023972,sheet-birdsgreatbrita4goul-0302.jpg,crop-birdsgreatbrita4goul-0302.jpg,
IV,77,Woodcock,Scolopax rusticola,"SCOLOPAX RUSTICOLA, Linn.","J. Wolf. and H. C. Richter del. et lith. | Walter, Imp.",birdsgreatbrita4goul,221609,306,53023976,landscape,270,https://bhl-open-data.s3.us-east-2.amazonaws.com/images/birdsgreatbrita4goul/birdsgreatbrita4goul_0306.jp2,https://www.biodiversitylibrary.org/page/53023976,sheet-birdsgreatbrita4goul-0306.jpg,crop-birdsgreatbrita4goul-0306.jpg,
IV,78,Great Snipe,Gallinago major,GALLINAGO MAJOR.,"J. Gould and H. C. Richter. del. et lith | Walter & Cohn, Imp.",birdsgreatbrita4goul,221609,312,53023982,landscape,270,https://bhl-open-data.s3.us-east-2.amazonaws.com/images/birdsgreatbrita4goul/birdsgreatbrita4goul_0312.jp2,https://www.biodiversitylibrary.org/page/53023982,sheet-birdsgreatbrita4goul-0312.jpg,crop-birdsgreatbrita4goul-0312.jpg,
IV,79,Common Snipe,Gallinago scolopacina,GALLINAGO SCOLOPACINUS.,"J. Gould and H. C. Richter, del. et lith. | Walter & Cohn, Imp.",birdsgreatbrita4goul,221609,316,53023986,landscape,270,https://bhl-open-data.s3.us-east-2.amazonaws.com/images/birdsgreatbrita4goul/birdsgreatbrita4goul_0316.jp2,https://www.biodiversitylibrary.org/page/53023986,sheet-birdsgreatbrita4goul-0316.jpg,crop-birdsgreatbrita4goul-0316.jpg,
IV,80,Jack Snipe,Limnocryptes gallinula,LYMNYOCRYPTES CALLVULA.,J. Gould and H. CRichter delet lith | Walter Imp,birdsgreatbrita4goul,221609,320,53023990,landscape,270,https://bhl-open-data.s3.us-east-2.amazonaws.com/images/birdsgreatbrita4goul/birdsgreatbrita4goul_0320.jp2,https://www.biodiversitylibrary.org/page/53023990,sheet-birdsgreatbrita4goul-0320.jpg,crop-birdsgreatbrita4goul-0320.jpg,
IV,81,Grey Phalarope (summer plumage),Phalaropus fulicarius,"PHALAR OPUS FULICARIUS ,","J. Gould & H. C. Richter del. et lith. | Walter, Imp.",birdsgreatbrita4goul,221609,324,53023994,landscape,270,https://bhl-open-data.s3.us-east-2.amazonaws.com/images/birdsgreatbrita4goul/birdsgreatbrita4goul_0324.jp2,https://www.biodiversitylibrary.org/page/53023994,sheet-birdsgreatbrita4goul-0324.jpg,crop-birdsgreatbrita4goul-0324.jpg,
IV,82,Grey Phalarope (winter plumage),Phalaropus fulicarius,"PHALAROPOS FULICARIOS,","J. Gould & H. C. Richter, del. et lith. | Walter, Imp.",birdsgreatbrita4goul,221609,327,53023997,landscape,90,https://bhl-open-data.s3.us-east-2.amazonaws.com/images/birdsgreatbrita4goul/birdsgreatbrita4goul_0327.jp2,https://www.biodiversitylibrary.org/page/53023997,sheet-birdsgreatbrita4goul-0327.jpg,crop-birdsgreatbrita4goul-0327.jpg,
IV,83,Red-necked Phalarope,Lobipes hyperboreus,LOBIPES HYPERBOREUS .,"J. Gould & H. C. Richter, del. et lith. | Walter, Imp.",birdsgreatbrita4goul,221609,330,53024000,landscape,270,https://bhl-open-data.s3.us-east-2.amazonaws.com/images/birdsgreatbrita4goul/birdsgreatbrita4goul_0330.jp2,https://www.biodiversitylibrary.org/page/53024000,sheet-birdsgreatbrita4goul-0330.jpg,crop-birdsgreatbrita4goul-0330.jpg,
IV,84,Coot,Fulica atra,FULICA ATRA.,"J. Wolf & H. C. Richter, del. et lith. | Walter & Cohn, Imp.",birdsgreatbrita4goul,221609,334,53024004,landscape,270,https://bhl-open-data.s3.us-east-2.amazonaws.com/images/birdsgreatbrita4goul/birdsgreatbrita4goul_0334.jp2,https://www.biodiversitylibrary.org/page/53024004,sheet-birdsgreatbrita4goul-0334.jpg,crop-birdsgreatbrita4goul-0334.jpg,
IV,85,Moorhen,Gallinula chloropus,GALLINULA CHLOROPUS.,"J. Wolf and H. C. Richter, del. et lith. | Walter & Cohn, Imp.",birdsgreatbrita4goul,221609,338,53024008,landscape,270,https://bhl-open-data.s3.us-east-2.amazonaws.com/images/birdsgreatbrita4goul/birdsgreatbrita4goul_0338.jp2,https://www.biodiversitylibrary.org/page/53024008,sheet-birdsgreatbrita4goul-0338.jpg,crop-birdsgreatbrita4goul-0338.jpg,
IV,86,Water-Rail,Rallus aquaticus,"RALLUS AQUATICUS, Linn.","J. Gould and H. C. Richter, del. et lith. | Walter & Cohn, Imp.",birdsgreatbrita4goul,221609,342,53024012,landscape,270,https://bhl-open-data.s3.us-east-2.amazonaws.com/images/birdsgreatbrita4goul/birdsgreatbrita4goul_0342.jp2,https://www.biodiversitylibrary.org/page/53024012,sheet-birdsgreatbrita4goul-0342.jpg,crop-birdsgreatbrita4goul-0342.jpg,
IV,87,"Land-Rail, or Corn Crake",Crex pratensis,CREX PRATENSIS.,,birdsgreatbrita4goul,221609,346,53024016,landscape,270,https://bhl-open-data.s3.us-east-2.amazonaws.com/images/birdsgreatbrita4goul/birdsgreatbrita4goul_0346.jp2,https://www.biodiversitylibrary.org/page/53024016,sheet-birdsgreatbrita4goul-0346.jpg,crop-birdsgreatbrita4goul-0346.jpg,credit lines cut off: the sheet ends in the caption
IV,88,Spotted Crake,Porzana maruetta,PORZANA MARUETTA.,"J. Gould and H. C. Richter, del. et lith | Walter & Cohn, Imp.",birdsgreatbrita4goul,221609,350,53024020,landscape,270,https://bhl-open-data.s3.us-east-2.amazonaws.com/images/birdsgreatbrita4goul/birdsgreatbrita4goul_0350.jp2,https://www.biodiversitylibrary.org/page/53024020,sheet-birdsgreatbrita4goul-0350.jpg,crop-birdsgreatbrita4goul-0350.jpg,
IV,89,Baillon's Crake,Porzana pygmæa,PORZANA PYGMÆA.,"J. Gould and H. C. Richter, del. et lith. | Walter & Cohn, Imp.",birdsgreatbrita4goul,221609,354,53024024,landscape,270,https://bhl-open-data.s3.us-east-2.amazonaws.com/images/birdsgreatbrita4goul/birdsgreatbrita4goul_0354.jp2,https://www.biodiversitylibrary.org/page/53024024,sheet-birdsgreatbrita4goul-0354.jpg,crop-birdsgreatbrita4goul-0354.jpg,
IV,90,Olivaceous Crake,Porzana minuta,PORZANA MINUTA.,"J. Gould and H. C. Richter, del. et. lith. | Walter & Cohn, Imp.",birdsgreatbrita4goul,221609,358,53024028,landscape,270,https://bhl-open-data.s3.us-east-2.amazonaws.com/images/birdsgreatbrita4goul/birdsgreatbrita4goul_0358.jp2,https://www.biodiversitylibrary.org/page/53024028,sheet-birdsgreatbrita4goul-0358.jpg,crop-birdsgreatbrita4goul-0358.jpg,
V,1,Grey Lag Goose,Anser ferus,"ANSER FERUS, Steph","J. Wolf & W. Hart, del et lith. | Walter, Imp.",birdsgreatbrita5goul,222497,12,53083701,landscape,270,https://bhl-open-data.s3.us-east-2.amazonaws.com/images/birdsgreatbrita5goul/birdsgreatbrita5goul_0012.jp2,https://www.biodiversitylibrary.org/page/53083701,sheet-birdsgreatbrita5goul-0012.jpg,crop-birdsgreatbrita5goul-0012.jpg,
V,2,Bean-Goose,Anser segetum,ANSER SEGETUM.,"J. Gould & H. C. Richter, del et lith | Walter, Imp.",birdsgreatbrita5goul,222497,16,53083697,landscape,270,https://bhl-open-data.s3.us-east-2.amazonaws.com/images/birdsgreatbrita5goul/birdsgreatbrita5goul_0016.jp2,https://www.biodiversitylibrary.org/page/53083697,sheet-birdsgreatbrita5goul-0016.jpg,crop-birdsgreatbrita5goul-0016.jpg,
V,3,Pink-footed Goose,Anser brachyrhynchus,"ANSER BRACHYRHYNCHUS, Baill","J. Gould & H. C. Richter, del et lith. | Walter, Imp.",birdsgreatbrita5goul,222497,20,53083693,landscape,270,https://bhl-open-data.s3.us-east-2.amazonaws.com/images/birdsgreatbrita5goul/birdsgreatbrita5goul_0020.jp2,https://www.biodiversitylibrary.org/page/53083693,sheet-birdsgreatbrita5goul-0020.jpg,crop-birdsgreatbrita5goul-0020.jpg,
V,4,White-fronted Goose,Anser albifrons,ANSER ALBOFRONS,"J. Gould & H. C. Richter, del et lith. | Walter, Imp.",birdsgreatbrita5goul,222497,24,53083689,landscape,270,https://bhl-open-data.s3.us-east-2.amazonaws.com/images/birdsgreatbrita5goul/birdsgreatbrita5goul_0024.jp2,https://www.biodiversitylibrary.org/page/53083689,sheet-birdsgreatbrita5goul-0024.jpg,crop-birdsgreatbrita5goul-0024.jpg,
V,5,Bernicle Goose,Bernicla leucopsis,BERNICLA LEUCOPSIS.,"J. Wolf & H. C. Richter, del et lith. | Walter, Imp.",birdsgreatbrita5goul,222497,28,53083685,landscape,270,https://bhl-open-data.s3.us-east-2.amazonaws.com/images/birdsgreatbrita5goul/birdsgreatbrita5goul_0028.jp2,https://www.biodiversitylibrary.org/page/53083685,sheet-birdsgreatbrita5goul-0028.jpg,crop-birdsgreatbrita5goul-0028.jpg,
V,6,Red-breasted Goose,Bernicla ruficollis,BERNICLA RUFICOLLIS.,"J. Gould & H. C. Richter del et lith | Walter, Imp.",birdsgreatbrita5goul,222497,32,53083681,landscape,270,https://bhl-open-data.s3.us-east-2.amazonaws.com/images/birdsgreatbrita5goul/birdsgreatbrita5goul_0032.jp2,https://www.biodiversitylibrary.org/page/53083681,sheet-birdsgreatbrita5goul-0032.jpg,crop-birdsgreatbrita5goul-0032.jpg,"foot of the left credit line cut off at the sheet's edge, so stops and commas there are unreadable"
V,7,Brent Goose,Bernicla brenta,BERNICLA BRENTA.,"J. Gould & HC. Richter, del et lith. | Walter, Imp.",birdsgreatbrita5goul,222497,36,53083646,landscape,270,https://bhl-open-data.s3.us-east-2.amazonaws.com/images/birdsgreatbrita5goul/birdsgreatbrita5goul_0036.jp2,https://www.biodiversitylibrary.org/page/53083646,sheet-birdsgreatbrita5goul-0036.jpg,crop-birdsgreatbrita5goul-0036.jpg,
V,8,Mute Swan,Cygnus olor,CYGNUS OLOR.,"J. Wolf & H. C. Richter, del et lith. | Walter, Imp.",birdsgreatbrita5goul,222497,40,53083650,landscape,270,https://bhl-open-data.s3.us-east-2.amazonaws.com/images/birdsgreatbrita5goul/birdsgreatbrita5goul_0040.jp2,https://www.biodiversitylibrary.org/page/53083650,sheet-birdsgreatbrita5goul-0040.jpg,crop-birdsgreatbrita5goul-0040.jpg,
V,9,"Wild Swan, or Whooper",Cygnus ferus,CYGNUS FERUS.,"J. Wolf & H. C. Richter, del et lith. | Walter, Imp",birdsgreatbrita5goul,222497,44,53083654,landscape,270,https://bhl-open-data.s3.us-east-2.amazonaws.com/images/birdsgreatbrita5goul/birdsgreatbrita5goul_0044.jp2,https://www.biodiversitylibrary.org/page/53083654,sheet-birdsgreatbrita5goul-0044.jpg,crop-birdsgreatbrita5goul-0044.jpg,
V,10,Bewick's Swan,Cygnus minor,CYGNUS MINOR,"J. Wolf & HCRichter, del et lith. | Walter, Imp.",birdsgreatbrita5goul,222497,48,53083658,landscape,270,https://bhl-open-data.s3.us-east-2.amazonaws.com/images/birdsgreatbrita5goul/birdsgreatbrita5goul_0048.jp2,https://www.biodiversitylibrary.org/page/53083658,sheet-birdsgreatbrita5goul-0048.jpg,crop-birdsgreatbrita5goul-0048.jpg,
V,11,Sheldrake,Tadorna vulpanser,TADORNA VOLPANSER,"J. Gould & H. C. Richter, del et lith. | Walter, Imp.",birdsgreatbrita5goul,222497,52,53083662,landscape,270,https://bhl-open-data.s3.us-east-2.amazonaws.com/images/birdsgreatbrita5goul/birdsgreatbrita5goul_0052.jp2,https://www.biodiversitylibrary.org/page/53083662,sheet-birdsgreatbrita5goul-0052.jpg,crop-birdsgreatbrita5goul-0052.jpg,
V,12,Ruddy Sheldrake,Casarca rutila,CASARCA RUTILA.,"J. Gould & HC. Richter, del et lith. | Walter, Imp.",birdsgreatbrita5goul,222497,56,53083666,landscape,270,https://bhl-open-data.s3.us-east-2.amazonaws.com/images/birdsgreatbrita5goul/birdsgreatbrita5goul_0056.jp2,https://www.biodiversitylibrary.org/page/53083666,sheet-birdsgreatbrita5goul-0056.jpg,crop-birdsgreatbrita5goul-0056.jpg,
V,13,Widgeon,Mareca penelope,MARECA PENELOPE.,"J. Gould & H. C. Richter, del et lith. | Walter, Imp.",birdsgreatbrita5goul,222497,60,53083670,landscape,270,https://bhl-open-data.s3.us-east-2.amazonaws.com/images/birdsgreatbrita5goul/birdsgreatbrita5goul_0060.jp2,https://www.biodiversitylibrary.org/page/53083670,sheet-birdsgreatbrita5goul-0060.jpg,crop-birdsgreatbrita5goul-0060.jpg,
V,14,Shoveller Duck,Spatula clypeata,SPATULA CLYPEATA,"J. Wolf & H. C. Richter, del et lith. | Walter. Imp.",birdsgreatbrita5goul,222497,64,53083674,landscape,270,https://bhl-open-data.s3.us-east-2.amazonaws.com/images/birdsgreatbrita5goul/birdsgreatbrita5goul_0064.jp2,https://www.biodiversitylibrary.org/page/53083674,sheet-birdsgreatbrita5goul-0064.jpg,crop-birdsgreatbrita5goul-0064.jpg,
V,15,"Mallard, or Wild Duck",Anas boschas,"ANAS BOSCHAS, Lim.","J. Wolf & H. C Richter, del et lith. | Walter, Imp.",birdsgreatbrita5goul,222497,68,53083713,landscape,270,https://bhl-open-data.s3.us-east-2.amazonaws.com/images/birdsgreatbrita5goul/birdsgreatbrita5goul_0068.jp2,https://www.biodiversitylibrary.org/page/53083713,sheet-birdsgreatbrita5goul-0068.jpg,crop-birdsgreatbrita5goul-0068.jpg,
V,16,Teal,Querquedula crecca,QUERQUEDOIA CRECCA.,"J. Gould, and H. C. Richter, del et lith, | Walter, Imp.",birdsgreatbrita5goul,222497,72,53083717,landscape,270,https://bhl-open-data.s3.us-east-2.amazonaws.com/images/birdsgreatbrita5goul/birdsgreatbrita5goul_0072.jp2,https://www.biodiversitylibrary.org/page/53083717,sheet-birdsgreatbrita5goul-0072.jpg,crop-birdsgreatbrita5goul-0072.jpg,
V,17,Garganey,Querquedula circia,QUERQUEDULA CORCIA.,"J. Gould, and H. C. Richter, del et lith. | Walter. Imp.",birdsgreatbrita5goul,222497,76,53083721,landscape,270,https://bhl-open-data.s3.us-east-2.amazonaws.com/images/birdsgreatbrita5goul/birdsgreatbrita5goul_0076.jp2,https://www.biodiversitylibrary.org/page/53083721,sheet-birdsgreatbrita5goul-0076.jpg,crop-birdsgreatbrita5goul-0076.jpg,
V,18,Pin-tailed Duck,Dafila acuta,DAFILA ACUTA.,J. Gould & H. C. Richter del et lith | Walter Imp.,birdsgreatbrita5goul,222497,80,53083725,landscape,270,https://bhl-open-data.s3.us-east-2.amazonaws.com/images/birdsgreatbrita5goul/birdsgreatbrita5goul_0080.jp2,https://www.biodiversitylibrary.org/page/53083725,sheet-birdsgreatbrita5goul-0080.jpg,crop-birdsgreatbrita5goul-0080.jpg,
V,19,Gadwall,Chaulelasmus strepera,CHAULELASMUS STREPERA,"J. Gould & H. C. Richter, del et lith. | Walter, Imp.",birdsgreatbrita5goul,222497,84,53083729,landscape,270,https://bhl-open-data.s3.us-east-2.amazonaws.com/images/birdsgreatbrita5goul/birdsgreatbrita5goul_0084.jp2,https://www.biodiversitylibrary.org/page/53083729,sheet-birdsgreatbrita5goul-0084.jpg,crop-birdsgreatbrita5goul-0084.jpg,
V,20,Pochard,Nyroca ferina,NYROCA FERINA.,"J. Gould & H. C. Richter, del et lith | Walter, Imp.",birdsgreatbrita5goul,222497,88,53083733,landscape,270,https://bhl-open-data.s3.us-east-2.amazonaws.com/images/birdsgreatbrita5goul/birdsgreatbrita5goul_0088.jp2,https://www.biodiversitylibrary.org/page/53083733,sheet-birdsgreatbrita5goul-0088.jpg,crop-birdsgreatbrita5goul-0088.jpg,
V,21,"White-eyed, or Ferruginous Duck",Nyroca leucophthalmos,NYROCA LEUCOPHTHALMOS.,"J. Wolf & H. C. Richter, del et lith. | Walter, Imp",birdsgreatbrita5goul,222497,92,53083737,landscape,270,https://bhl-open-data.s3.us-east-2.amazonaws.com/images/birdsgreatbrita5goul/birdsgreatbrita5goul_0092.jp2,https://www.biodiversitylibrary.org/page/53083737,sheet-birdsgreatbrita5goul-0092.jpg,crop-birdsgreatbrita5goul-0092.jpg,
V,22,Red-crested Duck,Branta rufina,BRANTA RUFINA.,"J. Gould & H. C. Richter, del. et lith. | Walter Imp.",birdsgreatbrita5goul,222497,96,53083741,landscape,270,https://bhl-open-data.s3.us-east-2.amazonaws.com/images/birdsgreatbrita5goul/birdsgreatbrita5goul_0096.jp2,https://www.biodiversitylibrary.org/page/53083741,sheet-birdsgreatbrita5goul-0096.jpg,crop-birdsgreatbrita5goul-0096.jpg,
V,23,Tufted Duck,Fuligula cristata,FULIGULA CRISTATA.,"J. Gould & H. C. Richter del et lith | Walter, Imp.",birdsgreatbrita5goul,222497,100,53083745,landscape,270,https://bhl-open-data.s3.us-east-2.amazonaws.com/images/birdsgreatbrita5goul/birdsgreatbrita5goul_0100.jp2,https://www.biodiversitylibrary.org/page/53083745,sheet-birdsgreatbrita5goul-0100.jpg,crop-birdsgreatbrita5goul-0100.jpg,
V,24,Scaup Duck,Fuligula marila,FOLIGULA MARLA .,"J. Gould & H. C. Richter, del et lith. | Walter, Imp.",birdsgreatbrita5goul,222497,104,53083749,landscape,270,https://bhl-open-data.s3.us-east-2.amazonaws.com/images/birdsgreatbrita5goul/birdsgreatbrita5goul_0104.jp2,https://www.biodiversitylibrary.org/page/53083749,sheet-birdsgreatbrita5goul-0104.jpg,crop-birdsgreatbrita5goul-0104.jpg,
V,25,Steller's Duck,Eniconetta Stelleri,ENICONETTA STELLERI.,"J. Wolf and H. C. Richter, del. et lith. | Walter & Cohn, Imp.",birdsgreatbrita5goul,222497,108,53083753,landscape,270,https://bhl-open-data.s3.us-east-2.amazonaws.com/images/birdsgreatbrita5goul/birdsgreatbrita5goul_0108.jp2,https://www.biodiversitylibrary.org/page/53083753,sheet-birdsgreatbrita5goul-0108.jpg,crop-birdsgreatbrita5goul-0108.jpg,
V,26,Eider Duck,Somateria mollissima,SOMATERIA MOLISSIMA,"J. Gould & H. C. Richter, del et lith. | Walter, Imp.",birdsgreatbrita5goul,222497,112,53083757,landscape,270,https://bhl-open-data.s3.us-east-2.amazonaws.com/images/birdsgreatbrita5goul/birdsgreatbrita5goul_0112.jp2,https://www.biodiversitylibrary.org/page/53083757,sheet-birdsgreatbrita5goul-0112.jpg,crop-birdsgreatbrita5goul-0112.jpg,
V,27,King Duck,Somateria spectabilis,SOMATERIA SPECTABILIS,"J. Gould & H. C. Richter, del et lith. | Walter Imp.",birdsgreatbrita5goul,222497,116,53083761,landscape,270,https://bhl-open-data.s3.us-east-2.amazonaws.com/images/birdsgreatbrita5goul/birdsgreatbrita5goul_0116.jp2,https://www.biodiversitylibrary.org/page/53083761,sheet-birdsgreatbrita5goul-0116.jpg,crop-birdsgreatbrita5goul-0116.jpg,
V,28,Scoter,Oidemia nigra,OIDEMIA NIGRA.,"J. Wolf and H. C. Richter, del. et lith. | Walter & Cohn, Imp.",birdsgreatbrita5goul,222497,120,53083765,landscape,270,https://bhl-open-data.s3.us-east-2.amazonaws.com/images/birdsgreatbrita5goul/birdsgreatbrita5goul_0120.jp2,https://www.biodiversitylibrary.org/page/53083765,sheet-birdsgreatbrita5goul-0120.jpg,crop-birdsgreatbrita5goul-0120.jpg,
V,29,Velvet Scoter,Oidemia fusca,OIDEMIA FUSCA •,"J. Gould & H. C. Richter, del et lith | Walter, Imp.",birdsgreatbrita5goul,222497,124,53083769,landscape,270,https://bhl-open-data.s3.us-east-2.amazonaws.com/images/birdsgreatbrita5goul/birdsgreatbrita5goul_0124.jp2,https://www.biodiversitylibrary.org/page/53083769,sheet-birdsgreatbrita5goul-0124.jpg,crop-birdsgreatbrita5goul-0124.jpg,
V,30,Surf Scoter,Oidemia perspicillata,ODKMA PERSPICILATA •,"J. Gould & H. C. Richter, del et lith. | Walter, Imp.",birdsgreatbrita5goul,222497,128,53083773,landscape,270,https://bhl-open-data.s3.us-east-2.amazonaws.com/images/birdsgreatbrita5goul/birdsgreatbrita5goul_0128.jp2,https://www.biodiversitylibrary.org/page/53083773,sheet-birdsgreatbrita5goul-0128.jpg,crop-birdsgreatbrita5goul-0128.jpg,
V,31,Golden-eye,Clangula glaucion,CLANGULA GLAUCION.,"J. Gould & H. C. Richter, del et lith. | Walter, Imp.",birdsgreatbrita5goul,222497,132,53083777,landscape,270,https://bhl-open-data.s3.us-east-2.amazonaws.com/images/birdsgreatbrita5goul/birdsgreatbrita5goul_0132.jp2,https://www.biodiversitylibrary.org/page/53083777,sheet-birdsgreatbrita5goul-0132.jpg,crop-birdsgreatbrita5goul-0132.jpg,
V,32,Harlequin Duck,Histrionicus torquatus,TUSTRIONICUS TORQUATUS.,"J. Gould & H. C. Richter, del et lith. | Walter, Imp",birdsgreatbrita5goul,222497,136,53083781,landscape,270,https://bhl-open-data.s3.us-east-2.amazonaws.com/images/birdsgreatbrita5goul/birdsgreatbrita5goul_0136.jp2,https://www.biodiversitylibrary.org/page/53083781,sheet-birdsgreatbrita5goul-0136.jpg,crop-birdsgreatbrita5goul-0136.jpg,
V,33,Long-tailed Duck,Harelda glacialis,HARFLDA GLACIALIS.,"J. Gould & H. C. Richter, del et lith. | Walter, Imp.",birdsgreatbrita5goul,222497,140,53083785,landscape,270,https://bhl-open-data.s3.us-east-2.amazonaws.com/images/birdsgreatbrita5goul/birdsgreatbrita5goul_0140.jp2,https://www.biodiversitylibrary.org/page/53083785,sheet-birdsgreatbrita5goul-0140.jpg,crop-birdsgreatbrita5goul-0140.jpg,
V,34,Goosander,Mergus castor,"MERGUS CASTOR, Linn.",,birdsgreatbrita5goul,222497,144,53083789,landscape,270,https://bhl-open-data.s3.us-east-2.amazonaws.com/images/birdsgreatbrita5goul/birdsgreatbrita5goul_0144.jp2,https://www.biodiversitylibrary.org/page/53083789,sheet-birdsgreatbrita5goul-0144.jpg,crop-birdsgreatbrita5goul-0144.jpg,credit lines cut off: the sheet ends in the caption
V,35,Merganser,Mergus serrator,MERGUS SERRATOR.,"J. Gould and H. C. Richter, del. et lith. | Walter & Cohn, Imp.",birdsgreatbrita5goul,222497,148,53083793,landscape,270,https://bhl-open-data.s3.us-east-2.amazonaws.com/images/birdsgreatbrita5goul/birdsgreatbrita5goul_0148.jp2,https://www.biodiversitylibrary.org/page/53083793,sheet-birdsgreatbrita5goul-0148.jpg,crop-birdsgreatbrita5goul-0148.jpg,
V,36,Hooded Merganser,Mergus cucullatus,"MERGUS CUCULIATUS, L",,birdsgreatbrita5goul,222497,152,53083797,landscape,270,https://bhl-open-data.s3.us-east-2.amazonaws.com/images/birdsgreatbrita5goul/birdsgreatbrita5goul_0152.jp2,https://www.biodiversitylibrary.org/page/53083797,sheet-birdsgreatbrita5goul-0152.jpg,crop-birdsgreatbrita5goul-0152.jpg,credit lines cut off: the sheet ends in the caption
V,37,"Smew, or Nun",Mergus albellus,MERGUS ALBELLUS.,"J. Wolf and H. C. Richter, del. et lith | Walter & Cohn, Imp.",birdsgreatbrita5goul,222497,156,53083801,landscape,270,https://bhl-open-data.s3.us-east-2.amazonaws.com/images/birdsgreatbrita5goul/birdsgreatbrita5goul_0156.jp2,https://www.biodiversitylibrary.org/page/53083801,sheet-birdsgreatbrita5goul-0156.jpg,crop-birdsgreatbrita5goul-0156.jpg,
V,38,Great Crested Grebe,Podiceps cristatus,"PODICEPS CRISTATUS, LiH.","J. Gould and H. C. Richter, del. et lith. | Walter & Cohn, Imp.",birdsgreatbrita5goul,222497,160,53083805,landscape,270,https://bhl-open-data.s3.us-east-2.amazonaws.com/images/birdsgreatbrita5goul/birdsgreatbrita5goul_0160.jp2,https://www.biodiversitylibrary.org/page/53083805,sheet-birdsgreatbrita5goul-0160.jpg,crop-birdsgreatbrita5goul-0160.jpg,
V,39,Red-necked Grebe,Podiceps rubricollis,PODICEPS RUBRICOLLIS.,"J. Gould and H. C. Richter, del. et lith. | Walter & Cohn, Imp.",birdsgreatbrita5goul,222497,164,53083809,landscape,270,https://bhl-open-data.s3.us-east-2.amazonaws.com/images/birdsgreatbrita5goul/birdsgreatbrita5goul_0164.jp2,https://www.biodiversitylibrary.org/page/53083809,sheet-birdsgreatbrita5goul-0164.jpg,crop-birdsgreatbrita5goul-0164.jpg,
V,40,Horned Grebe,Podiceps auritus,PODICEPS AURITUS.,,birdsgreatbrita5goul,222497,168,53083813,landscape,270,https://bhl-open-data.s3.us-east-2.amazonaws.com/images/birdsgreatbrita5goul/birdsgreatbrita5goul_0168.jp2,https://www.biodiversitylibrary.org/page/53083813,sheet-birdsgreatbrita5goul-0168.jpg,crop-birdsgreatbrita5goul-0168.jpg,"credit lines cut off at the sheet's foot: the left corner ends in the caption, the right in the tops of a credit line's letters"
V,41,Eared Grebe,Podiceps nigricollis,PODICEPS NIGRICOLLIS.,"J. Gould and H. C. Richter, del. et lith. | Walter & Cohn, Imp",birdsgreatbrita5goul,222497,172,53083817,landscape,270,https://bhl-open-data.s3.us-east-2.amazonaws.com/images/birdsgreatbrita5goul/birdsgreatbrita5goul_0172.jp2,https://www.biodiversitylibrary.org/page/53083817,sheet-birdsgreatbrita5goul-0172.jpg,crop-birdsgreatbrita5goul-0172.jpg,
V,42,"Little Grebe, or Dabchick",Podiceps minor,PODICEPS MINOR.,"J. Gould and H. C. Richter, del. et lith. | Walter & Cohn, Imp.",birdsgreatbrita5goul,222497,176,53083821,landscape,270,https://bhl-open-data.s3.us-east-2.amazonaws.com/images/birdsgreatbrita5goul/birdsgreatbrita5goul_0176.jp2,https://www.biodiversitylibrary.org/page/53083821,sheet-birdsgreatbrita5goul-0176.jpg,crop-birdsgreatbrita5goul-0176.jpg,
V,43,Great Northern Diver,Colymbus glacialis,"COLYMBUS GACIAIIS, Linn.","J. Gould, and H. C. Richter, del et lith. | Walter Imp.",birdsgreatbrita5goul,222497,180,53083825,landscape,270,https://bhl-open-data.s3.us-east-2.amazonaws.com/images/birdsgreatbrita5goul/birdsgreatbrita5goul_0180.jp2,https://www.biodiversitylibrary.org/page/53083825,sheet-birdsgreatbrita5goul-0180.jpg,crop-birdsgreatbrita5goul-0180.jpg,
V,44,Black-throated Diver,Colymbus arcticus,"COLMBUS ARCTICUS, Linn.","J. Gould, and H. C. Richter, del et lith. | Walter, Imp.",birdsgreatbrita5goul,222497,184,53083829,landscape,270,https://bhl-open-data.s3.us-east-2.amazonaws.com/images/birdsgreatbrita5goul/birdsgreatbrita5goul_0184.jp2,https://www.biodiversitylibrary.org/page/53083829,sheet-birdsgreatbrita5goul-0184.jpg,crop-birdsgreatbrita5goul-0184.jpg,
V,45,Red-throated Diver,Colymbus septentrionalis,"COYMBOS SEPTENTRIONALIS, Lnn.","J. Gould, and H. C. Richter, del et lith, | Walter Imp.",birdsgreatbrita5goul,222497,188,53083833,landscape,270,https://bhl-open-data.s3.us-east-2.amazonaws.com/images/birdsgreatbrita5goul/birdsgreatbrita5goul_0188.jp2,https://www.biodiversitylibrary.org/page/53083833,sheet-birdsgreatbrita5goul-0188.jpg,crop-birdsgreatbrita5goul-0188.jpg,
V,46,Great Auk,Alca impennis,ALCA IMPENNIS.,"J. Gould & W. Hart, del et lith. | Walter, Imp.",birdsgreatbrita5goul,222497,192,53083837,landscape,270,https://bhl-open-data.s3.us-east-2.amazonaws.com/images/birdsgreatbrita5goul/birdsgreatbrita5goul_0192.jp2,https://www.biodiversitylibrary.org/page/53083837,sheet-birdsgreatbrita5goul-0192.jpg,crop-birdsgreatbrita5goul-0192.jpg,
V,47,Razorbill,Alca torda,"ALCA TORDA, Linn","J. Gould. and H. C. Richter del et lith. | Walter, Imp",birdsgreatbrita5goul,222497,196,53083841,portrait,0,https://bhl-open-data.s3.us-east-2.amazonaws.com/images/birdsgreatbrita5goul/birdsgreatbrita5goul_0196.jp2,https://www.biodiversitylibrary.org/page/53083841,sheet-birdsgreatbrita5goul-0196.jpg,crop-birdsgreatbrita5goul-0196.jpg,
V,48,Common Guillemot,Uria troile,URIA TROILE.,"J. Gould & H. C. Richter, del et lith. | Walter, Imp.",birdsgreatbrita5goul,222497,200,53083845,landscape,270,https://bhl-open-data.s3.us-east-2.amazonaws.com/images/birdsgreatbrita5goul/birdsgreatbrita5goul_0200.jp2,https://www.biodiversitylibrary.org/page/53083845,sheet-birdsgreatbrita5goul-0200.jpg,crop-birdsgreatbrita5goul-0200.jpg,
V,49,Black Guillemot,Uria grylle,URIA GRYILE .,"J. Gould & H. C. Richter, del et lith. | Walter, Imp.",birdsgreatbrita5goul,222497,204,53083849,landscape,270,https://bhl-open-data.s3.us-east-2.amazonaws.com/images/birdsgreatbrita5goul/birdsgreatbrita5goul_0204.jp2,https://www.biodiversitylibrary.org/page/53083849,sheet-birdsgreatbrita5goul-0204.jpg,crop-birdsgreatbrita5goul-0204.jpg,
V,50,Little Auk,Mergulus alle,MERGULUS ALLE.,"J. Gould & H. C. Richter, del et lith. | Walter Imp.",birdsgreatbrita5goul,222497,208,53083853,portrait,0,https://bhl-open-data.s3.us-east-2.amazonaws.com/images/birdsgreatbrita5goul/birdsgreatbrita5goul_0208.jp2,https://www.biodiversitylibrary.org/page/53083853,sheet-birdsgreatbrita5goul-0208.jpg,crop-birdsgreatbrita5goul-0208.jpg,
V,51,Puffin,Fratercula arctica,HRATERCOLA ARCTICA.,"Walter, Imp.",birdsgreatbrita5goul,222497,212,53083857,landscape,270,https://bhl-open-data.s3.us-east-2.amazonaws.com/images/birdsgreatbrita5goul/birdsgreatbrita5goul_0212.jp2,https://www.biodiversitylibrary.org/page/53083857,sheet-birdsgreatbrita5goul-0212.jpg,crop-birdsgreatbrita5goul-0212.jpg,left credit line cut off at the sheet's foot: only the tops of a few letters show
V,52,Cormorant,Phalacrocorax carbo,PHALACROCORAX CARBO.,"J. Gould & H. C. Richter, del et lith. | Walter, Imp.",birdsgreatbrita5goul,222497,216,53083861,portrait,0,https://bhl-open-data.s3.us-east-2.amazonaws.com/images/birdsgreatbrita5goul/birdsgreatbrita5goul_0216.jp2,https://www.biodiversitylibrary.org/page/53083861,sheet-birdsgreatbrita5goul-0216.jpg,crop-birdsgreatbrita5goul-0216.jpg,
V,53,"Crested Cormorant, or Shag",Phalacrocorax graculus,PHALACROCORAX GRACULUS.,"J. Gould & H. C. Richter, del et lith. | Walter, Imp.",birdsgreatbrita5goul,222497,220,53083865,portrait,0,https://bhl-open-data.s3.us-east-2.amazonaws.com/images/birdsgreatbrita5goul/birdsgreatbrita5goul_0220.jp2,https://www.biodiversitylibrary.org/page/53083865,sheet-birdsgreatbrita5goul-0220.jpg,crop-birdsgreatbrita5goul-0220.jpg,
V,54,"Gannet, or Solan Goose",Sula bassana,"SULA BASSANA, Linn.","J. Wolf & H. C. Richter, del et lith. | Walter, Imp.",birdsgreatbrita5goul,222497,224,53083869,portrait,0,https://bhl-open-data.s3.us-east-2.amazonaws.com/images/birdsgreatbrita5goul/birdsgreatbrita5goul_0224.jp2,https://www.biodiversitylibrary.org/page/53083869,sheet-birdsgreatbrita5goul-0224.jpg,crop-birdsgreatbrita5goul-0224.jpg,
V,55,Great Black-backed Gull,Larus marinus,"LARUS MARINUS, Linn",J. Gould & W. Hart del et lith. | Walter Imp.,birdsgreatbrita5goul,222497,228,53083873,landscape,270,https://bhl-open-data.s3.us-east-2.amazonaws.com/images/birdsgreatbrita5goul/birdsgreatbrita5goul_0228.jp2,https://www.biodiversitylibrary.org/page/53083873,sheet-birdsgreatbrita5goul-0228.jpg,crop-birdsgreatbrita5goul-0228.jpg,
V,56,Lesser Black-backed Gull,Larus fuscus,"LARUS FUSCUS, Linn.","J. Gould & HC. Richter, del et lith. | Walter, Imp.",birdsgreatbrita5goul,222497,232,53083877,landscape,270,https://bhl-open-data.s3.us-east-2.amazonaws.com/images/birdsgreatbrita5goul/birdsgreatbrita5goul_0232.jp2,https://www.biodiversitylibrary.org/page/53083877,sheet-birdsgreatbrita5goul-0232.jpg,crop-birdsgreatbrita5goul-0232.jpg,
V,57,Glaucous Gull,Larus glaucus,"LARIS GLAUCUS, Brunn","J. Gould & W. Hart del et lith. | Walter, Imp.",birdsgreatbrita5goul,222497,236,53083881,landscape,270,https://bhl-open-data.s3.us-east-2.amazonaws.com/images/birdsgreatbrita5goul/birdsgreatbrita5goul_0236.jp2,https://www.biodiversitylibrary.org/page/53083881,sheet-birdsgreatbrita5goul-0236.jpg,crop-birdsgreatbrita5goul-0236.jpg,
V,58,Iceland Gull,Larus islandicus,"LALRUS ISTANDICUS, Edm.","J. Wolf & W. Hart del et lith. | Walter, Imp.",birdsgreatbrita5goul,222497,240,53083885,landscape,270,https://bhl-open-data.s3.us-east-2.amazonaws.com/images/birdsgreatbrita5goul/birdsgreatbrita5goul_0240.jp2,https://www.biodiversitylibrary.org/page/53083885,sheet-birdsgreatbrita5goul-0240.jpg,crop-birdsgreatbrita5goul-0240.jpg,
V,59,Herring-Gull,Larus argentatus,LARUS ARGENTATTS. Brn.,,birdsgreatbrita5goul,222497,244,53083889,landscape,270,https://bhl-open-data.s3.us-east-2.amazonaws.com/images/birdsgreatbrita5goul/birdsgreatbrita5goul_0244.jp2,https://www.biodiversitylibrary.org/page/53083889,sheet-birdsgreatbrita5goul-0244.jpg,crop-birdsgreatbrita5goul-0244.jpg,credit lines cut off: the sheet ends in the caption
V,60,Common Gull,Larus canus,LARUS CANUS. Linn.,"J. Gould & H. C. Richter, del et lith. | Walter, Imp.",birdsgreatbrita5goul,222497,248,53083893,landscape,270,https://bhl-open-data.s3.us-east-2.amazonaws.com/images/birdsgreatbrita5goul/birdsgreatbrita5goul_0248.jp2,https://www.biodiversitylibrary.org/page/53083893,sheet-birdsgreatbrita5goul-0248.jpg,crop-birdsgreatbrita5goul-0248.jpg,
V,61,Kittiwake,Rissa tridactyla,RISSA TRIDACTYLA.,"J. Gould & H. C. Richter, del et lith. | Walter, Imp.",birdsgreatbrita5goul,222497,252,53083897,landscape,270,https://bhl-open-data.s3.us-east-2.amazonaws.com/images/birdsgreatbrita5goul/birdsgreatbrita5goul_0252.jp2,https://www.biodiversitylibrary.org/page/53083897,sheet-birdsgreatbrita5goul-0252.jpg,crop-birdsgreatbrita5goul-0252.jpg,
V,62,Ivory Gull,Pagophila eburnea,PAGOPHILA EBURNEA .,"J. Gould & H. C. Richter, del et lith. | Walter, Imp.",birdsgreatbrita5goul,222497,256,53083901,landscape,270,https://bhl-open-data.s3.us-east-2.amazonaws.com/images/birdsgreatbrita5goul/birdsgreatbrita5goul_0256.jp2,https://www.biodiversitylibrary.org/page/53083901,sheet-birdsgreatbrita5goul-0256.jpg,crop-birdsgreatbrita5goul-0256.jpg,
V,63,Ross's Gull,Rhodostethia Rossii,RODOSTETOA ROSSU.,"J. Gould & W. Hart del et lith. | Walter, Imp.",birdsgreatbrita5goul,222497,260,53083905,landscape,270,https://bhl-open-data.s3.us-east-2.amazonaws.com/images/birdsgreatbrita5goul/birdsgreatbrita5goul_0260.jp2,https://www.biodiversitylibrary.org/page/53083905,sheet-birdsgreatbrita5goul-0260.jpg,crop-birdsgreatbrita5goul-0260.jpg,
V,64,Black-headed Gull,Chroicocephalus ridibundus,CHROICOCEPALUS RDBUNDUS.,"J. Wolf & H. C. Richter, del et lith. | Walter, Imp.",birdsgreatbrita5goul,222497,264,53083909,landscape,270,https://bhl-open-data.s3.us-east-2.amazonaws.com/images/birdsgreatbrita5goul/birdsgreatbrita5goul_0264.jp2,https://www.biodiversitylibrary.org/page/53083909,sheet-birdsgreatbrita5goul-0264.jpg,crop-birdsgreatbrita5goul-0264.jpg,
V,65,Bonaparte's Gull,Chroicocephalus philadelphia,CHROICOCEPHALUS PHLADELPHUA.,"J. Gould & W. Hart, del et lith. | Walter, Imp.",birdsgreatbrita5goul,222497,268,53083913,landscape,270,https://bhl-open-data.s3.us-east-2.amazonaws.com/images/birdsgreatbrita5goul/birdsgreatbrita5goul_0268.jp2,https://www.biodiversitylibrary.org/page/53083913,sheet-birdsgreatbrita5goul-0268.jpg,crop-birdsgreatbrita5goul-0268.jpg,
V,66,Little Gull,Hydrocolœus minutus,HYDROCOLŒUS MINUTUS.,"J. Gould & H. C. Richter, del et lith. | Walter, Imp.",birdsgreatbrita5goul,222497,272,53083917,landscape,270,https://bhl-open-data.s3.us-east-2.amazonaws.com/images/birdsgreatbrita5goul/birdsgreatbrita5goul_0272.jp2,https://www.biodiversitylibrary.org/page/53083917,sheet-birdsgreatbrita5goul-0272.jpg,crop-birdsgreatbrita5goul-0272.jpg,
V,67,Sabine's Gull,Xema Sabini,XEMA SABINI .,"J. Gould & H. C. Richter, del. et lith. | Walter, Imp",birdsgreatbrita5goul,222497,276,53083921,landscape,270,https://bhl-open-data.s3.us-east-2.amazonaws.com/images/birdsgreatbrita5goul/birdsgreatbrita5goul_0276.jp2,https://www.biodiversitylibrary.org/page/53083921,sheet-birdsgreatbrita5goul-0276.jpg,crop-birdsgreatbrita5goul-0276.jpg,
V,68,Caspian Tern,Hydroprogne caspia,HYDROPROGNE CASPIA.,"J. Gould & W. Hart del et lith. | Walter, Imp.",birdsgreatbrita5goul,222497,280,53083925,landscape,270,https://bhl-open-data.s3.us-east-2.amazonaws.com/images/birdsgreatbrita5goul/birdsgreatbrita5goul_0280.jp2,https://www.biodiversitylibrary.org/page/53083925,sheet-birdsgreatbrita5goul-0280.jpg,crop-birdsgreatbrita5goul-0280.jpg,
V,69,Sandwich Tern,Actochelidon cantiaca,ACTOCHELIDON CANTIACA.,"J. Gould & H. C. Richter, del et lith. | Walter, Imp.",birdsgreatbrita5goul,222497,284,53083929,landscape,270,https://bhl-open-data.s3.us-east-2.amazonaws.com/images/birdsgreatbrita5goul/birdsgreatbrita5goul_0284.jp2,https://www.biodiversitylibrary.org/page/53083929,sheet-birdsgreatbrita5goul-0284.jpg,crop-birdsgreatbrita5goul-0284.jpg,
V,70,Common Tern,Sterna hirundo,STERNA OIRUNDO. Linn.?,"J. Gould, and H. C. Richter, del, et lith. | Walter, Imp.",birdsgreatbrita5goul,222497,288,53083933,landscape,270,https://bhl-open-data.s3.us-east-2.amazonaws.com/images/birdsgreatbrita5goul/birdsgreatbrita5goul_0288.jp2,https://www.biodiversitylibrary.org/page/53083933,sheet-birdsgreatbrita5goul-0288.jpg,crop-birdsgreatbrita5goul-0288.jpg,
V,71,Roseate Tern,Sterna paradisea,"STERNA PARADISEA, Brünn.","J. Gould & H. C. Richter, del et lith. | Walter, Imp.",birdsgreatbrita5goul,222497,292,53083937,portrait,0,https://bhl-open-data.s3.us-east-2.amazonaws.com/images/birdsgreatbrita5goul/birdsgreatbrita5goul_0292.jp2,https://www.biodiversitylibrary.org/page/53083937,sheet-birdsgreatbrita5goul-0292.jpg,crop-birdsgreatbrita5goul-0292.jpg,
V,72,Arctic Tern,Sterna macrura,"STFRNA MACRURA, Naum.","J. Gould, and H. C. Richter, del, et lith | Walter, Imp.",birdsgreatbrita5goul,222497,296,53083941,landscape,270,https://bhl-open-data.s3.us-east-2.amazonaws.com/images/birdsgreatbrita5goul/birdsgreatbrita5goul_0296.jp2,https://www.biodiversitylibrary.org/page/53083941,sheet-birdsgreatbrita5goul-0296.jpg,crop-birdsgreatbrita5goul-0296.jpg,
V,73,Little Tern,Sternula minuta,STERNULA MINUTA.,"J. Gould, and H. C. Richter, del et lith. | Walter Imp.",birdsgreatbrita5goul,222497,300,53083945,portrait,0,https://bhl-open-data.s3.us-east-2.amazonaws.com/images/birdsgreatbrita5goul/birdsgreatbrita5goul_0300.jp2,https://www.biodiversitylibrary.org/page/53083945,sheet-birdsgreatbrita5goul-0300.jpg,crop-birdsgreatbrita5goul-0300.jpg,
V,74,Gull-billed Tern,Gelochelidon anglica,GELOCHELDON ANGLICA .,"J. Gould & H. C. Richter, del et lith. | Walter Imp.",birdsgreatbrita5goul,222497,304,53083949,landscape,270,https://bhl-open-data.s3.us-east-2.amazonaws.com/images/birdsgreatbrita5goul/birdsgreatbrita5goul_0304.jp2,https://www.biodiversitylibrary.org/page/53083949,sheet-birdsgreatbrita5goul-0304.jpg,crop-birdsgreatbrita5goul-0304.jpg,"the right credit line is small and broken in the gutter shadow, under the caption; punctuation after Walter unreadable"
V,75,Black Tern,Hydrochelidon nigra,HYDROCHELIDON NIGRA .,"J. Gould & H. C. Richter, del et lith. | Walter, Imp.",birdsgreatbrita5goul,222497,308,53083953,landscape,270,https://bhl-open-data.s3.us-east-2.amazonaws.com/images/birdsgreatbrita5goul/birdsgreatbrita5goul_0308.jp2,https://www.biodiversitylibrary.org/page/53083953,sheet-birdsgreatbrita5goul-0308.jpg,crop-birdsgreatbrita5goul-0308.jpg,
V,76,White-winged Tern,Hydrochelidon leucoptera,HYDROCHELIDON LEUCOPTERA.,"J. Gould & H. C. Richter, del et lith. | Walter, Imp.",birdsgreatbrita5goul,222497,312,53083957,landscape,270,https://bhl-open-data.s3.us-east-2.amazonaws.com/images/birdsgreatbrita5goul/birdsgreatbrita5goul_0312.jp2,https://www.biodiversitylibrary.org/page/53083957,sheet-birdsgreatbrita5goul-0312.jpg,crop-birdsgreatbrita5goul-0312.jpg,
V,77,Whiskered Tern,Hydrochelidon leucopareia,HYDROCHELIDON LEUCOPAREIA.,"J. Gould & H. C. Richter, del et lith. | Walter, Imp.",birdsgreatbrita5goul,222497,316,53083961,landscape,270,https://bhl-open-data.s3.us-east-2.amazonaws.com/images/birdsgreatbrita5goul/birdsgreatbrita5goul_0316.jp2,https://www.biodiversitylibrary.org/page/53083961,sheet-birdsgreatbrita5goul-0316.jpg,crop-birdsgreatbrita5goul-0316.jpg,
V,78,Great Skua,Stercorarius catarrhactes,STERCORARIUS CATARRACTES.,"J. Gould, and H. C. Richter, del, et lith. | Walter. Imp.",birdsgreatbrita5goul,222497,320,53083965,landscape,270,https://bhl-open-data.s3.us-east-2.amazonaws.com/images/birdsgreatbrita5goul/birdsgreatbrita5goul_0320.jp2,https://www.biodiversitylibrary.org/page/53083965,sheet-birdsgreatbrita5goul-0320.jpg,crop-birdsgreatbrita5goul-0320.jpg,
V,79,Pomatorhine Skua,Stercorarius pomatorhinus,STERCORARIUS POMATORHNUS.,"J. Wolf. and H. C. Richter. del. et lith. | Walter, Imp",birdsgreatbrita5goul,222497,324,53083969,landscape,270,https://bhl-open-data.s3.us-east-2.amazonaws.com/images/birdsgreatbrita5goul/birdsgreatbrita5goul_0324.jp2,https://www.biodiversitylibrary.org/page/53083969,sheet-birdsgreatbrita5goul-0324.jpg,crop-birdsgreatbrita5goul-0324.jpg,
V,80,Arctic Skua,Stercorarius parasiticus,STERCORARIOS PARASITICUS.,"J. Gould, and H. C. Richter, del et lith, | Walter, Imp.",birdsgreatbrita5goul,222497,328,53083973,landscape,270,https://bhl-open-data.s3.us-east-2.amazonaws.com/images/birdsgreatbrita5goul/birdsgreatbrita5goul_0328.jp2,https://www.biodiversitylibrary.org/page/53083973,sheet-birdsgreatbrita5goul-0328.jpg,crop-birdsgreatbrita5goul-0328.jpg,
V,81,Long-tailed Skua,Stercorarius longicaudus,STERCORARIOS LONGICAUDOS.,"J. Gould, and H. C. Richter, del, et lith. | Walter, Imp.",birdsgreatbrita5goul,222497,332,53083977,landscape,270,https://bhl-open-data.s3.us-east-2.amazonaws.com/images/birdsgreatbrita5goul/birdsgreatbrita5goul_0332.jp2,https://www.biodiversitylibrary.org/page/53083977,sheet-birdsgreatbrita5goul-0332.jpg,crop-birdsgreatbrita5goul-0332.jpg,
V,82,Fulmar,Procellaria glacialis,"PROCELLARIA GLACIALIS, Linn.","J. Gould & H. C. Richter, del et lith. | Walter, Imp.",birdsgreatbrita5goul,222497,336,53083981,landscape,270,https://bhl-open-data.s3.us-east-2.amazonaws.com/images/birdsgreatbrita5goul/birdsgreatbrita5goul_0336.jp2,https://www.biodiversitylibrary.org/page/53083981,sheet-birdsgreatbrita5goul-0336.jpg,crop-birdsgreatbrita5goul-0336.jpg,
V,83,Great Shearwater,Puffinus major,"PUFFINUS MAOR, Fab.","J. Gould & H. C. Richter, del et lith. | Walter, Imp.",birdsgreatbrita5goul,222497,340,53083985,landscape,270,https://bhl-open-data.s3.us-east-2.amazonaws.com/images/birdsgreatbrita5goul/birdsgreatbrita5goul_0340.jp2,https://www.biodiversitylibrary.org/page/53083985,sheet-birdsgreatbrita5goul-0340.jpg,crop-birdsgreatbrita5goul-0340.jpg,
V,84,Manx Shearwater,Puffinus anglorum,PUFFINUS ANGLORUM.,"J. Gould & H. C. Richter, del et lith. | Walter, Imp.",birdsgreatbrita5goul,222497,344,53083989,landscape,270,https://bhl-open-data.s3.us-east-2.amazonaws.com/images/birdsgreatbrita5goul/birdsgreatbrita5goul_0344.jp2,https://www.biodiversitylibrary.org/page/53083989,sheet-birdsgreatbrita5goul-0344.jpg,crop-birdsgreatbrita5goul-0344.jpg,
V,85,Forked-tailed Storm-Petrel,Thalassidroma Leachii,THALASSIDROMA LEACHI.,"J. Gould & H. C. Richter, del et lith. | Walter, Imp.",birdsgreatbrita5goul,222497,348,53083993,landscape,270,https://bhl-open-data.s3.us-east-2.amazonaws.com/images/birdsgreatbrita5goul/birdsgreatbrita5goul_0348.jp2,https://www.biodiversitylibrary.org/page/53083993,sheet-birdsgreatbrita5goul-0348.jpg,crop-birdsgreatbrita5goul-0348.jpg,
V,86,Storm-Petrel,Thalassidroma pelagica,THALASSODROMA PELAGICA .,"J. Gould & H. C. Richter, del et lith. | Walter, Imp.",birdsgreatbrita5goul,222497,352,53083997,landscape,270,https://bhl-open-data.s3.us-east-2.amazonaws.com/images/birdsgreatbrita5goul/birdsgreatbrita5goul_0352.jp2,https://www.biodiversitylibrary.org/page/53083997,sheet-birdsgreatbrita5goul-0352.jpg,crop-birdsgreatbrita5goul-0352.jpg,
