volume,plate,figure,printed_name,printed_latin,scientific,common,ebird_code,taxonomy,wikidata,gbif,avibase,birdnet_label,form,confidence,caption_checked,reason,sources
I,1,,Egyptian Vulture,Neophron percnopterus,Neophron percnopterus,Egyptian Vulture,egyvul1,eBird/Clements 2025,Q33504,2480696,6D3480A64B4953CE,,,high,yes,Neophron percnopterus = Egyptian Vulture; same binomial. The reduced figure is the young bird.,engraved caption; Gould's text
I,2,,Golden Eagle,Aquila chrysaëtos,Aquila chrysaetos,Golden Eagle,goleag,eBird/Clements 2025,Q41181,2480506,5F8E7CA845BD413F,Aquila chrysaetos_Golden Eagle,,high,yes,Aquila chrysaëtos = Golden Eagle; same species.,engraved caption; Gould's text; Birds of Europe plate 6
I,3,,Spotted Eagle,Aquila nævia,Clanga clanga,Greater Spotted Eagle,grseag1,eBird/Clements 2025,Q21090684,7477624,BAC4CA22EDCC74E7,Clanga clanga_Greater Spotted Eagle,,judged,yes,"Gould's Aquila naevia lumps both spotted eagles (pomarina is in his synonymy). The young bird, drawn after the Cornwall birds of 1860–61, is blackish with rows of large pale drops across all the wing coverts and no pale nape: a juvenile Greater Spotted Eagle, not the Lesser.",engraved caption; Gould's text; the plate
I,4,,Sea-Eagle,Haliaëtus albicilla,Haliaeetus albicilla,White-tailed Eagle,whteag,eBird/Clements 2025,Q25438,2480449,5A3D91D3254A568D,Haliaeetus albicilla_White-tailed Eagle,,high,yes,Haliaëtus albicilla = White-tailed Eagle; same species.,engraved caption; Gould's text; Birds of Europe plate 10
I,5,,Osprey,Pandion haliaëtus,Pandion haliaetus,Osprey,osprey,eBird/Clements 2025,Q25332,2480726,5BCF1891777ED3D3,Pandion haliaetus_Osprey,,high,yes,Pandion haliaëtus = Osprey; same species.,engraved caption; Gould's text; Birds of Europe plate 12
I,6,,Common Buzzard,Buteo vulgaris,Buteo buteo,Common Buzzard,combuz1,eBird/Clements 2025,Q25385,2480537,3C6D4915490BC8CD,Buteo buteo_Common Buzzard,,high,yes,"Buteo vulgaris = Common Buzzard, Buteo buteo; same species, older name.",engraved caption; Gould's text; Birds of Europe plate 14
I,7,,Rough-legged Buzzard,Archibuteo lagopus,Buteo lagopus,Rough-legged Hawk,rolhaw,eBird/Clements 2025,Q26407,2480524,90B13ACF984D0DDF,Buteo lagopus_Rough-legged Hawk,,high,yes,"Archibuteo lagopus = Rough-legged Hawk (Rough-legged Buzzard), Buteo lagopus; same species, older genus.",engraved caption; Gould's text; Birds of Europe plate 15
I,8,,Honey-Buzzard,Pernis apivorus,Pernis apivorus,European Honey-buzzard,euhbuz1,eBird/Clements 2025,Q170466,2480420,ED5A7E8F6EDBB78E,Pernis apivorus_European Honey-buzzard,,high,yes,Pernis apivorus = European Honey-buzzard; same species.,engraved caption; Gould's text; Birds of Europe plate 16
I,9,,Goshawk,Astur palumbarius,Astur gentilis,Eurasian Goshawk,norgos1,eBird/Clements 2025,Q137474876,2480589,,Accipiter gentilis_Northern Goshawk,,high,yes,"Astur palumbarius = Goshawk; the Eurasian bird, Astur gentilis, since eBird 2025 splits the Northern Goshawk.",engraved caption; Gould's text; Birds of Europe plate 17
I,10,,Sparrow-Hawk,Accipiter nisus,Accipiter nisus,Eurasian Sparrowhawk,eurspa1,eBird/Clements 2025,Q25380,2480637,DB376A66278ED21E,Accipiter nisus_Eurasian Sparrowhawk,,high,yes,Accipiter nisus = Eurasian Sparrowhawk; same species.,engraved caption; Gould's text; Birds of Europe plate 18
I,11,,Iceland Falcon,Falco islandus,Falco rusticolus,Gyrfalcon,gyrfal,eBird/Clements 2025,Q177688,8069880,E19252A76FC7845B,Falco rusticolus_Gyrfalcon,variant,high,yes,"Gould's Falco islandus, the Iceland Falcon, is the Icelandic population of the Gyrfalcon, once called a race; Clements treats the Gyrfalcon as monotypic.",engraved caption; Gould's text; Birds of Europe plate 19
I,12,,Iceland Falcon (young),Falco islandus,Falco rusticolus,Gyrfalcon,gyrfal,eBird/Clements 2025,Q177688,8069880,E19252A76FC7845B,Falco rusticolus_Gyrfalcon,variant,high,yes,"Gould's Falco islandus, the Iceland Falcon, in young dress: the Icelandic population of the Gyrfalcon, as on I.11.",engraved caption; Gould's text; Birds of Europe plate 19
I,13,,Greenland Falcon,Falco candicans,Falco rusticolus,Gyrfalcon,gyrfal,eBird/Clements 2025,Q177688,8069880,E19252A76FC7845B,Falco rusticolus_Gyrfalcon,variant,high,yes,"Gould's Falco candicans, the white 'light race' of the Greenland Falcon (adult and young), is the white morph of the Gyrfalcon.",engraved caption; Gould's text; Birds of Europe plate 19
I,14,,Greenland Falcon (dark race),Falco candicans,Falco rusticolus,Gyrfalcon,gyrfal,eBird/Clements 2025,Q177688,8069880,E19252A76FC7845B,Falco rusticolus_Gyrfalcon,variant,high,yes,"Gould's 'dark race' of the Greenland Falcon, which he says is too inconstant for two birds to match, is a darker Greenland Gyrfalcon, not a taxon of its own.",engraved caption; Gould's text; Birds of Europe plate 19
I,15,,"Greenland Falcon (dark race, young)",Falco candicans,Falco rusticolus,Gyrfalcon,gyrfal,eBird/Clements 2025,Q177688,8069880,E19252A76FC7845B,Falco rusticolus_Gyrfalcon,variant,high,yes,"The young of Gould's 'dark race' of the Greenland Falcon: a dark Greenland Gyrfalcon, as on I.14.",engraved caption; Gould's text; Birds of Europe plate 19
I,16,,Norwegian or Gyr Falcon,Falco gyrfalco,Falco rusticolus,Gyrfalcon,gyrfal,eBird/Clements 2025,Q177688,8069880,E19252A76FC7845B,Falco rusticolus_Gyrfalcon,,high,yes,"Falco gyrfalco Linn. = Gyrfalcon, the Scandinavian bird; Gould figured it though it had not yet been identified in Britain.",engraved caption; Gould's text; Birds of Europe plate 19
I,17,,Peregrine Falcon,Falco peregrinus,Falco peregrinus,Peregrine Falcon,perfal,eBird/Clements 2025,Q30535,2481047,C7F1C08CB3F7F2DA,Falco peregrinus_Peregrine Falcon,,high,yes,Falco peregrinus = Peregrine Falcon; same species.,engraved caption; Gould's text; Birds of Europe plate 21
I,18,,Hobby,Falco subbuteo,Falco subbuteo,Eurasian Hobby,eurhob,eBird/Clements 2025,Q25876,2481035,E91E287A2946B0C9,Falco subbuteo_Eurasian Hobby,,high,yes,Falco subbuteo = Eurasian Hobby; same species.,engraved caption; Gould's text; Birds of Europe plate 22
I,19,,Merlin,Falco æsalon,Falco columbarius,Merlin,merlin,eBird/Clements 2025,Q131918,9813242,F3DA111CC8A6841B,Falco columbarius_Merlin,,high,yes,"Falco aesalon = Merlin, Falco columbarius (the Eurasian aesalon group); same species.",engraved caption; Gould's text; Birds of Europe plate 24
I,20,,Orange-legged Hobby,Erythropus vespertinus,Falco vespertinus,Red-footed Falcon,reffal1,eBird/Clements 2025,Q179625,2481062,997A9437E564FCFE,Falco vespertinus_Red-footed Falcon,,high,yes,"Erythropus vespertinus, Gould's Orange-legged Hobby = Red-footed Falcon, Falco vespertinus; same species, older genus.",engraved caption; Gould's text; Birds of Europe plate 23
I,21,,Kestrel,Tinnunculus alaudarius,Falco tinnunculus,Eurasian Kestrel,eurkes,eBird/Clements 2025,Q26490,9616058,DCDDC20BDA55E5D3,Falco tinnunculus_Eurasian Kestrel,,high,yes,"Tinnunculus alaudarius = Eurasian Kestrel, Falco tinnunculus; same species, older name.",engraved caption; Gould's text; Birds of Europe plate 26
I,22,,Kite or Glede,Milvus regalis,Milvus milvus,Red Kite,redkit1,eBird/Clements 2025,Q156250,5229168,4E76C8C0,Milvus milvus_Red Kite,,high,yes,"Milvus regalis = Red Kite, Milvus milvus; same species, older name.",engraved caption; Gould's text; Birds of Europe plate 28
I,23,,Black Kite,Milvus migrans,Milvus migrans,Black Kite,blakit1,eBird/Clements 2025,Q80362,5229167,C1C255AA01C58664,Milvus migrans_Black Kite,,high,yes,Milvus migrans = Black Kite; same species.,engraved caption; Gould's text; Birds of Europe plate 29
I,24,,Marsh-Harrier,Circus æruginosus,Circus aeruginosus,Western Marsh Harrier,wemhar1,eBird/Clements 2025,Q26431,2480482,E2A19474E62F83E1,Circus aeruginosus_Eurasian Marsh-Harrier,,high,yes,"Circus aeruginosus = Western Marsh Harrier, the European species (the Eastern Marsh Harrier is separate).",engraved caption; Gould's text; Birds of Europe plate 32
I,25,,Marsh-Harrier (young),Circus æruginosus,Circus aeruginosus,Western Marsh Harrier,wemhar1,eBird/Clements 2025,Q26431,2480482,E2A19474E62F83E1,Circus aeruginosus_Eurasian Marsh-Harrier,,high,yes,Circus aeruginosus = Western Marsh Harrier; the young of I.24.,engraved caption; Gould's text; Birds of Europe plate 32
I,26,,Hen-Harrier,Circus cyaneus,Circus cyaneus,Hen Harrier,norhar1,eBird/Clements 2025,Q25572,2480487,F558C7F96E40C134,Circus cyaneus_Hen Harrier,,high,yes,"Circus cyaneus = Hen Harrier; the Eurasian bird, since eBird 2025 splits the Northern Harrier.",engraved caption; Gould's text; Birds of Europe plate 33
I,27,,Ash-coloured Harrier,Circus cinerascens,Circus pygargus,Montagu's Harrier,monhar1,eBird/Clements 2025,Q26574,2480495,63B6412E23CC0D93,Circus pygargus_Montagu's Harrier,,high,yes,"Circus cineraceus (Montagu), Gould's Ash-coloured Harrier = Montagu's Harrier, Circus pygargus; same species.",engraved caption; Gould's text; Birds of Europe plate 35
I,28,,Barn-Owl,Strix flammea,Tyto alba,Western Barn Owl,webowl1,eBird/Clements 2025,Q25317,2497921,,Tyto alba_Barn Owl,,high,yes,"Strix flammea = Barn Owl; the European bird is the Western Barn Owl, Tyto alba, since eBird splits the Barn Owl.",engraved caption; Gould's text; Birds of Europe plate 36
I,29,,Tawny or Brown Owl,Syrnium aluco,Strix aluco,Tawny Owl,tawowl1,eBird/Clements 2025,Q25756,9282206,612B4380B3AF772A,Strix aluco_Tawny Owl,,high,yes,"Syrnium aluco = Tawny Owl, Strix aluco; same species, older genus.",engraved caption; Gould's text; Birds of Europe plate 47
I,30,,Eagle Owl,Bubo maximus,Bubo bubo,Eurasian Eagle-Owl,eueowl1,eBird/Clements 2025,Q130933,5959092,5516AEB347441B72,Bubo bubo_Eurasian Eagle-Owl,,high,yes,"Bubo maximus = Eurasian Eagle-Owl, Bubo bubo; same species, older name.",engraved caption; Gould's text; Birds of Europe plate 37
I,31,,Long-eared Owl,Otus vulgaris,Asio otus,Long-eared Owl,loeowl,eBird/Clements 2025,Q25384,2497306,FC4D40D2D5CEA6BE,Asio otus_Long-eared Owl,,high,yes,"Otus vulgaris = Long-eared Owl, Asio otus; same species, older name.",engraved caption; Gould's text; Birds of Europe plate 39
I,32,,Short-eared Owl,Brachyotus palustris,Asio flammeus,Short-eared Owl,sheowl,eBird/Clements 2025,Q25769,2497295,8F123A11E5DADFDD,Asio flammeus_Short-eared Owl,,high,yes,"Brachyotus palustris = Short-eared Owl, Asio flammeus; same species, older name.",engraved caption; Gould's text; Birds of Europe plate 40
I,33,,Scops Owl,Scops zorca,Otus scops,Eurasian Scops-Owl,eursco1,eBird/Clements 2025,Q171563,2497701,8B9017E833633F09,Otus scops_Eurasian Scops-Owl,,high,yes,"Scops zorca = Eurasian Scops-Owl, Otus scops; same species, older name.",engraved caption; Gould's text; Birds of Europe plate 41
I,34,,Snowy Owl,Nyctea nivea,Bubo scandiacus,Snowy Owl,snoowl1,eBird/Clements 2025,Q170177,5959143,5B23B360E7DEC4A9,Bubo scandiacus_Snowy Owl,,high,yes,"Nyctea nivea = Snowy Owl, Bubo scandiacus; same species, older name.",engraved caption; Gould's text; Birds of Europe plate 43
I,35,,Hawk Owl,Surnia funerea,Surnia ulula,Northern Hawk Owl,nohowl,eBird/Clements 2025,Q193192,2497894,C2018A5DD8CDB5F5,Surnia ulula_Northern Hawk Owl,,high,yes,"Surnia funerea = Northern Hawk Owl, Surnia ulula. Linnaeus's Strix funerea now names Tengmalm's (Boreal) Owl, Aegolius funereus, but Gould's bird is the long-tailed, barred Hawk Owl.",engraved caption; Gould's text; Birds of Europe plate 45
I,36,,Tengmalm's Owl,Nyctale Tengmalmi,Aegolius funereus,Boreal Owl,borowl,eBird/Clements 2025,Q174466,5739298,8AB4EAF6DBFA02CE,Aegolius funereus_Boreal Owl,,high,yes,"Nyctale tengmalmi, Tengmalm's Owl = Boreal Owl, Aegolius funereus; same species.",engraved caption; Gould's text; Birds of Europe plate 49
I,37,,Little Owl,Athene noctua,Athene noctua,Little Owl,litowl1,eBird/Clements 2025,Q129958,2497266,9A7B268C4EF6F803,Athene noctua_Little Owl,,high,yes,Athene noctua = Little Owl; same species.,engraved caption; Gould's text; Birds of Europe plate 48
II,1,,"Nightjar, or Goatsucker",Caprimulgus europæus,Caprimulgus europaeus,Eurasian Nightjar,eurnig1,eBird/Clements 2025,Q26717,8109681,D648523706523437,Caprimulgus europaeus_Eurasian Nightjar,,high,yes,Caprimulgus europaeus = Eurasian Nightjar; same species.,engraved caption; Gould's text; Birds of Europe plate 51
II,2,,Red-necked Goatsucker,Caprimulgus ruficollis,Caprimulgus ruficollis,Red-necked Nightjar,rennig1,eBird/Clements 2025,Q1137192,9411857,6CC3D04BF479A2A2,Caprimulgus ruficollis_Red-necked Nightjar,,high,yes,"Caprimulgus ruficollis Temm. = Red-necked Nightjar; same species, on the strength of the English bird of 1856.",engraved caption; Gould's text; Birds of Europe plate 52
II,3,,Swift,Cypselus apus,Apus apus,Common Swift,comswi,eBird/Clements 2025,Q25377,5228676,4E6EF3F983079D73,Apus apus_Common Swift,,high,yes,"Cypselus apus = Common Swift, Apus apus; same species, older genus.",engraved caption; Gould's text; Birds of Europe plate 53; the plate
II,4,,Alpine Swift,Cypselus melba,Tachymarptis melba,Alpine Swift,alpswi1,eBird/Clements 2025,Q321267,2477411,FA1CAD2906F7C845,Apus melba_Alpine Swift,,high,yes,"Cypselus melba = Alpine Swift, Tachymarptis melba; same species, older genus.",engraved caption; Gould's text; Birds of Europe plate 53
II,5,,Swallow,Hirundo rustica,Hirundo rustica,Barn Swallow,barswa,eBird/Clements 2025,Q25429,9515886,58C502EA7AF3E023,Hirundo rustica_Barn Swallow,,high,yes,Hirundo rustica = Barn Swallow; same species.,engraved caption; Gould's text; Birds of Europe plate 54
II,6,,House-Martin,Chelidon urbica,Delichon urbicum,Western House-Martin,comhom1,eBird/Clements 2025,Q26055,2489214,,Delichon urbicum_Common House-Martin,,high,yes,"Chelidon urbica = House Martin; the European bird is the Western House-Martin, Delichon urbicum, since eBird splits the Siberian House-Martin.",engraved caption; Gould's text; Birds of Europe plate 57
II,7,,Sand-Martin,Cotyle riparia,Riparia riparia,Bank Swallow,banswa,eBird/Clements 2025,Q25909,2489160,94A1C447583CB6D2,Riparia riparia_Bank Swallow,,high,yes,"Cotyle riparia = Sand Martin (Bank Swallow), Riparia riparia; same species, older genus.",engraved caption; Gould's text; Birds of Europe plate 58
II,8,,Sand-Martin (young),Cotyle riparia,Riparia riparia,Bank Swallow,banswa,eBird/Clements 2025,Q25909,2489160,94A1C447583CB6D2,Riparia riparia_Bank Swallow,,high,yes,"Cotyle riparia = Sand Martin (Bank Swallow), Riparia riparia; the young of II.7.",engraved caption; Gould's text; Birds of Europe plate 58
II,9,,Bee-eater,Merops apiaster,Merops apiaster,European Bee-eater,eubeat1,eBird/Clements 2025,Q170718,2475443,66AA3934DBAD18BC,Merops apiaster_European Bee-eater,,high,yes,Merops apiaster = European Bee-eater; same species.,engraved caption; Gould's text; Birds of Europe plate 59
II,10,,Kingfisher,Alcedo ispida,Alcedo atthis,Common Kingfisher,comkin1,eBird/Clements 2025,Q79915,2475532,9505E03D7416B365,Alcedo atthis_Common Kingfisher,,high,yes,"Alcedo ispida = Common Kingfisher, Alcedo atthis; same species, older name.",engraved caption; Gould's text; Birds of Europe plate 61
II,11,,Roller,Coracias garrula,Coracias garrulus,European Roller,eurrol1,eBird/Clements 2025,Q179367,2475365,7451A628C39538C5,Coracias garrulus_European Roller,,high,yes,"Coracias garrula = European Roller, Coracias garrulus; same species.",engraved caption; Gould's text; Birds of Europe plate 60
II,12,,Hoopoe,Upupa epops,Upupa epops,Common Hoopoe,hoopoe,eBird/Clements 2025,Q25247,2498415,FA2F9125,Upupa epops_Eurasian Hoopoe,,high,yes,Upupa epops = Common Hoopoe; same species.,engraved caption; Gould's text; Birds of Europe plate 238
II,13,,Great Grey Shrike,Lanius excubitor,Lanius excubitor,Great Gray Shrike,norshr1,eBird/Clements 2025,Q184508,2492858,61C2E0E1,Lanius excubitor_Great Gray Shrike,,high,yes,"Lanius excubitor = Great Gray Shrike, the nominate bird; neither the Iberian Gray nor the Northern Shrike, both split by eBird. The Blue Tit on the thorn is its larder, not a second subject.",engraved caption; Gould's text; Birds of Europe plate 66; the plate
II,14,,Rose-breasted Shrike,Lanius minor,Lanius minor,Lesser Gray Shrike,legshr2,eBird/Clements 2025,Q239393,2492854,8852337B06E8A14E,Lanius minor_Lesser Gray Shrike,,high,yes,"Lanius minor, Gould's Rose-breasted Shrike = Lesser Gray Shrike; same species.",engraved caption; Gould's text; Birds of Europe plate 68
II,15,,Butcher-bird,Enneoctonus collurio,Lanius collurio,Red-backed Shrike,rebshr1,eBird/Clements 2025,Q26671,7745240,F2CEFD1A4EA5F608,Lanius collurio_Red-backed Shrike,,high,yes,"Enneoctonus collurio, Gould's Butcher-bird = Red-backed Shrike, Lanius collurio; same species, older genus.",engraved caption; Gould's text; Birds of Europe plate 69
II,16,,Woodchat,Enneoctonus rufus,Lanius senator,Woodchat Shrike,wooshr1,eBird/Clements 2025,Q235052,2492867,7E70D490A6476D16,Lanius senator_Woodchat Shrike,,high,yes,"Enneoctonus rufus = Woodchat Shrike, Lanius senator; same species, older name.",engraved caption; Gould's text; Birds of Europe plate 70
II,17,,Pied Flycatcher,Muscicapa atricapilla,Ficedula hypoleuca,European Pied Flycatcher,eupfly1,eBird/Clements 2025,Q27442,2492606,6E352E1870A195B7,Ficedula hypoleuca_European Pied Flycatcher,,high,yes,"Muscicapa atricapilla = European Pied Flycatcher, Ficedula hypoleuca; same species, older name.",engraved caption; Gould's text; Birds of Europe plate 63
II,18,,White-collared Flycatcher,Muscicapa collaris,Ficedula albicollis,Collared Flycatcher,colfly1,eBird/Clements 2025,Q690826,2492601,0B2F80584ED0F07E,Ficedula albicollis_Collared Flycatcher,,high,yes,"Muscicapa collaris Bechst., Gould's White-collared Flycatcher = Collared Flycatcher, Ficedula albicollis; same species.",engraved caption; Gould's text; Birds of Europe plate 63
II,19,,Spotted Flycatcher,Butalis grisola,Muscicapa striata,Spotted Flycatcher,spofly1,eBird/Clements 2025,Q26607,2492576,EE8206E703914D22,Muscicapa striata_Spotted Flycatcher,,high,yes,"Butalis grisola = Spotted Flycatcher, Muscicapa striata; same species, older name.",engraved caption; Gould's text; Birds of Europe plate 65
II,20,,Red-breasted Flycatcher,Erythrosterna parva,Ficedula parva,Red-breasted Flycatcher,rebfly,eBird/Clements 2025,Q241499,2492605,6A3CA06B2496B003,Ficedula parva_Red-breasted Flycatcher,,high,yes,"Erythrosterna parva = Red-breasted Flycatcher, Ficedula parva. The male's orange runs from the chin onto the breast with no grey band, so not the Taiga Flycatcher.",engraved caption; Gould's text; Birds of Europe plate 64; the plate
II,21,,Waxen Chatterer,Ampelis garrulus,Bombycilla garrulus,Bohemian Waxwing,bohwax,eBird/Clements 2025,Q26135,2484605,AEF821EC4625150E,Bombycilla garrulus_Bohemian Waxwing,,high,yes,"Ampelis garrulus, Gould's Waxen Chatterer = Bohemian Waxwing, Bombycilla garrulus; same species.",engraved caption; Gould's text; Birds of Europe plate 160
II,22,,Nuthatch,Sitta cæsia,Sitta europaea,Eurasian Nuthatch,eurnut2,eBird/Clements 2025,Q156767,2484916,9C2B53A087F44E10,Sitta europaea_Eurasian Nuthatch,subspecies,high,yes,"Sitta caesia Wolf & Meyer = the buff-bellied western race of Eurasian Nuthatch, S. europaea caesia, which Gould kept apart from the white-bellied Swedish bird.",engraved caption; Gould's text; Birds of Europe plate 234; the plate
II,23,,Great Tit,Parus major,Parus major,Great Tit,gretit1,eBird/Clements 2025,Q25485,9705453,7296BC772F2643AD,Parus major_Great Tit,,high,yes,Parus major = Great Tit; same species (not the Asian Tit eBird splits).,engraved caption; Gould's text; Birds of Europe plate 150
II,24,,Blue Tit,Parus cæruleus,Cyanistes caeruleus,Eurasian Blue Tit,blutit,eBird/Clements 2025,Q25404,2487879,9BE53D340F9A4305,Cyanistes caeruleus_Eurasian Blue Tit,,high,yes,"Parus caeruleus = Eurasian Blue Tit, Cyanistes caeruleus; same species, older genus.",engraved caption; Gould's text; Birds of Europe plate 154
II,25,,Coal Tit,Parus ater,Periparus ater,Coal Tit,coatit2,eBird/Clements 2025,Q191096,2487871,166CD4402D4A416B,Periparus ater_Coal Tit,,high,yes,"Parus ater = Coal Tit, Periparus ater; same species, older genus.",engraved caption; Gould's text; Birds of Europe plate 155
II,26,,Crested Tit,Parus cristatus,Lophophanes cristatus,Crested Tit,cretit2,eBird/Clements 2025,Q207831,2487883,E553193354C74B21,Lophophanes cristatus_Crested Tit,,high,yes,"Parus cristatus = Crested Tit, Lophophanes cristatus; same species, older genus.",engraved caption; Gould's text; Birds of Europe plate 156
II,27,,Marsh Tit,Pœcile palustris,Poecile palustris,Marsh Tit,martit2,eBird/Clements 2025,Q207838,2487843,523763E55D4A8153,Poecile palustris_Marsh Tit,,high,yes,"Poecile palustris = Marsh Tit. The glossy cap, small bib and plain wing are the Marsh, not the Willow Tit, which went unrecognised in Britain until 1897.",engraved caption; Gould's text; Birds of Europe plate 155; the plate
II,28,,Long-tailed Tit,Mecistura caudata,Aegithalos caudatus,Long-tailed Tit,lottit1,eBird/Clements 2025,Q170831,2495000,547163C22167E31B,Aegithalos caudatus_Long-tailed Tit,,high,yes,"Mecistura caudata = Long-tailed Tit, Aegithalos caudatus; same species, older genus.",engraved caption; Gould's text; Birds of Europe plate 157
II,29,,Long-tailed Tit (young),Mecistura caudata,Aegithalos caudatus,Long-tailed Tit,lottit1,eBird/Clements 2025,Q170831,2495000,547163C22167E31B,Aegithalos caudatus_Long-tailed Tit,,high,yes,"Mecistura caudata = Long-tailed Tit, Aegithalos caudatus; the young of II.28.",engraved caption; Gould's text; Birds of Europe plate 157
II,30,,Bearded Tit,Calamophilus biarmicus,Panurus biarmicus,Bearded Reedling,bearee1,eBird/Clements 2025,Q192817,2493367,7D59F91D9548DCE7,Panurus biarmicus_Bearded Reedling,,high,yes,"Calamophilus biarmicus, Gould's Bearded Tit = Bearded Reedling, Panurus biarmicus; same species.",engraved caption; Gould's text; Birds of Europe plate 158
II,31,,Golden Oriole,Oriolus galbula,Oriolus oriolus,Eurasian Golden Oriole,eugori2,eBird/Clements 2025,Q25388,2488949,92A772BB,Oriolus oriolus_Eurasian Golden Oriole,,high,yes,"Oriolus galbula = Eurasian Golden Oriole, Oriolus oriolus; same species, older name.",engraved caption; Gould's text; Birds of Europe plate 71
II,32,,Thrush,Turdus musicus,Turdus philomelos,Song Thrush,sonthr1,eBird/Clements 2025,Q26349,7901064,D929EB214A698282,Turdus philomelos_Song Thrush,,high,yes,"Gould's Turdus musicus is the Song Thrush, Turdus philomelos. Linnaeus's musicus, later suppressed, was also read as the Redwing (II.34).",engraved caption; Gould's text; Birds of Europe plate 78
II,33,,Missel-Thrush,Turdus viscivorus,Turdus viscivorus,Mistle Thrush,misthr1,eBird/Clements 2025,Q178942,2490774,A95B43F1E9D10296,Turdus viscivorus_Mistle Thrush,,high,yes,"Turdus viscivorus, Gould's Missel-Thrush = Mistle Thrush; same species.",engraved caption; Gould's text; Birds of Europe plate 77
II,34,,Redwing,Turdus iliacus,Turdus iliacus,Redwing,redwin,eBird/Clements 2025,Q184825,2490781,A8A85BCF1AFB7BBD,Turdus iliacus_Redwing,,high,yes,Turdus iliacus = Redwing; same species.,engraved caption; Gould's text; Birds of Europe plate 78
II,35,,Fieldfare,Turdus pilaris,Turdus pilaris,Fieldfare,fieldf,eBird/Clements 2025,Q25777,2490737,D120D5A070E8123C,Turdus pilaris_Fieldfare,,high,yes,Turdus pilaris = Fieldfare; same species.,engraved caption; Gould's text; Birds of Europe plate 76
II,36,,Black-throated Thrush,Turdus atrogularis,Turdus atrogularis,Black-throated Thrush,datthr1,eBird/Clements 2025,Q80780,4408790,AECDBFFA55C87E24,Turdus atrogularis_Black-throated Thrush,,high,yes,Turdus atrogularis Temm. = Black-throated Thrush; same species (eBird keeps the Red-throated Thrush apart).,engraved caption; Gould's text; Birds of Europe plate 75
II,37,,Blackbird,Merula vulgaris,Turdus merula,Eurasian Blackbird,eurbla,eBird/Clements 2025,Q25234,2490719,6D7A9C93AD1830EB,Turdus merula_Eurasian Blackbird,,high,yes,"Merula vulgaris = Eurasian Blackbird, Turdus merula; same species, older name.",engraved caption; Gould's text; Birds of Europe plate 72
II,38,,Ring-Ouzel,Merula torquata,Turdus torquatus,Ring Ouzel,rinouz1,eBird/Clements 2025,Q26641,7865305,CE71B4FF837F276A,Turdus torquatus_Ring Ouzel,,high,yes,"Merula torquata = Ring Ouzel, Turdus torquatus; same species, older name.",engraved caption; Gould's text; Birds of Europe plate 73
II,39,,White's Thrush,Oreocincla aurea,Zoothera aurea,White's Thrush,scathr2,eBird/Clements 2025,Q949662,4408785,8E267A2656A555F5,Zoothera aurea_White's Thrush,,high,yes,"Oreocincla aurea = White's Thrush, Zoothera aurea (split from the Scaly Thrush); same species.",engraved caption; Gould's text; Birds of Europe plate 81
II,40,,Siberian Thrush,Cichloselys sibiricus,Geokichla sibirica,Siberian Thrush,sibthr1,eBird/Clements 2025,Q258964,6100888,E7163B81013F6CCC,Geokichla sibirica_Siberian Thrush,,high,yes,"Cichloselys sibiricus = Siberian Thrush, Geokichla sibirica; same species, older genus.",engraved caption; Gould's text; Birds of Europe plate 82
II,41,,"Water-Ouzel, or Dipper",Cinclus aquaticus,Cinclus cinclus,White-throated Dipper,whtdip1,eBird/Clements 2025,Q201831,2495093,FDECE3B9278A17EC,Cinclus cinclus_White-throated Dipper,,high,yes,"Cinclus aquaticus = White-throated Dipper, Cinclus cinclus. Gould's bird is the chestnut-bellied British one, set against the black-bellied Scandinavian bird of II.42.",engraved caption; Gould's text; Birds of Europe plate 83
II,42,,Black-bellied Water-Ouzel,Cinclus melanogaster,Cinclus cinclus,White-throated Dipper,whtdip1,eBird/Clements 2025,Q201831,2495093,FDECE3B9278A17EC,Cinclus cinclus_White-throated Dipper,subspecies,high,yes,"Cinclus melanogaster Temm. = the black-bellied Scandinavian Dipper, C. cinclus cinclus, a race of White-throated Dipper.",engraved caption; Gould's text; Birds of Europe plate 84; the plate
II,43,,Blue Rock-Thrush,Petrocossyphus cyanus,Monticola solitarius,Blue Rock-Thrush,burthr,eBird/Clements 2025,Q152144,2490955,41D76F4B19ACB4BD,Monticola solitarius_Blue Rock-Thrush,,high,yes,"Petrocossyphus cyanus = Blue Rock-Thrush, Monticola solitarius; same species, older name.",engraved caption; Gould's text; Birds of Europe plate 87
II,44,,Rock-Thrush,Petrocincla saxatilis,Monticola saxatilis,Rufous-tailed Rock-Thrush,rtrthr1,eBird/Clements 2025,Q235057,2490956,736D38E7F9967842,Monticola saxatilis_Rufous-tailed Rock-Thrush,,high,yes,"Petrocincla saxatilis = Rufous-tailed Rock-Thrush, Monticola saxatilis; same species, older genus.",engraved caption; Gould's text; Birds of Europe plate 86
II,45,,Wheatear,Saxicola œnanthe,Oenanthe oenanthe,Northern Wheatear,norwhe,eBird/Clements 2025,Q26420,5231240,DF526047637004DD,Oenanthe oenanthe_Northern Wheatear,,high,yes,"Saxicola oenanthe = Northern Wheatear, Oenanthe oenanthe; same species, older genus.",engraved caption; Gould's text; Birds of Europe plate 90
II,46,,Whinchat,Saxicola rubetra,Saxicola rubetra,Whinchat,whinch1,eBird/Clements 2025,Q155869,2492521,A0EDAEA2E89A9A96,Saxicola rubetra_Whinchat,,high,yes,Saxicola (engraved Pratincola) rubetra = Whinchat; same species.,engraved caption; Gould's text; Birds of Europe plate 93
II,47,,"Stone-chat, or Furze-chat",Pratincola rubicola,Saxicola rubicola,European Stonechat,stonec4,eBird/Clements 2025,Q838665,4408759,0EA8F8B905405FB3,Saxicola rubicola_European Stonechat,,high,yes,"Pratincola rubicola, the Furze-chat = European Stonechat, Saxicola rubicola; the British bird, not the Siberian Stonechat that Gould's synonymy (maura) takes in.",engraved caption; Gould's text; Birds of Europe plate 94
II,48,,"Robin, or Redbreast",Erythacus rubecula,Erithacus rubecula,European Robin,eurrob1,eBird/Clements 2025,Q25334,2492462,C809B2B90399A43D,Erithacus rubecula_European Robin,,high,yes,"Erythacus rubecula = European Robin, Erithacus rubecula; same species.",engraved caption; Gould's text; Birds of Europe plate 98
II,49,,Red-throated Bluebreast,Cyanecula suecica,Luscinia svecica,Bluethroat,blueth,eBird/Clements 2025,Q26578,4408732,AFD6FD811AA7D6A7,Luscinia svecica_Bluethroat,,high,yes,"Cyanecula suecica, Gould's Red-throated Bluebreast = Bluethroat, Luscinia svecica, the red-spotted northern bird; same species.",engraved caption; Gould's text; Birds of Europe plate 97
II,50,,White-throated Bluebreast,Cyanecula leucocyana,Luscinia svecica,Bluethroat,blueth,eBird/Clements 2025,Q26578,4408732,AFD6FD811AA7D6A7,Luscinia svecica_Bluethroat,subspecies,high,yes,"Cyanecula leucocyana Brehm, Gould's White-throated Bluebreast = the white-spotted Bluethroat, L. svecica cyanecula; the male has the white spot in the blue throat.",engraved caption; Gould's text; Birds of Europe plate 97; the plate
II,51,,Redstart,Ruticilla phœnicura,Phoenicurus phoenicurus,Common Redstart,comred2,eBird/Clements 2025,Q26620,5739317,06DD9D954313582E,Phoenicurus phoenicurus_Common Redstart,,high,yes,"Ruticilla phoenicura = Common Redstart, Phoenicurus phoenicurus; same species, older genus.",engraved caption; Gould's text; Birds of Europe plate 95
II,52,,Black Redstart,Ruticilla tithys,Phoenicurus ochruros,Black Redstart,blared1,eBird/Clements 2025,Q26755,5739315,612B5C244E272075,Phoenicurus ochruros_Black Redstart,,high,yes,"Ruticilla tithys = Black Redstart, Phoenicurus ochruros; same species, older name.",engraved caption; Gould's text; Birds of Europe plate 96
II,53,,Rufous Sedge-Warbler,Aëdon galactodes,Cercotrichas galactotes,Rufous-tailed Scrub-Robin,rutscr1,eBird/Clements 2025,Q607027,5788860,,Cercotrichas galactotes_Rufous-tailed Scrub-Robin,,high,yes,"Aëdon galactodes, Gould's Rufous Sedge-Warbler = Rufous-tailed Scrub-Robin, Cercotrichas galactotes; same species.",engraved caption; Gould's text; Birds of Europe plate 112
II,54,,Alpine Accentor,Accentor alpinus,Prunella collaris,Alpine Accentor,alpacc1,eBird/Clements 2025,Q208334,5231770,A783468FC167312E,Prunella collaris_Alpine Accentor,,high,yes,"Accentor alpinus = Alpine Accentor, Prunella collaris; same species, older name.",engraved caption; Gould's text; Birds of Europe plate 99
II,55,,"Hedge-Accentor, or Hedge-Sparrow",Accentor modularis,Prunella modularis,Dunnock,dunnoc1,eBird/Clements 2025,Q26698,5231763,26530C865C4A655C,Prunella modularis_Dunnock,,high,yes,"Accentor modularis, the Hedge-Sparrow = Dunnock, Prunella modularis; same species.",engraved caption; Gould's text; Birds of Europe plate 100
II,56,,Nightingale,Luscinia philomela,Luscinia megarhynchos,Common Nightingale,comnig1,eBird/Clements 2025,Q25393,7660710,7C7F0DEE5B364038,Luscinia megarhynchos_Common Nightingale,,high,yes,"Luscinia philomela = Common Nightingale, Luscinia megarhynchos; same species, older name (not the Thrush Nightingale).",engraved caption; Gould's text; Birds of Europe plate 116
II,57,,Whitethroat,Sylvia cinerea,Curruca communis,Greater Whitethroat,grewhi1,eBird/Clements 2025,Q110257516,10507373,14AFBA82D556918C,Curruca communis_Greater Whitethroat,,high,yes,"Sylvia cinerea = Greater Whitethroat, Curruca communis; same species, older name.",engraved caption; Gould's text; Birds of Europe plate 125
II,58,,Lesser Whitethroat,Sylvia curruca,Curruca curruca,Lesser Whitethroat,leswhi4,eBird/Clements 2025,Q110257504,11034996,A99F93BCE984549A,Curruca curruca_Lesser Whitethroat,,high,yes,"Sylvia curruca = Lesser Whitethroat, Curruca curruca; same species.",engraved caption; Gould's text; Birds of Europe plate 125
II,59,,Dartford Warbler,Melizophilus provincialis,Curruca undata,Dartford Warbler,darwar1,eBird/Clements 2025,Q110257524,10355796,85629EF4042C9DBB,Curruca undata_Dartford Warbler,,high,yes,"Melizophilus provincialis = Dartford Warbler, Curruca undata; same species, older name.",engraved caption; Gould's text; Birds of Europe plate 129
II,60,,Blackcap,Curruca atricapilla,Sylvia atricapilla,Eurasian Blackcap,blackc1,eBird/Clements 2025,Q188446,2492956,61F9065BE0965E1A,Sylvia atricapilla_Eurasian Blackcap,,high,yes,"Curruca atricapilla = Eurasian Blackcap, Sylvia atricapilla; same species.",engraved caption; Gould's text; Birds of Europe plate 120
II,61,,Orphean Warbler,Curruca orphea,Curruca hortensis,Western Orphean Warbler,weowar2,eBird/Clements 2025,Q110257498,10630343,95E7E0E5E3481A63,Curruca hortensis_Western Orphean Warbler,,judged,yes,"Curruca orphea = Orphean Warbler, since split. The male's brown back and apricot underparts, and Gould's western sources (Savoy, Provence, Spain; the Yorkshire bird of 1848), point to the Western Orphean Warbler, Curruca hortensis, not the grey-backed, white-bellied Eastern.",engraved caption; Gould's text; Birds of Europe plate 119; the plate
II,62,,Garden Warbler,Curruca hortensis,Sylvia borin,Garden Warbler,garwar1,eBird/Clements 2025,Q202478,2492942,A6A4FC63261EA8CD,Sylvia borin_Garden Warbler,,high,yes,"Gould's Curruca hortensis is the Garden Warbler, Sylvia borin: plain brown, no cap. The same binomial now names the Western Orphean Warbler (II.61).",engraved caption; Gould's text; Birds of Europe plate 121; the plate
II,63,,Common Wren,Troglodytes europæus,Troglodytes troglodytes,Eurasian Wren,winwre4,eBird/Clements 2025,Q25740,5231438,11A4055E89689538,Troglodytes troglodytes_Eurasian Wren,,high,yes,"Troglodytes europaeus = Eurasian Wren, Troglodytes troglodytes; same species, older name.",engraved caption; Gould's text; Birds of Europe plate 130
II,64,,Tree-creeper,Certhia familiaris,Certhia familiaris,Eurasian Treecreeper,eurtre1,eBird/Clements 2025,Q193593,2487603,73BE9A87F6A32D6A,Certhia familiaris_Eurasian Treecreeper,,high,yes,"Certhia familiaris = Eurasian Treecreeper; the British bird, with clean white underparts. The Short-toed Treecreeper, lumped in Gould's synonymy (brachydactyla), does not breed in Britain.",engraved caption; Gould's text; Birds of Europe plate 237; the plate
II,65,,Willow-Wren,Phyllopneuste trochilus,Phylloscopus trochilus,Willow Warbler,wlwwar,eBird/Clements 2025,Q27239,2493052,88F4B969622B8268,Phylloscopus trochilus_Willow Warbler,,high,yes,"Phyllopneuste trochilus, the Willow-Wren = Willow Warbler, Phylloscopus trochilus; same species.",engraved caption; Gould's text; Birds of Europe plate 131
II,66,,Chiff-chaff,Phyllopneuste rufa,Phylloscopus collybita,Common Chiffchaff,comchi1,eBird/Clements 2025,Q185784,2493091,458C8CBE3AABFD1E,Phylloscopus collybita_Common Chiffchaff,,high,yes,"Phyllopneuste rufa = Common Chiffchaff, Phylloscopus collybita. The British authors' 'hippolais' in Gould's synonymy is this bird, not the Icterine Warbler (II.71).",engraved caption; Gould's text; Birds of Europe plate 131
II,67,,Wood-Wren,Phyllopneuste sibilatrix,Phylloscopus sibilatrix,Wood Warbler,woowar,eBird/Clements 2025,Q27075477,8128385,572C4C7FD4322D14,Phylloscopus sibilatrix_Wood Warbler,,high,yes,"Phyllopneuste sibilatrix, the Wood-Wren = Wood Warbler, Phylloscopus sibilatrix; same species.",engraved caption; Gould's text; Birds of Europe plate 131
II,68,,Yellow-browed Warbler,Reguloïdes superciliosus,Phylloscopus inornatus,Yellow-browed Warbler,yebwar3,eBird/Clements 2025,Q330318,2493095,0C120038E5CA37D7,Phylloscopus inornatus_Yellow-browed Warbler,,high,yes,"Reguloides superciliosus = Yellow-browed Warbler, Phylloscopus inornatus; the British bird (Hancock's Regulus modestus, 1838), not Hume's Warbler.",engraved caption; Gould's text; pinned in Featherframe (gould_britain.yaml)
II,69,,"Golden-crested Wren, or Kinglet",Regulus cristatus,Regulus regulus,Goldcrest,goldcr1,eBird/Clements 2025,Q26657,2484596,A7CC62D6BD333F25,Regulus regulus_Goldcrest,,high,yes,"Regulus cristatus, the Golden-crested Wren = Goldcrest, Regulus regulus; same species, older name.",engraved caption; Gould's text; Birds of Europe plate 148
II,70,,Fire-crested Wren,Regulus ignicapillus,Regulus ignicapilla,Common Firecrest,firecr1,eBird/Clements 2025,Q27471,6093527,85B03849153146D8,Regulus ignicapilla_Common Firecrest,,high,yes,"Regulus ignicapillus, the Fire-crested Wren = Common Firecrest, Regulus ignicapilla; same species.",engraved caption; Gould's text; Birds of Europe plate 148
II,71,,Melodious Warbler,Ficedula hypolais,Hippolais icterina,Icterine Warbler,ictwar1,eBird/Clements 2025,Q27674,2493220,869C978C8E5840C8,Hippolais icterina_Icterine Warbler,,high,yes,"Ficedula hypolais (Motacilla hippolais Linn.) = Icterine Warbler, Hippolais icterina. Gould's English 'Melodious Warbler' is today's name of H. polyglotta, which he lists apart; his birds (Holland; Kent, 1848; Ireland, 1856) and the plate's long primary projection are Icterine.",engraved caption; Gould's text; Birds of Europe plate 133; the plate
II,72,,Thrush-Warbler,Acrocephalus turdoides,Acrocephalus arundinaceus,Great Reed Warbler,grrwar1,eBird/Clements 2025,Q180835,2493128,B283E33243C17D97,Acrocephalus arundinaceus_Great Reed Warbler,,high,yes,"Acrocephalus turdoides, Gould's Thrush-Warbler = Great Reed Warbler, Acrocephalus arundinaceus; same species.",engraved caption; Gould's text; Birds of Europe plate 106
II,73,,Reed-Warbler,Calamoherpe arundinacea,Acrocephalus scirpaceus,Common Reed Warbler,eurwar1,eBird/Clements 2025,Q159080,2493118,4B3E6D256004B252,Acrocephalus scirpaceus_Eurasian Reed Warbler,,high,yes,"Calamoherpe arundinacea = Common Reed Warbler, Acrocephalus scirpaceus; Gould's arundinacea is not today's A. arundinaceus (II.72).",engraved caption; Gould's text; Birds of Europe plate 108; the plate
II,74,,Marsh-Warbler,Calamoherpe palustris,Acrocephalus palustris,Marsh Warbler,marwar3,eBird/Clements 2025,Q210422,2493136,B675E006C3745A12,Acrocephalus palustris_Marsh Warbler,,high,yes,"Calamoherpe palustris = Marsh Warbler, Acrocephalus palustris. Gould doubted it differed from the Reed Warbler but drew it apart, with the flesh-coloured legs Harting gave as its mark.",engraved caption; Gould's text; Birds of Europe plate 109; the plate
II,75,,"Sedge-Warbler, or Chat",Calamodyta phragmitis,Acrocephalus schoenobaenus,Sedge Warbler,sedwar1,eBird/Clements 2025,Q27236,2493129,FED5AED5C59A00B6,Acrocephalus schoenobaenus_Sedge Warbler,,high,yes,"Calamodyta phragmitis = Sedge Warbler, Acrocephalus schoenobaenus; same species.",engraved caption; Gould's text; Birds of Europe plate 110
II,76,,Aquatic Warbler,Calamodyta aquatica,Acrocephalus paludicola,Aquatic Warbler,aquwar1,eBird/Clements 2025,Q242599,2493114,C15141A60961F8BC,Acrocephalus paludicola_Aquatic Warbler,,high,yes,"Calamodyta aquatica = Aquatic Warbler, Acrocephalus paludicola; same species.",engraved caption; Gould's text; Birds of Europe plate 111
II,77,,Savi's Warbler,Lusciniopsis luscinioides,Locustella luscinioides,Savi's Warbler,savwar1,eBird/Clements 2025,Q321272,2493551,2D46BB9888C846D0,Locustella luscinioides_Savi's Warbler,,high,yes,"Lusciniopsis luscinioides = Savi's Warbler, Locustella luscinioides; same species.",engraved caption; Gould's text; Birds of Europe plate 104
II,78,,Grasshopper Warbler,Locustella avicula,Locustella naevia,Common Grasshopper Warbler,cogwar1,eBird/Clements 2025,Q208710,2493548,BC0E4C9F87721B1A,Locustella naevia_Common Grasshopper-Warbler,,high,yes,"Locustella avicula Ray = Common Grasshopper Warbler, Locustella naevia; same species.",engraved caption; Gould's text; Birds of Europe plate 103
III,1,,Pied Wagtail,Motacilla Yarrelli,Motacilla alba,White Wagtail,whiwag,eBird/Clements 2025,Q25399,9687165,400E032C4624AA36,Motacilla alba_White Wagtail,subspecies,high,yes,"Motacilla yarrellii = the Pied Wagtail, M. alba yarrellii, a race of White Wagtail.",engraved caption; Gould's text; Birds of Europe plate 141
III,2,,White Wagtail,Motacilla alba,Motacilla alba,White Wagtail,whiwag,eBird/Clements 2025,Q25399,9687165,400E032C4624AA36,Motacilla alba_White Wagtail,,high,yes,Motacilla alba = White Wagtail; the grey-backed bird Gould kept apart from the Pied Wagtail (III.1).,engraved caption; Gould's text; Birds of Europe plate 143
III,3,,Yellow Wagtail,Budytes Rayi,Motacilla flava,Western Yellow Wagtail,eaywag1,eBird/Clements 2025,Q25984,9701857,5983D677,Motacilla flava_Western Yellow Wagtail,subspecies,high,yes,"Budytes rayi = the British Yellow Wagtail, M. flava flavissima, a race of Western Yellow Wagtail.",engraved caption; Gould's text; Birds of Europe plate 145
III,4,,Grey-headed Wagtail,Budytes flava,Motacilla flava,Western Yellow Wagtail,eaywag1,eBird/Clements 2025,Q25984,9701857,5983D677,Motacilla flava_Western Yellow Wagtail,,high,yes,"Budytes flava (Gould's neglecta) = Western Yellow Wagtail; the blue-grey head and white supercilium are the nominate Blue-headed race, M. f. flava.",engraved caption; Gould's text; Birds of Europe plate 146; the plate
III,5,,Grey-capped Wagtail,Budytes cinereocapilla,Motacilla flava,Western Yellow Wagtail,eaywag1,eBird/Clements 2025,Q25984,9701857,5983D677,Motacilla flava_Western Yellow Wagtail,subspecies,high,yes,"Budytes cinereocapilla Savi = the Ashy-headed Wagtail, M. flava cinereocapilla, a race of Western Yellow Wagtail. Gould's dark Norwegian birds, perhaps the black-headed figure, would be the Grey-headed race thunbergi; every figure is M. flava.",engraved caption; Gould's text; the plate
III,6,,Grey Wagtail (summer plumage),Calobates sulphurea,Motacilla cinerea,Gray Wagtail,grywag,eBird/Clements 2025,Q201316,2490310,AE073221679039C2,Motacilla cinerea_Gray Wagtail,,high,yes,"Calobates sulphurea = Gray Wagtail, Motacilla cinerea, in summer dress; same species.",engraved caption; Gould's text; Birds of Europe plate 147
III,7,,Grey Wagtail (winter plumage),Calobates sulphurea,Motacilla cinerea,Gray Wagtail,grywag,eBird/Clements 2025,Q201316,2490310,AE073221679039C2,Motacilla cinerea_Gray Wagtail,,high,yes,"Calobates sulphurea = Gray Wagtail, Motacilla cinerea, in winter dress; same species.",engraved caption; Gould's text; Birds of Europe plate 147
III,8,,Richard's Pipit,Anthus Richardii,Anthus richardi,Richard's Pipit,ricpip1,eBird/Clements 2025,Q904790,9465111,41ECD10E24E8772D,Anthus richardi_Richard's Pipit,,high,yes,Anthus richardi = Richard's Pipit; same species.,engraved caption; Gould's text; Birds of Europe plate 135
III,9,,Tawny Pipit,Anthus campestris,Anthus campestris,Tawny Pipit,tawpip1,eBird/Clements 2025,Q27226,2490274,250CDA5828B68D0A,Anthus campestris_Tawny Pipit,,high,yes,Anthus campestris = Tawny Pipit; same species.,engraved caption; Gould's text; Birds of Europe plate 137
III,10,,Rock-Pipit,Anthus obscurus,Anthus petrosus,Rock Pipit,rocpip1,eBird/Clements 2025,Q642685,2490275,E1CBB1C259093F06,Anthus petrosus_Rock Pipit,,high,yes,"Anthus obscurus = Rock Pipit, Anthus petrosus; Gould's olive, spotted shore bird, kept apart from his Vinous Pipit (III.11).",engraved caption; Gould's text; pinned in Featherframe (gould_britain.yaml)
III,11,,Vinous Pipit,Anthus spinoletta,Anthus spinoletta,Water Pipit,watpip1,eBird/Clements 2025,Q208707,2490255,0A3FA18502F4FC70,Anthus spinoletta_Water Pipit,,high,yes,"Anthus spinoletta, Gould's Vinous Pipit = Water Pipit. The front figure, from Worthing, has the grey head, white supercilium, unstreaked vinous breast and white outer tail of a Water Pipit in spring dress.",engraved caption; Gould's text; the plate; pinned in Featherframe (gould_britain.yaml)
III,12,,Red-throated Pipit,Anthus cervinus,Anthus cervinus,Red-throated Pipit,retpip,eBird/Clements 2025,Q241347,2490283,319D044A667563CD,Anthus cervinus_Red-throated Pipit,,high,yes,Anthus cervinus = Red-throated Pipit; same species.,engraved caption; Gould's text; Birds of Europe plate 140
III,13,,"Meadow-Pipit, or Titlark",Anthus pratensis,Anthus pratensis,Meadow Pipit,meapip1,eBird/Clements 2025,Q26956,2490266,14873249B607CEB1,Anthus pratensis_Meadow Pipit,,high,yes,"Anthus pratensis, the Titlark = Meadow Pipit; same species.",engraved caption; Gould's text; Birds of Europe plate 136
III,14,,Tree-Pipit,Anthus arboreus,Anthus trivialis,Tree Pipit,trepip,eBird/Clements 2025,Q143313,2490246,365F5E975B414FE6,Anthus trivialis_Tree Pipit,,high,yes,"Anthus arboreus = Tree Pipit, Anthus trivialis; same species, older name.",engraved caption; Gould's text; Birds of Europe plate 139
III,15,,Sky-Lark,Alauda arvensis,Alauda arvensis,Eurasian Skylark,skylar,eBird/Clements 2025,Q25961,8077224,2D9A361995111F42,Alauda arvensis_Eurasian Skylark,,high,yes,Alauda arvensis = Eurasian Skylark; same species.,engraved caption; Gould's text; Birds of Europe plate 166
III,16,,Wood-Lark,Alauda arborea,Lullula arborea,Wood Lark,woolar1,eBird/Clements 2025,Q26969,2490604,742EC2F1CA97F56C,Lullula arborea_Wood Lark,,high,yes,"Alauda arborea = Wood Lark, Lullula arborea; same species, older genus.",engraved caption; Gould's text; Birds of Europe plate 167
III,17,,Crested Lark,Galerita cristata,Galerida cristata,Crested Lark,crelar1,eBird/Clements 2025,Q26982,2490669,,Galerida cristata_Crested Lark,,high,yes,"Galerita cristata = Crested Lark, Galerida cristata; same species.",engraved caption; Gould's text; Birds of Europe plate 165
III,18,,Shore-Lark,Otocoris alpestris,Eremophila alpestris,Horned Lark,horlar,eBird/Clements 2025,Q207249,9415596,77AFF9B86BC9FEE3,Eremophila alpestris_Horned Lark,,high,yes,"Otocoris alpestris, the Shore-Lark = Horned Lark, Eremophila alpestris; same species.",engraved caption; Gould's text; Birds of Europe plate 164
III,19,,Calandra Lark,Melanocorypha calandra,Melanocorypha calandra,Calandra Lark,callar1,eBird/Clements 2025,Q470853,2490613,BDC24A8AA8A51BF9,Melanocorypha calandra_Calandra Lark,,high,yes,Melanocorypha calandra = Calandra Lark; same species.,engraved caption; Gould's text; Birds of Europe plate 162
III,20,,White-winged Lark,Melanocorypha leucoptera,Alauda leucoptera,White-winged Lark,whwlar1,eBird/Clements 2025,Q1137284,7607411,,,,high,yes,"Melanocorypha leucoptera = White-winged Lark, now Alauda leucoptera; same species, the Brighton bird of 1869.",engraved caption; Gould's text
III,21,,Short-toed Lark,Calandrella brachydactyla,Calandrella brachydactyla,Greater Short-toed Lark,gstlar1,eBird/Clements 2025,Q24843,2490681,4091A51E,Calandrella brachydactyla_Greater Short-toed Lark,,high,yes,Calandrella brachydactyla = Greater Short-toed Lark; same species.,engraved caption; Gould's text; Birds of Europe plate 163
III,22,,"Yellowhammer, or Yellow Bunting",Emberiza citrinella,Emberiza citrinella,Yellowhammer,yellow2,eBird/Clements 2025,Q26205,2491534,56FB47C05CB7275F,Emberiza citrinella_Yellowhammer,,high,yes,Emberiza citrinella = Yellowhammer; same species.,engraved caption; Gould's text; Birds of Europe plate 173
III,23,,Cirl Bunting,Emberiza cirlus,Emberiza cirlus,Cirl Bunting,cirbun1,eBird/Clements 2025,Q148583,7626513,9AAB8C2174EFDF60,Emberiza cirlus_Cirl Bunting,,high,yes,Emberiza cirlus = Cirl Bunting; same species.,engraved caption; Gould's text; Birds of Europe plate 175
III,24,,Rustic Bunting,Emberiza rustica,Emberiza rustica,Rustic Bunting,rusbun,eBird/Clements 2025,Q286809,2491582,DA9746CEC82D30A3,Emberiza rustica_Rustic Bunting,,high,yes,Emberiza rustica = Rustic Bunting; same species.,engraved caption; Gould's text; Birds of Europe plate 177
III,25,,Dwarf Bunting,Emberiza pusilla,Emberiza pusilla,Little Bunting,litbun,eBird/Clements 2025,Q216855,2491544,1866F80E52F4075F,Emberiza pusilla_Little Bunting,,high,yes,"Emberiza pusilla Pall., Gould's Dwarf Bunting = Little Bunting; the plate copies his drawing of the Brighton bird of November 1864.",engraved caption; Gould's text; pinned in Featherframe (gould_britain.yaml)
III,26,,Common Bunting,Crithophaga miliaria,Emberiza calandra,Corn Bunting,corbun1,eBird/Clements 2025,Q27220,7634625,9A87EBB0B75C410B,Emberiza calandra_Corn Bunting,,high,yes,"Crithophaga miliaria, Gould's Common Bunting = Corn Bunting, Emberiza calandra; same species, older name.",engraved caption; Gould's text; Birds of Europe plate 171
III,27,,Ortolan Bunting,Glycyspina hortulana,Emberiza hortulana,Ortolan Bunting,ortbun1,eBird/Clements 2025,Q206630,2491482,4721056132879EB7,Emberiza hortulana_Ortolan Bunting,,high,yes,"Glycyspina hortulana = Ortolan Bunting, Emberiza hortulana; same species, older genus.",engraved caption; Gould's text; Birds of Europe plate 176
III,28,,Black-headed Bunting,Euspiza melanocephala,Emberiza melanocephala,Black-headed Bunting,blhbun1,eBird/Clements 2025,Q334183,9613112,E2D2CB88A9D95E42,Emberiza melanocephala_Black-headed Bunting,,high,yes,"Euspiza melanocephala = Black-headed Bunting, Emberiza melanocephala; same species, older genus.",engraved caption; Gould's text; Birds of Europe plate 172
III,29,,Reed-Bunting,Schœnicola arundinacea,Emberiza schoeniclus,Reed Bunting,reebun,eBird/Clements 2025,Q26961,2491557,C0B9787440316E20,Emberiza schoeniclus_Reed Bunting,,high,yes,"Schoenicola arundinacea = Reed Bunting, Emberiza schoeniclus; same species, older name.",engraved caption; Gould's text; Birds of Europe plate 183
III,30,,Lapland Bunting,Centrophanes lapponica,Calcarius lapponicus,Lapland Longspur,laplon,eBird/Clements 2025,Q208703,2491678,3534E4CEBACCB166,Calcarius lapponicus_Lapland Longspur,,high,yes,"Centrophanes lapponica, Gould's Lapland Bunting = Lapland Longspur, Calcarius lapponicus; same species.",engraved caption; Gould's text; Birds of Europe plate 169
III,31,,"Snow-Bunting, or Snowflake",Plectrophanes nivalis,Plectrophenax nivalis,Snow Bunting,snobun,eBird/Clements 2025,Q26416,2491719,9BEBC02505B416EE,Plectrophenax nivalis_Snow Bunting,,high,yes,"Plectrophanes nivalis = Snow Bunting, Plectrophenax nivalis; same species, older genus.",engraved caption; Gould's text; Birds of Europe plate 170
III,32,,Common or House-Sparrow,Passer domesticus,Passer domesticus,House Sparrow,houspa,eBird/Clements 2025,Q14683,5231190,240E33900CE34D44,Passer domesticus_House Sparrow,,high,yes,Passer domesticus = House Sparrow; same species.,engraved caption; Gould's text; Birds of Europe plate 184
III,33,,Tree-Sparrow,Passer montanus,Passer montanus,Eurasian Tree Sparrow,eutspa,eBird/Clements 2025,Q25968,5231198,C22FBF8D,Passer montanus_Eurasian Tree Sparrow,,high,yes,Passer montanus = Eurasian Tree Sparrow; same species.,engraved caption; Gould's text; Birds of Europe plate 184
III,34,,Chaffinch,Fringilla cœlebs,Fringilla coelebs,Common Chaffinch,comcha,eBird/Clements 2025,Q25383,2494422,6364E4A5,Fringilla coelebs_Common Chaffinch,,high,yes,Fringilla coelebs = Common Chaffinch; same species.,engraved caption; Gould's text; Birds of Europe plate 187
III,35,,Bramblefinch,Fringilla montifringilla,Fringilla montifringilla,Brambling,brambl,eBird/Clements 2025,Q188877,2494441,E16B2C0328E05DC5,Fringilla montifringilla_Brambling,,high,yes,"Fringilla montifringilla, Gould's Bramblefinch = Brambling; same species.",engraved caption; Gould's text; Birds of Europe plate 188
III,36,,Goldfinch,Carduelis elegans,Carduelis carduelis,European Goldfinch,eurgol,eBird/Clements 2025,Q25418,2494686,1B235E0052ACC519,Carduelis carduelis_European Goldfinch,,high,yes,"Carduelis elegans = European Goldfinch, Carduelis carduelis; the black-and-white-headed European bird, not the Gray-crowned Goldfinch eBird 2025 splits.",engraved caption; Gould's text; Birds of Europe plate 196
III,37,,Siskin,Chrysomitris spinus,Spinus spinus,Eurasian Siskin,eursis,eBird/Clements 2025,Q27075864,6092830,9820CECA12EC737D,Spinus spinus_Eurasian Siskin,,high,yes,"Chrysomitris spinus = Eurasian Siskin, Spinus spinus; same species, older genus.",engraved caption; Gould's text; Birds of Europe plate 197
III,38,,Serin Finch,Serinus hortulanus,Serinus serinus,European Serin,eurser1,eBird/Clements 2025,Q271807,2494200,C3227709455B9AFF,Serinus serinus_European Serin,,high,yes,"Serinus hortulanus, Gould's Serin Finch = European Serin, Serinus serinus; same species, older name.",engraved caption; Gould's text; Birds of Europe plate 195
III,39,,Greenfinch,Ligurinus chloris,Chloris chloris,European Greenfinch,eurgre1,eBird/Clements 2025,Q27075785,5845582,65BD2033E2A722C8,Chloris chloris_European Greenfinch,,high,yes,"Ligurinus chloris = European Greenfinch, Chloris chloris; same species, older genus.",engraved caption; Gould's text; Birds of Europe plate 200
III,40,,Hawfinch,Coccothraustes vulgaris,Coccothraustes coccothraustes,Hawfinch,hawfin,eBird/Clements 2025,Q174088,2494329,84E1F1149261F19E,Coccothraustes coccothraustes_Hawfinch,,high,yes,"Coccothraustes vulgaris = Hawfinch, Coccothraustes coccothraustes; same species, older name.",engraved caption; Gould's text; Birds of Europe plate 199; the plate
III,41,,Bullfinch,Pyrrhula vulgaris,Pyrrhula pyrrhula,Eurasian Bullfinch,eurbul,eBird/Clements 2025,Q25382,2494543,24764DC7AD26E5F7,Pyrrhula pyrrhula_Eurasian Bullfinch,,high,yes,"Pyrrhula vulgaris = Eurasian Bullfinch, Pyrrhula pyrrhula; same species, older name.",engraved caption; Gould's text; Birds of Europe plate 209
III,42,,Bullfinch (young),Pyrrhula vulgaris,Pyrrhula pyrrhula,Eurasian Bullfinch,eurbul,eBird/Clements 2025,Q25382,2494543,24764DC7AD26E5F7,Pyrrhula pyrrhula_Eurasian Bullfinch,,high,yes,"Pyrrhula vulgaris = Eurasian Bullfinch, Pyrrhula pyrrhula; the young of III.41.",engraved caption; Gould's text; Birds of Europe plate 209
III,43,,Scarlet Bullfinch,Carpodacus erythrinus,Carpodacus erythrinus,Common Rosefinch,comros,eBird/Clements 2025,Q46143,2494459,3A713345,Carpodacus erythrinus_Common Rosefinch,,high,yes,"Carpodacus erythrinus, Gould's Scarlet Bullfinch = Common Rosefinch; same species.",engraved caption; Gould's text; Birds of Europe plate 206
III,44,,Pine-Grosbeak,Pinicola enucleator,Pinicola enucleator,Pine Grosbeak,pingro,eBird/Clements 2025,Q214571,2494771,83AC4DAD94AFC411,Pinicola enucleator_Pine Grosbeak,,high,yes,Pinicola enucleator = Pine Grosbeak; same species.,engraved caption; Gould's text; Birds of Europe plate 204
III,45,,Common Crossbill,Loxia curvirostra,Loxia curvirostra,Red Crossbill,redcro,eBird/Clements 2025,Q26552,9629160,135564AAF6B01DA2,Loxia curvirostra_Red Crossbill,,high,yes,"Loxia curvirostra = Red Crossbill; the nest and young were sent from Sweden, so not the Scottish Crossbill (described 1904).",engraved caption; Gould's text; Birds of Europe plate 202
III,46,,Parrot Crossbill,Loxia pityopsittacus,Loxia pytyopsittacus,Parrot Crossbill,parcro2,eBird/Clements 2025,Q645055,2494154,CAAD3E23531C26C5,Loxia pytyopsittacus_Parrot Crossbill,,high,yes,"Loxia pityopsittacus = Parrot Crossbill, Loxia pytyopsittacus; same species.",engraved caption; Gould's text; Birds of Europe plate 201
III,47,,White-winged Crossbill,Loxia bifasciata,Loxia leucoptera,White-winged Crossbill,whwcro,eBird/Clements 2025,Q331190,8144830,80C297E6B82452E7,Loxia leucoptera_White-winged Crossbill,subspecies,high,yes,"Loxia bifasciata, Gould's White-winged Crossbill = the Two-barred Crossbill, L. leucoptera bifasciata, the Old World race of White-winged Crossbill.",engraved caption; Gould's text; Birds of Europe plate 203; the plate
III,48,,American White-winged Crossbill,Loxia leucoptera,Loxia leucoptera,White-winged Crossbill,whwcro,eBird/Clements 2025,Q331190,8144830,80C297E6B82452E7,Loxia leucoptera_White-winged Crossbill,,high,yes,"Loxia leucoptera Gmel., Gould's American White-winged Crossbill = White-winged Crossbill, the American nominate bird.",engraved caption; Gould's text; Birds of Europe plate 203
III,49,,Linnet,Linota cannabina,Linaria cannabina,Eurasian Linnet,eurlin1,eBird/Clements 2025,Q27075852,8104397,32635892A4EB874F,Linaria cannabina_Eurasian Linnet,,high,yes,"Linota cannabina = Eurasian Linnet, Linaria cannabina; same species, older genus.",engraved caption; Gould's text; Birds of Europe plate 191
III,50,,"Twite, or Mountain-Linnet",Linota montium,Linaria flavirostris,Twite,twite1,eBird/Clements 2025,Q10965357,7668711,6CD4E38EB75CA3A0,Linaria flavirostris_Twite,,high,yes,"Linota montium, the Mountain-Linnet = Twite, Linaria flavirostris; same species, older name.",engraved caption; Gould's text; Birds of Europe plate 192
III,51,,Mealy Redpole,Ægiothus linaria,Acanthis flammea,Redpoll,redpol1,eBird/Clements 2025,Q20754771,5231630,A2BB98A9,Acanthis flammea_Common Redpoll,subspecies,high,yes,"Aegiothus linaria, the Mealy Redpole = Mealy Redpoll, Acanthis flammea flammea; eBird 2025 lumps the redpolls as Redpoll. Gould's synonymy takes in his Linaria canescens of The Birds of Europe (plate 193).",engraved caption; Gould's text; the plate
III,52,,Lesser Redpole,Ægiothus rufescens,Acanthis flammea,Redpoll,redpol1,eBird/Clements 2025,Q20754771,5231630,A2BB98A9,Acanthis cabaret_Lesser Redpoll,subspecies,high,yes,"Aegiothus rufescens, the Lesser Redpole = Lesser Redpoll, Acanthis flammea cabaret; eBird 2025 lumps the redpolls as Redpoll, while BirdNET keeps Lesser Redpoll apart.",engraved caption; Gould's text; Birds of Europe plate 194; the plate
III,53,,Starling,Sturnus vulgaris,Sturnus vulgaris,European Starling,eursta,eBird/Clements 2025,Q25469,9809229,94A4403295E2D9BE,Sturnus vulgaris_European Starling,,high,yes,Sturnus vulgaris = European Starling; same species.,engraved caption; Gould's text; Birds of Europe plate 210
III,54,,Starling (young),Sturnus vulgaris,Sturnus vulgaris,European Starling,eursta,eBird/Clements 2025,Q25469,9809229,94A4403295E2D9BE,Sturnus vulgaris_European Starling,,high,yes,Sturnus vulgaris = European Starling; the young of III.53.,engraved caption; Gould's text; Birds of Europe plate 210
III,55,,Rose-coloured Pastor,Pastor roseus,Pastor roseus,Rosy Starling,rossta2,eBird/Clements 2025,Q20823352,5845386,24208346AD77666E,Pastor roseus_Rosy Starling,,high,yes,"Pastor roseus, the Rose-coloured Pastor = Rosy Starling; same species.",engraved caption; Gould's text; Birds of Europe plate 212
III,56,,Rose-coloured Pastor (young),Pastor roseus,Pastor roseus,Rosy Starling,rossta2,eBird/Clements 2025,Q20823352,5845386,24208346AD77666E,Pastor roseus_Rosy Starling,,high,yes,Pastor roseus = Rosy Starling; the young of III.55.,engraved caption; Gould's text; Birds of Europe plate 212
III,57,,Raven,Corvus corax,Corvus corax,Common Raven,comrav,eBird/Clements 2025,Q25357,2482492,B9B272F40EE1570F,Corvus corax_Common Raven,,high,yes,Corvus corax = Common Raven; same species.,engraved caption; Gould's text; Birds of Europe plate 220
III,58,,Carrion-Crow,Corvus corone,Corvus corone,Carrion Crow,carcro1,eBird/Clements 2025,Q26198,9409796,26FB62DAE4262583,Corvus corone_Carrion Crow,,high,yes,"Corvus corone = Carrion Crow; same species, kept apart from the Hooded Crow (III.59) as eBird does.",engraved caption; Gould's text; Birds of Europe plate 221; the plate
III,59,,Hooded Crow,Corvus cornix,Corvus cornix,Hooded Crow,hoocro1,eBird/Clements 2025,Q25405,2482515,F13D8350,Corvus cornix_Hooded Crow,,high,yes,"Corvus cornix = Hooded Crow; a species of its own in eBird, as Gould had it.",engraved caption; Gould's text; Birds of Europe plate 222
III,60,,Rook,Corvus frugilegus,Corvus frugilegus,Rook,rook1,eBird/Clements 2025,Q25386,2482513,1078FFEA23D9DD25,Corvus frugilegus_Rook,,high,yes,Corvus frugilegus = Rook; same species.,engraved caption; Gould's text; Birds of Europe plate 224
III,61,,Jackdaw,Corvus monedula,Coloeus monedula,Eurasian Jackdaw,eurjac,eBird/Clements 2025,Q25345384,6100954,D4C32F8E792B65BA,Corvus monedula_Eurasian Jackdaw,,high,yes,"Corvus monedula = Eurasian Jackdaw, Coloeus monedula; same species, now in Coloeus.",engraved caption; Gould's text; Birds of Europe plate 223
III,62,,Chough,Fregilus graculus,Pyrrhocorax pyrrhocorax,Red-billed Chough,rebcho1,eBird/Clements 2025,Q643836,2482552,18D2C42A9AD30CD8,Pyrrhocorax pyrrhocorax_Red-billed Chough,,high,yes,"Fregilus graculus = Red-billed Chough, Pyrrhocorax pyrrhocorax, with its long curved red bill. Linnaeus's graculus now names the Yellow-billed Chough.",engraved caption; Gould's text; Birds of Europe plate 219; the plate
III,63,,Magpie,Pica caudata,Pica pica,Eurasian Magpie,eurmag1,eBird/Clements 2025,Q25307,5229490,FBBBA943D3AB65E8,Pica pica_Eurasian Magpie,,high,yes,"Pica caudata = Eurasian Magpie, Pica pica; same species, older name.",engraved caption; Gould's text; Birds of Europe plate 216
III,64,,Jay,Garrulus glandarius,Garrulus glandarius,Eurasian Jay,eurjay1,eBird/Clements 2025,Q25354,5229493,D8D10F2C5A9AA49F,Garrulus glandarius_Eurasian Jay,,high,yes,Garrulus glandarius = Eurasian Jay; same species.,engraved caption; Gould's text; Birds of Europe plate 214; the plate
III,65,,Nutcracker,Nucifraga caryocatactes,Nucifraga caryocatactes,Northern Nutcracker,eurnut3,eBird/Clements 2025,Q184820,2482613,,Nucifraga caryocatactes_Eurasian Nutcracker,,high,yes,"Nucifraga caryocatactes = Northern Nutcracker, the European bird, since eBird splits the Southern and Kashmir Nutcrackers.",engraved caption; Gould's text; Birds of Europe plate 213; the plate
III,66,,Nutcracker (young),Nucifraga caryocatactes,Nucifraga caryocatactes,Northern Nutcracker,eurnut3,eBird/Clements 2025,Q184820,2482613,,Nucifraga caryocatactes_Eurasian Nutcracker,,high,yes,Nucifraga caryocatactes = Northern Nutcracker; the young of III.65.,engraved caption; Gould's text; Birds of Europe plate 213
III,67,,Cuckoo,Cuculus canorus,Cuculus canorus,Common Cuckoo,comcuc,eBird/Clements 2025,Q18845,5231918,B3D2C3C5B73EC8E8,Cuculus canorus_Common Cuckoo,,high,yes,"Cuculus canorus = Common Cuckoo; the male drawn from life, and a young bird of the autumn in the background.",engraved caption; Gould's text; Birds of Europe plate 240; the plate
III,67,foster parent,,,Motacilla alba,White Wagtail,whiwag,eBird/Clements 2025,Q25399,9687165,400E032C4624AA36,Motacilla alba_White Wagtail,subspecies,high,no,"The foster parent feeding the young Cuckoo in the background ('being fed by a Wagtail', Gould) has a black back and bib and a white face: the Pied Wagtail, M. alba yarrellii (III.1). The caption names only the Cuckoo.",Gould's text; the plate
III,68,,Cuckoo (young ejecting infant Titlarks),Cuculus canorus,Cuculus canorus,Common Cuckoo,comcuc,eBird/Clements 2025,Q18845,5231918,B3D2C3C5B73EC8E8,Cuculus canorus_Common Cuckoo,,high,yes,Cuculus canorus = Common Cuckoo; the newly hatched young ejecting its nest-mates.,engraved caption; Gould's text; Birds of Europe plate 240; the plate
III,68,foster parent,,,Anthus pratensis,Meadow Pipit,meapip1,eBird/Clements 2025,Q26956,2490266,14873249B607CEB1,Anthus pratensis_Meadow Pipit,,high,no,"The 'infant Titlarks' of the List, and the streaked adult behind the nest, are the Cuckoo's host, the Meadow Pipit (Gould's Titlark, III.13). The caption names only the Cuckoo.",List of Plates; Gould's text; the plate
III,69,,Great Spotted Cuckoo,Oxylophus glandarius,Clamator glandarius,Great Spotted Cuckoo,grscuc1,eBird/Clements 2025,Q665363,2496464,3D67C56A490A60AE,Clamator glandarius_Great Spotted Cuckoo,,high,yes,"Oxylophus glandarius = Great Spotted Cuckoo, Clamator glandarius; same species, older genus.",engraved caption; Gould's text; Birds of Europe plate 241
III,70,,Great Spotted Woodpecker,Picus major,Dendrocopos major,Great Spotted Woodpecker,grswoo,eBird/Clements 2025,Q26209,2477968,D754DB8552A7AA42,Dendrocopos major_Great Spotted Woodpecker,,high,yes,"Picus major = Great Spotted Woodpecker, Dendrocopos major; same species, older genus.",engraved caption; Gould's text; Birds of Europe plate 229
III,71,,White-backed Woodpecker,Picus leuconotus,Dendrocopos leucotos,White-backed Woodpecker,whbwoo1,eBird/Clements 2025,Q207290,2477927,4507ACD713D16392,Dendrocopos leucotos_White-backed Woodpecker,,high,yes,"Picus leuconotus Bechst. = White-backed Woodpecker, Dendrocopos leucotos; same species.",engraved caption; Gould's text; Birds of Europe plate 228
III,72,,Lesser Spotted Woodpecker,Picus minor,Dryobates minor,Lesser Spotted Woodpecker,leswoo1,eBird/Clements 2025,Q184518,,AB2F4BC0659B6630,Dryobates minor_Lesser Spotted Woodpecker,,high,yes,"Picus minor = Lesser Spotted Woodpecker, Dryobates minor; same species, older genus.",engraved caption; Gould's text; Birds of Europe plate 231
III,73,,Great Black Woodpecker,Drycocopus martius,Dryocopus martius,Black Woodpecker,blawoo1,eBird/Clements 2025,Q143284,2477872,EDB4BBA6E765E593,Dryocopus martius_Black Woodpecker,,high,yes,"Dryocopus martius, the Great Black Woodpecker = Black Woodpecker; same species.",engraved caption; Gould's text; Birds of Europe plate 225
III,74,,"Green Woodpecker, or Yaffle",Gecinus viridis,Picus viridis,Eurasian Green Woodpecker,eugwoo2,eBird/Clements 2025,Q166171,2478523,A01014FF0A909DD8,Picus viridis_Eurasian Green Woodpecker,,high,yes,"Gecinus viridis, the Yaffle = Eurasian Green Woodpecker, Picus viridis; the British bird, not the Iberian Green Woodpecker eBird splits.",engraved caption; Gould's text; Birds of Europe plate 226
III,75,,Green Woodpecker (young),Gecinus viridis,Picus viridis,Eurasian Green Woodpecker,eugwoo2,eBird/Clements 2025,Q166171,2478523,A01014FF0A909DD8,Picus viridis_Eurasian Green Woodpecker,,high,yes,"Gecinus viridis = Eurasian Green Woodpecker, Picus viridis; the young of III.74.",engraved caption; Gould's text; Birds of Europe plate 226
III,76,,Wryneck,Yunx torquilla,Jynx torquilla,Eurasian Wryneck,eurwry,eBird/Clements 2025,Q25678,8012314,B2E6AB9FC2608DFA,Jynx torquilla_Eurasian Wryneck,,high,yes,"Yunx torquilla = Eurasian Wryneck, Jynx torquilla; same species.",engraved caption; Gould's text; Birds of Europe plate 233
IV,1,,"Wood-Pigeon, or Cushat",Palumbus torquatus,Columba palumbus,Common Wood-Pigeon,cowpig1,eBird/Clements 2025,Q26026,2495455,760F307A30689D66,Columba palumbus_Common Wood-Pigeon,,medium,no,"a draft from the survey of the folio: the List's name carried to a modern one, not yet reviewed; agrees with The Birds of Europe, plate 243",survey (sources/survey.csv)
IV,2,,Stock-Dove,Columba œnas,Columba oenas,Stock Dove,stodov1,eBird/Clements 2025,Q26140,2495471,68E4C0D1404A46D8,Columba oenas_Stock Dove,,medium,no,"a draft from the survey of the folio: the List's name carried to a modern one, not yet reviewed; agrees with The Birds of Europe, plate 244",survey (sources/survey.csv)
IV,3,,Rock-Pigeon,Columba livia,Columba livia,Rock Pigeon,rocpig,eBird/Clements 2025,Q42326,2495414,BBA263C235B15B88,Columba livia_Rock Pigeon,,medium,no,"a draft from the survey of the folio: the List's name carried to a modern one, not yet reviewed; agrees with The Birds of Europe, plate 245",survey (sources/survey.csv)
IV,4,,Turtle Dove,Turtur auritus,Streptopelia turtur,European Turtle-Dove,eutdov,eBird/Clements 2025,Q168514,2495708,5788552B694ED7B5,Streptopelia turtur_European Turtle-Dove,,medium,no,"a draft from the survey of the folio: the List's name carried to a modern one, not yet reviewed; agrees with The Birds of Europe, plate 246",survey (sources/survey.csv)
IV,5,,"Capercailzie, or Cock of the Wood",Tetrao urogallus,Tetrao urogallus,Western Capercaillie,wescap1,eBird/Clements 2025,Q129059,2473577,C3221EE24B948F50,Tetrao urogallus_Western Capercaillie,,medium,no,"a draft from the survey of the folio: the List's name carried to a modern one, not yet reviewed; agrees with The Birds of Europe, plate 248",survey (sources/survey.csv)
IV,6,,Blackcock,Tetrao tetrix,Lyrurus tetrix,Black Grouse,blagro1,eBird/Clements 2025,Q155878,2473682,D4441CD6E9C993EF,Lyrurus tetrix_Black Grouse,,medium,no,"a draft from the survey of the folio: the List's name carried to a modern one, not yet reviewed; agrees with The Birds of Europe, plate 250",survey (sources/survey.csv)
IV,7,,Red Grouse,Lagopus scoticus,Lagopus scotica,Red Grouse,wilpta1,eBird/Clements 2025,Q40655821,,57065B64D3BADA12,Lagopus lagopus_Willow Ptarmigan,,medium,no,"a draft from the survey of the folio: the List's name carried to a modern one, not yet reviewed; agrees with The Birds of Europe, plate 252; eBird 2025 splits Red Grouse from Willow Ptarmigan; BirdNET lumps in Willow Ptarmigan",survey (sources/survey.csv)
IV,8,,Ptarmigan,Lagopus mutus,Lagopus muta,Rock Ptarmigan,rocpta1,eBird/Clements 2025,Q205930,5227679,79B161B7017DD7ED,Lagopus muta_Rock Ptarmigan,,medium,no,"a draft from the survey of the folio: the List's name carried to a modern one, not yet reviewed; agrees with The Birds of Europe, plate 253",survey (sources/survey.csv)
IV,9,,Ptarmigan (summer plumage),Lagopus mutus,Lagopus muta,Rock Ptarmigan,rocpta1,eBird/Clements 2025,Q205930,5227679,79B161B7017DD7ED,Lagopus muta_Rock Ptarmigan,,medium,no,"a draft from the survey of the folio: the List's name carried to a modern one, not yet reviewed; agrees with The Birds of Europe, plate 253",survey (sources/survey.csv)
IV,10,,Ptarmigan (autumn plumage),Lagopus mutus,Lagopus muta,Rock Ptarmigan,rocpta1,eBird/Clements 2025,Q205930,5227679,79B161B7017DD7ED,Lagopus muta_Rock Ptarmigan,,medium,no,"a draft from the survey of the folio: the List's name carried to a modern one, not yet reviewed; agrees with The Birds of Europe, plate 253",survey (sources/survey.csv)
IV,11,,Pallas's Sand-Grouse,Syrrhaptes paradoxus,Syrrhaptes paradoxus,Pallas's Sandgrouse,palsan1,eBird/Clements 2025,Q128002,2480208,BDCB55F1196CAC6A,Syrrhaptes paradoxus_Pallas's Sandgrouse,,high,yes,,engraved caption on the leaf; pinned in Featherframe (gould_britain.yaml)
IV,12,,Common Pheasant,Phasianus colchicus,Phasianus colchicus,Ring-necked Pheasant,rinphe1,eBird/Clements 2025,Q25432,9752149,,Phasianus colchicus_Ring-necked Pheasant,,medium,no,"a draft from the survey of the folio: the List's name carried to a modern one, not yet reviewed; agrees with The Birds of Europe, plate 247",survey (sources/survey.csv)
IV,13,,Partridge,Perdix cinerea,Perdix perdix,Gray Partridge,grypar,eBird/Clements 2025,Q26106,2473958,C013A20E7F91419D,Perdix perdix_Gray Partridge,,medium,no,"a draft from the survey of the folio: the List's name carried to a modern one, not yet reviewed; agrees with The Birds of Europe, plate 262",survey (sources/survey.csv)
IV,14,,Red-legged Partridge,Caccabis rubra,Alectoris rufa,Red-legged Partridge,relpar1,eBird/Clements 2025,Q754863,2474051,F71E0BE60C5B3C98,Alectoris rufa_Red-legged Partridge,,medium,no,"a draft from the survey of the folio: the List's name carried to a modern one, not yet reviewed; agrees with The Birds of Europe, plate 260",survey (sources/survey.csv)
IV,15,,Common Quail,Coturnix communis,Coturnix coturnix,Common Quail,comqua1,eBird/Clements 2025,Q28358,2474156,CAFE345DCABD8BF8,Coturnix coturnix_Common Quail,,medium,no,"a draft from the survey of the folio: the List's name carried to a modern one, not yet reviewed; agrees with The Birds of Europe, plate 263",survey (sources/survey.csv)
IV,16,,Andalusian Turnix,Turnix africanus,Turnix sylvaticus,Small Buttonquail,smabut2,eBird/Clements 2025,Q18836,2475001,0DA8BB90D5401FDB,Turnix sylvaticus_Small Buttonquail,,medium,no,"a draft from the survey of the folio: the List's name carried to a modern one, not yet reviewed; agrees with The Birds of Europe, plate 264",survey (sources/survey.csv)
IV,17,,Great Bustard,Otis tarda,Otis tarda,Great Bustard,grebus1,eBird/Clements 2025,Q171655,2474921,C6F33176724AC933,,,medium,no,"a draft from the survey of the folio: the List's name carried to a modern one, not yet reviewed",survey (sources/survey.csv)
IV,18,,Little Bustard,Otis tetrax,Tetrax tetrax,Little Bustard,litbus1,eBird/Clements 2025,Q188601,5228228,56E3016D3370A6D5,Tetrax tetrax_Little Bustard,,medium,no,"a draft from the survey of the folio: the List's name carried to a modern one, not yet reviewed; agrees with The Birds of Europe, plate 269",survey (sources/survey.csv)
IV,19,,Common Crane,Grus cinerea,Grus grus,Common Crane,comcra,eBird/Clements 2025,Q4764,2474950,99B8841E764117B1,Grus grus_Common Crane,,medium,no,"a draft from the survey of the folio: the List's name carried to a modern one, not yet reviewed; agrees with The Birds of Europe, plate 270",survey (sources/survey.csv)
IV,20,,Heron,Ardea cinerea,Ardea cinerea,Gray Heron,graher1,eBird/Clements 2025,Q25273,9797180,6AC87967DC86D7EE,Ardea cinerea_Gray Heron,,medium,no,"a draft from the survey of the folio: the List's name carried to a modern one, not yet reviewed; agrees with The Birds of Europe, plate 273",survey (sources/survey.csv)
IV,21,,Purple Heron,Ardea purpurea,Ardea purpurea,Purple Heron,purher1,eBird/Clements 2025,Q160488,2480934,8D6CB009B4D20368,Ardea purpurea_Purple Heron,,medium,no,"a draft from the survey of the folio: the List's name carried to a modern one, not yet reviewed; agrees with The Birds of Europe, plate 274",survey (sources/survey.csv)
IV,22,,"Great White Egret, or White Heron",Herodias alba,Ardea alba,Great Egret,greegr,eBird/Clements 2025,Q130730,9752617,49D9148A171E7F2E,Ardea alba_Great Egret,,medium,no,"a draft from the survey of the folio: the List's name carried to a modern one, not yet reviewed; agrees with The Birds of Europe, plate 276",survey (sources/survey.csv)
IV,23,,Little Egret,Herodias garzetta,Egretta garzetta,Little Egret,litegr,eBird/Clements 2025,Q131709,2480876,A6E9EDE55D229ED9,Egretta garzetta_Little Egret,,medium,no,"a draft from the survey of the folio: the List's name carried to a modern one, not yet reviewed; agrees with The Birds of Europe, plate 277",survey (sources/survey.csv)
IV,24,,Buff-backed Heron,Bubulcus russatus,Ardea ibis,Western Cattle-Egret,categr1,eBird/Clements 2025,Q106447604,2480830,AB1CB216,Bubulcus ibis_Cattle Egret,,medium,no,"a draft from the survey of the folio: the List's name carried to a modern one, not yet reviewed",survey (sources/survey.csv)
IV,25,,Squacco Heron,Buphus comatus,Ardeola ralloides,Squacco Heron,squher1,eBird/Clements 2025,Q191394,2480906,CE73EBD7A90E9FCF,Ardeola ralloides_Squacco Heron,,medium,no,"a draft from the survey of the folio: the List's name carried to a modern one, not yet reviewed; agrees with The Birds of Europe, plate 275",survey (sources/survey.csv)
IV,26,,Night-Heron,Nycticorax griseus,Nycticorax nycticorax,Black-crowned Night Heron,bcnher,eBird/Clements 2025,Q126216,2480863,6BB94D7EA4D041A8,Nycticorax nycticorax_Black-crowned Night-Heron,,medium,no,"a draft from the survey of the folio: the List's name carried to a modern one, not yet reviewed; agrees with The Birds of Europe, plate 279",survey (sources/survey.csv)
IV,27,,Bittern,Botaurus stellaris,Botaurus stellaris,Eurasian Bittern,grebit1,eBird/Clements 2025,Q25709,2480910,0F42F11AC607C758,Botaurus stellaris_Great Bittern,,medium,no,"a draft from the survey of the folio: the List's name carried to a modern one, not yet reviewed; agrees with The Birds of Europe, plate 280",survey (sources/survey.csv)
IV,28,,American Bittern,Botaurus lentiginosus,Botaurus lentiginosus,American Bittern,amebit,eBird/Clements 2025,Q743017,2480911,13E9F9B48CD5A08A,Botaurus lentiginosus_American Bittern,,medium,no,"a draft from the survey of the folio: the List's name carried to a modern one, not yet reviewed; agrees with The Birds of Europe, plate 281",survey (sources/survey.csv)
IV,29,,Little Bittern,Ardetta minuta,Botaurus minutus,Little Bittern,litbit1,eBird/Clements 2025,Q25587867,2480850,7AAD57ACA1C4ECA9,Ixobrychus minutus_Little Bittern,,medium,no,"a draft from the survey of the folio: the List's name carried to a modern one, not yet reviewed",survey (sources/survey.csv)
IV,30,,Stork,Ciconia alba,Ciconia ciconia,White Stork,whisto1,eBird/Clements 2025,Q25352,2481912,28825494A08AFE5A,Ciconia ciconia_White Stork,,medium,no,"a draft from the survey of the folio: the List's name carried to a modern one, not yet reviewed; agrees with The Birds of Europe, plate 283",survey (sources/survey.csv)
IV,31,,Black Stork,Ciconia nigra,Ciconia nigra,Black Stork,blasto1,eBird/Clements 2025,Q25398,2481909,E2817DAE1B24B31E,Ciconia nigra_Black Stork,,medium,no,"a draft from the survey of the folio: the List's name carried to a modern one, not yet reviewed; agrees with The Birds of Europe, plate 284",survey (sources/survey.csv)
IV,32,,Spoonbill,Platalea leucorodia,Platalea leucorodia,Eurasian Spoonbill,eurspo1,eBird/Clements 2025,Q171360,2480801,A0A584C1E7D786FE,Platalea leucorodia_Eurasian Spoonbill,,medium,no,"a draft from the survey of the folio: the List's name carried to a modern one, not yet reviewed; agrees with The Birds of Europe, plate 286",survey (sources/survey.csv)
IV,33,,"Lapwing, or Peewit",Vanellus cristatus,Vanellus vanellus,Northern Lapwing,norlap,eBird/Clements 2025,Q25392,2480242,F029489ABD9D1334,Vanellus vanellus_Northern Lapwing,,medium,no,"a draft from the survey of the folio: the List's name carried to a modern one, not yet reviewed; agrees with The Birds of Europe, plate 291",survey (sources/survey.csv)
IV,34,,"Stilt, or Long-legged Plover",Himantopus candidus,Himantopus himantopus,Black-winged Stilt,bkwsti,eBird/Clements 2025,Q178821,5229126,AC6252CA7ACD600E,Himantopus himantopus_Black-winged Stilt,,medium,no,"a draft from the survey of the folio: the List's name carried to a modern one, not yet reviewed; agrees with The Birds of Europe, plate 289",survey (sources/survey.csv)
IV,35,,Thick-kneed Bustard,Œdicnemus crepitans,Burhinus oedicnemus,Eurasian Thick-knee,eutkne1,eBird/Clements 2025,Q184834,2482100,C7DB323E37CEDBE6,Burhinus oedicnemus_Eurasian Thick-knee,,medium,no,"a draft from the survey of the folio: the List's name carried to a modern one, not yet reviewed; agrees with The Birds of Europe, plate 288",survey (sources/survey.csv)
IV,36,,Grey Plover,Squatarola helvetica,Pluvialis squatarola,Black-bellied Plover,bkbplo,eBird/Clements 2025,Q18835,2480327,27903EF7E618A6A2,Pluvialis squatarola_Black-bellied Plover,,medium,no,"a draft from the survey of the folio: the List's name carried to a modern one, not yet reviewed; agrees with The Birds of Europe, plate 290",survey (sources/survey.csv)
IV,37,,Grey Plover (plumage of winter and young),Squatarola helvetica,Pluvialis squatarola,Black-bellied Plover,bkbplo,eBird/Clements 2025,Q18835,2480327,27903EF7E618A6A2,Pluvialis squatarola_Black-bellied Plover,,medium,no,"a draft from the survey of the folio: the List's name carried to a modern one, not yet reviewed; agrees with The Birds of Europe, plate 290; young",survey (sources/survey.csv)
IV,38,,Golden Plover (summer plumage),Charadrius pluvialis,Pluvialis apricaria,European Golden-Plover,eugplo,eBird/Clements 2025,Q21148,2480332,25A20BA6F7EA9D9A,Pluvialis apricaria_European Golden-Plover,,medium,no,"a draft from the survey of the folio: the List's name carried to a modern one, not yet reviewed; agrees with The Birds of Europe, plate 294",survey (sources/survey.csv)
IV,39,,Golden Plover (winter plumage),Charadrius pluvialis,Pluvialis apricaria,European Golden-Plover,eugplo,eBird/Clements 2025,Q21148,2480332,25A20BA6F7EA9D9A,Pluvialis apricaria_European Golden-Plover,,medium,no,"a draft from the survey of the folio: the List's name carried to a modern one, not yet reviewed; agrees with The Birds of Europe, plate 294",survey (sources/survey.csv)
IV,40,,Kentish Plover,Ægialophilus cantianus,Anarhynchus alexandrinus,Kentish Plover,kenplo1,eBird/Clements 2025,Q18855,2480311,0A787822FDD6B58C,Charadrius alexandrinus_Kentish Plover,,medium,no,"a draft from the survey of the folio: the List's name carried to a modern one, not yet reviewed",survey (sources/survey.csv)
IV,41,,Ringed Plover,Ægialitis hiaticula,Charadrius hiaticula,Common Ringed Plover,corplo,eBird/Clements 2025,Q26816,9566659,EDA37B7C5D4A25ED,Charadrius hiaticula_Common Ringed Plover,,medium,no,"a draft from the survey of the folio: the List's name carried to a modern one, not yet reviewed; agrees with The Birds of Europe, plate 296",survey (sources/survey.csv)
IV,42,,Little Ringed Plover,Ægialitis minor,Thinornis dubius,Little Ringed Plover,lirplo,eBird/Clements 2025,Q18851,7937336,35EC3BBF166AB032,Charadrius dubius_Little Ringed Plover,,medium,no,"a draft from the survey of the folio: the List's name carried to a modern one, not yet reviewed",survey (sources/survey.csv)
IV,43,,Dotterel,Eudromias morinellus,Eudromias morinellus,Eurasian Dotterel,eurdot,eBird/Clements 2025,Q202504,2480281,20BE9DF14579BD4A,Charadrius morinellus_Eurasian Dotterel,,medium,no,"a draft from the survey of the folio: the List's name carried to a modern one, not yet reviewed",survey (sources/survey.csv)
IV,44,,Cream-coloured Courser,Cursorius gallicus,Cursorius cursor,Cream-colored Courser,crccou1,eBird/Clements 2025,Q219199,2480740,DE0A72A7FA1E6DB7,,,medium,no,"a draft from the survey of the folio: the List's name carried to a modern one, not yet reviewed",survey (sources/survey.csv)
IV,45,,Oyster-catcher,Hæmatopus ostralegus,Haematopus ostralegus,Eurasian Oystercatcher,euroys1,eBird/Clements 2025,Q25928,7788295,ED66316522B99A30,Haematopus ostralegus_Eurasian Oystercatcher,,medium,no,"a draft from the survey of the folio: the List's name carried to a modern one, not yet reviewed; agrees with The Birds of Europe, plate 300",survey (sources/survey.csv)
IV,46,,Common Pratincole,Glareola pratincola,Glareola pratincola,Collared Pratincole,colpra,eBird/Clements 2025,Q330310,2480757,D56ABB4EE468E9EF,Glareola pratincola_Collared Pratincole,,medium,no,"a draft from the survey of the folio: the List's name carried to a modern one, not yet reviewed; agrees with The Birds of Europe, plate 265",survey (sources/survey.csv)
IV,47,,Glossy Ibis,Falcinellus igneus,Plegadis falcinellus,Glossy Ibis,gloibi,eBird/Clements 2025,Q178811,2480773,D4540F880A3EC3BB,Plegadis falcinellus_Glossy Ibis,,medium,no,"a draft from the survey of the folio: the List's name carried to a modern one, not yet reviewed; agrees with The Birds of Europe, plate 301",survey (sources/survey.csv)
IV,48,,Curlew,Numenius arquata,Numenius arquata,Eurasian Curlew,eurcur,eBird/Clements 2025,Q18854,2481792,3BB5CBA66CF48884,Numenius arquata_Eurasian Curlew,,medium,no,"a draft from the survey of the folio: the List's name carried to a modern one, not yet reviewed; agrees with The Birds of Europe, plate 302",survey (sources/survey.csv)
IV,49,,Whimbrel,Numenius phæopus,Numenius phaeopus,Eurasian Whimbrel,whimbr5,eBird/Clements 2025,Q18858,2481784,,Numenius phaeopus_Whimbrel,,medium,no,"a draft from the survey of the folio: the List's name carried to a modern one, not yet reviewed; agrees with The Birds of Europe, plate 303; eBird splits Whimbrel; the binomial stays with Eurasian Whimbrel",survey (sources/survey.csv)
IV,50,,Black-tailed Godwit,Limosa melanura,Limosa limosa,Black-tailed Godwit,bktgod,eBird/Clements 2025,Q18841,2481685,454B5CD5F5285B77,Limosa limosa_Black-tailed Godwit,,medium,no,"a draft from the survey of the folio: the List's name carried to a modern one, not yet reviewed; agrees with The Birds of Europe, plate 305",survey (sources/survey.csv)
IV,51,,Bar-tailed Godwit,Limosa rufa,Limosa lapponica,Bar-tailed Godwit,batgod,eBird/Clements 2025,Q18864,2481681,9A684C997C1AF1BA,Limosa lapponica_Bar-tailed Godwit,,medium,no,"a draft from the survey of the folio: the List's name carried to a modern one, not yet reviewed; agrees with The Birds of Europe, plate 306",survey (sources/survey.csv)
IV,52,,Avocet,Recurvirostra avocetta,Recurvirostra avosetta,Pied Avocet,pieavo1,eBird/Clements 2025,Q26147,2480259,C73ED2F5D88625BA,Recurvirostra avosetta_Pied Avocet,,medium,no,"a draft from the survey of the folio: the List's name carried to a modern one, not yet reviewed; agrees with The Birds of Europe, plate 308",survey (sources/survey.csv)
IV,53,,Greenshank,Glottis canescens,Tringa nebularia,Common Greenshank,comgre,eBird/Clements 2025,Q18840,2481726,18B415D28BBF934C,Tringa nebularia_Common Greenshank,,medium,no,"a draft from the survey of the folio: the List's name carried to a modern one, not yet reviewed; agrees with The Birds of Europe, plate 312",survey (sources/survey.csv)
IV,54,,Redshank,Totanus calidris,Tringa totanus,Common Redshank,comred1,eBird/Clements 2025,Q18859,2481714,D6BFC73A3E067711,Tringa totanus_Common Redshank,,medium,no,"a draft from the survey of the folio: the List's name carried to a modern one, not yet reviewed; agrees with The Birds of Europe, plate 310",survey (sources/survey.csv)
IV,55,,Spotted Redshank,Totanus fuscus,Tringa erythropus,Spotted Redshank,spored,eBird/Clements 2025,Q28103,2481725,0895DD84DB3A45D1,Tringa erythropus_Spotted Redshank,,medium,no,"a draft from the survey of the folio: the List's name carried to a modern one, not yet reviewed; agrees with The Birds of Europe, plate 309",survey (sources/survey.csv)
IV,56,,Green Sandpiper,Totanus ochropus,Tringa ochropus,Green Sandpiper,grnsan,eBird/Clements 2025,Q28450,2481728,A7B17EFC92B53D29,Tringa ochropus_Green Sandpiper,,medium,no,"a draft from the survey of the folio: the List's name carried to a modern one, not yet reviewed; agrees with The Birds of Europe, plate 315",survey (sources/survey.csv)
IV,57,,Wood-Sandpiper,Totanus glareola,Tringa glareola,Wood Sandpiper,woosan,eBird/Clements 2025,Q18837,2481713,8E67DC5F68BDF62C,Tringa glareola_Wood Sandpiper,,medium,no,"a draft from the survey of the folio: the List's name carried to a modern one, not yet reviewed; agrees with The Birds of Europe, plate 315",survey (sources/survey.csv)
IV,58,,Summer Snipe,Actitis hypoleucos,Actitis hypoleucos,Common Sandpiper,comsan,eBird/Clements 2025,Q18850,2481800,8548B07ECA48773F,Actitis hypoleucos_Common Sandpiper,,medium,no,"a draft from the survey of the folio: the List's name carried to a modern one, not yet reviewed; agrees with The Birds of Europe, plate 316",survey (sources/survey.csv)
IV,59,,Spotted Sandpiper,Actitis macularius,Actitis macularius,Spotted Sandpiper,sposan,eBird/Clements 2025,Q389691,,0D88C072E71FE4B8,Actitis macularius_Spotted Sandpiper,,medium,no,"a draft from the survey of the folio: the List's name carried to a modern one, not yet reviewed; agrees with The Birds of Europe, plate 317",survey (sources/survey.csv)
IV,60,,Turnstone,Strepsilas interpres,Arenaria interpres,Ruddy Turnstone,rudtur,eBird/Clements 2025,Q26892,2481776,DC3050A9771F2CE9,Arenaria interpres_Ruddy Turnstone,,medium,no,"a draft from the survey of the folio: the List's name carried to a modern one, not yet reviewed; agrees with The Birds of Europe, plate 318",survey (sources/survey.csv)
IV,61,,Ruff,Machetes pugnax,Calidris pugnax,Ruff,ruff,eBird/Clements 2025,Q28122714,8250742,2DABF98FBEEAB7BB,Calidris pugnax_Ruff,,medium,no,"a draft from the survey of the folio: the List's name carried to a modern one, not yet reviewed; agrees with The Birds of Europe, plate 325",survey (sources/survey.csv)
IV,62,,Ruff and Reeve in first-autumn plumage,Machetes pugnax,Calidris pugnax,Ruff,ruff,eBird/Clements 2025,Q28122714,8250742,2DABF98FBEEAB7BB,Calidris pugnax_Ruff,,medium,no,"a draft from the survey of the folio: the List's name carried to a modern one, not yet reviewed; agrees with The Birds of Europe, plate 325; young",survey (sources/survey.csv)
IV,63,,Bartram's Sandpiper,Actiturus Bartramius,Bartramia longicauda,Upland Sandpiper,uplsan,eBird/Clements 2025,Q530194,2481705,BF1DA86E0714FD01,Bartramia longicauda_Upland Sandpiper,,medium,no,"a draft from the survey of the folio: the List's name carried to a modern one, not yet reviewed; agrees with The Birds of Europe, plate 313",survey (sources/survey.csv)
IV,64,,Buff-breasted Sandpiper,Tryngites rufescens,Calidris subruficollis,Buff-breasted Sandpiper,bubsan,eBird/Clements 2025,Q27452709,8292425,3A3C62BC935BDA72,Calidris subruficollis_Buff-breasted Sandpiper,,medium,no,"a draft from the survey of the folio: the List's name carried to a modern one, not yet reviewed; agrees with The Birds of Europe, plate 326",survey (sources/survey.csv)
IV,65,,Knot,Tringa canutus,Calidris canutus,Red Knot,redkno,eBird/Clements 2025,Q27124,2481765,B5CE8FAD18923A94,Calidris canutus_Red Knot,,medium,no,"a draft from the survey of the folio: the List's name carried to a modern one, not yet reviewed; agrees with The Birds of Europe, plate 324",survey (sources/survey.csv)
IV,66,,Sanderling,Calidris arenaria,Calidris alba,Sanderling,sander,eBird/Clements 2025,Q58958,2481748,06B9BD243A756B28,Calidris alba_Sanderling,,medium,no,"a draft from the survey of the folio: the List's name carried to a modern one, not yet reviewed; agrees with The Birds of Europe, plate 335",survey (sources/survey.csv)
IV,67,,Pectoral Sandpiper,Limnocinclus pectoralis,Calidris melanotos,Pectoral Sandpiper,pecsan,eBird/Clements 2025,Q260716,2481744,ACC99F35F0E8F7EB,Calidris melanotos_Pectoral Sandpiper,,medium,no,"a draft from the survey of the folio: the List's name carried to a modern one, not yet reviewed; agrees with The Birds of Europe, plate 327",survey (sources/survey.csv)
IV,68,,Curlew Sandpiper,Ancylocheilus subarquata,Calidris ferruginea,Curlew Sandpiper,cursan,eBird/Clements 2025,Q62345,2481741,143A681C9BCE9A20,Calidris ferruginea_Curlew Sandpiper,,medium,no,"a draft from the survey of the folio: the List's name carried to a modern one, not yet reviewed; agrees with The Birds of Europe, plate 328",survey (sources/survey.csv)
IV,69,,Dunlin (summer plumage),Pelidna cinclus,Calidris alpina,Dunlin,dunlin,eBird/Clements 2025,Q26650,2481759,15369E8EB4CBD064,Calidris alpina_Dunlin,,medium,no,"a draft from the survey of the folio: the List's name carried to a modern one, not yet reviewed; agrees with The Birds of Europe, plate 329",survey (sources/survey.csv)
IV,70,,Dunlin (winter plumage),Pelidna cinclus,Calidris alpina,Dunlin,dunlin,eBird/Clements 2025,Q26650,2481759,15369E8EB4CBD064,Calidris alpina_Dunlin,,medium,no,"a draft from the survey of the folio: the List's name carried to a modern one, not yet reviewed; agrees with The Birds of Europe, plate 329",survey (sources/survey.csv)
IV,71,,Bonaparte's Sandpiper,Pelidna Bonapartei,Calidris fuscicollis,White-rumped Sandpiper,whrsan,eBird/Clements 2025,Q599749,2481756,153BA3069DFCDDCA,Calidris fuscicollis_White-rumped Sandpiper,,medium,no,"a draft from the survey of the folio: the List's name carried to a modern one, not yet reviewed; agrees with The Birds of Europe, plate 330",survey (sources/survey.csv)
IV,72,,Little Stint,Actodromas minuta,Calidris minuta,Little Stint,litsti,eBird/Clements 2025,Q27232,2481749,9936FF4AFB430504,Calidris minuta_Little Stint,,medium,no,"a draft from the survey of the folio: the List's name carried to a modern one, not yet reviewed; agrees with The Birds of Europe, plate 332",survey (sources/survey.csv)
IV,73,,Temminck's Stint,Leimonites Temminckii,Calidris temminckii,Temminck's Stint,temsti,eBird/Clements 2025,Q58921,2481740,5ACF7FB313BEF9EA,Calidris temminckii_Temminck's Stint,,medium,no,"a draft from the survey of the folio: the List's name carried to a modern one, not yet reviewed; agrees with The Birds of Europe, plate 333",survey (sources/survey.csv)
IV,74,,Purple Sandpiper,Arquatella maritima,Calidris maritima,Purple Sandpiper,pursan,eBird/Clements 2025,Q62359,2481743,0A0B84313ACFFB2F,Calidris maritima_Purple Sandpiper,,medium,no,"a draft from the survey of the folio: the List's name carried to a modern one, not yet reviewed; agrees with The Birds of Europe, plate 334",survey (sources/survey.csv)
IV,75,,Broad-billed Sandpiper,Limicola pygmæa,Calidris falcinellus,Broad-billed Sandpiper,brbsan,eBird/Clements 2025,Q28114227,7537888,0A14882F5F9F64E6,Calidris falcinellus_Broad-billed Sandpiper,,medium,no,"a draft from the survey of the folio: the List's name carried to a modern one, not yet reviewed; agrees with The Birds of Europe, plate 331",survey (sources/survey.csv)
IV,76,,Red-breasted or Brown Snipe,Macrorhamphus griseus,Limnodromus griseus,Short-billed Dowitcher,shbdow,eBird/Clements 2025,Q371633,2481672,4A3B2CFF53868550,Limnodromus griseus_Short-billed Dowitcher,,medium,no,"a draft from the survey of the folio: the List's name carried to a modern one, not yet reviewed; agrees with The Birds of Europe, plate 323; British records mostly Long-billed (scolopaceus); check plate",survey (sources/survey.csv)
IV,77,,Woodcock,Scolopax rusticola,Scolopax rusticola,Eurasian Woodcock,eurwoo,eBird/Clements 2025,Q26114,2481700,BFE14290EA4326FA,Scolopax rusticola_Eurasian Woodcock,,medium,no,"a draft from the survey of the folio: the List's name carried to a modern one, not yet reviewed; agrees with The Birds of Europe, plate 319",survey (sources/survey.csv)
IV,78,,Great Snipe,Gallinago major,Gallinago media,Great Snipe,gresni1,eBird/Clements 2025,Q27171,2481831,BCCD5840C7A6D538,Gallinago media_Great Snipe,,medium,no,"a draft from the survey of the folio: the List's name carried to a modern one, not yet reviewed; agrees with The Birds of Europe, plate 320",survey (sources/survey.csv)
IV,79,,Common Snipe,Gallinago scolopacina,Gallinago gallinago,Common Snipe,comsni,eBird/Clements 2025,Q25692,2481819,9151E0BA75761647,Gallinago gallinago_Common Snipe,,medium,no,"a draft from the survey of the folio: the List's name carried to a modern one, not yet reviewed; agrees with The Birds of Europe, plate 321",survey (sources/survey.csv)
IV,80,,Jack Snipe,Limnocryptes gallinula,Lymnocryptes minimus,Jack Snipe,jacsni,eBird/Clements 2025,Q26711,2481835,1A15F0C6B4948C52,Lymnocryptes minimus_Jack Snipe,,medium,no,"a draft from the survey of the folio: the List's name carried to a modern one, not yet reviewed; agrees with The Birds of Europe, plate 322",survey (sources/survey.csv)
IV,81,,Grey Phalarope (summer plumage),Phalaropus fulicarius,Phalaropus fulicarius,Red Phalarope,redpha1,eBird/Clements 2025,Q208335,5229390,18A1938091EEEA73,Phalaropus fulicarius_Red Phalarope,,medium,no,"a draft from the survey of the folio: the List's name carried to a modern one, not yet reviewed; agrees with The Birds of Europe, plate 337",survey (sources/survey.csv)
IV,82,,Grey Phalarope (winter plumage),Phalaropus fulicarius,Phalaropus fulicarius,Red Phalarope,redpha1,eBird/Clements 2025,Q208335,5229390,18A1938091EEEA73,Phalaropus fulicarius_Red Phalarope,,medium,no,"a draft from the survey of the folio: the List's name carried to a modern one, not yet reviewed; agrees with The Birds of Europe, plate 337",survey (sources/survey.csv)
IV,83,,Red-necked Phalarope,Lobipes hyperboreus,Phalaropus lobatus,Red-necked Phalarope,renpha,eBird/Clements 2025,Q206840,5739290,E6F3BA54577746FB,Phalaropus lobatus_Red-necked Phalarope,,medium,no,"a draft from the survey of the folio: the List's name carried to a modern one, not yet reviewed; agrees with The Birds of Europe, plate 336",survey (sources/survey.csv)
IV,84,,Coot,Fulica atra,Fulica atra,Eurasian Coot,eurcoo,eBird/Clements 2025,Q25376,2474377,B682B2A9C922D4C4,Fulica atra_Eurasian Coot,,medium,no,"a draft from the survey of the folio: the List's name carried to a modern one, not yet reviewed; agrees with The Birds of Europe, plate 338",survey (sources/survey.csv)
IV,85,,Moorhen,Gallinula chloropus,Gallinula chloropus,Eurasian Moorhen,commoo3,eBird/Clements 2025,Q18847,5228199,8F82FF8C30667D90,Gallinula chloropus_Eurasian Moorhen,,medium,no,"a draft from the survey of the folio: the List's name carried to a modern one, not yet reviewed; agrees with The Birds of Europe, plate 342",survey (sources/survey.csv)
IV,86,,Water-Rail,Rallus aquaticus,Rallus aquaticus,Water Rail,watrai1,eBird/Clements 2025,Q185099,2474831,DE1D2DF4456931FF,Rallus aquaticus_Water Rail,,medium,no,"a draft from the survey of the folio: the List's name carried to a modern one, not yet reviewed; agrees with The Birds of Europe, plate 339",survey (sources/survey.csv)
IV,87,,"Land-Rail, or Corn Crake",Crex pratensis,Crex crex,Corn Crake,corcra,eBird/Clements 2025,Q26017,4408498,7E2572426E200D08,Crex crex_Corn Crake,,medium,no,"a draft from the survey of the folio: the List's name carried to a modern one, not yet reviewed; agrees with The Birds of Europe, plate 341",survey (sources/survey.csv)
IV,88,,Spotted Crake,Porzana maruetta,Porzana porzana,Spotted Crake,spocra1,eBird/Clements 2025,Q194024,2474621,460708F99737A6A2,Porzana porzana_Spotted Crake,,medium,no,"a draft from the survey of the folio: the List's name carried to a modern one, not yet reviewed; agrees with The Birds of Europe, plate 343",survey (sources/survey.csv)
IV,89,,Baillon's Crake,Porzana pygmæa,Zapornia pusilla,Baillon's Crake,baicra1,eBird/Clements 2025,Q237670,,34D5B04DE53894FF,Zapornia pusilla_Baillon's Crake,,medium,no,"a draft from the survey of the folio: the List's name carried to a modern one, not yet reviewed; agrees with The Birds of Europe, plate 344",survey (sources/survey.csv)
IV,90,,Olivaceous Crake,Porzana minuta,Zapornia parva,Little Crake,litcra1,eBird/Clements 2025,Q270680,9272513,9106EBE6C0914933,Zapornia parva_Little Crake,,medium,no,"a draft from the survey of the folio: the List's name carried to a modern one, not yet reviewed; agrees with The Birds of Europe, plate 345",survey (sources/survey.csv)
V,1,,Grey Lag Goose,Anser ferus,Anser anser,Graylag Goose,gragoo,eBird/Clements 2025,Q25882,2498036,4AED44E819A43204,Anser anser_Graylag Goose,,medium,no,"a draft from the survey of the folio: the List's name carried to a modern one, not yet reviewed; agrees with The Birds of Europe, plate 347",survey (sources/survey.csv)
V,2,,Bean-Goose,Anser segetum,Anser fabalis,Taiga Bean-Goose,taibeg1,eBird/Clements 2025,Q26452,2498027,BDB497A352D152DB,Anser fabalis_Taiga Bean-Goose,,low,no,"a draft from the survey of the folio: the List's name carried to a modern one, not yet reviewed",survey (sources/survey.csv)
V,3,,Pink-footed Goose,Anser brachyrhynchus,Anser brachyrhynchus,Pink-footed Goose,pifgoo,eBird/Clements 2025,Q209419,2498024,AFA7EE7470F000E9,Anser brachyrhynchus_Pink-footed Goose,,high,yes,,engraved caption on the leaf; pinned in Featherframe (gould_britain.yaml)
V,4,,White-fronted Goose,Anser albifrons,Anser albifrons,Greater White-fronted Goose,gwfgoo,eBird/Clements 2025,Q172093,2498017,466E9077BE220EBE,Anser albifrons_Greater White-fronted Goose,,medium,no,"a draft from the survey of the folio: the List's name carried to a modern one, not yet reviewed; agrees with The Birds of Europe, plate 349",survey (sources/survey.csv)
V,5,,Bernicle Goose,Bernicla leucopsis,Branta leucopsis,Barnacle Goose,bargoo,eBird/Clements 2025,Q26680,5232464,3163ED86A508BB83,Branta leucopsis_Barnacle Goose,,medium,no,"a draft from the survey of the folio: the List's name carried to a modern one, not yet reviewed; agrees with The Birds of Europe, plate 350",survey (sources/survey.csv)
V,6,,Red-breasted Goose,Bernicla ruficollis,Branta ruficollis,Red-breasted Goose,rebgoo1,eBird/Clements 2025,Q187852,5232451,0D280B3F11B099B2,,,medium,no,"a draft from the survey of the folio: the List's name carried to a modern one, not yet reviewed",survey (sources/survey.csv)
V,7,,Brent Goose,Bernicla brenta,Branta bernicla,Brant,brant,eBird/Clements 2025,Q27050,5232446,3E04020B54C14FCC,Branta bernicla_Brant,,medium,no,"a draft from the survey of the folio: the List's name carried to a modern one, not yet reviewed; agrees with The Birds of Europe, plate 352",survey (sources/survey.csv)
V,8,,Mute Swan,Cygnus olor,Cygnus olor,Mute Swan,mutswa,eBird/Clements 2025,Q25402,2498343,694C127A5D849FFE,Cygnus olor_Mute Swan,,medium,no,"a draft from the survey of the folio: the List's name carried to a modern one, not yet reviewed; agrees with The Birds of Europe, plate 354",survey (sources/survey.csv)
V,9,,"Wild Swan, or Whooper",Cygnus ferus,Cygnus cygnus,Whooper Swan,whoswa,eBird/Clements 2025,Q25612,2498347,BDDB5670D2D20A55,Cygnus cygnus_Whooper Swan,,medium,no,"a draft from the survey of the folio: the List's name carried to a modern one, not yet reviewed; agrees with The Birds of Europe, plate 355",survey (sources/survey.csv)
V,10,,Bewick's Swan,Cygnus minor,Cygnus columbianus,Tundra Swan,tunswa,eBird/Clements 2025,Q26603,2498338,0BCBA6B9CC19E7BA,Cygnus columbianus_Tundra Swan,,medium,no,"a draft from the survey of the folio: the List's name carried to a modern one, not yet reviewed; agrees with The Birds of Europe, plate 356; subspecies (bewickii)",survey (sources/survey.csv)
V,11,,Sheldrake,Tadorna vulpanser,Tadorna tadorna,Common Shelduck,comshe,eBird/Clements 2025,Q25761,2498009,5EAB32D3007896F3,Tadorna tadorna_Common Shelduck,,medium,no,"a draft from the survey of the folio: the List's name carried to a modern one, not yet reviewed; agrees with The Birds of Europe, plate 357",survey (sources/survey.csv)
V,12,,Ruddy Sheldrake,Casarca rutila,Tadorna ferruginea,Ruddy Shelduck,rudshe,eBird/Clements 2025,Q170723,2498015,1F9D883EB44DEFD6,Tadorna ferruginea_Ruddy Shelduck,,medium,no,"a draft from the survey of the folio: the List's name carried to a modern one, not yet reviewed; agrees with The Birds of Europe, plate 358",survey (sources/survey.csv)
V,13,,Widgeon,Mareca penelope,Mareca penelope,Eurasian Wigeon,eurwig,eBird/Clements 2025,Q28106837,8000602,15EE0D3685082E13,Mareca penelope_Eurasian Wigeon,,medium,no,"a draft from the survey of the folio: the List's name carried to a modern one, not yet reviewed; agrees with The Birds of Europe, plate 359",survey (sources/survey.csv)
V,14,,Shoveller Duck,Spatula clypeata,Spatula clypeata,Northern Shoveler,norsho,eBird/Clements 2025,Q28106731,8332393,ED4CE8E7CFF43696,Spatula clypeata_Northern Shoveler,,medium,no,"a draft from the survey of the folio: the List's name carried to a modern one, not yet reviewed; agrees with The Birds of Europe, plate 360",survey (sources/survey.csv)
V,15,,"Mallard, or Wild Duck",Anas boschas,Anas platyrhynchos,Mallard,mallar3,eBird/Clements 2025,Q25348,9761484,85625D75F2524457,Anas platyrhynchos_Mallard,,medium,no,"a draft from the survey of the folio: the List's name carried to a modern one, not yet reviewed; agrees with The Birds of Europe, plate 361",survey (sources/survey.csv)
V,16,,Teal,Querquedula crecca,Anas crecca,Green-winged Teal,gnwtea,eBird/Clements 2025,Q25700,8214667,115F04DDF18F7CFF,Anas crecca_Green-winged Teal,,medium,no,"a draft from the survey of the folio: the List's name carried to a modern one, not yet reviewed; agrees with The Birds of Europe, plate 362",survey (sources/survey.csv)
V,17,,Garganey,Querquedula circia,Spatula querquedula,Garganey,gargan,eBird/Clements 2025,Q28106902,9274012,F577BA0F5BB7BD3F,Spatula querquedula_Garganey,,medium,no,"a draft from the survey of the folio: the List's name carried to a modern one, not yet reviewed; agrees with The Birds of Europe, plate 364",survey (sources/survey.csv)
V,18,,Pin-tailed Duck,Dafila acuta,Anas acuta,Northern Pintail,norpin,eBird/Clements 2025,Q25450,2498112,56CCA7179C9FA71D,Anas acuta_Northern Pintail,,medium,no,"a draft from the survey of the folio: the List's name carried to a modern one, not yet reviewed; agrees with The Birds of Europe, plate 365",survey (sources/survey.csv)
V,19,,Gadwall,Chaulelasmus strepera,Mareca strepera,Gadwall,gadwal,eBird/Clements 2025,Q28106966,9362027,C235A4D712BB8855,Mareca strepera_Gadwall,,medium,no,"a draft from the survey of the folio: the List's name carried to a modern one, not yet reviewed; agrees with The Birds of Europe, plate 366",survey (sources/survey.csv)
V,20,,Pochard,Nyroca ferina,Aythya ferina,Common Pochard,compoc,eBird/Clements 2025,Q26742,2498255,A96692E0C9F7508B,Aythya ferina_Common Pochard,,medium,no,"a draft from the survey of the folio: the List's name carried to a modern one, not yet reviewed; agrees with The Birds of Europe, plate 367",survey (sources/survey.csv)
V,21,,"White-eyed, or Ferruginous Duck",Nyroca leucophthalmos,Aythya nyroca,Ferruginous Duck,ferduc,eBird/Clements 2025,Q191723,2498259,7CF91527F5832F30,Aythya nyroca_Ferruginous Duck,,medium,no,"a draft from the survey of the folio: the List's name carried to a modern one, not yet reviewed; agrees with The Birds of Europe, plate 368",survey (sources/survey.csv)
V,22,,Red-crested Duck,Branta rufina,Netta rufina,Red-crested Pochard,recpoc,eBird/Clements 2025,Q244350,2498180,3EC2CDA952B4A18C,Netta rufina_Red-crested Pochard,,medium,no,"a draft from the survey of the folio: the List's name carried to a modern one, not yet reviewed; agrees with The Birds of Europe, plate 369",survey (sources/survey.csv)
V,23,,Tufted Duck,Fuligula cristata,Aythya fuligula,Tufted Duck,tufduc,eBird/Clements 2025,Q26444,2498261,67CEA1C1FC88F1DB,Aythya fuligula_Tufted Duck,,medium,no,"a draft from the survey of the folio: the List's name carried to a modern one, not yet reviewed; agrees with The Birds of Europe, plate 370",survey (sources/survey.csv)
V,24,,Scaup Duck,Fuligula marila,Aythya marila,Greater Scaup,gresca,eBird/Clements 2025,Q26635,2498265,25C94A8F90A829F7,Aythya marila_Greater Scaup,,medium,no,"a draft from the survey of the folio: the List's name carried to a modern one, not yet reviewed; agrees with The Birds of Europe, plate 371",survey (sources/survey.csv)
V,25,,Steller's Duck,Eniconetta Stelleri,Polysticta stelleri,Steller's Eider,steeid,eBird/Clements 2025,Q210954,5232431,BA07D0168474EB92,,,medium,no,"a draft from the survey of the folio: the List's name carried to a modern one, not yet reviewed",survey (sources/survey.csv)
V,26,,Eider Duck,Somateria mollissima,Somateria mollissima,Common Eider,comeid,eBird/Clements 2025,Q26696,2498352,B77377EEB852D0AF,Somateria mollissima_Common Eider,,medium,no,"a draft from the survey of the folio: the List's name carried to a modern one, not yet reviewed; agrees with The Birds of Europe, plate 374",survey (sources/survey.csv)
V,27,,King Duck,Somateria spectabilis,Somateria spectabilis,King Eider,kineid,eBird/Clements 2025,Q207846,2498350,F3D7491432CC59E7,Somateria spectabilis_King Eider,,medium,no,"a draft from the survey of the folio: the List's name carried to a modern one, not yet reviewed; agrees with The Birds of Europe, plate 375",survey (sources/survey.csv)
V,28,,Scoter,Oidemia nigra,Melanitta nigra,Common Scoter,blksco1,eBird/Clements 2025,Q27434,2498247,246981996A4998ED,Melanitta nigra_Common Scoter,,medium,no,"a draft from the survey of the folio: the List's name carried to a modern one, not yet reviewed; agrees with The Birds of Europe, plate 378",survey (sources/survey.csv)
V,29,,Velvet Scoter,Oidemia fusca,Melanitta fusca,Velvet Scoter,whwsco3,eBird/Clements 2025,Q201300,2498238,,Melanitta fusca_Velvet Scoter,,medium,no,"a draft from the survey of the folio: the List's name carried to a modern one, not yet reviewed; agrees with The Birds of Europe, plate 377",survey (sources/survey.csv)
V,30,,Surf Scoter,Oidemia perspicillata,Melanitta perspicillata,Surf Scoter,sursco,eBird/Clements 2025,Q742468,2498246,624078BAC17F8111,Melanitta perspicillata_Surf Scoter,,medium,no,"a draft from the survey of the folio: the List's name carried to a modern one, not yet reviewed; agrees with The Birds of Europe, plate 376",survey (sources/survey.csv)
V,31,,Golden-eye,Clangula glaucion,Bucephala clangula,Common Goldeneye,comgol,eBird/Clements 2025,Q29865,2498326,68EA281AF74846D2,Bucephala clangula_Common Goldeneye,,medium,no,"a draft from the survey of the folio: the List's name carried to a modern one, not yet reviewed; agrees with The Birds of Europe, plate 379",survey (sources/survey.csv)
V,32,,Harlequin Duck,Histrionicus torquatus,Histrionicus histrionicus,Harlequin Duck,harduc,eBird/Clements 2025,Q331179,2498224,BCBD2EAECA774B19,Histrionicus histrionicus_Harlequin Duck,,medium,no,"a draft from the survey of the folio: the List's name carried to a modern one, not yet reviewed; agrees with The Birds of Europe, plate 381",survey (sources/survey.csv)
V,33,,Long-tailed Duck,Harelda glacialis,Clangula hyemalis,Long-tailed Duck,lotduc,eBird/Clements 2025,Q26597,2498273,AF0C7BDEC7CEBAAC,Clangula hyemalis_Long-tailed Duck,,medium,no,"a draft from the survey of the folio: the List's name carried to a modern one, not yet reviewed; agrees with The Birds of Europe, plate 382",survey (sources/survey.csv)
V,34,,Goosander,Mergus castor,Mergus merganser,Common Merganser,commer,eBird/Clements 2025,Q180991,9537647,407E2CA886367DBB,Mergus merganser_Common Merganser,,medium,no,"a draft from the survey of the folio: the List's name carried to a modern one, not yet reviewed; agrees with The Birds of Europe, plate 384",survey (sources/survey.csv)
V,35,,Merganser,Mergus serrator,Mergus serrator,Red-breasted Merganser,rebmer,eBird/Clements 2025,Q189609,2498375,8DB64266A42FC19B,Mergus serrator_Red-breasted Merganser,,medium,no,"a draft from the survey of the folio: the List's name carried to a modern one, not yet reviewed; agrees with The Birds of Europe, plate 385",survey (sources/survey.csv)
V,36,,Hooded Merganser,Mergus cucullatus,Lophodytes cucullatus,Hooded Merganser,hoomer,eBird/Clements 2025,Q241349,2498408,60E6081E3DF8CFA4,Lophodytes cucullatus_Hooded Merganser,,medium,no,"a draft from the survey of the folio: the List's name carried to a modern one, not yet reviewed; agrees with The Birds of Europe, plate 386",survey (sources/survey.csv)
V,37,,"Smew, or Nun",Mergus albellus,Mergellus albellus,Smew,smew,eBird/Clements 2025,Q200646,2498285,F1F520368CC95F88,Mergellus albellus_Smew,,medium,no,"a draft from the survey of the folio: the List's name carried to a modern one, not yet reviewed; agrees with The Birds of Europe, plate 387",survey (sources/survey.csv)
V,38,,Great Crested Grebe,Podiceps cristatus,Podiceps cristatus,Great Crested Grebe,grcgre1,eBird/Clements 2025,Q25422,2482054,8F269702DC208010,Podiceps cristatus_Great Crested Grebe,,medium,no,"a draft from the survey of the folio: the List's name carried to a modern one, not yet reviewed; agrees with The Birds of Europe, plate 388",survey (sources/survey.csv)
V,39,,Red-necked Grebe,Podiceps rubricollis,Podiceps grisegena,Red-necked Grebe,rengre,eBird/Clements 2025,Q179919,2482051,1CBD2CED48B674A4,Podiceps grisegena_Red-necked Grebe,,medium,no,"a draft from the survey of the folio: the List's name carried to a modern one, not yet reviewed; agrees with The Birds of Europe, plate 389",survey (sources/survey.csv)
V,40,,Horned Grebe,Podiceps auritus,Podiceps auritus,Horned Grebe,horgre,eBird/Clements 2025,Q192058,2482059,018B316959E84738,Podiceps auritus_Horned Grebe,,medium,no,"a draft from the survey of the folio: the List's name carried to a modern one, not yet reviewed; agrees with The Birds of Europe, plate 390",survey (sources/survey.csv)
V,41,,Eared Grebe,Podiceps nigricollis,Podiceps nigricollis,Eared Grebe,eargre,eBird/Clements 2025,Q185183,2482065,32DCEC14D7AE129B,Podiceps nigricollis_Eared Grebe,,medium,no,"a draft from the survey of the folio: the List's name carried to a modern one, not yet reviewed; agrees with The Birds of Europe, plate 391",survey (sources/survey.csv)
V,42,,"Little Grebe, or Dabchick",Podiceps minor,Tachybaptus ruficollis,Little Grebe,litgre1,eBird/Clements 2025,Q25421,2482048,215FEA89A0F19F5C,Tachybaptus ruficollis_Little Grebe,,medium,no,"a draft from the survey of the folio: the List's name carried to a modern one, not yet reviewed; agrees with The Birds of Europe, plate 392",survey (sources/survey.csv)
V,43,,Great Northern Diver,Colymbus glacialis,Gavia immer,Common Loon,comloo,eBird/Clements 2025,Q190342,2481962,7E02237895784E9A,Gavia immer_Common Loon,,medium,no,"a draft from the survey of the folio: the List's name carried to a modern one, not yet reviewed; agrees with The Birds of Europe, plate 393",survey (sources/survey.csv)
V,44,,Black-throated Diver,Colymbus arcticus,Gavia arctica,Arctic Loon,arcloo,eBird/Clements 2025,Q184432,2481959,CA5852BE6E617DBD,Gavia arctica_Arctic Loon,,medium,no,"a draft from the survey of the folio: the List's name carried to a modern one, not yet reviewed; agrees with The Birds of Europe, plate 394",survey (sources/survey.csv)
V,45,,Red-throated Diver,Colymbus septentrionalis,Gavia stellata,Red-throated Loon,retloo,eBird/Clements 2025,Q26691,2481958,6C50988A5445ED76,Gavia stellata_Red-throated Loon,,medium,no,"a draft from the survey of the folio: the List's name carried to a modern one, not yet reviewed; agrees with The Birds of Europe, plate 395",survey (sources/survey.csv)
V,46,,Great Auk,Alca impennis,Pinguinus impennis,Great Auk,greauk,eBird/Clements 2025,Q189193,5229273,57D2F32E062CB366,,,medium,no,"a draft from the survey of the folio: the List's name carried to a modern one, not yet reviewed; extinct",survey (sources/survey.csv)
V,47,,Razorbill,Alca torda,Alca torda,Razorbill,razorb,eBird/Clements 2025,Q27102,8277073,64F4DD81371B269F,Alca torda_Razorbill,,medium,no,"a draft from the survey of the folio: the List's name carried to a modern one, not yet reviewed; agrees with The Birds of Europe, plate 401",survey (sources/survey.csv)
V,48,,Common Guillemot,Uria troile,Uria aalge,Common Murre,commur,eBird/Clements 2025,Q21062,2481342,39F29B55EF9A542F,Uria aalge_Common Murre,,medium,no,"a draft from the survey of the folio: the List's name carried to a modern one, not yet reviewed; agrees with The Birds of Europe, plate 396",survey (sources/survey.csv)
V,49,,Black Guillemot,Uria grylle,Cepphus grylle,Black Guillemot,blkgui,eBird/Clements 2025,Q212055,2481312,B5AA5952E13FE5F3,Cepphus grylle_Black Guillemot,,medium,no,"a draft from the survey of the folio: the List's name carried to a modern one, not yet reviewed; agrees with The Birds of Europe, plate 399",survey (sources/survey.csv)
V,50,,Little Auk,Mergulus alle,Alle alle,Dovekie,doveki,eBird/Clements 2025,Q26470,2481299,B0932D89F1F74318,,,medium,no,"a draft from the survey of the folio: the List's name carried to a modern one, not yet reviewed",survey (sources/survey.csv)
V,51,,Puffin,Fratercula arctica,Fratercula arctica,Atlantic Puffin,atlpuf,eBird/Clements 2025,Q26685,2481353,2771624B64AD7F2C,Fratercula arctica_Atlantic Puffin,,medium,no,"a draft from the survey of the folio: the List's name carried to a modern one, not yet reviewed; agrees with The Birds of Europe, plate 403",survey (sources/survey.csv)
V,52,,Cormorant,Phalacrocorax carbo,Phalacrocorax carbo,Great Cormorant,grecor,eBird/Clements 2025,Q25440,2481890,ACD40E8C3CC720BF,Phalacrocorax carbo_Great Cormorant,,medium,no,"a draft from the survey of the folio: the List's name carried to a modern one, not yet reviewed; agrees with The Birds of Europe, plate 407",survey (sources/survey.csv)
V,53,,"Crested Cormorant, or Shag",Phalacrocorax graculus,Gulosus aristotelis,European Shag,eursha1,eBird/Clements 2025,Q83020448,2481861,CECC7B264A61BD22,,,medium,no,"a draft from the survey of the folio: the List's name carried to a modern one, not yet reviewed",survey (sources/survey.csv)
V,54,,"Gannet, or Solan Goose",Sula bassana,Morus bassanus,Northern Gannet,norgan,eBird/Clements 2025,Q26675,2480964,534FB490884C6D33,Morus bassanus_Northern Gannet,,medium,no,"a draft from the survey of the folio: the List's name carried to a modern one, not yet reviewed; agrees with The Birds of Europe, plate 412",survey (sources/survey.csv)
V,55,,Great Black-backed Gull,Larus marinus,Larus marinus,Great Black-backed Gull,gbbgul,eBird/Clements 2025,Q26629,2481172,E826E9F3FBAED223,Larus marinus_Great Black-backed Gull,,medium,no,"a draft from the survey of the folio: the List's name carried to a modern one, not yet reviewed; agrees with The Birds of Europe, plate 430",survey (sources/survey.csv)
V,56,,Lesser Black-backed Gull,Larus fuscus,Larus fuscus,Lesser Black-backed Gull,lbbgul,eBird/Clements 2025,Q27160,2481174,49025D8B171EFAD7,Larus fuscus_Lesser Black-backed Gull,,medium,no,"a draft from the survey of the folio: the List's name carried to a modern one, not yet reviewed; agrees with The Birds of Europe, plate 431",survey (sources/survey.csv)
V,57,,Glaucous Gull,Larus glaucus,Larus hyperboreus,Glaucous Gull,glagul,eBird/Clements 2025,Q27375,2481127,A59FA446D6B40057,Larus hyperboreus_Glaucous Gull,,medium,no,"a draft from the survey of the folio: the List's name carried to a modern one, not yet reviewed; agrees with The Birds of Europe, plate 432",survey (sources/survey.csv)
V,58,,Iceland Gull,Larus islandicus,Larus glaucoides,Iceland Gull,y00478,eBird/Clements 2025,Q174232,2481156,FB4FCB27,Larus glaucoides_Iceland Gull,,medium,no,"a draft from the survey of the folio: the List's name carried to a modern one, not yet reviewed; agrees with The Birds of Europe, plate 433",survey (sources/survey.csv)
V,59,,Herring-Gull,Larus argentatus,Larus argentatus,European Herring Gull,euhgul1,eBird/Clements 2025,Q28236,2481139,,Larus argentatus_Herring Gull,,medium,no,"a draft from the survey of the folio: the List's name carried to a modern one, not yet reviewed; agrees with The Birds of Europe, plate 434; eBird splits Herring Gull; the binomial stays with European Herring Gull",survey (sources/survey.csv)
V,60,,Common Gull,Larus canus,Larus canus,Common Gull,mewgul,eBird/Clements 2025,Q26427,7982160,00DA9D9151189271,Larus canus_Common Gull,,medium,no,"a draft from the survey of the folio: the List's name carried to a modern one, not yet reviewed; agrees with The Birds of Europe, plate 437",survey (sources/survey.csv)
V,61,,Kittiwake,Rissa tridactyla,Rissa tridactyla,Black-legged Kittiwake,bklkit,eBird/Clements 2025,Q26612,2481205,FB4D08F0837D4683,Rissa tridactyla_Black-legged Kittiwake,,medium,no,"a draft from the survey of the folio: the List's name carried to a modern one, not yet reviewed; agrees with The Birds of Europe, plate 435",survey (sources/survey.csv)
V,62,,Ivory Gull,Pagophila eburnea,Pagophila eburnea,Ivory Gull,ivogul,eBird/Clements 2025,Q723064,2481202,FED91A1F00C4E67C,,,medium,no,"a draft from the survey of the folio: the List's name carried to a modern one, not yet reviewed",survey (sources/survey.csv)
V,63,,Ross's Gull,Rhodostethia Rossii,Rhodostethia rosea,Ross's Gull,rosgul,eBird/Clements 2025,Q747817,2481218,4CD353D243C27F86,Rhodostethia rosea_Ross's Gull,,high,yes,,engraved caption on the leaf; pinned in Featherframe (gould_britain.yaml)
V,64,,Black-headed Gull,Chroicocephalus ridibundus,Chroicocephalus ridibundus,Black-headed Gull,bkhgul,eBird/Clements 2025,Q25634,6065824,FB02DD9658CC1EC6,Chroicocephalus ridibundus_Black-headed Gull,,medium,no,"a draft from the survey of the folio: the List's name carried to a modern one, not yet reviewed; agrees with The Birds of Europe, plate 425",survey (sources/survey.csv)
V,65,,Bonaparte's Gull,Chroicocephalus philadelphia,Chroicocephalus philadelphia,Bonaparte's Gull,bongul,eBird/Clements 2025,Q629525,6065818,0337440E2A88E638,Chroicocephalus philadelphia_Bonaparte's Gull,,medium,no,"a draft from the survey of the folio: the List's name carried to a modern one, not yet reviewed",survey (sources/survey.csv)
V,66,,Little Gull,Hydrocolœus minutus,Hydrocoloeus minutus,Little Gull,litgul,eBird/Clements 2025,Q164467,6065841,F89FD6E3A367C008,Hydrocoloeus minutus_Little Gull,,medium,no,"a draft from the survey of the folio: the List's name carried to a modern one, not yet reviewed; agrees with The Birds of Europe, plate 428",survey (sources/survey.csv)
V,67,,Sabine's Gull,Xema Sabini,Xema sabini,Sabine's Gull,sabgul,eBird/Clements 2025,Q212047,2481221,86182656472B476B,Xema sabini_Sabine's Gull,,medium,no,"a draft from the survey of the folio: the List's name carried to a modern one, not yet reviewed; agrees with The Birds of Europe, plate 429",survey (sources/survey.csv)
V,68,,Caspian Tern,Hydroprogne caspia,Hydroprogne caspia,Caspian Tern,caster1,eBird/Clements 2025,Q27129,2481236,BC06BC0D1056BC7B,Hydroprogne caspia_Caspian Tern,,medium,no,"a draft from the survey of the folio: the List's name carried to a modern one, not yet reviewed; agrees with The Birds of Europe, plate 414",survey (sources/survey.csv)
V,69,,Sandwich Tern,Actochelidon cantiaca,Thalasseus sandvicensis,Sandwich Tern,santer1,eBird/Clements 2025,Q27547,2481240,04B49AE78FFF9B68,Thalasseus sandvicensis_Sandwich Tern,,medium,no,"a draft from the survey of the folio: the List's name carried to a modern one, not yet reviewed; agrees with The Birds of Europe, plate 415",survey (sources/survey.csv)
V,70,,Common Tern,Sterna hirundo,Sterna hirundo,Common Tern,comter,eBird/Clements 2025,Q18875,9367409,4D2FF6F13790ED7E,Sterna hirundo_Common Tern,,medium,no,"a draft from the survey of the folio: the List's name carried to a modern one, not yet reviewed; agrees with The Birds of Europe, plate 417",survey (sources/survey.csv)
V,71,,Roseate Tern,Sterna paradisea,Sterna dougallii,Roseate Tern,roster,eBird/Clements 2025,Q321293,5229249,74236837A4AFD042,Sterna dougallii_Roseate Tern,,medium,no,"a draft from the survey of the folio: the List's name carried to a modern one, not yet reviewed; agrees with The Birds of Europe, plate 418; Latin trap: Gould's paradisea is today's Roseate",survey (sources/survey.csv)
V,72,,Arctic Tern,Sterna macrura,Sterna paradisaea,Arctic Tern,arcter,eBird/Clements 2025,Q26800,5229230,BDC5CF80BE6CFC21,Sterna paradisaea_Arctic Tern,,medium,no,"a draft from the survey of the folio: the List's name carried to a modern one, not yet reviewed; agrees with The Birds of Europe, plate 419; Latin trap: Gould's macrura is today's Arctic (paradisaea)",survey (sources/survey.csv)
V,73,,Little Tern,Sternula minuta,Sternula albifrons,Little Tern,litter1,eBird/Clements 2025,Q12267692,5789279,17310BF0FE9BAC8A,Sternula albifrons_Little Tern,,medium,no,"a draft from the survey of the folio: the List's name carried to a modern one, not yet reviewed; agrees with The Birds of Europe, plate 420",survey (sources/survey.csv)
V,74,,Gull-billed Tern,Gelochelidon anglica,Gelochelidon nilotica,Gull-billed Tern,gubter2,eBird/Clements 2025,Q18834,2481263,,Gelochelidon nilotica_Gull-billed Tern,,medium,no,"a draft from the survey of the folio: the List's name carried to a modern one, not yet reviewed; agrees with The Birds of Europe, plate 416",survey (sources/survey.csv)
V,75,,Black Tern,Hydrochelidon nigra,Chlidonias niger,Black Tern,blkter,eBird/Clements 2025,Q27215,2481119,115AF02DD58018FB,Chlidonias niger_Black Tern,,medium,no,"a draft from the survey of the folio: the List's name carried to a modern one, not yet reviewed; agrees with The Birds of Europe, plate 422",survey (sources/survey.csv)
V,76,,White-winged Tern,Hydrochelidon leucoptera,Chlidonias leucopterus,White-winged Tern,whwter,eBird/Clements 2025,Q241753,2481120,43CAAEE3B0D305D9,Chlidonias leucopterus_White-winged Tern,,medium,no,"a draft from the survey of the folio: the List's name carried to a modern one, not yet reviewed; agrees with The Birds of Europe, plate 423",survey (sources/survey.csv)
V,77,,Whiskered Tern,Hydrochelidon leucopareia,Chlidonias hybrida,Whiskered Tern,whiter2,eBird/Clements 2025,Q233616,2481121,7AB4E42B260B5954,Chlidonias hybrida_Whiskered Tern,,medium,no,"a draft from the survey of the folio: the List's name carried to a modern one, not yet reviewed; agrees with The Birds of Europe, plate 424",survey (sources/survey.csv)
V,78,,Great Skua,Stercorarius catarrhactes,Stercorarius skua,Great Skua,gresku1,eBird/Clements 2025,Q207760,2481618,BB041C6E5DB73FC7,Stercorarius skua_Great Skua,,medium,no,"a draft from the survey of the folio: the List's name carried to a modern one, not yet reviewed; agrees with The Birds of Europe, plate 439",survey (sources/survey.csv)
V,79,,Pomatorhine Skua,Stercorarius pomatorhinus,Stercorarius pomarinus,Pomarine Jaeger,pomjae,eBird/Clements 2025,Q212767,2481609,7CB8F5B711DE64D0,Stercorarius pomarinus_Pomarine Jaeger,,medium,no,"a draft from the survey of the folio: the List's name carried to a modern one, not yet reviewed; agrees with The Birds of Europe, plate 440",survey (sources/survey.csv)
V,80,,Arctic Skua,Stercorarius parasiticus,Stercorarius parasiticus,Parasitic Jaeger,parjae,eBird/Clements 2025,Q203053,2481621,39086887E9EAFEB3,Stercorarius parasiticus_Parasitic Jaeger,,medium,no,"a draft from the survey of the folio: the List's name carried to a modern one, not yet reviewed; agrees with The Birds of Europe, plate 441",survey (sources/survey.csv)
V,81,,Long-tailed Skua,Stercorarius longicaudus,Stercorarius longicaudus,Long-tailed Jaeger,lotjae,eBird/Clements 2025,Q216921,2481613,1D4464402EC9FD21,Stercorarius longicaudus_Long-tailed Jaeger,,medium,no,"a draft from the survey of the folio: the List's name carried to a modern one, not yet reviewed; agrees with The Birds of Europe, plate 442",survey (sources/survey.csv)
V,82,,Fulmar,Procellaria glacialis,Fulmarus glacialis,Northern Fulmar,norful,eBird/Clements 2025,Q26896,2481433,049D9AEA4AFBFDFA,Fulmarus glacialis_Northern Fulmar,,medium,no,"a draft from the survey of the folio: the List's name carried to a modern one, not yet reviewed; agrees with The Birds of Europe, plate 446",survey (sources/survey.csv)
V,83,,Great Shearwater,Puffinus major,Ardenna gravis,Great Shearwater,greshe,eBird/Clements 2025,Q27074609,8596590,8B879DFA2AFB1481,,,medium,no,"a draft from the survey of the folio: the List's name carried to a modern one, not yet reviewed",survey (sources/survey.csv)
V,84,,Manx Shearwater,Puffinus anglorum,Puffinus puffinus,Manx Shearwater,manshe,eBird/Clements 2025,Q208405,5229380,5AEDC00231A5201C,Puffinus puffinus_Manx Shearwater,,medium,no,"a draft from the survey of the folio: the List's name carried to a modern one, not yet reviewed; agrees with The Birds of Europe, plate 443",survey (sources/survey.csv)
V,85,,Forked-tailed Storm-Petrel,Thalassidroma Leachii,Hydrobates leucorhous,Leach's Storm-Petrel,lcspet,eBird/Clements 2025,Q211986,2482012,05E98392444BE5C7,Hydrobates leucorhous_Leach's Storm-Petrel,,medium,no,"a draft from the survey of the folio: the List's name carried to a modern one, not yet reviewed; agrees with The Birds of Europe, plate 447",survey (sources/survey.csv)
V,86,,Storm-Petrel,Thalassidroma pelagica,Hydrobates pelagicus,European Storm-Petrel,bripet,eBird/Clements 2025,Q27461,4408455,E1638A370D09095C,Hydrobates pelagicus_European Storm-Petrel,,medium,no,"a draft from the survey of the folio: the List's name carried to a modern one, not yet reviewed; agrees with The Birds of Europe, plate 448",survey (sources/survey.csv)
