plate,figure,printed_name,printed_latin,scientific,common,ebird_code,taxonomy,wikidata,gbif,avibase,birdnet_label,form,confidence,caption_checked,reason,sources
1,,Wild Turkey,Meleagris gallopavo,Meleagris gallopavo,Wild Turkey,wiltur,eBird/Clements 2025,Q26844,9606290,9C5ED06A51A9FFEE,Meleagris gallopavo_Wild Turkey,,high,,Audubon's “Wild Turkey” (Meleagris gallopavo) is today's Wild Turkey; same binomial. The hen and young are plate 6.,Featherframe havell.yaml; plate title from audubon.org
2,,Yellow-billed Cuckoo,Coccyzus americanus,Coccyzus americanus,Yellow-billed Cuckoo,yebcuc,eBird/Clements 2025,Q852265,2496287,0CF12F8155708DC8,Coccyzus americanus_Yellow-billed Cuckoo,,high,,Audubon's “Yellow-billed Cuckoo” (Coccyzus americanus) is today's Yellow-billed Cuckoo; same binomial.,Featherframe havell.yaml; plate title from audubon.org
3,,Prothonotary Warbler,Sylvia protonotarius,Protonotaria citrea,Prothonotary Warbler,prowar,eBird/Clements 2025,Q206535,2489871,4D08EE7E80D2E275,Protonotaria citrea_Prothonotary Warbler,,high,,"Audubon's “Prothonotary Warbler” (Sylvia protonotarius) is today's Prothonotary Warbler, Protonotaria citrea; protonotarius is a later synonym of citrea.",Featherframe havell.yaml; plate title from audubon.org
4,,Purple Finch,Fringilla purpurea,Haemorhous purpureus,Purple Finch,purfin,eBird/Clements 2025,Q27075782,7804446,B4EE123DE4241449,Haemorhous purpureus_Purple Finch,,high,,"Audubon's “Purple Finch” (Fringilla purpurea) is today's Purple Finch, Haemorhous purpureus; same species, older genus.",Featherframe havell.yaml; plate title from audubon.org
5,,Bonaparte's Flycatcher,Muscicapa bonapartii,Cardellina canadensis,Canada Warbler,canwar,eBird/Clements 2025,Q27076004,6091946,F2D675AFB11EEEFF,Cardellina canadensis_Canada Warbler,variant,high,,"Audubon's “Bonaparte's Flycatcher” (Muscicapa bonapartii), which he named as a species, is a Canada Warbler in its first autumn; its main plate is 103.",audubon.org; Wikimedia Commons
6,,Great American Hen & Young,Meleagris gallopavo,Meleagris gallopavo,Wild Turkey,wiltur,eBird/Clements 2025,Q26844,9606290,9C5ED06A51A9FFEE,Meleagris gallopavo_Wild Turkey,,high,,Audubon's “Great American Hen & Young” is the Wild Turkey hen and young; the male is plate 1,audubon.org; Wikimedia Commons
7,,"Purple Grakle, or Common Crow Blackbird",Quiscalus versicolor,Quiscalus quiscula,Common Grackle,comgra,eBird/Clements 2025,Q1424486,2484155,8BBB3255C6B7EE91,Quiscalus quiscula_Common Grackle,,high,,"Audubon's “Purple Grakle, or Common Crow Blackbird” is today's Common Grackle",Featherframe havell.yaml; plate title from audubon.org
8,,White-throated Sparrow,Fringilla pensylvanica,Zonotrichia albicollis,White-throated Sparrow,whtspa,eBird/Clements 2025,Q754880,5231140,39BD9FF20A9613C4,Zonotrichia albicollis_White-throated Sparrow,,high,,"Audubon's “White-throated Sparrow” (Fringilla pensylvanica) is today's White-throated Sparrow, Zonotrichia albicollis; Latham's pensylvanica is a synonym of albicollis.",Featherframe havell.yaml; plate title from audubon.org
9,,Selby's Fly catcher,Muscicapa selbii,Setophaga citrina,Hooded Warbler,hoowar,eBird/Clements 2025,Q27075904,6093374,15EB30007E1908FD,Setophaga citrina_Hooded Warbler,variant,high,,"Audubon's “Selby's Fly catcher” (Muscicapa selbii), which he named as a species, is a young Hooded Warbler without the hood; its main plate is 110.",audubon.org; Wikimedia Commons
10,,Brown Lark,Anthus aquaticus,Anthus rubescens,American Pipit,amepip,eBird/Clements 2025,Q871527,2490263,CDA2E56B,Anthus rubescens_American Pipit,,high,,Audubon's “Brown Lark” (Anthus aquaticus) is today's American Pipit.,engraved title; Featherframe havell.yaml; audubon.org
11,,Bird of Washington,Falco washingtonii,,,,,,,,,,none,,"Audubon's eagle, which he took for a new species. Most authorities take it for a large immature Bald Eagle; no specimen survives to settle it.",
12,,Baltimore Oriole,Icterus baltimore,Icterus galbula,Baltimore Oriole,balori,eBird/Clements 2025,Q805774,2484340,E4B3332D6979E6BD,Icterus galbula_Baltimore Oriole,,high,,"Audubon's “Baltimore Oriole” (Icterus baltimore) is today's Baltimore Oriole, Icterus galbula; Daudin's baltimore is a synonym of galbula.",Featherframe havell.yaml; plate title from audubon.org
13,,Snow Bird,Fringilla nivalis,Junco hyemalis,Dark-eyed Junco,daejun,eBird/Clements 2025,Q525818,9362842,F8AFCAC715964EEB,Junco hyemalis_Dark-eyed Junco,,high,,Audubon's “Snow Bird” is today's Dark-eyed Junco,Featherframe havell.yaml; plate title from audubon.org
14,,Prairie Warbler,Sylvia discolor,Setophaga discolor,Prairie Warbler,prawar,eBird/Clements 2025,Q27075937,7341789,E36325FA08B46EEF,Setophaga discolor_Prairie Warbler,,high,,"Audubon's “Prairie Warbler” (Sylvia discolor) is today's Prairie Warbler, Setophaga discolor; same species, older genus.",Featherframe havell.yaml; plate title from audubon.org
15,,Blue Yellow back Warbler,Sylvia americana,Setophaga americana,Northern Parula,norpar,eBird/Clements 2025,Q27075910,6093345,41062654293EB4E1,Setophaga americana_Northern Parula,,high,,Audubon's “Blue Yellow back Warbler” (Sylvia americana) is today's Northern Parula.,engraved title; Featherframe havell.yaml; audubon.org
16,,Great-footed Hawk,Falco peregrinus,Falco peregrinus,Peregrine Falcon,perfal,eBird/Clements 2025,Q30535,2481047,C7F1C08CB3F7F2DA,Falco peregrinus_Peregrine Falcon,,high,,Audubon's “Great-footed Hawk” is today's Peregrine Falcon,Featherframe havell.yaml; plate title from audubon.org
17,,"Carolina Pigeon, or Turtle Dove",Columba carolinensis,Zenaida macroura,Mourning Dove,moudov,eBird/Clements 2025,Q750027,2495347,00124D987C95811B,Zenaida macroura_Mourning Dove,subspecies,high,,"Audubon's “Carolina Pigeon, or Turtle Dove” (Columba carolinensis) is today's Mourning Dove; audubon.org shortens the title to “Carolina Pigeon”.",engraved title; Featherframe havell.yaml; audubon.org
18,,Bewick's Long Tailed Wren,Troglodytes bewickii,Thryomanes bewickii,Bewick's Wren,bewwre,eBird/Clements 2025,Q997457,2493843,603194D371801AC0,Thryomanes bewickii_Bewick's Wren,,high,,"Audubon's “Bewick's Long Tailed Wren” (Troglodytes bewickii), which he named, is today's Bewick's Wren, Thryomanes bewickii; same species, older genus.",engraved title; Featherframe havell.yaml; audubon.org
19,,Louisiana Water Thrush,Turdus aquaticus,Parkesia motacilla,Louisiana Waterthrush,louwat,eBird/Clements 2025,Q27075882,6093862,7AB0F3A4A62BD4BF,Parkesia motacilla_Louisiana Waterthrush,,high,,Audubon's “Louisiana Water Thrush” is today's Louisiana Waterthrush,Featherframe havell.yaml; plate title from audubon.org
20,,Blue-winged Yellow Warbler,Dacnis solitaria,Vermivora cyanoptera,Blue-winged Warbler,buwwar,eBird/Clements 2025,Q25679108,6093846,B617FE7DF96090DD,Vermivora cyanoptera_Blue-winged Warbler,,high,,Audubon's “Blue-winged Yellow Warbler” is today's Blue-winged Warbler,Featherframe havell.yaml; plate title from audubon.org
21,,Mocking Bird,Turdus polyglottus,Mimus polyglottos,Northern Mockingbird,normoc,eBird/Clements 2025,Q829683,5231677,7EFF698DC564CF69,Mimus polyglottos_Northern Mockingbird,,high,,Audubon's “Mocking Bird” is today's Northern Mockingbird,Featherframe havell.yaml; plate title from audubon.org
22,,Purple Martin,Hirundo purpurea,Progne subis,Purple Martin,purmar,eBird/Clements 2025,Q1062485,2489129,ACB9D1C6AB7F3371,Progne subis_Purple Martin,,high,,"Audubon's “Purple Martin” (Hirundo purpurea) is today's Purple Martin, Progne subis; purpurea is a synonym of subis.",Featherframe havell.yaml; plate title from audubon.org
23,,Yellow-breasted Warbler,Sylvia trichas,Geothlypis trichas,Common Yellowthroat,comyel,eBird/Clements 2025,Q281555,2489670,BA4C8A02839564AC,Geothlypis trichas_Common Yellowthroat,,high,,Audubon's “Yellow-breasted Warbler” is today's Common Yellowthroat,Featherframe havell.yaml; plate title from audubon.org
24,,Roscoe's Yellow-throat,Sylvia rosco,Geothlypis trichas,Common Yellowthroat,comyel,eBird/Clements 2025,Q281555,2489670,BA4C8A02839564AC,Geothlypis trichas_Common Yellowthroat,variant,high,,"Audubon's “Roscoe's Yellow-throat” (Sylvia roscoe), which he named as a species, is an immature male Common Yellowthroat, probably of the southern race; its main plate is 23.",audubon.org; Wikimedia Commons
25,,Song Sparrow,Fringilla melodia,Melospiza melodia,Song Sparrow,sonspa,eBird/Clements 2025,Q842599,2492196,A5F09E0521019564,Melospiza melodia_Song Sparrow,,high,,"Audubon's “Song Sparrow” (Fringilla melodia) is today's Song Sparrow, Melospiza melodia; same species, older genus.",Featherframe havell.yaml; plate title from audubon.org
26,,Carolina Parrot,Psitacus carolinensis,Conuropsis carolinensis,Carolina Parakeet,carpar,eBird/Clements 2025,Q629204,2479449,90002523402DE0BF,,,high,,Audubon's “Carolina Parrot” is today's Carolina Parakeet,Featherframe havell.yaml; plate title from audubon.org
27,,Red headed Woodpecker,Picus erythrocephalus,Melanerpes erythrocephalus,Red-headed Woodpecker,rehwoo,eBird/Clements 2025,Q578174,2478130,448D91B74CBC772E,Melanerpes erythrocephalus_Red-headed Woodpecker,,high,,Audubon's “Red headed Woodpecker” is today's Red-headed Woodpecker,Featherframe havell.yaml; plate title from audubon.org
28,,Solitary Flycatcher,Vireo solitarius,Vireo solitarius,Blue-headed Vireo,buhvir,eBird/Clements 2025,Q1586476,2487456,95DB0943652956D1,Vireo solitarius_Blue-headed Vireo,,high,,"Audubon's “Solitary Flycatcher” (Vireo solitarius) is today's Blue-headed Vireo. This plate swaps its lettering: the Latin is the script title, the English the line of capitals under it, so audubon.org titles it “Vireo Solitarius”.",engraved title; Featherframe havell.yaml; audubon.org
29,,Towee Bunting,Fringilla erythropthalma,Pipilo erythrophthalmus,Eastern Towhee,eastow,eBird/Clements 2025,Q1541137,2491205,6090278A61F63C13,Pipilo erythrophthalmus_Eastern Towhee,,high,,Audubon's “Towee Bunting” is today's Eastern Towhee,Featherframe havell.yaml; plate title from audubon.org
30,,Vigors Vireo,Vireo vigorsii,Setophaga pinus,Pine Warbler,pinwar,eBird/Clements 2025,Q27075932,7341816,6283E61EEF174882,Setophaga pinus_Pine Warbler,variant,high,,"Audubon's “Vigors Vireo” (Vireo vigorsii), which he named as a species, is a young Pine Warbler, as he wrote in 1839; its main plate is 140.",audubon.org; Wikimedia Commons
31,,White-headed Eagle,Falco leucocephalus,Haliaeetus leucocephalus,Bald Eagle,baleag,eBird/Clements 2025,Q127216,2480446,FED3756C12CF67FA,Haliaeetus leucocephalus_Bald Eagle,,high,,Audubon's “White-headed Eagle” is today's Bald Eagle,Featherframe havell.yaml; plate title from audubon.org
32,,Black-billed Cuckoo,Coccyzus erythrophthalmus,Coccyzus erythropthalmus,Black-billed Cuckoo,bkbcuc,eBird/Clements 2025,Q19027,2496286,41E9F54BDA04ACBA,Coccyzus erythropthalmus_Black-billed Cuckoo,,high,,"Audubon's “Black-billed Cuckoo” (Coccyzus erythrophthalmus) is today's Black-billed Cuckoo, Coccyzus erythropthalmus; same binomial.",Featherframe havell.yaml; plate title from audubon.org
33,,Yellow Bird or American Goldfinch,Carduelis americana,Spinus tristis,American Goldfinch,amegfi,eBird/Clements 2025,Q27075861,5231640,C9ABA616B963B563,Spinus tristis_American Goldfinch,,high,,"Audubon's “Yellow Bird or American Goldfinch” (Carduelis americana) is today's American Goldfinch, Spinus tristis; americana is a synonym of tristis.",engraved title; Featherframe havell.yaml; audubon.org
34,,Worm eating Warbler,Dacnis vermivora,Helmitheros vermivorum,Worm-eating Warbler,woewar1,eBird/Clements 2025,Q269463,2489603,295C4CD62A12ADEF,Helmitheros vermivorum_Worm-eating Warbler,,high,,Audubon's “Worm eating Warbler” is today's Worm-eating Warbler,Featherframe havell.yaml; plate title from audubon.org
35,,Children's Warbler,Silvia childreni,Setophaga aestiva,Northern Yellow Warbler,yelwar1,eBird/Clements 2025,Q12267348,8378494,B64C749B211015EF,Setophaga petechia_Yellow Warbler,variant,high,,"Audubon's “Children's Warbler” (Sylvia childrenii), which he named as a species, is a young Northern Yellow Warbler; its main plate is 95.","Wikimedia Commons; Boston Public Library (Digital Commonwealth); Audubon, Ornithological Biography vol. 1"
36,,Stanley Hawk,Astur stanleii,Astur cooperii,Cooper's Hawk,coohaw,eBird/Clements 2025,Q862896,2480621,EB98812F50A648A1,Accipiter cooperii_Cooper's Hawk,,high,,Audubon's “Stanley Hawk” is today's Cooper's Hawk,Featherframe havell.yaml; plate title from audubon.org
37,,Gold-winged Woodpecker,Picus auratus,Colaptes auratus,Northern Flicker,norfli,eBird/Clements 2025,Q16819,2478259,756009696D15E8A0,Colaptes auratus_Northern Flicker,,high,,Audubon's “Gold-winged Woodpecker” (Picus auratus) is today's Northern Flicker; audubon.org titles it “Golden-winged Woodpecker”.,engraved title; Featherframe havell.yaml; audubon.org
38,,Kentucky Warbler,Sylvia formosa,Geothlypis formosa,Kentucky Warbler,kenwar,eBird/Clements 2025,Q27075899,6093586,8C105C3C647C7E36,Geothlypis formosa_Kentucky Warbler,,high,,"Audubon's “Kentucky Warbler” (Sylvia formosa) is today's Kentucky Warbler, Geothlypis formosa; same species, older genus.",Featherframe havell.yaml; plate title from audubon.org
39,,Crested Titmouse,Parus bicolor,Baeolophus bicolor,Tufted Titmouse,tuftit,eBird/Clements 2025,Q738534,2487887,B488AB7003F21AE7,Baeolophus bicolor_Tufted Titmouse,,high,,Audubon's “Crested Titmouse” is today's Tufted Titmouse,Featherframe havell.yaml; plate title from audubon.org
40,,American Redstart,Muscicapa ruticilla,Setophaga ruticilla,American Redstart,amered,eBird/Clements 2025,Q922772,2489985,BED38F505F0B8509,Setophaga ruticilla_American Redstart,,high,,"Audubon's “American Redstart” (Muscicapa ruticilla) is today's American Redstart, Setophaga ruticilla; same species, older genus.",Featherframe havell.yaml; plate title from audubon.org
41,,Ruffed Grous,Tetrao umbellus,Bonasa umbellus,Ruffed Grouse,rufgro,eBird/Clements 2025,Q19058,2473702,6D2B5CDA60316986,Bonasa umbellus_Ruffed Grouse,,high,,"Audubon's “Ruffed Grous” (Tetrao umbellus) is today's Ruffed Grouse, Bonasa umbellus; same species, older genus.",engraved title; Featherframe havell.yaml; audubon.org
42,,Orchard Oriole,Icterus spurius,Icterus spurius,Orchard Oriole,orcori,eBird/Clements 2025,Q1586976,5229935,000482C9FC0553CD,Icterus spurius_Orchard Oriole,,high,,Audubon's “Orchard Oriole” (Icterus spurius) is today's Orchard Oriole; same binomial.,Featherframe havell.yaml; plate title from audubon.org
43,,Cedar Bird,Bombycilla carolinensis,Bombycilla cedrorum,Cedar Waxwing,cedwax,eBird/Clements 2025,Q184314,2484609,9437D635FF4E2607,Bombycilla cedrorum_Cedar Waxwing,,high,,Audubon's “Cedar Bird” is today's Cedar Waxwing,Featherframe havell.yaml; plate title from audubon.org
44,,Summer Red Bird,Tanagra æstiva,Piranga rubra,Summer Tanager,sumtan,eBird/Clements 2025,Q1078246,2488485,891798D9EFFE1F8D,Piranga rubra_Summer Tanager,,high,,Audubon's “Summer Red Bird” is today's Summer Tanager,Featherframe havell.yaml; plate title from audubon.org
45,,Traill's Flycatcher,Muscicapa trailli,Empidonax alnorum,Alder Flycatcher,aldfly,eBird/Clements 2025,Q681933,2482809,338088120A17D3EA,Empidonax alnorum_Alder Flycatcher,pre-split,judged,,"Audubon's “Traill's Flycatcher” (Muscicapa traillii) is Traill's Flycatcher before the 1973 split: Halley (2025) shows that his one bird, shot at Arkansas Post on 17 April 1822 when both species are on migration there, cannot be named as an Alder or a Willow Flycatcher, so the plate is listed under both","engraved legend; Halley, Bull. B.O.C. 145(3) (2025); audubon.org; the plate"
45,,Traill's Flycatcher,Muscicapa trailli,Empidonax traillii,Willow Flycatcher,wilfly,eBird/Clements 2025,Q903847,2482786,5BC4E0EFAB129B9D,Empidonax traillii_Willow Flycatcher,pre-split,judged,,"Audubon's “Traill's Flycatcher” (Muscicapa traillii) is Traill's Flycatcher before the 1973 split: Halley (2025) shows that his one bird, shot at Arkansas Post on 17 April 1822 when both species are on migration there, cannot be named as an Alder or a Willow Flycatcher, so the plate is listed under both. Halley's neotype keeps the name traillii with the Willow Flycatcher","engraved legend; Halley, Bull. B.O.C. 145(3) (2025); audubon.org; the plate"
46,,Barred Owl,Strix nebulosa,Strix varia,Barred Owl,brdowl,eBird/Clements 2025,Q630457,2497541,BDBB04D55A6762C8,Strix varia_Barred Owl,,high,,"Audubon's “Barred Owl” (Strix nebulosa on the plate, Forster's name for the Great Grey Owl, misapplied as Wilson did) is today's Barred Owl, Strix varia.",Featherframe havell.yaml; plate title from audubon.org
47,,Ruby-throated Humming Bird,Trochilus colubris,Archilochus colubris,Ruby-throated Hummingbird,rthhum,eBird/Clements 2025,Q834843,5228514,DEC3D8D0C74C598B,Archilochus colubris_Ruby-throated Hummingbird,,high,,Audubon's “Ruby-throated Humming Bird” is today's Ruby-throated Hummingbird,Featherframe havell.yaml; plate title from audubon.org
48,,Cerulean Warbler,Sylvia azurea,Setophaga cerulea,Cerulean Warbler,cerwar,eBird/Clements 2025,Q25066647,6093350,D00EC2C974F1B880,Setophaga cerulea_Cerulean Warbler,,high,,Audubon's “Cerulean Warbler” (Sylvia azurea) is today's Cerulean Warbler; audubon.org titles it “Azure Warbler”.,engraved title; Featherframe havell.yaml; audubon.org
49,,Blue-green Warbler,Sylvia rara,Setophaga cerulea,Cerulean Warbler,cerwar,eBird/Clements 2025,Q25066647,6093350,D00EC2C974F1B880,Setophaga cerulea_Cerulean Warbler,variant,high,,"Audubon's “Blue-green Warbler” (Wilson's Sylvia rara), figured as a species, is a young Cerulean Warbler, as Audubon labelled it in 1839; its main plate is 48.",audubon.org; Wikimedia Commons
50,,Swainson's Warbler,Sylvicola swainsonia,Setophaga magnolia,Magnolia Warbler,magwar,eBird/Clements 2025,Q27075915,6093209,1E82CE1ECC54F928,Setophaga magnolia_Magnolia Warbler,,high,,"A young Magnolia Warbler. These scans carry the 1828 lettering “Swainson's Warbler, Sylvicola swainsonia”: Audubon wrote in 1831 that one drawing had been engraved in place of another while he was away from London, and the plate was re-lettered “Black and yellow warbler, Sylvia maculosa, young male”. Not the Swainson's Warbler of plate 198. The adult pair is plate 123","engraved title; audubon.org; Wikimedia Commons; Pitt's Havell catalogue; Boston Public Library (Digital Commonwealth), both letterings; Audubon, Ornithological Biography vol. 1 (1831)"
51,,Red-tailed Hawk,Falco borealis,Buteo jamaicensis,Red-tailed Hawk,rethaw,eBird/Clements 2025,Q457471,2480542,536A5157A50E1F3C,Buteo jamaicensis_Red-tailed Hawk,subspecies,high,,"Audubon's “Red-tailed Hawk” (Falco borealis) is today's Red-tailed Hawk, Buteo jamaicensis; Gmelin's borealis is now the name of its eastern race. Harlan's is plate 86.",Featherframe havell.yaml; plate title from audubon.org
52,,Chuck-will's Widow,Caprimulgus carolinensis,Antrostomus carolinensis,Chuck-will's-widow,chwwid,eBird/Clements 2025,Q1262147,6101173,8D3E887123F5C670,Antrostomus carolinensis_Chuck-will's-widow,,high,,Audubon's “Chuck-will's Widow” is today's Chuck-will's-widow,Featherframe havell.yaml; plate title from audubon.org
53,,Painted Finch,Fringilla ciris,Passerina ciris,Painted Bunting,paibun,eBird/Clements 2025,Q932970,5230852,0BDB87DE301150B2,Passerina ciris_Painted Bunting,,high,,Audubon's “Painted Finch” is today's Painted Bunting,Featherframe havell.yaml; plate title from audubon.org
54,,Rice Bird,Icterus agripennis,Dolichonyx oryzivorus,Bobolink,boboli,eBird/Clements 2025,Q591831,2484417,F845062FC976B85B,Dolichonyx oryzivorus_Bobolink,,high,,Audubon's “Rice Bird” is today's Bobolink,Featherframe havell.yaml; plate title from audubon.org
55,,Cuviers Regulus,Regulus cuvierii,,,,,,,,,,none,,Known only from the one bird Audubon shot in Pennsylvania in 1812. An aberrant kinglet or a hybrid has been suggested; no specimen survives to settle it.,engraved title; 
56,,Red-shouldered Hawk,Falco lineatus,Buteo lineatus,Red-shouldered Hawk,reshaw,eBird/Clements 2025,Q1052043,2480529,EA4D6C0B76852200,Buteo lineatus_Red-shouldered Hawk,,high,,"Audubon's “Red-shouldered Hawk” (Falco lineatus) is today's Red-shouldered Hawk, Buteo lineatus; same species, older genus. The young is plate 71.",Featherframe havell.yaml; plate title from audubon.org
57,,Loggerhead Shrike,Lanius ludovicianus,Lanius ludovicianus,Loggerhead Shrike,logshr,eBird/Clements 2025,Q430863,2492870,36171C2B964AD4D0,Lanius ludovicianus_Loggerhead Shrike,,high,,Audubon's “Loggerhead Shrike” (Lanius ludovicianus) is today's Loggerhead Shrike; same binomial.,Featherframe havell.yaml; plate title from audubon.org
58,,Hermit Thrush,Turdus minor,Catharus guttatus,Hermit Thrush,herthr,eBird/Clements 2025,Q846350,2490810,B01E8BD42E1785F2,Catharus guttatus_Hermit Thrush,,high,,"Audubon's “Hermit Thrush” (Turdus minor on the plate) is today's Hermit Thrush, Catharus guttatus: rufous tail against an olive-brown back.",Featherframe havell.yaml; plate title from audubon.org
59,,Chestnut-sided Warbler,Sylvia icterocephala,Setophaga pensylvanica,Chestnut-sided Warbler,chswar,eBird/Clements 2025,Q27075922,6092942,7AB1229BD3F33F46,Setophaga pensylvanica_Chestnut-sided Warbler,,high,,"Audubon's “Chestnut-sided Warbler” (Sylvia icterocephala) is today's Chestnut-sided Warbler, Setophaga pensylvanica; icterocephala is a synonym of pensylvanica.",Featherframe havell.yaml; plate title from audubon.org
60,,Carbonated Warbler,Sylvia carbonata,,,,,,,,,,none,,"Known only from the two birds Audubon shot in Kentucky in 1811, and no specimen survives. Immature or aberrant birds of a known warbler, or hybrids, have been suggested.",
61,,Great Horned Owl,Strix virginiana,Bubo virginianus,Great Horned Owl,grhowl,eBird/Clements 2025,Q81515,5959118,FC366114BD3B51A0,Bubo virginianus_Great Horned Owl,,high,,"Audubon's “Great Horned Owl” (Strix virginiana) is today's Great Horned Owl, Bubo virginianus; same species, older genus.",Featherframe havell.yaml; plate title from audubon.org
62,,Passenger Pigeon,Columba migratoria,Ectopistes migratorius,Passenger Pigeon,paspig,eBird/Clements 2025,Q191968,2495898,D397FE255A606DE8,,,high,,"Audubon's “Passenger Pigeon” (Columba migratoria) is today's Passenger Pigeon, Ectopistes migratorius, extinct since 1914; same species, older genus.",Featherframe havell.yaml; plate title from audubon.org
63,,White-eyed Flycatcher or Vireo,Vireo noveboracensis,Vireo griseus,White-eyed Vireo,whevir,eBird/Clements 2025,Q512812,2487413,D97F93CC,Vireo griseus_White-eyed Vireo,,high,,Audubon's “White-eyed Flycatcher or Vireo” is today's White-eyed Vireo,Featherframe havell.yaml; plate title from audubon.org
64,,Swamp Sparrow,Fringilla palustris,Melospiza georgiana,Swamp Sparrow,swaspa,eBird/Clements 2025,Q742826,2492235,4E192262D429400C,Melospiza georgiana_Swamp Sparrow,,high,,"Audubon's “Swamp Sparrow” (Fringilla palustris) is today's Swamp Sparrow, Melospiza georgiana; Wilson's palustris is a synonym of georgiana.",Featherframe havell.yaml; plate title from audubon.org
65,,Rathbone Warbler,Sylvia rathbonia,Setophaga aestiva,Northern Yellow Warbler,yelwar1,eBird/Clements 2025,Q12267348,8378494,B64C749B211015EF,Setophaga petechia_Yellow Warbler,variant,high,,"Audubon's “Rathbone Warbler” (Sylvia rathbonia), which he named as a species, is a Northern Yellow Warbler; its main plate is 95.",Wikimedia Commons; Boston Public Library (Digital Commonwealth); Pitt's Havell catalogue
66,,Ivory-billed Woodpecker,Picus principalis,Campephilus principalis,Ivory-billed Woodpecker,ivbwoo,eBird/Clements 2025,Q756063,2478561,86E7578ADB6314A4,,,high,,"Audubon's “Ivory-billed Woodpecker” (Picus principalis) is today's Ivory-billed Woodpecker, Campephilus principalis; same species, older genus.",Featherframe havell.yaml; plate title from audubon.org
67,,"Red-winged Starling, or Marsh Blackbird",Icterus phœniceus,Agelaius phoeniceus,Red-winged Blackbird,rewbla,eBird/Clements 2025,Q754043,9409198,6FB34E54B26AD0BA,Agelaius phoeniceus_Red-winged Blackbird,,high,,"Audubon's “Red-winged Starling, or Marsh Blackbird” is today's Red-winged Blackbird",Featherframe havell.yaml; plate title from audubon.org
68,,Republican or Cliff Swallow,Hirundo fulva,Petrochelidon pyrrhonota,Cliff Swallow,cliswa,eBird/Clements 2025,Q1591775,2489169,F5C181CA4478FD86,Petrochelidon pyrrhonota_Cliff Swallow,,high,,Audubon's “Republican or Cliff Swallow” is today's Cliff Swallow,Featherframe havell.yaml; plate title from audubon.org
69,,Bay-breasted Warbler,Sylvia castanea,Setophaga castanea,Bay-breasted Warbler,babwar,eBird/Clements 2025,Q27075917,6093202,10C601D3BCC5A85C,Setophaga castanea_Bay-breasted Warbler,,high,,"Audubon's “Bay-breasted Warbler” (Sylvia castanea) is today's Bay-breasted Warbler, Setophaga castanea; same species, older genus. The autumn bird is plate 88.",Featherframe havell.yaml; plate title from audubon.org
70,,Henslow's Bunting,Emberiza henslowii,Centronyx henslowii,Henslow's Sparrow,henspa,eBird/Clements 2025,Q1588203,10850807,CDA2F827192CF0B3,Centronyx henslowii_Henslow's Sparrow,,high,,Audubon's “Henslow's Bunting” is today's Henslow's Sparrow,Featherframe havell.yaml; plate title from audubon.org
71,,Winter Hawk,Falco hyemalis,Buteo lineatus,Red-shouldered Hawk,reshaw,eBird/Clements 2025,Q1052043,2480529,EA4D6C0B76852200,Buteo lineatus_Red-shouldered Hawk,variant,high,,"Audubon's “Winter Hawk” (Falco hyemalis), figured as a species, is a young Red-shouldered Hawk; its main plate is 56.",audubon.org; Wikimedia Commons
72,,Swallow-tailed Hawk,Falco furcatus,Elanoides forficatus,Swallow-tailed Kite,swtkit,eBird/Clements 2025,Q430540,2480461,1BAC66452DCC9AC9,Elanoides forficatus_Swallow-tailed Kite,,high,,Audubon's “Swallow-tailed Hawk” is today's Swallow-tailed Kite,Featherframe havell.yaml; plate title from audubon.org
73,,Wood Thrush,Turdus mustelinus,Hylocichla mustelina,Wood Thrush,woothr,eBird/Clements 2025,Q599921,2490872,8E1D9327B8DAFD54,Hylocichla mustelina_Wood Thrush,,high,,"Audubon's “Wood Thrush” (Turdus mustelinus) is today's Wood Thrush, Hylocichla mustelina; same species, older genus.",Featherframe havell.yaml; plate title from audubon.org
74,,Indigo Bird,Fringilla cyanea,Passerina cyanea,Indigo Bunting,indbun,eBird/Clements 2025,Q1049642,2490327,043F337AA25E7D97,Passerina cyanea_Indigo Bunting,,high,,Audubon's “Indigo Bird” is today's Indigo Bunting,Featherframe havell.yaml; plate title from audubon.org
75,,Le Petit Caporal,Falco temerarius,Falco columbarius,Merlin,merlin,eBird/Clements 2025,Q131918,9813242,F3DA111CC8A6841B,Falco columbarius_Merlin,variant,high,,"Audubon's “Le Petit Caporal” (Falco temerarius), which he named as a species, is an adult male Merlin, as he wrote in 1839; its main plate is 92.",audubon.org; Wikimedia Commons
76,,Virginian Partridge,Perdix virginiana,Colinus virginianus,Northern Bobwhite,norbob,eBird/Clements 2025,Q142651,9791464,91CCBC719C97AE19,Colinus virginianus_Northern Bobwhite,,high,,Audubon's “Virginian Partridge” is today's Northern Bobwhite,Featherframe havell.yaml; plate title from audubon.org
77,,Belted Kingsfisher,Alcedo alcyon,Megaceryle alcyon,Belted Kingfisher,belkin1,eBird/Clements 2025,Q736052,2475472,3558066B4F7EEB8E,Megaceryle alcyon_Belted Kingfisher,,high,,"Audubon's “Belted Kingsfisher” (Alcedo alcyon) is today's Belted Kingfisher, Megaceryle alcyon; same species, older genus.",engraved title; Featherframe havell.yaml; audubon.org
78,,Great Carolina Wren,Troglodytes ludovicianus,Thryothorus ludovicianus,Carolina Wren,carwre,eBird/Clements 2025,Q1585636,2493801,5217F951C7328A17,Thryothorus ludovicianus_Carolina Wren,,high,,Audubon's “Great Carolina Wren” is today's Carolina Wren,Featherframe havell.yaml; plate title from audubon.org
79,,Tyrant Fly-catcher,Muscicapa tyrannus,Tyrannus tyrannus,Eastern Kingbird,easkin,eBird/Clements 2025,Q1071571,5229688,082D833CF61D6360,Tyrannus tyrannus_Eastern Kingbird,,high,,Audubon's “Tyrant Fly-catcher” is today's Eastern Kingbird,Featherframe havell.yaml; plate title from audubon.org
80,,Prairie Titlark,Anthus pipiens,Anthus rubescens,American Pipit,amepip,eBird/Clements 2025,Q871527,2490263,CDA2E56B,Anthus rubescens_American Pipit,,high,,"Audubon's “Prairie Titlark” (Anthus pipiens), which he named as a species, is an American Pipit; its main plate is 10.",audubon.org; Wikimedia Commons
81,,"Fish Hawk, or Osprey",Falco haliaetus,Pandion haliaetus,Osprey,osprey,eBird/Clements 2025,Q25332,2480726,5BCF1891777ED3D3,Pandion haliaetus_Osprey,,high,,"Audubon's “Fish Hawk, or Osprey” is today's Osprey",Featherframe havell.yaml; plate title from audubon.org
82,,Whip-poor-will,Caprimulgus vociferus,Antrostomus vociferus,Eastern Whip-poor-will,easwpw1,eBird/Clements 2025,Q1268205,6101178,1A09655B1DFED41F,Antrostomus vociferus_Eastern Whip-poor-will,,high,,Audubon's “Whip-poor-will” is today's Eastern Whip-poor-will,Featherframe havell.yaml; plate title from audubon.org
83,,House Wren,Troglodytes ædon,Troglodytes aedon,Northern House Wren,houwre,eBird/Clements 2025,Q524799,5231459,1181E29791E92A94,Troglodytes aedon_House Wren,,high,,Audubon's “House Wren” is today's Northern House Wren,Featherframe havell.yaml; plate title from audubon.org
84,,Blue-Grey Fly-catcher,Muscicapa cœrulea,Polioptila caerulea,Blue-gray Gnatcatcher,buggna,eBird/Clements 2025,Q883006,2487596,A15C5071DDEDC552,Polioptila caerulea_Blue-gray Gnatcatcher,,high,,Audubon's “Blue-Grey Fly-catcher” is today's Blue-gray Gnatcatcher,Featherframe havell.yaml; plate title from audubon.org
85,,Yellow Throated Warbler,Sylvia pensilis,Setophaga dominica,Yellow-throated Warbler,yetwar,eBird/Clements 2025,Q27075934,7341800,136451CF6F7A49BA,Setophaga dominica_Yellow-throated Warbler,,high,,Audubon's “Yellow Throated Warbler” is today's Yellow-throated Warbler,Featherframe havell.yaml; plate title from audubon.org
86,,Black Warrior,Falco harlani,Buteo jamaicensis,Red-tailed Hawk,rethaw,eBird/Clements 2025,Q457471,2480542,536A5157A50E1F3C,Buteo jamaicensis_Red-tailed Hawk,subspecies,high,,Audubon's “Black Warrior” (Falco harlani) is the Harlan's form of today's Red-tailed Hawk,audubon.org; Wikimedia Commons
87,,Florida Jay,Corvus floridanus,Aphelocoma coerulescens,Florida Scrub-Jay,flsjay,eBird/Clements 2025,Q530842,2482400,114C4EDC631C18BD,Aphelocoma coerulescens_Florida Scrub-Jay,,high,,Audubon's “Florida Jay” is today's Florida Scrub-Jay,Featherframe havell.yaml; plate title from audubon.org
88,,Autumnal Warbler,Sylvia autumnalis,Setophaga castanea,Bay-breasted Warbler,babwar,eBird/Clements 2025,Q27075917,6093202,10C601D3BCC5A85C,Setophaga castanea_Bay-breasted Warbler,variant,high,,"Audubon's “Autumnal Warbler” (Wilson's Sylvia autumnalis), figured as a species, is a Bay-breasted Warbler in its first autumn; its main plate is 69.",audubon.org; Wikimedia Commons; Boston Public Library (Digital Commonwealth); Pitt's Havell catalogue
89,,Nashville Warbler,Sylvia rubricapilla,Leiothlypis ruficapilla,Nashville Warbler,naswar,eBird/Clements 2025,Q27075894,7531611,183E5F909449A603,Leiothlypis ruficapilla_Nashville Warbler,,high,,"Audubon's “Nashville Warbler” (Sylvia rubricapilla) is today's Nashville Warbler, Leiothlypis ruficapilla.",Featherframe havell.yaml; plate title from audubon.org
90,,Black & White Creeper,Certhia varia,Mniotilta varia,Black-and-white Warbler,bawwar,eBird/Clements 2025,Q669888,2489613,4D207AF69A79DDCF,Mniotilta varia_Black-and-white Warbler,,high,,Audubon's “Black & White Creeper” is today's Black-and-white Warbler,Featherframe havell.yaml; plate title from audubon.org
91,,Broad-winged Hawk,Falco pennsylvanicus,Buteo platypterus,Broad-winged Hawk,brwhaw,eBird/Clements 2025,Q1075004,2480538,79F3C681417F2056,Buteo platypterus_Broad-winged Hawk,,high,,"Audubon's “Broad-winged Hawk” (Falco pennsylvanicus) is today's Broad-winged Hawk, Buteo platypterus; Wilson's pennsylvanicus is a synonym of platypterus.",Featherframe havell.yaml; plate title from audubon.org
92,,Pigeon Hawk,Falco columbarius,Falco columbarius,Merlin,merlin,eBird/Clements 2025,Q131918,9813242,F3DA111CC8A6841B,Falco columbarius_Merlin,,high,,Audubon's “Pigeon Hawk” is today's Merlin,Featherframe havell.yaml; plate title from audubon.org
93,,Sea-side Finch,Fringilla maritima,Ammospiza maritima,Seaside Sparrow,seaspa,eBird/Clements 2025,Q1588145,2491116,0F81304F8BBF1EC5,Ammospiza maritima_Seaside Sparrow,,high,,Audubon's “Sea-side Finch” is today's Seaside Sparrow,Featherframe havell.yaml; plate title from audubon.org
94,,Grass Finch or Bay-winged Bunting,Fringilla graminea,Pooecetes gramineus,Vesper Sparrow,vesspa,eBird/Clements 2025,Q776555,2491728,3647E146F88AE943,Pooecetes gramineus_Vesper Sparrow,,high,,Audubon's “Grass Finch or Bay-winged Bunting” is today's Vesper Sparrow,Featherframe havell.yaml; plate title from audubon.org
95,,Blue-eyed yellow Warbler,Sylvia æstiva,Setophaga aestiva,Northern Yellow Warbler,yelwar1,eBird/Clements 2025,Q12267348,8378494,B64C749B211015EF,Setophaga petechia_Yellow Warbler,,high,,"Audubon's “Blue-eyed yellow Warbler” (Sylvia aestiva) is today's Northern Yellow Warbler; eBird 2025 splits Yellow Warbler, and the binomial stays with Mangrove Yellow Warbler.",engraved title; Featherframe havell.yaml; audubon.org
96,,Columbia Jay,Corvus bullockii,Cyanocorax colliei,Black-throated Magpie-Jay,btmjay,eBird/Clements 2025,Q28823055,2482459,0E51C3D5EFA6F0FC,Calocitta colliei_Black-throated Magpie-Jay,,high,,Audubon's “Columbia Jay” is today's Black-throated Magpie-Jay,Featherframe havell.yaml; plate title from audubon.org
97,,Little Screech Owl,Strix asio,Megascops asio,Eastern Screech-Owl,easowl1,eBird/Clements 2025,Q251939,2497415,A69062C895C0CCDA,Megascops asio_Eastern Screech-Owl,,high,,Audubon's “Little Screech Owl” is today's Eastern Screech-Owl,Featherframe havell.yaml; plate title from audubon.org
98,,White-bellied Swallow,Hirundo bicolor,Tachycineta bicolor,Tree Swallow,treswa,eBird/Clements 2025,Q922192,2489181,BBA2F9DF60AE60BF,Tachycineta bicolor_Tree Swallow,,high,,Audubon's “White-bellied Swallow” is today's Tree Swallow,Featherframe havell.yaml; plate title from audubon.org
99,,Cow-pen Bird,Icterus pecoris,Molothrus ater,Brown-headed Cowbird,bnhcow,eBird/Clements 2025,Q901568,2484391,1E1AB415D083AAD4,Molothrus ater_Brown-headed Cowbird,,high,,Audubon's “Cow-pen Bird” is today's Brown-headed Cowbird,Featherframe havell.yaml; plate title from audubon.org
100,,Marsh Wren,Troglodytes palustris,Cistothorus palustris,Marsh Wren,marwre,eBird/Clements 2025,Q1379530,2493863,787E05366752B844,Cistothorus palustris_Marsh Wren,,high,,"Audubon's “Marsh Wren” (Troglodytes palustris) is today's Marsh Wren, Cistothorus palustris; same species, older genus.",Featherframe havell.yaml; plate title from audubon.org
101,,Raven,Corvus corax,Corvus corax,Common Raven,comrav,eBird/Clements 2025,Q25357,2482492,B9B272F40EE1570F,Corvus corax_Common Raven,,high,,Audubon's “Raven” is today's Common Raven,Featherframe havell.yaml; plate title from audubon.org
102,,Blue Jay,Corvus cristatus,Cyanocitta cristata,Blue Jay,blujay,eBird/Clements 2025,Q199758,2482593,1DA430B8663CD4BE,Cyanocitta cristata_Blue Jay,,high,,"Audubon's “Blue Jay” (Corvus cristatus) is today's Blue Jay, Cyanocitta cristata; same species, older genus.",Featherframe havell.yaml; plate title from audubon.org
103,,Canada Warbler,Sylvia pardalina,Cardellina canadensis,Canada Warbler,canwar,eBird/Clements 2025,Q27076004,6091946,F2D675AFB11EEEFF,Cardellina canadensis_Canada Warbler,,high,,"Audubon's “Canada Warbler” (Sylvia pardalina) is today's Canada Warbler, Cardellina canadensis; pardalina is a synonym of canadensis. The young is plate 5.",Featherframe havell.yaml; plate title from audubon.org
104,,Chipping Sparrow,Fringilla socialis,Spizella passerina,Chipping Sparrow,chispa,eBird/Clements 2025,Q645203,2492109,37E9CCDA7A4B06ED,Spizella passerina_Chipping Sparrow,,high,,"Audubon's “Chipping Sparrow” (Fringilla socialis) is today's Chipping Sparrow, Spizella passerina; Wilson's socialis is a synonym of passerina.",Featherframe havell.yaml; plate title from audubon.org
105,,Red-breasted Nuthatch,Sitta canadensis,Sitta canadensis,Red-breasted Nuthatch,rebnut,eBird/Clements 2025,Q597684,2484879,0716A71C439DC09E,Sitta canadensis_Red-breasted Nuthatch,,high,,Audubon's “Red-breasted Nuthatch” (Sitta canadensis) is today's Red-breasted Nuthatch; same binomial.,Featherframe havell.yaml; plate title from audubon.org
106,,Black Vulture or Carrion Crow,Cathartes atratus,Coragyps atratus,Black Vulture,blkvul,eBird/Clements 2025,Q213366,2481942,4FF7DE80F4192276,Coragyps atratus_Black Vulture,,high,,Audubon's “Black Vulture or Carrion Crow” is today's Black Vulture,Featherframe havell.yaml; plate title from audubon.org
107,,Canada Jay,Corvus canadensis,Perisoreus canadensis,Canada Jay,gryjay,eBird/Clements 2025,Q80858,2482436,69A6E32F323B9088,Perisoreus canadensis_Canada Jay,,high,,"Audubon's “Canada Jay” (Corvus canadensis) is today's Canada Jay, Perisoreus canadensis; same species, older genus.",Featherframe havell.yaml; plate title from audubon.org
108,,Fox-coloured Sparrow,Fringilla iliaca,Passerella iliaca,Fox Sparrow,foxspa,eBird/Clements 2025,Q422873,2491872,0B1B2EB673757787,Passerella iliaca_Fox Sparrow,,high,,Audubon's “Fox-coloured Sparrow” is today's Fox Sparrow,Featherframe havell.yaml; plate title from audubon.org
109,,Savannah Finch,Fringilla savanna,Passerculus sandwichensis,Savannah Sparrow,savspa,eBird/Clements 2025,Q287893,5231142,31CE00C71528322F,Passerculus sandwichensis_Savannah Sparrow,subspecies,high,,Audubon's “Savannah Finch” is today's Savannah Sparrow,Featherframe havell.yaml; plate title from audubon.org
110,,Hooded Warbler,Sylvia mitrata,Setophaga citrina,Hooded Warbler,hoowar,eBird/Clements 2025,Q27075904,6093374,15EB30007E1908FD,Setophaga citrina_Hooded Warbler,,high,,"Audubon's “Hooded Warbler” (Sylvia mitrata) is today's Hooded Warbler, Setophaga citrina; mitrata is a synonym of citrina. The young is plate 9.",Featherframe havell.yaml; plate title from audubon.org
111,,Pileated Woodpecker,Picus pileatus,Dryocopus pileatus,Pileated Woodpecker,pilwoo,eBird/Clements 2025,Q930712,5228824,00635FF9DB14C765,Dryocopus pileatus_Pileated Woodpecker,,high,,"Audubon's “Pileated Woodpecker” (Picus pileatus) is today's Pileated Woodpecker, Dryocopus pileatus; same species, older genus.",Featherframe havell.yaml; plate title from audubon.org
112,,Downy Woodpecker,Picus pubescens,Dryobates pubescens,Downy Woodpecker,dowwoo,eBird/Clements 2025,Q27074911,9149595,1B2A6386D509137D,Dryobates pubescens_Downy Woodpecker,,high,,"Audubon's “Downy Woodpecker” (Picus pubescens) is today's Downy Woodpecker, Dryobates pubescens; same species, older genus.",Featherframe havell.yaml; plate title from audubon.org
113,,Blue-bird,Sylvia sialis,Sialia sialis,Eastern Bluebird,easblu,eBird/Clements 2025,Q600880,2490941,A8347C7DF99F44B5,Sialia sialis_Eastern Bluebird,,high,,Audubon's “Blue-bird” is today's Eastern Bluebird,Featherframe havell.yaml; plate title from audubon.org
114,,White-crowned Sparrow,Fringilla leucophrys,Zonotrichia leucophrys,White-crowned Sparrow,whcspa,eBird/Clements 2025,Q686673,5231132,8601A4678CABA542,Zonotrichia leucophrys_White-crowned Sparrow,,high,,"Audubon's “White-crowned Sparrow” (Fringilla leucophrys) is today's White-crowned Sparrow, Zonotrichia leucophrys; same species, older genus.",Featherframe havell.yaml; plate title from audubon.org
115,,Wood Pewee,Muscicapa virens,Contopus virens,Eastern Wood-Pewee,eawpew,eBird/Clements 2025,Q606809,5229734,9891BF73279CAB69,Contopus virens_Eastern Wood-Pewee,,high,,Audubon's “Wood Pewee” is today's Eastern Wood-Pewee,Featherframe havell.yaml; plate title from audubon.org
116,,Ferruginous Thrush,Turdus rufus,Toxostoma rufum,Brown Thrasher,brnthr,eBird/Clements 2025,Q928134,9479809,C8F9F2D013E9D057,Toxostoma rufum_Brown Thrasher,,high,,Audubon's “Ferruginous Thrush” is today's Brown Thrasher,Featherframe havell.yaml; plate title from audubon.org
117,,Mississippi Kite,Falco plumbeus,Ictinia mississippiensis,Mississippi Kite,miskit,eBird/Clements 2025,Q1262840,2480719,ACFC8EB619367A2B,Ictinia mississippiensis_Mississippi Kite,,high,,"Audubon's “Mississippi Kite” (Falco plumbeus on the plate, Gmelin's name for the South American Plumbeous Kite, misapplied) is today's Mississippi Kite, Ictinia mississippiensis: pale secondaries and plain black tail.",Featherframe havell.yaml; plate title from audubon.org
118,,Warbling Flycatcher,Vireo gilvus,Vireo gilvus,Eastern Warbling Vireo,eawvir1,eBird/Clements 2025,Q596266,2487446,25ACCDC0B76636D7,Vireo gilvus_Warbling Vireo,,high,,Audubon's “Warbling Flycatcher” is today's Eastern Warbling Vireo,Featherframe havell.yaml; plate title from audubon.org
119,,Yellow-throated Vireo,Vireo flavifrons,Vireo flavifrons,Yellow-throated Vireo,yetvir,eBird/Clements 2025,Q596518,2487453,F8DDF6A6429E64D0,Vireo flavifrons_Yellow-throated Vireo,,high,,Audubon's “Yellow-throated Vireo” (Vireo flavifrons) is today's Yellow-throated Vireo; same binomial.,Featherframe havell.yaml; plate title from audubon.org
120,,Pewit Flycatcher,Muscicapa fusca,Sayornis phoebe,Eastern Phoebe,easpho,eBird/Clements 2025,Q748192,2483606,62CA2AF81AF5B68D,Sayornis phoebe_Eastern Phoebe,,high,,Audubon's “Pewit Flycatcher” is today's Eastern Phoebe,Featherframe havell.yaml; plate title from audubon.org
121,,Snowy Owl,Strix nyctea,Bubo scandiacus,Snowy Owl,snoowl1,eBird/Clements 2025,Q170177,5959143,5B23B360E7DEC4A9,Bubo scandiacus_Snowy Owl,,high,,"Audubon's “Snowy Owl” (Strix nyctea) is today's Snowy Owl, Bubo scandiacus; nyctea is a synonym of scandiacus.",Featherframe havell.yaml; plate title from audubon.org
122,,Blue Grosbeak,Fringilla corulea,Passerina caerulea,Blue Grosbeak,blugrb1,eBird/Clements 2025,Q794337,5230862,A7A75EA1A9A57185,Passerina caerulea_Blue Grosbeak,,high,,"Audubon's “Blue Grosbeak” (Fringilla coerulea) is today's Blue Grosbeak, Passerina caerulea; same species, older genus.",Featherframe havell.yaml; plate title from audubon.org
123,,Black & Yellow Warbler,Sylvia maculosa,Setophaga magnolia,Magnolia Warbler,magwar,eBird/Clements 2025,Q27075915,6093209,1E82CE1ECC54F928,Setophaga magnolia_Magnolia Warbler,,high,,Audubon's “Black & Yellow Warbler” is today's Magnolia Warbler,Featherframe havell.yaml; plate title from audubon.org
124,,Green Black-capt Flycatcher,Muscicapa wilsonii,Cardellina pusilla,Wilson's Warbler,wlswar,eBird/Clements 2025,Q27076007,7341606,1F09CCCCBD97B861,Cardellina pusilla_Wilson's Warbler,,high,,Audubon's “Green Black-capt Flycatcher” is today's Wilson's Warbler,Featherframe havell.yaml; plate title from audubon.org
125,,Brown-headed Nuthatch,Sitta pusilla,Sitta pusilla,Brown-headed Nuthatch,bnhnut,eBird/Clements 2025,Q790651,2484904,85729C75FED7B59E,Sitta pusilla_Brown-headed Nuthatch,,high,,Audubon's “Brown-headed Nuthatch” (Sitta pusilla) is today's Brown-headed Nuthatch; same binomial.,Featherframe havell.yaml; plate title from audubon.org
126,,White-headed Eagle,Falco leucocephalus,Haliaeetus leucocephalus,Bald Eagle,baleag,eBird/Clements 2025,Q127216,2480446,FED3756C12CF67FA,Haliaeetus leucocephalus_Bald Eagle,,high,,"The second of Audubon's two “White-headed Eagle” plates, with 31: today's Bald Eagle",audubon.org; Wikimedia Commons
127,,Rose-breasted Grosbeak,Fringilla ludoviciana,Pheucticus ludovicianus,Rose-breasted Grosbeak,robgro,eBird/Clements 2025,Q839834,2490494,7C2FCB13BAA660EE,Pheucticus ludovicianus_Rose-breasted Grosbeak,,high,,"Audubon's “Rose-breasted Grosbeak” (Fringilla ludoviciana) is today's Rose-breasted Grosbeak, Pheucticus ludovicianus; same species, older genus.",Featherframe havell.yaml; plate title from audubon.org
128,,Cat Bird,Turdus felivox,Dumetella carolinensis,Gray Catbird,grycat,eBird/Clements 2025,Q831597,2494936,95B77F083F49835F,Dumetella carolinensis_Gray Catbird,,high,,Audubon's “Cat Bird” is today's Gray Catbird,Featherframe havell.yaml; plate title from audubon.org
129,,Great Crested Flycatcher,Muscicapa crinita,Myiarchus crinitus,Great Crested Flycatcher,grcfly,eBird/Clements 2025,Q1052057,2483597,8D6D5F2BEA07A0CF,Myiarchus crinitus_Great Crested Flycatcher,,high,,"Audubon's “Great Crested Flycatcher” (Muscicapa crinita) is today's Great Crested Flycatcher, Myiarchus crinitus; same species, older genus.",Featherframe havell.yaml; plate title from audubon.org
130,,Yellow-winged Sparrow,Fringilla passerina,Ammodramus savannarum,Grasshopper Sparrow,graspa,eBird/Clements 2025,Q1588210,2491123,5BFFE091FBA75EA2,Ammodramus savannarum_Grasshopper Sparrow,subspecies,high,,Audubon's “Yellow-winged Sparrow” is today's Grasshopper Sparrow,Featherframe havell.yaml; plate title from audubon.org
131,,American Robin,Turdus migratorius,Turdus migratorius,American Robin,amerob,eBird/Clements 2025,Q460967,9510564,D77E4B418D581FB2,Turdus migratorius_American Robin,,high,,Audubon's “American Robin” (Turdus migratorius) is today's American Robin; same binomial.,Featherframe havell.yaml; plate title from audubon.org
132,,Three-toed Woodpecker,Picus tridactylus,Picoides arcticus,Black-backed Woodpecker,bkbwoo,eBird/Clements 2025,Q1259965,2477774,6BDADC9C8CD3FD0C,Picoides arcticus_Black-backed Woodpecker,,high,,"Audubon's “Three-toed Woodpecker” (Picus tridactylus) is today's Black-backed Woodpecker: the backs that show are solid glossy black, Audubon wrote in 1839 that his bird is Swainson's Apternus arcticus, and Ridgway lists the plate under P. arcticus. The American Three-toed Woodpecker is plate 417, figs. 3–4","engraved legend; Audubon, Ornithological Biography v (1839); Ridgway, Birds of North and Middle America vi (1914); audubon.org; the plate"
133,,Black-poll Warbler,Sylvia striata,Setophaga striata,Blackpoll Warbler,bkpwar,eBird/Clements 2025,Q27075924,6092935,544A5E6BC69CEAAC,Setophaga striata_Blackpoll Warbler,,high,,Audubon's “Black-poll Warbler” is today's Blackpoll Warbler,Featherframe havell.yaml; plate title from audubon.org
134,,Hemlock Warbler,Sylvia parus,Setophaga fusca,Blackburnian Warbler,bkbwar,eBird/Clements 2025,Q27075919,6093199,4168AF09C7BCB40B,Setophaga fusca_Blackburnian Warbler,variant,high,,"Audubon's “Hemlock Warbler” (Wilson's Sylvia parus), figured as a species, is a young or female Blackburnian Warbler; its main plate is 135.",audubon.org; Wikimedia Commons
135,,Blackburnian Warbler,Sylvia blackburniæ,Setophaga fusca,Blackburnian Warbler,bkbwar,eBird/Clements 2025,Q27075919,6093199,4168AF09C7BCB40B,Setophaga fusca_Blackburnian Warbler,,high,,"Audubon's “Blackburnian Warbler” (Sylvia blackburniae) is today's Blackburnian Warbler, Setophaga fusca; blackburniae is a synonym of fusca. The young is plate 134.",Featherframe havell.yaml; plate title from audubon.org
136,,Meadow Lark,Sturnus ludovicianus,Sturnella magna,Eastern Meadowlark,easmea,eBird/Clements 2025,Q1589550,2484254,4A11480B216EBB80,Sturnella magna_Eastern Meadowlark,,high,,Audubon's “Meadow Lark” is today's Eastern Meadowlark,Featherframe havell.yaml; plate title from audubon.org
137,,Yellow-breasted Chat,Icteria viridis,Icteria virens,Yellow-breasted Chat,yebcha,eBird/Clements 2025,Q787047,2489989,734C73A933F3108B,Icteria virens_Yellow-breasted Chat,,high,,"Audubon's “Yellow-breasted Chat” (Icteria viridis) is today's Yellow-breasted Chat, Icteria virens; viridis is a synonym of virens.",Featherframe havell.yaml; plate title from audubon.org
138,,Connecticut Warbler,Sylvia agilis,Oporornis agilis,Connecticut Warbler,conwar,eBird/Clements 2025,Q760374,2489611,0B23929DF27B0963,Oporornis agilis_Connecticut Warbler,,high,,"Audubon's “Connecticut Warbler” (Sylvia agilis) is today's Connecticut Warbler, Oporornis agilis; same species, older genus.",Featherframe havell.yaml; plate title from audubon.org
139,,Field Sparrow,Fringilla pusilla,Spizella pusilla,Field Sparrow,fiespa,eBird/Clements 2025,Q611926,2492096,E23F6DE0B4829658,Spizella pusilla_Field Sparrow,,high,,"Audubon's “Field Sparrow” (Fringilla pusilla) is today's Field Sparrow, Spizella pusilla; same species, older genus.",Featherframe havell.yaml; plate title from audubon.org
140,,Pine Creeping Warbler,Sylvia pinus,Setophaga pinus,Pine Warbler,pinwar,eBird/Clements 2025,Q27075932,7341816,6283E61EEF174882,Setophaga pinus_Pine Warbler,,high,,Audubon's “Pine Creeping Warbler” is today's Pine Warbler,Featherframe havell.yaml; plate title from audubon.org
141,"Adult Male, 1. Young, 2.",Goshawk,Falco palumbarius,Astur atricapillus,American Goshawk,norgos,eBird/Clements 2025,Q26787327,,AE5956D5CF79C8F0,Accipiter gentilis_Northern Goshawk,,high,,Audubon's “Goshawk” (figs. 1–2) is today's American Goshawk; BirdNET's Northern Goshawk is split by eBird into American and Eurasian Goshawk,Featherframe havell.yaml; plate title from audubon.org; New-York Historical Society; Wikimedia Commons; Boston Public Library (Digital Commonwealth)
141,"Adult, 3.",Stanley Hawk,Falco stanleii,Astur cooperii,Cooper's Hawk,coohaw,eBird/Clements 2025,Q862896,2480621,EB98812F50A648A1,Accipiter cooperii_Cooper's Hawk,,high,,"Audubon's “Stanley Hawk” (fig. 3) is today's Cooper's Hawk, as on plate 36",engraved legend; New-York Historical Society; Wikimedia Commons; Boston Public Library (Digital Commonwealth); the plate
142,,American Sparrow Hawk,Falco sparverius,Falco sparverius,American Kestrel,amekes,eBird/Clements 2025,Q651545,9685907,20C2214E655A79AB,Falco sparverius_American Kestrel,,high,,Audubon's “American Sparrow Hawk” is today's American Kestrel,Featherframe havell.yaml; plate title from audubon.org
143,,Golden-crowned Thrush,Turdus aurocapillus,Seiurus aurocapilla,Ovenbird,ovenbi1,eBird/Clements 2025,Q796672,2489590,CEA5B6AA48218C8A,Seiurus aurocapilla_Ovenbird,,high,,Audubon's “Golden-crowned Thrush” is today's Ovenbird,Featherframe havell.yaml; plate title from audubon.org
144,,Small Green Crested Flycatcher,Muscicapa acadica,Empidonax virescens,Acadian Flycatcher,acafly,eBird/Clements 2025,Q252175,2482802,2778A3F42BBFEBD5,Empidonax virescens_Acadian Flycatcher,,high,,Audubon's “Small Green Crested Flycatcher” is today's Acadian Flycatcher,Featherframe havell.yaml; plate title from audubon.org
145,,Yellow Red-poll Warbler,Sylvia petechia,Setophaga palmarum,Palm Warbler,palwar,eBird/Clements 2025,Q27075928,7341822,4AAEF54973E5453C,Setophaga palmarum_Palm Warbler,,high,,"Audubon's “Yellow Red-poll Warbler” (Sylvia petechia, Wilson's misapplied name) is the Yellow Palm Warbler, S. p. hypochrysea, a race of today's Palm Warbler; Audubon wrote in 1834 that plate 163 shows the same bird.",audubon.org; Wikimedia Commons
146,,Fish Crow,Corvus ossifragus,Corvus ossifragus,Fish Crow,fiscro,eBird/Clements 2025,Q1420315,2482481,43E56D2CAA66A6CA,Corvus ossifragus_Fish Crow,,high,,Audubon's “Fish Crow” (Corvus ossifragus) is today's Fish Crow; same binomial.,Featherframe havell.yaml; plate title from audubon.org
147,,Night Hawk,Caprimulgus virginianus,Chordeiles minor,Common Nighthawk,comnig,eBird/Clements 2025,Q943329,2497035,24E39ACD5692DA4A,Chordeiles minor_Common Nighthawk,,high,,Audubon's “Night Hawk” is today's Common Nighthawk,Featherframe havell.yaml; plate title from audubon.org
148,,Pine Swamp Warbler,Sylvia sphagnosa,Setophaga caerulescens,Black-throated Blue Warbler,btbwar,eBird/Clements 2025,Q27075926,7341828,67B455A71B1C2506,Setophaga caerulescens_Black-throated Blue Warbler,variant,high,,"Audubon's “Pine Swamp Warbler” (Sylvia sphagnosa), figured as a species, is the female or young Black-throated Blue Warbler, as he wrote in 1839; its main plate is 155.",audubon.org; Wikimedia Commons
149,,Sharp-tailed Finch,Fringilla caudacuta,Ammospiza caudacuta,Saltmarsh Sparrow,sstspa,eBird/Clements 2025,Q28812394,2491087,79C9C8C455E6936B,Ammospiza caudacuta_Saltmarsh Sparrow,,high,,Audubon's “Sharp-tailed Finch” is today's Saltmarsh Sparrow,Featherframe havell.yaml; plate title from audubon.org
150,,Red-eyed Vireo,Vireo olivaceus,Vireo olivaceus,Red-eyed Vireo,reevir1,eBird/Clements 2025,Q582976,2487430,,Vireo olivaceus_Red-eyed Vireo,,high,,Audubon's “Red-eyed Vireo” (Vireo olivaceus) is today's Red-eyed Vireo; same binomial.,Featherframe havell.yaml; plate title from audubon.org
151,,Turkey Buzzard,Cathartes atratus,Cathartes aura,Turkey Vulture,turvul,eBird/Clements 2025,Q245181,2481930,36B3872DAFE1EC1C,Cathartes aura_Turkey Vulture,,high,,Audubon's “Turkey Buzzard” is today's Turkey Vulture,Featherframe havell.yaml; plate title from audubon.org
152,,White-breasted Black-capped Nuthatch,Litta carolinensis,Sitta carolinensis,White-breasted Nuthatch,whbnut,eBird/Clements 2025,Q379240,2484892,19CCBBD220E533AD,Sitta carolinensis_White-breasted Nuthatch,,high,,Audubon's “White-breasted Black-capped Nuthatch” is today's White-breasted Nuthatch,Featherframe havell.yaml; plate title from audubon.org
153,,Yellow rump Warbler,Sylvia coronata,Setophaga coronata,Yellow-rumped Warbler,yerwar,eBird/Clements 2025,Q18390024,7341805,BC5A949807108302,Setophaga coronata_Yellow-rumped Warbler,,high,,Audubon's “Yellow rump Warbler” (Sylvia coronata) is today's Yellow-rumped Warbler; audubon.org titles it “Yellow-crown Warbler”.,engraved title; Featherframe havell.yaml; audubon.org
154,,Tennessee Warbler,Sylvia peregrina,Leiothlypis peregrina,Tennessee Warbler,tenwar,eBird/Clements 2025,Q126925,7415507,D204A9309E8CCC3A,Leiothlypis peregrina_Tennessee Warbler,,high,,"Audubon's “Tennessee Warbler” (Sylvia peregrina) is today's Tennessee Warbler, Leiothlypis peregrina; same species, older genus.",Featherframe havell.yaml; plate title from audubon.org
155,,Black-throated Blue Warbler,Sylvia canadensis,Setophaga caerulescens,Black-throated Blue Warbler,btbwar,eBird/Clements 2025,Q27075926,7341828,67B455A71B1C2506,Setophaga caerulescens_Black-throated Blue Warbler,,high,,"Audubon's “Black-throated Blue Warbler” (Sylvia canadensis) is today's Black-throated Blue Warbler, Setophaga caerulescens. The female is plate 148.",Featherframe havell.yaml; plate title from audubon.org
156,,American Crow,Corvus americanus,Corvus brachyrhynchos,American Crow,amecro,eBird/Clements 2025,Q267735,2482507,9E9F24769B6ACBE3,Corvus brachyrhynchos_American Crow,,high,,"Audubon's “American Crow” (Corvus americanus) is today's American Crow, Corvus brachyrhynchos; Audubon's americanus is a synonym of brachyrhynchos.",Featherframe havell.yaml; plate title from audubon.org
157,,Rusty Grakle,Quiscalus ferrugineus,Euphagus carolinus,Rusty Blackbird,rusbla,eBird/Clements 2025,Q1314688,2484184,5F77FED530C9B69D,Euphagus carolinus_Rusty Blackbird,,high,,Audubon's “Rusty Grakle” is today's Rusty Blackbird,Featherframe havell.yaml; plate title from audubon.org
158,,American Swift,Cypselus pelasgius,Chaetura pelagica,Chimney Swift,chiswi,eBird/Clements 2025,Q912863,4409023,C3AD1AFF63D26461,Chaetura pelagica_Chimney Swift,,high,,Audubon's “American Swift” is today's Chimney Swift,Featherframe havell.yaml; plate title from audubon.org
159,,Cardinal Grosbeak,Fringilla cardinalis,Cardinalis cardinalis,Northern Cardinal,norcar,eBird/Clements 2025,Q726389,2490384,4E74AE2276258520,Cardinalis cardinalis_Northern Cardinal,,high,,Audubon's “Cardinal Grosbeak” is today's Northern Cardinal,Featherframe havell.yaml; plate title from audubon.org
160,,Carolina Titmouse,Parus carolinensis,Poecile carolinensis,Carolina Chickadee,carchi,eBird/Clements 2025,Q1079441,2487844,F941AAD38D7BA54D,Poecile carolinensis_Carolina Chickadee,,high,,Audubon's “Carolina Titmouse” is today's Carolina Chickadee,Featherframe havell.yaml; plate title from audubon.org
161,,Brasilian Caracara Eagle,Polyborus vulgaris,Caracara plancus,Crested Caracara,y00678,eBird/Clements 2025,Q755119,2480989,CFED276FD6D14015,Caracara plancus_Crested Caracara,,high,,Audubon's “Brasilian Caracara Eagle” is today's Crested Caracara,Featherframe havell.yaml; plate title from audubon.org
162,,Zenaida Dove,Columba zenaida,Zenaida aurita,Zenaida Dove,zendov,eBird/Clements 2025,Q968434,2495353,85BD24D1E63A7EF0,Zenaida aurita_Zenaida Dove,subspecies,high,,"Audubon's “Zenaida Dove” (Columba zenaida) is today's Zenaida Dove, Zenaida aurita; Bonaparte's zenaida is a synonym of aurita.",Featherframe havell.yaml; plate title from audubon.org
163,,Palm Warbler,Sylvia palmarum,Setophaga palmarum,Palm Warbler,palwar,eBird/Clements 2025,Q27075928,7341822,4AAEF54973E5453C,Setophaga palmarum_Palm Warbler,,high,,"Audubon's “Palm Warbler” (Sylvia palmarum) is today's Palm Warbler, Setophaga palmarum. Audubon wrote in 1834 that this plate and 145 show one species, his Sylvia petechia.",Featherframe havell.yaml; plate title from audubon.org
164,,Tawny Thrush,Turdus wilsonii,,,,,,,,,,none,,"Traditionally the Veery, but Halley (2018) disputes it. Which Catharus thrush does the figure show?",
165,,Bachmans Finch,Fringilla bachmani,Peucaea aestivalis,Bachman's Sparrow,bacspa,eBird/Clements 2025,Q2229917,7341544,DAD22BB68CF2206A,Peucaea aestivalis_Bachman's Sparrow,subspecies,high,,Audubon's “Bachmans Finch” is today's Bachman's Sparrow,Featherframe havell.yaml; plate title from audubon.org
166,,Rough-legged Falcon,Falco lagopus,Buteo lagopus,Rough-legged Hawk,rolhaw,eBird/Clements 2025,Q26407,2480524,90B13ACF984D0DDF,Buteo lagopus_Rough-legged Hawk,,high,,Audubon's “Rough-legged Falcon” is today's Rough-legged Hawk,Featherframe havell.yaml; plate title from audubon.org
167,,Key-west Dove,Columba montana,Geotrygon chrysia,Key West Quail-Dove,kwqdov,eBird/Clements 2025,Q521438,2496120,913CBCDFE3845B25,Geotrygon chrysia_Key West Quail-Dove,,high,,Audubon's “Key-west Dove” is today's Key West Quail-Dove,Featherframe havell.yaml; plate title from audubon.org
168,,Forked-tailed Flycatcher,Muscicapa savana,Tyrannus savana,Fork-tailed Flycatcher,fotfly,eBird/Clements 2025,Q1078611,5229693,A2510EF44C67DD52,Tyrannus savana_Fork-tailed Flycatcher,,high,,"Audubon's “Forked-tailed Flycatcher” (Muscicapa savana) is today's Fork-tailed Flycatcher, Tyrannus savana; same species, older genus.",engraved title; Featherframe havell.yaml; audubon.org
169,,Mangrove Cuckoo,Coccyzus seniculus,Coccyzus minor,Mangrove Cuckoo,mancuc,eBird/Clements 2025,Q18923,2496294,84F096F742884C1B,Coccyzus minor_Mangrove Cuckoo,,high,,"Audubon's “Mangrove Cuckoo” (Coccyzus seniculus) is today's Mangrove Cuckoo, Coccyzus minor; seniculus is a synonym of minor.",Featherframe havell.yaml; plate title from audubon.org
170,,Pipiry Flycatcher,Muscicapa dominicensis,Tyrannus dominicensis,Gray Kingbird,grykin,eBird/Clements 2025,Q945200,5229678,F5388B5EF2C0D783,Tyrannus dominicensis_Gray Kingbird,,high,,Audubon's “Pipiry Flycatcher” (Muscicapa dominicensis) is today's Gray Kingbird; audubon.org titles it “Piping Flycatcher”.,engraved title; Featherframe havell.yaml; audubon.org
171,,Barn Owl,Strix flammea,Tyto furcata,American Barn Owl,brnowl,eBird/Clements 2025,Q468015,9568884,,Tyto alba_Barn Owl,,high,,Audubon's “Barn Owl” is today's American Barn Owl; eBird splits Barn Owl; the binomial stays with Western Barn Owl,Featherframe havell.yaml; plate title from audubon.org
172,,Blue-headed Pigeon,Columba cyanocephala,Starnoenas cyanocephala,Blue-headed Quail-Dove,bhqdov1,eBird/Clements 2025,Q649940,2496135,F117ED15BD9FD81A,,,high,,Audubon's “Blue-headed Pigeon” is today's Blue-headed Quail-Dove,Featherframe havell.yaml; plate title from audubon.org
173,,Barn Swallow,Hirundo americana,Hirundo rustica,Barn Swallow,barswa,eBird/Clements 2025,Q25429,9515886,58C502EA7AF3E023,Hirundo rustica_Barn Swallow,,high,,"Audubon's “Barn Swallow” (Hirundo americana on the plate, rustica in his text) is today's Barn Swallow, Hirundo rustica; Wilson's americana is a synonym of its American race, erythrogaster.",Featherframe havell.yaml; plate title from audubon.org
174,,Olive sided Flycatcher,Muscicapa inornata,Contopus cooperi,Olive-sided Flycatcher,olsfly,eBird/Clements 2025,Q580893,5229743,951C150C10C1B0BA,Contopus cooperi_Olive-sided Flycatcher,,high,,Audubon's “Olive sided Flycatcher” is today's Olive-sided Flycatcher,Featherframe havell.yaml; plate title from audubon.org
175,,Nuttall's lesser-marsh Wren,Troglodites brevirostris,Cistothorus stellaris,Sedge Wren,sedwre1,eBird/Clements 2025,Q22575825,,43D33E0370ECC15B,Cistothorus stellaris_Sedge Wren,,high,,Audubon's “Nuttall's lesser-marsh Wren” is today's Sedge Wren,Featherframe havell.yaml; plate title from audubon.org
176,,Spotted Grous,Tetrao canadensis,Canachites canadensis,Spruce Grouse,sprgro,eBird/Clements 2025,Q117253054,2473502,4BCA4FFF85E6B1E2,Canachites canadensis_Spruce Grouse,,high,,Audubon's “Spotted Grous” is today's Spruce Grouse,Featherframe havell.yaml; plate title from audubon.org
177,,White-crowned Pigeon,Columba leucocephala,Patagioenas leucocephala,White-crowned Pigeon,whcpig2,eBird/Clements 2025,Q1269998,2495310,5F571C8A089382FB,Patagioenas leucocephala_White-crowned Pigeon,,high,,"Audubon's “White-crowned Pigeon” (Columba leucocephala) is today's White-crowned Pigeon, Patagioenas leucocephala; same species, older genus.",Featherframe havell.yaml; plate title from audubon.org
178,,Orange-crowned Warbler,Sylvia celata,Leiothlypis celata,Orange-crowned Warbler,orcwar,eBird/Clements 2025,Q27075888,8169649,FFF6108042E63910,Leiothlypis celata_Orange-crowned Warbler,,high,,"Audubon's “Orange-crowned Warbler” (Sylvia celata) is today's Orange-crowned Warbler, Leiothlypis celata; same species, older genus.",Featherframe havell.yaml; plate title from audubon.org
179,,Wood Wren,Troglodytes americana,Troglodytes aedon,Northern House Wren,houwre,eBird/Clements 2025,Q524799,5231459,1181E29791E92A94,Troglodytes aedon_House Wren,,high,,"Audubon's “Wood Wren” (Troglodytes americana), which he named as a species, is today's Northern House Wren: its type, from Eastport, Maine, is in the eastern nominate race (Ridgway 1904). Its main plate is 83.",Wikimedia Commons; Wikispecies (synonymy of Troglodytes aedon)
180,,Pine Finch,Fringilla pinus,Spinus pinus,Pine Siskin,pinsis,eBird/Clements 2025,Q26847063,5231635,B48335B1DF4EF710,Spinus pinus_Pine Siskin,,high,,Audubon's “Pine Finch” is today's Pine Siskin,Featherframe havell.yaml; plate title from audubon.org
181,,Golden Eagle,Aquila chrysaetos,Aquila chrysaetos,Golden Eagle,goleag,eBird/Clements 2025,Q41181,2480506,5F8E7CA845BD413F,Aquila chrysaetos_Golden Eagle,,high,,Audubon's “Golden Eagle” (Aquila chrysaetos) is today's Golden Eagle.,engraved title; Featherframe havell.yaml; audubon.org
182,,Ground Dove,Columba passerina,Columbina passerina,Common Ground Dove,cogdov,eBird/Clements 2025,Q510766,2495869,F9AED5486FD85258,Columbina passerina_Common Ground Dove,,high,,Audubon's “Ground Dove” is today's Common Ground Dove,Featherframe havell.yaml; plate title from audubon.org
183,,American Golden crested-Wren,Regulus tricolor,Regulus satrapa,Golden-crowned Kinglet,gockin,eBird/Clements 2025,Q1063246,2484591,154BCCAE37AE70E9,Regulus satrapa_Golden-crowned Kinglet,,high,,Audubon's “American Golden crested-Wren” is today's Golden-crowned Kinglet,Featherframe havell.yaml; plate title from audubon.org
184,,Mango Hummingbird,Trochilus mango,,,,,,,,,,none,,"Audubon's Trochilus mango, a mango hummingbird of the Caribbean or Central America. Which species the figures show is disputed.",
185,,Bachman's Warbler,Sylvia bachmanii,Vermivora bachmanii,Bachman's Warbler,bacwar,eBird/Clements 2025,Q375157,5230816,207491AE88C23BE8,,,high,,"Audubon's “Bachman's Warbler” (Sylvia bachmanii), which he named on this plate, is today's Bachman's Warbler, Vermivora bachmanii; same species, older genus.",Featherframe havell.yaml; plate title from audubon.org
186,,Pinnated Grous,Tetrao cupido,Tympanuchus cupido,Greater Prairie-Chicken,grpchi,eBird/Clements 2025,Q19630,2473510,F59448B7465F5CB5,Tympanuchus cupido_Greater Prairie-Chicken,,high,,Audubon's “Pinnated Grous” is today's Greater Prairie-Chicken,Featherframe havell.yaml; plate title from audubon.org
187,,Boat-tailed Grackle,Quiscalus major,Quiscalus major,Boat-tailed Grackle,botgra,eBird/Clements 2025,Q1589368,2484133,EF47E15D002D3191,Quiscalus major_Boat-tailed Grackle,,high,,Audubon's “Boat-tailed Grackle” (Quiscalus major) is today's Boat-tailed Grackle; same binomial.,Featherframe havell.yaml; plate title from audubon.org
188,,Tree Sparrow,Fringilla canadensis,Spizelloides arborea,American Tree Sparrow,amtspa,eBird/Clements 2025,Q27076037,7357320,,Spizelloides arborea_American Tree Sparrow,,high,,Audubon's “Tree Sparrow” is today's American Tree Sparrow,Featherframe havell.yaml; plate title from audubon.org
189,,Snow Bunting,Emberiza nivalis,Plectrophenax nivalis,Snow Bunting,snobun,eBird/Clements 2025,Q26416,2491719,9BEBC02505B416EE,Plectrophenax nivalis_Snow Bunting,,high,,"Audubon's “Snow Bunting” (Emberiza nivalis) is today's Snow Bunting, Plectrophenax nivalis; same species, older genus.",Featherframe havell.yaml; plate title from audubon.org
190,,Yellow bellied Woodpecker,Picus varius,Sphyrapicus varius,Yellow-bellied Sapsucker,yebsap,eBird/Clements 2025,Q934735,2478605,9BE68BD390E0D2FF,Sphyrapicus varius_Yellow-bellied Sapsucker,,high,,Audubon's “Yellow bellied Woodpecker” is today's Yellow-bellied Sapsucker,Featherframe havell.yaml; plate title from audubon.org
191,,Willow Grous,Tetrao saliceti,Lagopus lagopus,Willow Ptarmigan,wilpta,eBird/Clements 2025,Q178702,2473421,FC3D07C64FF2C915,Lagopus lagopus_Willow Ptarmigan,,high,,"Audubon's “Willow Grous” (Tetrao saliceti) is today's Willow Ptarmigan; audubon.org titles it “Willow Grouse, or Large Ptarmigan”.",engraved title; Featherframe havell.yaml; audubon.org
192,,Great cinereous Shrike or Butcher Bird,Lanius excubitor,Lanius borealis,Northern Shrike,norshr4,eBird/Clements 2025,Q31874734,7690702,,Lanius borealis_Northern Shrike,,high,,Audubon's “Great cinereous Shrike or Butcher Bird” (Lanius excubitor) is today's Northern Shrike.,engraved title; Featherframe havell.yaml; audubon.org
193,,Lincoln Finch,Fringilla lincolnii,Melospiza lincolnii,Lincoln's Sparrow,linspa,eBird/Clements 2025,Q692323,2492192,AF49F8903B6DC7A5,Melospiza lincolnii_Lincoln's Sparrow,,high,,Audubon's “Lincoln Finch” is today's Lincoln's Sparrow,Featherframe havell.yaml; plate title from audubon.org
194,,Canadian Titmouse,Parus hudsonicus,Poecile hudsonicus,Boreal Chickadee,borchi2,eBird/Clements 2025,Q385343,2487793,68887DE7576B711C,Poecile hudsonicus_Boreal Chickadee,,high,,Audubon's “Canadian Titmouse” is today's Boreal Chickadee,Featherframe havell.yaml; plate title from audubon.org
195,,Ruby crowned Wren,Regulus calendula,Corthylio calendula,Ruby-crowned Kinglet,ruckin,eBird/Clements 2025,Q117266977,2484597,B60B1166CE5DDFA7,Corthylio calendula_Ruby-crowned Kinglet,,high,,Audubon's “Ruby crowned Wren” is today's Ruby-crowned Kinglet,Featherframe havell.yaml; plate title from audubon.org
196,,Labrador Falcon,Falco labradora,Falco rusticolus,Gyrfalcon,gyrfal,eBird/Clements 2025,Q177688,8069880,E19252A76FC7845B,Falco rusticolus_Gyrfalcon,variant,high,,"Audubon's “Labrador Falcon” (Falco labradora), which he named as a species, is the dark morph of today's Gyrfalcon; both figures are sooty brown. His white Gyrfalcon is a later plate.",Featherframe havell.yaml; plate title from audubon.org
197,,American Crossbill,Loxia curvirostra,Loxia curvirostra,Red Crossbill,redcro,eBird/Clements 2025,Q26552,9629160,135564AAF6B01DA2,Loxia curvirostra_Red Crossbill,,high,,Audubon's “American Crossbill” is today's Red Crossbill,Featherframe havell.yaml; plate title from audubon.org
198,,Swainson's Warbler,Sylvia swainsonii,Limnothlypis swainsonii,Swainson's Warbler,swawar,eBird/Clements 2025,Q783095,2489636,D3624203E6C65D28,Limnothlypis swainsonii_Swainson's Warbler,,high,,Audubon's “Swainson's Warbler” (Sylvia swainsonii) is today's Swainson's Warbler; audubon.org titles it “Brown headed Worm eating Warbler”.,engraved title; Featherframe havell.yaml; audubon.org
199,,Little Owl,Strix acadica,Aegolius acadicus,Northern Saw-whet Owl,nswowl,eBird/Clements 2025,Q638019,5232207,26BA25EFD0F06DF7,Aegolius acadicus_Northern Saw-whet Owl,,high,,Audubon's “Little Owl” is today's Northern Saw-whet Owl,Featherframe havell.yaml; plate title from audubon.org
200,,Shore Lark,Alauda alpestris,Eremophila alpestris,Horned Lark,horlar,eBird/Clements 2025,Q207249,9415596,77AFF9B86BC9FEE3,Eremophila alpestris_Horned Lark,,high,,Audubon's “Shore Lark” is today's Horned Lark,Featherframe havell.yaml; plate title from audubon.org
201,,Canada Goose,Anser canadensis,Branta canadensis,Canada Goose,cangoo,eBird/Clements 2025,Q26733,5232437,B59E18633E2EFD25,Branta canadensis_Canada Goose,,high,,"Audubon's “Canada Goose” (Anser canadensis) is today's Canada Goose, Branta canadensis; same species, older genus.",Featherframe havell.yaml; plate title from audubon.org
202,,Red-Throated Diver,Colymbus septentrionalis,Gavia stellata,Red-throated Loon,retloo,eBird/Clements 2025,Q26691,2481958,6C50988A5445ED76,Gavia stellata_Red-throated Loon,,high,,Audubon's “Red-Throated Diver” is today's Red-throated Loon,Featherframe havell.yaml; plate title from audubon.org
203,,Great Red brested Rail or Fresh-water Marsh hen,Rallus elegans,Rallus elegans,King Rail,kinrai4,eBird/Clements 2025,Q1265381,9480015,0BB84341D8AE9B6E,Rallus elegans_King Rail,,high,,Audubon's “Great Red brested Rail or Fresh-water Marsh hen” (Rallus elegans) is today's King Rail; audubon.org titles it “Fresh Water Marsh Hen”.,engraved title; Featherframe havell.yaml; audubon.org
204,,Salt Water Marsh Hen,Rallus crepitans,Rallus crepitans,Clapper Rail,clarai11,eBird/Clements 2025,Q26235798,7751637,E893F98D6F17B578,Rallus crepitans_Clapper Rail,,high,,Audubon's “Salt Water Marsh Hen” is today's Clapper Rail,Featherframe havell.yaml; plate title from audubon.org
205,,Virginian Rail,Rallus virginianus,Rallus limicola,Virginia Rail,virrai,eBird/Clements 2025,Q747837,2474825,87705CC47B47F3FD,Rallus limicola_Virginia Rail,,high,,"Audubon's “Virginian Rail” (Rallus virginianus) is today's Virginia Rail, Rallus limicola; virginianus is a synonym of limicola.",engraved title; Featherframe havell.yaml; audubon.org
206,,"Summer, or Wood Duck",Anas sponsa,Aix sponsa,Wood Duck,wooduc,eBird/Clements 2025,Q322159,2498387,27B2749A88E3E2C8,Aix sponsa_Wood Duck,,high,,"Audubon's “Summer, or Wood Duck” is today's Wood Duck",Featherframe havell.yaml; plate title from audubon.org
207,,Booby Gannet,Sula fusca,Sula leucogaster,Brown Booby,brnboo,eBird/Clements 2025,Q320193,2480975,5EC21767FC58DB7D,Sula leucogaster_Brown Booby,,high,,Audubon's “Booby Gannet” is today's Brown Booby,Featherframe havell.yaml; plate title from audubon.org
208,,Esquimaux Curlew,Numenius borealis,Numenius borealis,Eskimo Curlew,eskcur,eBird/Clements 2025,Q61857,2481783,FB9305DB788ED649,,,high,,Audubon's “Esquimaux Curlew” is today's Eskimo Curlew,Featherframe havell.yaml; plate title from audubon.org
209,,Wilson's Plover,Charadrius wilsonius,Anarhynchus wilsonia,Wilson's Plover,wilplo,eBird/Clements 2025,Q979488,2480302,654D660CF51DB8B1,Charadrius wilsonia_Wilson's Plover,,high,,"Audubon's “Wilson's Plover” (Charadrius wilsonius) is today's Wilson's Plover, Anarhynchus wilsonia; same species, the genus eBird 2025 uses.",Featherframe havell.yaml; plate title from audubon.org
210,,Least Bittern,Ardea exilis,Botaurus exilis,Least Bittern,leabit,eBird/Clements 2025,Q469586,2480852,0B361ED83051417E,Ixobrychus exilis_Least Bittern,,high,,"Audubon's “Least Bittern” (Ardea exilis) is today's Least Bittern, Botaurus exilis; same species, the genus eBird 2025 uses.",Featherframe havell.yaml; plate title from audubon.org
211,,Great blue Heron,Ardea herodias,Ardea herodias,Great Blue Heron,grbher3,eBird/Clements 2025,Q333796,9630752,93694BB5492F7012,Ardea herodias_Great Blue Heron,,high,,Audubon's “Great blue Heron” is today's Great Blue Heron,Featherframe havell.yaml; plate title from audubon.org
212,,Common American Gull,Larus canus,Larus delawarensis,Ring-billed Gull,ribgul,eBird/Clements 2025,Q754885,2481134,23863F65441680FA,Larus delawarensis_Ring-billed Gull,,high,,Audubon's “Common American Gull” is today's Ring-billed Gull,Featherframe havell.yaml; plate title from audubon.org
213,,Puffin,Mormon arcticus,Fratercula arctica,Atlantic Puffin,atlpuf,eBird/Clements 2025,Q26685,2481353,2771624B64AD7F2C,Fratercula arctica_Atlantic Puffin,,high,,Audubon's “Puffin” is today's Atlantic Puffin,Featherframe havell.yaml; plate title from audubon.org
214,,Razor billed Auk,Alca torda,Alca torda,Razorbill,razorb,eBird/Clements 2025,Q27102,8277073,64F4DD81371B269F,Alca torda_Razorbill,,high,,Audubon's “Razor billed Auk” (Alca torda) is today's Razorbill; audubon.org titles it “Razor Bill”.,engraved title; Featherframe havell.yaml; audubon.org
215,,Hyperborean phalarope,Phalaropus hyperboreus,Phalaropus lobatus,Red-necked Phalarope,renpha,eBird/Clements 2025,Q206840,5739290,E6F3BA54577746FB,Phalaropus lobatus_Red-necked Phalarope,,high,,Audubon's “Hyperborean phalarope” is today's Red-necked Phalarope,Featherframe havell.yaml; plate title from audubon.org
216,,Wood Ibis,Tantalus loculator,Mycteria americana,Wood Stork,woosto,eBird/Clements 2025,Q990175,2481937,19196211B7630B88,Mycteria americana_Wood Stork,,high,,Audubon's “Wood Ibis” (Tantalus loculator) is today's Wood Stork.,engraved title; Featherframe havell.yaml; audubon.org
217,,Louisiana Heron,Ardea ludoviciana,Egretta tricolor,Tricolored Heron,triher,eBird/Clements 2025,Q392139,2480881,031409C72898108C,Egretta tricolor_Tricolored Heron,subspecies,high,,Audubon's “Louisiana Heron” is today's Tricolored Heron,Featherframe havell.yaml; plate title from audubon.org
218,,Foolish Guillemot,Uria troile,Uria aalge,Common Murre,commur,eBird/Clements 2025,Q21062,2481342,39F29B55EF9A542F,Uria aalge_Common Murre,,high,,Audubon's “Foolish Guillemot” is today's Common Murre,Featherframe havell.yaml; plate title from audubon.org
219,,Black Guillemot,Uria grylle,Cepphus grylle,Black Guillemot,blkgui,eBird/Clements 2025,Q212055,2481312,B5AA5952E13FE5F3,Cepphus grylle_Black Guillemot,,high,,"Audubon's “Black Guillemot” (Uria grylle) is today's Black Guillemot, Cepphus grylle; same species, older genus.",Featherframe havell.yaml; plate title from audubon.org
220,,Piping Plover,Charadrius melodus,Charadrius melodus,Piping Plover,pipplo,eBird/Clements 2025,Q1351070,2480283,671B69FE824DC9FF,Charadrius melodus_Piping Plover,,high,,Audubon's “Piping Plover” (Charadrius melodus) is today's Piping Plover; same binomial.,Featherframe havell.yaml; plate title from audubon.org
221,,Mallard Duck,Anas boschas,Anas platyrhynchos,Mallard,mallar3,eBird/Clements 2025,Q25348,9761484,85625D75F2524457,Anas platyrhynchos_Mallard,,high,,Audubon's “Mallard Duck” is today's Mallard,Featherframe havell.yaml; plate title from audubon.org
222,,White Ibis,Ibis alba,Eudocimus albus,White Ibis,whiibi,eBird/Clements 2025,Q589171,5229205,74EDE3CA4FD29DC6,Eudocimus albus_White Ibis,,high,,"Audubon's “White Ibis” (Ibis alba) is today's White Ibis, Eudocimus albus; same species, older genus.",Featherframe havell.yaml; plate title from audubon.org
223,,Pied oyster-catcher,Hœmatopus ostralegus,Haematopus palliatus,American Oystercatcher,ameoys,eBird/Clements 2025,Q692644,2480273,981CE782575DD8E7,Haematopus palliatus_American Oystercatcher,,high,,Audubon's “Pied oyster-catcher” is today's American Oystercatcher,Featherframe havell.yaml; plate title from audubon.org
224,,Kittiwake Gull,Larus tridactylus,Rissa tridactyla,Black-legged Kittiwake,bklkit,eBird/Clements 2025,Q26612,2481205,FB4D08F0837D4683,Rissa tridactyla_Black-legged Kittiwake,,high,,Audubon's “Kittiwake Gull” is today's Black-legged Kittiwake,Featherframe havell.yaml; plate title from audubon.org
225,,Kildeer Plover,Charadrius vociferus,Charadrius vociferus,Killdeer,killde,eBird/Clements 2025,Q755737,2480320,BCF9A19AFE372627,Charadrius vociferus_Killdeer,,high,,Audubon's “Kildeer Plover” is today's Killdeer,Featherframe havell.yaml; plate title from audubon.org
226,,Hooping Crane,Grus americana,Grus americana,Whooping Crane,whocra,eBird/Clements 2025,Q457477,2474941,B87D744DCD48ECC9,Grus americana_Whooping Crane,,high,,Audubon's “Hooping Crane” is today's Whooping Crane,Featherframe havell.yaml; plate title from audubon.org
227,,Pin tailed Duck,Anas acuta,Anas acuta,Northern Pintail,norpin,eBird/Clements 2025,Q25450,2498112,56CCA7179C9FA71D,Anas acuta_Northern Pintail,,high,,Audubon's “Pin tailed Duck” is today's Northern Pintail,Featherframe havell.yaml; plate title from audubon.org
228,,Green winged Teal,Anas crecca,Anas crecca,Green-winged Teal,gnwtea,eBird/Clements 2025,Q25700,8214667,115F04DDF18F7CFF,Anas crecca_Green-winged Teal,,high,,Audubon's “Green winged Teal” is today's Green-winged Teal,Featherframe havell.yaml; plate title from audubon.org
229,,Scaup Duck,Fuligula marila,Aythya affinis,Lesser Scaup,lessca,eBird/Clements 2025,Q833243,2498257,50566E50C91B8686,Aythya affinis_Lesser Scaup,,high,,"Audubon's “Scaup Duck” (Fuligula marila) is a Lesser Scaup: in 1844 Audubon wrote that the bird described in his Ornithological Biography and figured in his large plates was the smaller scaup, Vigors's Fuligula mariloides, and Baird, Brewer and Ridgway list plate 229 under the Lesser Scaup. audubon.org agrees","Audubon, Birds of America 8vo vi (1843) and vii (1844); Baird, Brewer & Ridgway, Water Birds of North America ii (1884); audubon.org; the plate"
230,,Sanderling,Tringa arenaria,Calidris alba,Sanderling,sander,eBird/Clements 2025,Q58958,2481748,06B9BD243A756B28,Calidris alba_Sanderling,,high,,Audubon's “Sanderling” (Tringa arenaria) is today's Sanderling,"engraved legend; Audubon, Ornithological Biography iii (1835); audubon.org"
231,,Long-billed Curlew,Numenius longirostris,Numenius americanus,Long-billed Curlew,lobcur,eBird/Clements 2025,Q76471,2481794,5284C27B1DE872F2,Numenius americanus_Long-billed Curlew,,high,,"Audubon's “Long-billed Curlew” (Numenius longirostris) is today's Long-billed Curlew, Numenius americanus.",Featherframe havell.yaml; plate title from audubon.org
232,,Hooded Merganser,Mergus cucullatus,Lophodytes cucullatus,Hooded Merganser,hoomer,eBird/Clements 2025,Q241349,2498408,60E6081E3DF8CFA4,Lophodytes cucullatus_Hooded Merganser,,high,,"Audubon's “Hooded Merganser” (Mergus cucullatus) is today's Hooded Merganser, Lophodytes cucullatus; same species, older genus.",Featherframe havell.yaml; plate title from audubon.org
233,,Sora or Rail,Rallus carolinus,Porzana carolina,Sora,sora,eBird/Clements 2025,Q936740,2474639,2CC21529B5674AEB,Porzana carolina_Sora,,high,,Audubon's “Sora or Rail” is today's Sora,Featherframe havell.yaml; plate title from audubon.org
234,,Ring-necked Duck,Fuligula rufitorques,Aythya collaris,Ring-necked Duck,rinduc,eBird/Clements 2025,Q601055,2498264,0783A7EA9C26947D,Aythya collaris_Ring-necked Duck,,high,,Audubon's “Ring-necked Duck” (Fuligula rufitorques) is today's Ring-necked Duck,"engraved legend; Audubon, Ornithological Biography iii (1835); audubon.org"
235,,Sooty Tern,Sterna fuliginosa,Onychoprion fuscatus,Sooty Tern,sooter1,eBird/Clements 2025,Q28482,5789284,3E7F825D03C0DC3E,Onychoprion fuscatus_Sooty Tern,,high,,"Audubon's “Sooty Tern” (Sterna fuliginosa) is today's Sooty Tern, Onychoprion fuscatus.",Featherframe havell.yaml; plate title from audubon.org
236,,Night Heron or Qua bird,Ardea nycticorax,Nycticorax nycticorax,Black-crowned Night Heron,bcnher,eBird/Clements 2025,Q126216,2480863,6BB94D7EA4D041A8,Nycticorax nycticorax_Black-crowned Night-Heron,,high,,Audubon's “Night Heron or Qua bird” is today's Black-crowned Night Heron,Featherframe havell.yaml; plate title from audubon.org
237,,Hudsonian Curlew,Numenius hudsonicus,Numenius hudsonicus,Hudsonian Whimbrel,whimbr3,eBird/Clements 2025,Q50407544,4408523,,Numenius phaeopus_Whimbrel,,high,,Audubon's “Hudsonian Curlew” is today's Hudsonian Whimbrel; eBird splits Whimbrel; the binomial stays with Eurasian Whimbrel,Featherframe havell.yaml; plate title from audubon.org
238,,Great Marbled Godwit,Limosa fedoa,Limosa fedoa,Marbled Godwit,margod,eBird/Clements 2025,Q844714,2481684,249AE8DFD7F51354,Limosa fedoa_Marbled Godwit,,high,,Audubon's “Great Marbled Godwit” is today's Marbled Godwit,Featherframe havell.yaml; plate title from audubon.org
239,,American Coot,Fulica americana,Fulica americana,American Coot,y00475,eBird/Clements 2025,Q470016,2474393,4FB248BAEFEC2868,Fulica americana_American Coot,,high,,Audubon's “American Coot” (Fulica americana) is today's American Coot; same binomial.,Featherframe havell.yaml; plate title from audubon.org
240,,Roseate Tern,Sterna dougallii,Sterna dougallii,Roseate Tern,roster,eBird/Clements 2025,Q321293,5229249,74236837A4AFD042,Sterna dougallii_Roseate Tern,,high,,Audubon's “Roseate Tern” (Sterna dougallii) is today's Roseate Tern; same binomial.,Featherframe havell.yaml; plate title from audubon.org
241,,Black Backed Gull,Larus marinus,Larus marinus,Great Black-backed Gull,gbbgul,eBird/Clements 2025,Q26629,2481172,E826E9F3FBAED223,Larus marinus_Great Black-backed Gull,,high,,Audubon's “Black Backed Gull” is today's Great Black-backed Gull,Featherframe havell.yaml; plate title from audubon.org
242,,Snowy Heron or White Egret,Ardea candidissima,Egretta thula,Snowy Egret,snoegr,eBird/Clements 2025,Q59785,2480873,AA7901D88E7203E5,Egretta thula_Snowy Egret,,high,,Audubon's “Snowy Heron or White Egret” is today's Snowy Egret,Featherframe havell.yaml; plate title from audubon.org
243,,American Snipe,Scolopax wilsonii,Gallinago delicata,Wilson's Snipe,wilsni1,eBird/Clements 2025,Q64927,2481817,F5C8516D3B9C7686,Gallinago delicata_Wilson's Snipe,,high,,Audubon's “American Snipe” is today's Wilson's Snipe,Featherframe havell.yaml; plate title from audubon.org
244,,Common Gallinule,Gallinula chloropus,Gallinula galeata,Common Gallinule,comgal1,eBird/Clements 2025,Q1263469,,3EF081A8ED429A45,Gallinula galeata_Common Gallinule,,high,,"Audubon's “Common Gallinule” (Gallinula chloropus) is today's Common Gallinule, G. galeata: eBird splits the American bird from the Old World Eurasian Moorhen, which keeps chloropus.",Featherframe havell.yaml; plate title from audubon.org
245,,Uria Brunnichii,Uria brunnichii,Uria lomvia,Thick-billed Murre,thbmur,eBird/Clements 2025,Q728682,2481339,B70B5840ABCD5CFC,Uria lomvia_Thick-billed Murre,,high,,"Plate 245 is lettered only “Uria Brunnichii”: Brünnich's Guillemot, Audubon's “Large-billed Guillemot” in the text, today's Thick-billed Murre","engraved legend; Audubon, Ornithological Biography iii (1835); audubon.org"
246,,Eider Duck,Fuligula mollissima,Somateria mollissima,Common Eider,comeid,eBird/Clements 2025,Q26696,2498352,B77377EEB852D0AF,Somateria mollissima_Common Eider,,high,,Audubon's “Eider Duck” is today's Common Eider,Featherframe havell.yaml; plate title from audubon.org
247,,Velvet Duck,Fuligula fusca,Melanitta deglandi,White-winged Scoter,whwsco2,eBird/Clements 2025,Q2020137,2498243,31FB19D46391C346,Melanitta fusca_Velvet Scoter,,high,,"Audubon's “Velvet Duck” (Fuligula fusca) is today's White-winged Scoter: eBird 2025 splits the Velvet Scoter, whose name stays with the Old World bird, and Audubon's birds were American, with the black knob and red-sided bill he describes and the plate shows. audubon.org agrees","engraved legend; Audubon, Ornithological Biography iii (1835); Baird, Brewer & Ridgway, Water Birds of North America ii (1884); audubon.org; the plate"
248,,American Pied-bill Dobchick,Podiceps carolinensis,Podilymbus podiceps,Pied-billed Grebe,pibgre,eBird/Clements 2025,Q579718,2482077,9A8E55D00554A088,Podilymbus podiceps_Pied-billed Grebe,,high,,Audubon's “American Pied-bill Dobchick” is today's Pied-billed Grebe,Featherframe havell.yaml; plate title from audubon.org
249,,Tufted Auk,Mormon cirrhatus,Fratercula cirrhata,Tufted Puffin,tufpuf,eBird/Clements 2025,Q838607,2481357,F79373497BC9C8FD,,,high,,Audubon's “Tufted Auk” is today's Tufted Puffin,Featherframe havell.yaml; plate title from audubon.org
250,,Arctic Tern,Sterna arctica,Sterna paradisaea,Arctic Tern,arcter,eBird/Clements 2025,Q26800,5229230,BDC5CF80BE6CFC21,Sterna paradisaea_Arctic Tern,,high,,"Audubon's “Arctic Tern” (Sterna arctica) is today's Arctic Tern, Sterna paradisaea; arctica is a later synonym.",Featherframe havell.yaml; plate title from audubon.org
251,,Brown Pelican,Pelecanus fuscus,Pelecanus occidentalis,Brown Pelican,brnpel,eBird/Clements 2025,Q208714,5229158,F59AB6B357BF97D8,Pelecanus occidentalis_Brown Pelican,,high,,"Audubon's “Brown Pelican” (Pelecanus fuscus, adult male) is today's Brown Pelican, Pelecanus occidentalis; the young bird is plate 421.",Featherframe havell.yaml; plate title from audubon.org
252,,Florida Cormorant,Carbo floridanus,Nannopterum auritum,Double-crested Cormorant,doccor,eBird/Clements 2025,Q117254648,2481875,3AC46C54EE4A6251,Nannopterum auritum_Double-crested Cormorant,subspecies,high,,"Audubon's “Florida Cormorant” (Carbo floridanus, Florida Keys) is the Florida race of today's Double-crested Cormorant, N. a. floridanus, which he named from these birds; its main plate is 257.",audubon.org; Wikimedia Commons
253,,Jager,Lestris pomarina,Stercorarius pomarinus,Pomarine Jaeger,pomjae,eBird/Clements 2025,Q212767,2481609,7CB8F5B711DE64D0,Stercorarius pomarinus_Pomarine Jaeger,,high,,Audubon's “Jager” is today's Pomarine Jaeger,Featherframe havell.yaml; plate title from audubon.org
254,,Wilson's Phalarope,Phalaropus wilsonii,Phalaropus tricolor,Wilson's Phalarope,wilpha,eBird/Clements 2025,Q45696,5229389,667C6969D7874433,Phalaropus tricolor_Wilson's Phalarope,,high,,"Audubon's “Wilson's Phalarope” (Phalaropus wilsonii) is today's Wilson's Phalarope, Phalaropus tricolor.",Featherframe havell.yaml; plate title from audubon.org
255,,Red Phalarope,Phalaropus platyrhynchus,Phalaropus fulicarius,Red Phalarope,redpha1,eBird/Clements 2025,Q208335,5229390,18A1938091EEEA73,Phalaropus fulicarius_Red Phalarope,,high,,"Audubon's “Red Phalarope” (Phalaropus platyrhynchus) is today's Red Phalarope, Phalaropus fulicarius.",Featherframe havell.yaml; plate title from audubon.org
256,,Purple Heron,Ardea rufescens,Egretta rufescens,Reddish Egret,redegr,eBird/Clements 2025,Q258791,2480888,D8A24A3EDDC19AA4,Egretta rufescens_Reddish Egret,,high,,Audubon's “Purple Heron” is today's Reddish Egret,Featherframe havell.yaml; plate title from audubon.org
257,,Double-crested Cormorant,Phalacrocorax dilophus,Nannopterum auritum,Double-crested Cormorant,doccor,eBird/Clements 2025,Q117254648,2481875,3AC46C54EE4A6251,Nannopterum auritum_Double-crested Cormorant,,high,,"Audubon's “Double-crested Cormorant” is today's Double-crested Cormorant, Nannopterum auritum; its Florida race is plate 252.",Featherframe havell.yaml; plate title from audubon.org
258,,Hudsonian Godwit,Limosa hudsonica,Limosa haemastica,Hudsonian Godwit,hudgod,eBird/Clements 2025,Q283458,2481680,930139644308C7B7,Limosa haemastica_Hudsonian Godwit,,high,,"Audubon's “Hudsonian Godwit” (Limosa hudsonica) is today's Hudsonian Godwit, Limosa haemastica.",Featherframe havell.yaml; plate title from audubon.org
259,,Horned Grebe,Podiceps cornutus,Podiceps auritus,Horned Grebe,horgre,eBird/Clements 2025,Q192058,2482059,018B316959E84738,Podiceps auritus_Horned Grebe,,high,,"Audubon's “Horned Grebe” (Podiceps cornutus) is today's Horned Grebe, Podiceps auritus.",Featherframe havell.yaml; plate title from audubon.org
260,,Forked-tailed Petrel,Thalassidroma leachii,Hydrobates leucorhous,Leach's Storm-Petrel,lcspet,eBird/Clements 2025,Q211986,2482012,05E98392444BE5C7,Hydrobates leucorhous_Leach's Storm-Petrel,,high,,Audubon's “Forked-tailed Petrel” (Thalassidroma leachii) is today's Leach's Storm-Petrel; audubon.org titles it “Fork-tail Petrel”.,engraved title; Featherframe havell.yaml; audubon.org
261,,Hooping Crane,Grus americana,Antigone canadensis,Sandhill Crane,sancra,eBird/Clements 2025,Q503804,2474953,E196D6F9AB1DFF7E,Antigone canadensis_Sandhill Crane,,high,,"Audubon's “Hooping Crane, young” (Grus americana) is a Sandhill Crane: he took the grey Sandhill for the young of the Whooping Crane, whose adult is plate 226.",Featherframe havell.yaml; plate title from audubon.org
262,,Tropic Bird,Phaeton æthereus,Phaethon lepturus,White-tailed Tropicbird,whttro,eBird/Clements 2025,Q528117,2481364,1D07B501FEAF0840,Phaethon lepturus_White-tailed Tropicbird,,high,,Audubon's “Tropic Bird” is today's White-tailed Tropicbird,Featherframe havell.yaml; plate title from audubon.org
263,,Curlew Sandpiper,Tringa subarquata,Calidris ferruginea,Curlew Sandpiper,cursan,eBird/Clements 2025,Q62345,2481741,143A681C9BCE9A20,Calidris ferruginea_Curlew Sandpiper,,high,,Audubon's “Curlew Sandpiper” (Tringa subarquata) is today's Curlew Sandpiper; audubon.org titles it “Pigmy Curlew”.,engraved title; Featherframe havell.yaml; audubon.org
264,,Fulmar Petrel,Procellaria glacialis,Fulmarus glacialis,Northern Fulmar,norful,eBird/Clements 2025,Q26896,2481433,049D9AEA4AFBFDFA,Fulmarus glacialis_Northern Fulmar,,high,,Audubon's “Fulmar Petrel” is today's Northern Fulmar,Featherframe havell.yaml; plate title from audubon.org
265,,Buff breasted Sandpiper,Tringa rufescens,Calidris subruficollis,Buff-breasted Sandpiper,bubsan,eBird/Clements 2025,Q27452709,8292425,3A3C62BC935BDA72,Calidris subruficollis_Buff-breasted Sandpiper,,high,,Audubon's “Buff breasted Sandpiper” is today's Buff-breasted Sandpiper,Featherframe havell.yaml; plate title from audubon.org
266,,Common Cormorant,Phalacrocorax carbo,Phalacrocorax carbo,Great Cormorant,grecor,eBird/Clements 2025,Q25440,2481890,ACD40E8C3CC720BF,Phalacrocorax carbo_Great Cormorant,,high,,Audubon's “Common Cormorant” is today's Great Cormorant,Featherframe havell.yaml; plate title from audubon.org
267,,Arctic Yager,Lestris parasitica,Stercorarius longicaudus,Long-tailed Jaeger,lotjae,eBird/Clements 2025,Q216921,2481613,1D4464402EC9FD21,Stercorarius longicaudus_Long-tailed Jaeger,,high,,Audubon's “Arctic Yager” is today's Long-tailed Jaeger,Featherframe havell.yaml; plate title from audubon.org
268,,American Woodcock,Scolopax minor,Scolopax minor,American Woodcock,amewoo,eBird/Clements 2025,Q694319,2481695,F4829920F1710E56,Scolopax minor_American Woodcock,,high,,Audubon's “American Woodcock” (Scolopax minor) is today's American Woodcock; same binomial.,Featherframe havell.yaml; plate title from audubon.org
269,,Greenshank,Totanus glottis,Tringa nebularia,Common Greenshank,comgre,eBird/Clements 2025,Q18840,2481726,18B415D28BBF934C,Tringa nebularia_Common Greenshank,,high,,Audubon's “Greenshank” is today's Common Greenshank,Featherframe havell.yaml; plate title from audubon.org
270,,Wilson's Petrel,,Oceanites oceanicus,Wilson's Storm-Petrel,wispet,eBird/Clements 2025,Q607024,5229419,D295D249BDB7E046,,,high,,Audubon's “Wilson's Petrel” (Thalassidroma wilsonius on the plate) is today's Wilson's Storm-Petrel; audubon.org titles the plate “Stormy Petrel”,"engraved legend; Audubon, Ornithological Biography iii (1835); audubon.org"
271,,Frigate Pelican,Tachypetes aquilus,Fregata magnificens,Magnificent Frigatebird,magfri,eBird/Clements 2025,Q647512,2480189,8AA3B42E976C7B2A,Fregata magnificens_Magnificent Frigatebird,,high,,Audubon's “Frigate Pelican” is today's Magnificent Frigatebird,Featherframe havell.yaml; plate title from audubon.org
272,,Richardson's Jager,Lestris richardsonii,Stercorarius parasiticus,Parasitic Jaeger,parjae,eBird/Clements 2025,Q203053,2481621,39086887E9EAFEB3,Stercorarius parasiticus_Parasitic Jaeger,,high,,Audubon's “Richardson's Jager” is today's Parasitic Jaeger,Featherframe havell.yaml; plate title from audubon.org
273,,Cayenne Tern,Sterna cayana,Thalasseus maximus,Royal Tern,royter1,eBird/Clements 2025,Q28423,5789281,68EDCC23F8128FA8,Thalasseus maximus_Royal Tern,,high,,Audubon's “Cayenne Tern” is today's Royal Tern,Featherframe havell.yaml; plate title from audubon.org
274,,"Semipalmated Snipe, or Willet",Totanus semipalmatus,Tringa semipalmata,Willet,willet1,eBird/Clements 2025,Q831611,5789298,E7A14E91456CB432,Tringa semipalmata_Willet,,high,,"Audubon's “Semipalmated Snipe, or Willet” is today's Willet",Featherframe havell.yaml; plate title from audubon.org
275,,Noddy Tern,Sterna stolida,Anous stolidus,Brown Noddy,brnnod,eBird/Clements 2025,Q525717,9512459,A070171E774B95B5,Anous stolidus_Brown Noddy,,high,,Audubon's “Noddy Tern” is today's Brown Noddy,Featherframe havell.yaml; plate title from audubon.org
276,,King Duck,Fuligula spectabilis,Somateria spectabilis,King Eider,kineid,eBird/Clements 2025,Q207846,2498350,F3D7491432CC59E7,Somateria spectabilis_King Eider,,high,,Audubon's “King Duck” is today's King Eider,Featherframe havell.yaml; plate title from audubon.org
277,,Hutchins's Barnacle Goose,Anser hutchinsii,Branta hutchinsii,Cackling Goose,cacgoo1,eBird/Clements 2025,Q244189,5232452,60214D4970BA4158,Branta hutchinsii_Cackling Goose,,high,,Audubon's “Hutchins's Barnacle Goose” is today's Cackling Goose,Featherframe havell.yaml; plate title from audubon.org
278,,Schinz's Sandpiper,Tringa schinzii,Calidris fuscicollis,White-rumped Sandpiper,whrsan,eBird/Clements 2025,Q599749,2481756,153BA3069DFCDDCA,Calidris fuscicollis_White-rumped Sandpiper,,high,,Audubon's “Schinz's Sandpiper” is today's White-rumped Sandpiper,Featherframe havell.yaml; plate title from audubon.org
279,,Sandwich Tern,Sterna boyssii,Thalasseus sandvicensis,Sandwich Tern,santer1,eBird/Clements 2025,Q27547,2481240,04B49AE78FFF9B68,Thalasseus sandvicensis_Sandwich Tern,,high,,Audubon's “Sandwich Tern” (Sterna boyssii; S. cantiaca in his text) is today's Sandwich Tern,"engraved legend; Audubon, Ornithological Biography iii (1835); audubon.org"
280,,Black Tern,Sterna nigra,Chlidonias niger,Black Tern,blkter,eBird/Clements 2025,Q27215,2481119,115AF02DD58018FB,Chlidonias niger_Black Tern,,high,,"Audubon's “Black Tern” (Sterna nigra) is today's Black Tern, Chlidonias niger; same species, older genus.",Featherframe havell.yaml; plate title from audubon.org
281,,Great White Heron,Ardea occidentalis,Ardea herodias,Great Blue Heron,grbher3,eBird/Clements 2025,Q333796,9630752,93694BB5492F7012,Ardea herodias_Great Blue Heron,subspecies,high,,"Audubon's “Great White Heron” is the white Florida form of today's Great Blue Heron, Ardea herodias occidentalis; its main plate is 211",audubon.org; Wikimedia Commons
282,,White-winged silvery Gull,Larus leucopterus,Larus glaucoides,Iceland Gull,y00478,eBird/Clements 2025,Q174232,2481156,FB4FCB27,Larus glaucoides_Iceland Gull,,high,,Audubon's “White-winged silvery Gull” is today's Iceland Gull,Featherframe havell.yaml; plate title from audubon.org
283,,Wandering Shearwater,Puffinus cinereus,Ardenna gravis,Great Shearwater,greshe,eBird/Clements 2025,Q27074609,5229343,8B879DFA2AFB1481,,,high,,Audubon's “Wandering Shearwater” is today's Great Shearwater,Featherframe havell.yaml; plate title from audubon.org
284,1. Male Summer plumage. 2. Female Winter.,Purple Sandpiper,Tringa maritima,Calidris maritima,Purple Sandpiper,pursan,eBird/Clements 2025,Q62359,2481743,0A0B84313ACFFB2F,Calidris maritima_Purple Sandpiper,,high,,"Audubon's “Purple Sandpiper” (Tringa maritima, figs. 1–2) is today's Purple Sandpiper",Featherframe havell.yaml; plate title from audubon.org; New-York Historical Society; Wikimedia Commons
284,3.,Charadrius Wilsonius,Charadrius wilsonius,Anarhynchus wilsonia,Wilson's Plover,wilplo,eBird/Clements 2025,Q979488,2480302,654D660CF51DB8B1,Charadrius wilsonia_Wilson's Plover,,high,,"Figure 3, lettered only “Charadrius Wilsonius”, is a Wilson's Plover: heavy black bill and a single black breast band. Its main plate is 209",engraved legend; the plate
285,1. Male Summer plumage.,Forked-tailed Gull,Larus sabini,Xema sabini,Sabine's Gull,sabgul,eBird/Clements 2025,Q212047,2481221,86182656472B476B,Xema sabini_Sabine's Gull,,high,,"Audubon's “Forked-tailed Gull” (Larus sabini, fig. 1) is today's Sabine's Gull.",engraved title; Featherframe havell.yaml; audubon.org; New-York Historical Society; Wikimedia Commons
285,2. Male Spring plumage.,Tringa arenaria,Tringa arenaria,Calidris alba,Sanderling,sander,eBird/Clements 2025,Q58958,2481748,06B9BD243A756B28,Calidris alba_Sanderling,,high,,"Figure 2, lettered only “Tringa arenaria”, is a Sanderling in breeding plumage; Tringa arenaria Linn. is the Sanderling. Its main plate is 230",engraved legend; the plate
286,,White-fronted Goose,Anser albifrons,Anser albifrons,Greater White-fronted Goose,gwfgoo,eBird/Clements 2025,Q172093,2498017,466E9077BE220EBE,Anser albifrons_Greater White-fronted Goose,,high,,Audubon's “White-fronted Goose” is today's Greater White-fronted Goose,Featherframe havell.yaml; plate title from audubon.org
287,,Ivory Gull,Larus eburneus,Pagophila eburnea,Ivory Gull,ivogul,eBird/Clements 2025,Q723064,2481202,FED91A1F00C4E67C,,,high,,"Audubon's “Ivory Gull” (Larus eburneus) is today's Ivory Gull, Pagophila eburnea; same species, older genus.",Featherframe havell.yaml; plate title from audubon.org
288,,Yellow Shank,Totanus flavipes,Tringa flavipes,Lesser Yellowlegs,lesyel,eBird/Clements 2025,Q28000,2481721,2C7A2673444BECF0,Tringa flavipes_Lesser Yellowlegs,,high,,Audubon's “Yellow Shank” is today's Lesser Yellowlegs,Featherframe havell.yaml; plate title from audubon.org
289,,Solitary Sandpiper,Totanus chloropygius,Tringa solitaria,Solitary Sandpiper,solsan,eBird/Clements 2025,Q836304,2481710,D4A73324DB24F142,Tringa solitaria_Solitary Sandpiper,,high,,"Audubon's “Solitary Sandpiper” (Totanus chloropygius) is today's Solitary Sandpiper, Tringa solitaria.",Featherframe havell.yaml; plate title from audubon.org
290,,Red backed Sandpiper,Tringa alpina,Calidris alpina,Dunlin,dunlin,eBird/Clements 2025,Q26650,2481759,15369E8EB4CBD064,Calidris alpina_Dunlin,,high,,Audubon's “Red backed Sandpiper” is today's Dunlin,Featherframe havell.yaml; plate title from audubon.org
291,,Herring Gull,Larus argentatus,Larus smithsonianus,American Herring Gull,amhgul1,eBird/Clements 2025,Q469297,4848480,60F32AF8F5E3E40B,Larus argentatus_Herring Gull,,high,,Audubon's “Herring Gull” is today's American Herring Gull; eBird splits Herring Gull; the binomial stays with European Herring Gull,Featherframe havell.yaml; plate title from audubon.org
292,,Crested Grebe,Podiceps cristatus,Podiceps cristatus,Great Crested Grebe,grcgre1,eBird/Clements 2025,Q25422,2482054,8F269702DC208010,Podiceps cristatus_Great Crested Grebe,,high,,Audubon's “Crested Grebe” is today's Great Crested Grebe,Featherframe havell.yaml; plate title from audubon.org
293,,Large billed Puffin,Mormon glacialis,Fratercula corniculata,Horned Puffin,horpuf,eBird/Clements 2025,Q855367,2481359,24111FA5AE00A5DB,,,high,,Audubon's “Large billed Puffin” is today's Horned Puffin,Featherframe havell.yaml; plate title from audubon.org
294,,Pectoral Sandpiper,Tringa pectoralis,Calidris melanotos,Pectoral Sandpiper,pecsan,eBird/Clements 2025,Q260716,2481744,ACC99F35F0E8F7EB,Calidris melanotos_Pectoral Sandpiper,,high,,"Audubon's “Pectoral Sandpiper” (Tringa pectoralis) is today's Pectoral Sandpiper, Calidris melanotos.",Featherframe havell.yaml; plate title from audubon.org
295,,Manks Shearwater,Puffinus anglorum,Puffinus puffinus,Manx Shearwater,manshe,eBird/Clements 2025,Q208405,5229380,5AEDC00231A5201C,Puffinus puffinus_Manx Shearwater,,high,,Audubon's “Manks Shearwater” is today's Manx Shearwater,Featherframe havell.yaml; plate title from audubon.org
296,,Barnacle Goose,Anser leucopsis,Branta leucopsis,Barnacle Goose,bargoo,eBird/Clements 2025,Q26680,5232464,3163ED86A508BB83,Branta leucopsis_Barnacle Goose,,high,,"Audubon's “Barnacle Goose” (Anser leucopsis) is today's Barnacle Goose, Branta leucopsis; same species, older genus.",Featherframe havell.yaml; plate title from audubon.org
297,,Harlequin Duck,Fuligula histrionica,Histrionicus histrionicus,Harlequin Duck,harduc,eBird/Clements 2025,Q331179,2498224,BCBD2EAECA774B19,Histrionicus histrionicus_Harlequin Duck,,high,,"Audubon's “Harlequin Duck” (Fuligula histrionica) is today's Harlequin Duck, Histrionicus histrionicus.",Featherframe havell.yaml; plate title from audubon.org
298,,Red-necked Grebe,Podiceps rubricollis,Podiceps grisegena,Red-necked Grebe,rengre,eBird/Clements 2025,Q179919,2482051,1CBD2CED48B674A4,Podiceps grisegena_Red-necked Grebe,,high,,"Audubon's “Red-necked Grebe” (Podiceps rubricollis) is today's Red-necked Grebe, Podiceps grisegena.",Featherframe havell.yaml; plate title from audubon.org
299,,Dusky Petrel,Puffinus obscurus,Puffinus lherminieri,Sargasso Shearwater,audshe,eBird/Clements 2025,Q1262671,5229361,06C36D41443C29AF,,,high,,Audubon's “Dusky Petrel” is today's Sargasso Shearwater,Featherframe havell.yaml; plate title from audubon.org
300,,Golden Plover,Charadrius pluvialis,Pluvialis dominica,American Golden-Plover,amgplo,eBird/Clements 2025,Q216836,2480328,2143A8526CA7C809,Pluvialis dominica_American Golden-Plover,,high,,Audubon's “Golden Plover” is today's American Golden-Plover,Featherframe havell.yaml; plate title from audubon.org
301,,Canvas backed Duck,Fuligula vallisneria,Aythya valisineria,Canvasback,canvas,eBird/Clements 2025,Q378533,2498256,1929E1E16E073570,Aythya valisineria_Canvasback,,high,,Audubon's “Canvas backed Duck” is today's Canvasback,Featherframe havell.yaml; plate title from audubon.org
302,,Dusky Duck,Anas obscura,Anas rubripes,American Black Duck,ambduc,eBird/Clements 2025,Q845292,9581438,C732CB106EE8BAE8,Anas rubripes_American Black Duck,,high,,Audubon's “Dusky Duck” is today's American Black Duck,Featherframe havell.yaml; plate title from audubon.org
303,,Bartram Sandpiper,Totanus bartramius,Bartramia longicauda,Upland Sandpiper,uplsan,eBird/Clements 2025,Q530194,2481705,BF1DA86E0714FD01,Bartramia longicauda_Upland Sandpiper,,high,,Audubon's “Bartram Sandpiper” is today's Upland Sandpiper,Featherframe havell.yaml; plate title from audubon.org
304,,Turn-stone,Strepsilas interpres,Arenaria interpres,Ruddy Turnstone,rudtur,eBird/Clements 2025,Q26892,2481776,DC3050A9771F2CE9,Arenaria interpres_Ruddy Turnstone,,high,,Audubon's “Turn-stone” is today's Ruddy Turnstone,Featherframe havell.yaml; plate title from audubon.org
305,,Purple Gallinule,Gallinula martinica,Porphyrio martinica,Purple Gallinule,purgal2,eBird/Clements 2025,Q27074644,5228136,72A4F8EBF168E80D,Porphyrio martinica_Purple Gallinule,,high,,"Audubon's “Purple Gallinule” (Gallinula martinica) is today's Purple Gallinule, Porphyrio martinica; same species, older genus.",Featherframe havell.yaml; plate title from audubon.org
306,,"Great Northern Diver, or Loon",Colymbus glacialis,Gavia immer,Common Loon,comloo,eBird/Clements 2025,Q190342,2481962,7E02237895784E9A,Gavia immer_Common Loon,,high,,"Audubon's “Great Northern Diver, or Loon” is today's Common Loon",Featherframe havell.yaml; plate title from audubon.org
307,,Blue Crane or Heron,Ardea cœrulea,Egretta caerulea,Little Blue Heron,libher,eBird/Clements 2025,Q371028,2480894,11512CF46992C660,Egretta caerulea_Little Blue Heron,,high,,Audubon's “Blue Crane or Heron” is today's Little Blue Heron,Featherframe havell.yaml; plate title from audubon.org
308,,"Tell-tale Godwit, or Snipe",Totanus melanoleucus,Tringa melanoleuca,Greater Yellowlegs,greyel,eBird/Clements 2025,Q570379,2481720,6EB81C98A8FD9CE6,Tringa melanoleuca_Greater Yellowlegs,,high,,"Audubon's “Tell-tale Godwit, or Snipe” is today's Greater Yellowlegs",Featherframe havell.yaml; plate title from audubon.org
309,,Great Tern,Sterna hirundo,Sterna hirundo,Common Tern,comter,eBird/Clements 2025,Q18875,9367409,4D2FF6F13790ED7E,Sterna hirundo_Common Tern,,high,,Audubon's “Great Tern” is today's Common Tern,Featherframe havell.yaml; plate title from audubon.org
310,,Spotted Sandpiper,Totanus macularius,Actitis macularius,Spotted Sandpiper,sposan,eBird/Clements 2025,Q389691,2481798,0D88C072E71FE4B8,Actitis macularius_Spotted Sandpiper,,high,,"Audubon's “Spotted Sandpiper” is today's Spotted Sandpiper, Actitis macularius; same species and name.",Featherframe havell.yaml; plate title from audubon.org
311,,American White Pelican,Pelicanus americanus,Pelecanus erythrorhynchos,American White Pelican,amwpel,eBird/Clements 2025,Q735190,5229155,866903B93D70056B,Pelecanus erythrorhynchos_American White Pelican,,high,,"Audubon's “American White Pelican” (Pelecanus americanus) is today's American White Pelican, Pelecanus erythrorhynchos.",Featherframe havell.yaml; plate title from audubon.org
312,,Long-tailed Duck,Fuligula glacialis,Clangula hyemalis,Long-tailed Duck,lotduc,eBird/Clements 2025,Q26597,2498273,AF0C7BDEC7CEBAAC,Clangula hyemalis_Long-tailed Duck,,high,,"Audubon's “Long-tailed Duck” (Fuligula glacialis) is today's Long-tailed Duck, Clangula hyemalis.",Featherframe havell.yaml; plate title from audubon.org
313,,Blue-Winged Teal,Anas discors,Spatula discors,Blue-winged Teal,buwtea,eBird/Clements 2025,Q28106778,9422220,90E2543E9A4ABA0A,Spatula discors_Blue-winged Teal,,high,,Audubon's “Blue-Winged Teal” is today's Blue-winged Teal,Featherframe havell.yaml; plate title from audubon.org
314,,Black-headed Gull,Larus atricilla,Leucophaeus atricilla,Laughing Gull,laugul,eBird/Clements 2025,Q528764,6065844,6CDC3C9C8B50EA71,Leucophaeus atricilla_Laughing Gull,,high,,Audubon's “Black-headed Gull” is today's Laughing Gull,Featherframe havell.yaml; plate title from audubon.org
315,,Red-breasted Sandpiper,Tringa islandica,Calidris canutus,Red Knot,redkno,eBird/Clements 2025,Q27124,2481765,B5CE8FAD18923A94,Calidris canutus_Red Knot,,high,,Audubon's “Red-breasted Sandpiper” is today's Red Knot,Featherframe havell.yaml; plate title from audubon.org
316,,Black-bellied Darter,Plotus anhinga,Anhinga anhinga,Anhinga,anhing,eBird/Clements 2025,Q469940,2482082,FBDAE86A5CF7B698,Anhinga anhinga_Anhinga,,high,,Audubon's “Black-bellied Darter” is today's Anhinga,Featherframe havell.yaml; plate title from audubon.org
317,,"Black, or Surf Duck",Fuligula perspicillata,Melanitta perspicillata,Surf Scoter,sursco,eBird/Clements 2025,Q742468,2498246,624078BAC17F8111,Melanitta perspicillata_Surf Scoter,,high,,"Audubon's “Black, or Surf Duck” is today's Surf Scoter",Featherframe havell.yaml; plate title from audubon.org
318,,American Avocet,Recurvirostra americana,Recurvirostra americana,American Avocet,ameavo,eBird/Clements 2025,Q469992,2480258,8EB0C1FABC1D725A,Recurvirostra americana_American Avocet,,high,,Audubon's “American Avocet” (Recurvirostra americana) is today's American Avocet; same binomial.,Featherframe havell.yaml; plate title from audubon.org
319,,Lesser Tern,Sterna minuta,Sternula antillarum,Least Tern,leater1,eBird/Clements 2025,Q28168,5789285,BE78E765F1DA8123,Sternula antillarum_Least Tern,,high,,Audubon's “Lesser Tern” is today's Least Tern,Featherframe havell.yaml; plate title from audubon.org
320,,Little Sandpiper,Tringa pusilla,Calidris minutilla,Least Sandpiper,leasan,eBird/Clements 2025,Q913052,2481745,A47B0BD448AA34E0,Calidris minutilla_Least Sandpiper,,high,,Audubon's “Little Sandpiper” is today's Least Sandpiper,Featherframe havell.yaml; plate title from audubon.org
321,,Roseate Spoonbill,Platalea ajaja,Platalea ajaja,Roseate Spoonbill,rosspo1,eBird/Clements 2025,Q389664,2480803,70924157EB774F64,Platalea ajaja_Roseate Spoonbill,,high,,Audubon's “Roseate Spoonbill” (Platalea ajaja) is today's Roseate Spoonbill; same binomial.,Featherframe havell.yaml; plate title from audubon.org
322,,Red-headed Duck,Fuligula ferina,Aythya americana,Redhead,redhea,eBird/Clements 2025,Q692192,2498263,3072CC168280168B,Aythya americana_Redhead,,high,,Audubon's “Red-headed Duck” is today's Redhead,Featherframe havell.yaml; plate title from audubon.org
323,,Black Skimmer or Shearwater,Rhincops nigra,Rynchops niger,Black Skimmer,blkski,eBird/Clements 2025,Q516662,2481209,88AB027C4DF06D93,Rynchops niger_Black Skimmer,,high,,Audubon's “Black Skimmer or Shearwater” is today's Black Skimmer,Featherframe havell.yaml; plate title from audubon.org
324,,Bonapartian Gull,Larus bonapartii,Chroicocephalus philadelphia,Bonaparte's Gull,bongul,eBird/Clements 2025,Q629525,6065818,0337440E2A88E638,Chroicocephalus philadelphia_Bonaparte's Gull,,high,,Audubon's “Bonapartian Gull” is today's Bonaparte's Gull,Featherframe havell.yaml; plate title from audubon.org
325,,Buffel-headed Duck,Fuligula albeola,Bucephala albeola,Bufflehead,buffle,eBird/Clements 2025,Q576762,2498329,FB7383856D0DB2EA,Bucephala albeola_Bufflehead,,high,,Audubon's “Buffel-headed Duck” is today's Bufflehead,Featherframe havell.yaml; plate title from audubon.org
326,,Gannet,Sula bassana,Morus bassanus,Northern Gannet,norgan,eBird/Clements 2025,Q26675,2480964,534FB490884C6D33,Morus bassanus_Northern Gannet,,high,,Audubon's “Gannet” is today's Northern Gannet,Featherframe havell.yaml; plate title from audubon.org
327,,Shoveller Duck,Anas clypeata,Spatula clypeata,Northern Shoveler,norsho,eBird/Clements 2025,Q28106731,8332393,ED4CE8E7CFF43696,Spatula clypeata_Northern Shoveler,,high,,Audubon's “Shoveller Duck” is today's Northern Shoveler,Featherframe havell.yaml; plate title from audubon.org
328,,Long-legged Avocet,Himantopus nigricollis,Himantopus mexicanus,Black-necked Stilt,bknsti,eBird/Clements 2025,Q280358,5229128,62DAF6CC29ADBF9A,Himantopus mexicanus_Black-necked Stilt,,high,,Audubon's “Long-legged Avocet” is today's Black-necked Stilt,Featherframe havell.yaml; plate title from audubon.org
329,,Yellow-breasted Rail,Rallus noveboracencis,Coturnicops noveboracensis,Yellow Rail,yelrai,eBird/Clements 2025,Q1260592,5228183,2B100B36647125D7,Coturnicops noveboracensis_Yellow Rail,,high,,Audubon's “Yellow-breasted Rail” is today's Yellow Rail,Featherframe havell.yaml; plate title from audubon.org
330,,Ring Plover,Charadrius semipalmatus,Charadrius semipalmatus,Semipalmated Plover,semplo,eBird/Clements 2025,Q468009,2480295,95E28A57CB50B0D7,Charadrius semipalmatus_Semipalmated Plover,,high,,Audubon's “Ring Plover” is today's Semipalmated Plover,Featherframe havell.yaml; plate title from audubon.org
331,,Goosander,Mergus merganser,Mergus merganser,Common Merganser,commer,eBird/Clements 2025,Q180991,9537647,407E2CA886367DBB,Mergus merganser_Common Merganser,,high,,Audubon's “Goosander” is today's Common Merganser,Featherframe havell.yaml; plate title from audubon.org
332,,Pied Duck,Fuligula labradora,Camptorhynchus labradorius,Labrador Duck,labduc,eBird/Clements 2025,Q578813,5232436,80897D192B0FD8A7,,,high,,Audubon's “Pied Duck” is today's Labrador Duck,Featherframe havell.yaml; plate title from audubon.org
333,,Green Heron,Ardea virescens,Butorides virescens,Green Heron,grnher,eBird/Clements 2025,Q498228,9539567,86D45B8F04F61F0E,Butorides virescens_Green Heron,,high,,"Audubon's “Green Heron” (Ardea virescens) is today's Green Heron, Butorides virescens; same species, older genus.",Featherframe havell.yaml; plate title from audubon.org
334,,Black-bellied Plover,Charadrius helveticus,Pluvialis squatarola,Black-bellied Plover,bkbplo,eBird/Clements 2025,Q18835,2480327,27903EF7E618A6A2,Pluvialis squatarola_Black-bellied Plover,,high,,"Audubon's “Black-bellied Plover” (Charadrius helveticus) is today's Black-bellied Plover, Pluvialis squatarola.",Featherframe havell.yaml; plate title from audubon.org
335,,Red-breasted Snipe,Scolopax grisea,Limnodromus griseus,Short-billed Dowitcher,shbdow,eBird/Clements 2025,Q371633,2481672,4A3B2CFF53868550,Limnodromus griseus_Short-billed Dowitcher,,high,,Audubon's “Red-breasted Snipe” is today's Short-billed Dowitcher,Featherframe havell.yaml; plate title from audubon.org
336,,Yellow-Crowned Heron,Ardea violacea,Nyctanassa violacea,Yellow-crowned Night Heron,ycnher,eBird/Clements 2025,Q764282,2480953,C677249004161A94,Nyctanassa violacea_Yellow-crowned Night-Heron,,high,,Audubon's “Yellow-Crowned Heron” is today's Yellow-crowned Night Heron,Featherframe havell.yaml; plate title from audubon.org
337,,American Bittern,Ardea minor,Botaurus lentiginosus,American Bittern,amebit,eBird/Clements 2025,Q743017,2480911,13E9F9B48CD5A08A,Botaurus lentiginosus_American Bittern,,high,,"Audubon's “American Bittern” is today's American Bittern, Botaurus lentiginosus; same species and name.",Featherframe havell.yaml; plate title from audubon.org
338,,Bemaculated Duck,Anas glocitans,,,,,,,,,,none,,"A hybrid duck, not a species: Audubon's ""Bemaculated Duck"". Its parent species could still be named from the plate.",
339,,Little Auk,Uria alle,Alle alle,Dovekie,doveki,eBird/Clements 2025,Q26470,2481299,B0932D89F1F74318,,,high,,Audubon's “Little Auk” is today's Dovekie,Featherframe havell.yaml; plate title from audubon.org
340,,Least Stormy-Petrel,Thalassidroma pelagica,Hydrobates pelagicus,European Storm-Petrel,bripet,eBird/Clements 2025,Q27461,4408455,E1638A370D09095C,Hydrobates pelagicus_European Storm-Petrel,,high,,Audubon's “Least Stormy-Petrel” is today's European Storm-Petrel,Featherframe havell.yaml; plate title from audubon.org
341,,Great Auk,Alca impennis,Pinguinus impennis,Great Auk,greauk,eBird/Clements 2025,Q189193,5229273,57D2F32E062CB366,,,high,,"Audubon's “Great Auk” (Alca impennis) is today's extinct Great Auk, Pinguinus impennis; same species, older genus.",Featherframe havell.yaml; plate title from audubon.org
342,,Golden-Eye Duck,Fuligula clangula,Bucephala clangula,Common Goldeneye,comgol,eBird/Clements 2025,Q29865,2498326,68EA281AF74846D2,Bucephala clangula_Common Goldeneye,,high,,Audubon's “Golden-Eye Duck” is today's Common Goldeneye,Featherframe havell.yaml; plate title from audubon.org
343,,Ruddy Duck,Fuligula rubida,Oxyura jamaicensis,Ruddy Duck,rudduc,eBird/Clements 2025,Q647461,2498305,DF1E2A1D,Oxyura jamaicensis_Ruddy Duck,,high,,"Audubon's “Ruddy Duck” (Fuligula rubida) is today's Ruddy Duck, Oxyura jamaicensis.",Featherframe havell.yaml; plate title from audubon.org
344,,Long-legged Sandpiper,Tringa himantopus,Calidris himantopus,Stilt Sandpiper,stisan,eBird/Clements 2025,Q839820,5229400,ECDE73F2E6E6E622,Calidris himantopus_Stilt Sandpiper,,high,,Audubon's “Long-legged Sandpiper” is today's Stilt Sandpiper,Featherframe havell.yaml; plate title from audubon.org
345,,American Widgeon,Anas americana,Mareca americana,American Wigeon,amewig,eBird/Clements 2025,Q28106685,2498155,D201EB7230F20770,Mareca americana_American Wigeon,,high,,Audubon's “American Widgeon” is today's American Wigeon,Featherframe havell.yaml; plate title from audubon.org
346,,Black-Throated Diver,Colymbus arcticus,Gavia pacifica,Pacific Loon,pacloo,eBird/Clements 2025,Q558990,2481955,B7D7EF2398F42295,Gavia pacifica_Pacific Loon,,high,,Audubon's “Black-Throated Diver” is today's Pacific Loon,Featherframe havell.yaml; plate title from audubon.org
347,,Smew or White Nun,Mergus albellus,Mergellus albellus,Smew,smew,eBird/Clements 2025,Q200646,2498285,F1F520368CC95F88,Mergellus albellus_Smew,,high,,Audubon's “Smew or White Nun” is today's Smew,Featherframe havell.yaml; plate title from audubon.org
348,,Gadwall Duck,Anas strepera,Mareca strepera,Gadwall,gadwal,eBird/Clements 2025,Q28106966,9362027,C235A4D712BB8855,Mareca strepera_Gadwall,,high,,Audubon's “Gadwall Duck” is today's Gadwall,Featherframe havell.yaml; plate title from audubon.org
349,,Least Water-hen,Rallus jamaicensis,Laterallus jamaicensis,Black Rail,blkrai,eBird/Clements 2025,Q1268977,2474590,C5DF08E75E27B2B5,Laterallus jamaicensis_Black Rail,,high,,Audubon's “Least Water-hen” is today's Black Rail,Featherframe havell.yaml; plate title from audubon.org
350,,Rocky Mountain Plover,Charadrius montanus,Anarhynchus montanus,Mountain Plover,mouplo,eBird/Clements 2025,Q1273806,2480292,1FFFEF4EDDE2157D,Charadrius montanus_Mountain Plover,,high,,Audubon's “Rocky Mountain Plover” is today's Mountain Plover,Featherframe havell.yaml; plate title from audubon.org
351,,Great Cinereous Owl,Strix cinerea,Strix nebulosa,Great Gray Owl,grgowl,eBird/Clements 2025,Q200724,2497522,FA36ABE544B38D79,Strix nebulosa_Great Gray Owl,,high,,Audubon's “Great Cinereous Owl” is today's Great Gray Owl,Featherframe havell.yaml; plate title from audubon.org
352,,Black-Winged Hawk,Falco dispar,Elanus leucurus,White-tailed Kite,whtkit,eBird/Clements 2025,Q693593,2480367,CAA5E106BE76C1D0,Elanus leucurus_White-tailed Kite,,high,,Audubon's “Black-Winged Hawk” is today's White-tailed Kite,Featherframe havell.yaml; plate title from audubon.org
353,"1. Male, 2. Female.",Chesnut-backed Titmouse,Parus rufescens,Poecile rufescens,Chestnut-backed Chickadee,chbchi,eBird/Clements 2025,Q945114,2487783,FF592882F8E925A2,Poecile rufescens_Chestnut-backed Chickadee,,high,,"Audubon's “Chesnut-backed Titmouse” (Parus rufescens, figs. 1–2) is today's Chestnut-backed Chickadee",Featherframe havell.yaml; plate title from audubon.org; New-York Historical Society; Wikimedia Commons
353,"3. Male, 4. Female.",Black-capt Titmouse,Parus atricapillus,Poecile atricapillus,Black-capped Chickadee,bkcchi,eBird/Clements 2025,Q282687,2487805,B1F0CC82E34E4541,Poecile atricapillus_Black-capped Chickadee,,high,,"Audubon's “Black-capt Titmouse” (Parus atricapillus, figs. 3–4) is today's Black-capped Chickadee",Featherframe havell.yaml; plate title from audubon.org; New-York Historical Society; Wikimedia Commons; Boston Public Library (Digital Commonwealth)
353,"5. Male, 6. Female.",Chesnut-crowned Titmouse,Parus minimus,Psaltriparus minimus,Bushtit,bushti,eBird/Clements 2025,Q2746307,2494988,90DD804D14BC3AB7,Psaltriparus minimus_Bushtit,,high,,"Audubon's “Chesnut-crowned Titmouse” (Parus minimus Townsend, figs. 5–6, with the long hanging nest) is today's Bushtit; Nuttall's account in the text is of its purse-shaped nest on the Willamette","engraved legend; Audubon, Ornithological Biography iv (1838); New-York Historical Society; Boston Public Library (Digital Commonwealth); the plate"
354,3–4,Scarlet Tanager,Tanagra rubra,Piranga olivacea,Scarlet Tanager,scatan,eBird/Clements 2025,Q1193366,2488517,4210163221C2E458,Piranga olivacea_Scarlet Tanager,,high,,"Audubon's “Scarlet Tanager” (Tanagra rubra, figs. 3–4, old male and female) is today's Scarlet Tanager.",Featherframe havell.yaml; plate title from audubon.org
354,1–2,Louisiana Tanager,Tanagra ludoviciana,Piranga ludoviciana,Western Tanager,westan,eBird/Clements 2025,Q384342,2488484,0ADA5F17E6C7CA54,Piranga ludoviciana_Western Tanager,,high,,"Audubon's “Louisiana Tanager” (Tanagra ludoviciana, figs. 1–2, males in spring) is today's Western Tanager; the female is plate 400 fig. 3.",Featherframe havell.yaml; plate title from audubon.org
355,,MacGillivray's Finch,Fringilla macgillivraii,Ammospiza maritima,Seaside Sparrow,seaspa,eBird/Clements 2025,Q1588145,2491116,0F81304F8BBF1EC5,Ammospiza maritima_Seaside Sparrow,subspecies,high,,"Audubon's “MacGillivray's Finch” (Fringilla macgillivraii) is MacGillivray's Seaside Sparrow, A. m. macgillivraii, a race of today's Seaside Sparrow named from Bachman's Charleston birds; the Seaside Finch is plate 93.",audubon.org; Wikimedia Commons
356,,Marsh Hawk,Falco cyaneus,Circus hudsonius,Northern Harrier,norhar2,eBird/Clements 2025,Q2603050,,A091D50AA92D949C,Circus hudsonius_Northern Harrier,,high,,Audubon's “Marsh Hawk” is today's Northern Harrier,Featherframe havell.yaml; plate title from audubon.org
357,,American Magpie,Corvus pica,Pica hudsonia,Black-billed Magpie,bkbmag1,eBird/Clements 2025,Q254057,5229487,640D71AA0686446D,Pica hudsonia_Black-billed Magpie,,high,,Audubon's “American Magpie” is today's Black-billed Magpie,Featherframe havell.yaml; plate title from audubon.org
358,,Pine Grosbeak,Pyrrhula enucleator,Pinicola enucleator,Pine Grosbeak,pingro,eBird/Clements 2025,Q214571,2494771,83AC4DAD94AFC411,Pinicola enucleator_Pine Grosbeak,,high,,"Audubon's “Pine Grosbeak” (Pyrrhula enucleator) is today's Pine Grosbeak, Pinicola enucleator; same species, older genus.",Featherframe havell.yaml; plate title from audubon.org
359,4–5,Says Flycatcher,Muscicapa saya,Sayornis saya,Say's Phoebe,saypho,eBird/Clements 2025,Q204055,2483607,28669A3DB1A28C69,Sayornis saya_Say's Phoebe,,high,,"Audubon's “Says Flycatcher” (Muscicapa saya, figs. 4–5) is today's Say's Phoebe.",Featherframe havell.yaml; plate title from audubon.org
359,3,Swallow-Tailed Flycatcher,Muscicapa forficata,Tyrannus forficatus,Scissor-tailed Flycatcher,sctfly,eBird/Clements 2025,Q1189983,5229687,6F65F82B4A1BA7F2,Tyrannus forficatus_Scissor-tailed Flycatcher,,high,,"Audubon's “Swallow-Tailed Flycatcher” (Muscicapa forficata, fig. 3) is today's Scissor-tailed Flycatcher.",Featherframe havell.yaml; plate title from audubon.org
359,1–2,Arkansaw Flycatcher,Muscicapa verticalis,Tyrannus verticalis,Western Kingbird,weskin,eBird/Clements 2025,Q673149,5229675,2281F1C77260C0AB,Tyrannus verticalis_Western Kingbird,,high,,"Audubon's “Arkansaw Flycatcher” (Muscicapa verticalis, figs. 1–2) is today's Western Kingbird.",Featherframe havell.yaml; plate title from audubon.org
360,1–3,Winter Wren,Sylvia troglodytes,Troglodytes hiemalis,Winter Wren,winwre3,eBird/Clements 2025,Q10828228,7340825,C757BD95E71493FF,Troglodytes hiemalis_Winter Wren,,high,,"Audubon's “Winter Wren” (Sylvia troglodytes, figs. 1–3) is today's Winter Wren, Troglodytes hiemalis: eBird splits the Eurasian, Winter and Pacific Wrens, and Ridgway puts this plate under the eastern Winter Wren.",Featherframe havell.yaml; plate title from audubon.org
360,"4, a",Rock Wren,Troglodytes obselata,Salpinctes obsoletus,Rock Wren,rocwre,eBird/Clements 2025,Q935880,5231483,76DF73A9F213E90A,Salpinctes obsoletus_Rock Wren,,high,,"Audubon's “Rock Wren” (Troglodytes obsoleta, fig. 4, a female) is today's Rock Wren.",Featherframe havell.yaml; plate title from audubon.org
361,,Long-tailed or Dusky Grous,Tetrao obscurus,Dendragapus obscurus,Dusky Grouse,dusgro,eBird/Clements 2025,Q543345,9428437,A55D83A9520AA6DA,Dendragapus obscurus_Dusky Grouse,,high,,Audubon's “Long-tailed or Dusky Grous” is today's Dusky Grouse,Featherframe havell.yaml; plate title from audubon.org
362,1.,Yellow-billed Magpie,Corvus nutallii,Pica nuttalli,Yellow-billed Magpie,yebmag,eBird/Clements 2025,Q1144421,5229489,538A9CA74642F119,Pica nuttalli_Yellow-billed Magpie,,high,,"Audubon's “Yellow-billed Magpie” (Corvus nuttallii, fig. 1) is today's Yellow-billed Magpie",Featherframe havell.yaml; plate title from audubon.org; New-York Historical Society; Boston Public Library (Digital Commonwealth)
362,2.,Stellers Jay,Corvus stellerii,Cyanocitta stelleri,Steller's Jay,stejay,eBird/Clements 2025,Q838749,2482598,2225D685AF4DB1D5,Cyanocitta stelleri_Steller's Jay,,high,,"Audubon's “Stellers Jay” (Corvus stelleri, fig. 2) is today's Steller's Jay",Featherframe havell.yaml; plate title from audubon.org; New-York Historical Society; Boston Public Library (Digital Commonwealth)
362,3.,Ultramarine Jay,Corvus ultramarinus,Aphelocoma californica,California Scrub-Jay,cowscj1,eBird/Clements 2025,Q848772,2482414,151C2B3F0AB3B30F,Aphelocoma californica_California Scrub-Jay,,high,,"Audubon's “Ultramarine Jay” (Corvus ultramarinus, fig. 3) is today's California Scrub-Jay: the text's birds are Nuttall's from Fort Vancouver on the Columbia, not Bonaparte's Mexican ultramarinus, and Ridgway lists the plate under A. californica","engraved legend; Audubon, Ornithological Biography iv (1838); New-York Historical Society; Ridgway, Birds of North and Middle America iii (1904); Boston Public Library (Digital Commonwealth)"
362,4. 5.,Clark's Crow,Corvus columbianus,Nucifraga columbiana,Clark's Nutcracker,clanut,eBird/Clements 2025,Q1142785,2482614,D1FC2D6B79D0A812,Nucifraga columbiana_Clark's Nutcracker,,high,,"Audubon's “Clark's Crow” (Corvus columbianus, figs. 4–5) is today's Clark's Nutcracker",Featherframe havell.yaml; plate title from audubon.org; New-York Historical Society; Boston Public Library (Digital Commonwealth)
363,,Bohemian Chatterer,Bombycilla garrula,Bombycilla garrulus,Bohemian Waxwing,bohwax,eBird/Clements 2025,Q26135,2484605,AEF821EC4625150E,Bombycilla garrulus_Bohemian Waxwing,,high,,Audubon's “Bohemian Chatterer” is today's Bohemian Waxwing,Featherframe havell.yaml; plate title from audubon.org
364,,White-winged Crossbill,Loxia leucoptera,Loxia leucoptera,White-winged Crossbill,whwcro,eBird/Clements 2025,Q331190,8144830,80C297E6B82452E7,Loxia leucoptera_White-winged Crossbill,,high,,Audubon's “White-winged Crossbill” (Loxia leucoptera) is today's White-winged Crossbill; same binomial.,Featherframe havell.yaml; plate title from audubon.org
365,,Lapland Long-spur,Fringilla laponica,Calcarius lapponicus,Lapland Longspur,laplon,eBird/Clements 2025,Q208703,2491678,3534E4CEBACCB166,Calcarius lapponicus_Lapland Longspur,,high,,Audubon's “Lapland Long-spur” is today's Lapland Longspur,Featherframe havell.yaml; plate title from audubon.org
366,,"Iceland, or Jer Falcon",Falco islandicus,Falco rusticolus,Gyrfalcon,gyrfal,eBird/Clements 2025,Q177688,8069880,E19252A76FC7845B,Falco rusticolus_Gyrfalcon,variant,high,,"Audubon's “Iceland, or Jer Falcon” (Falco islandicus) is the white morph of today's Gyrfalcon, which he figured as its own species; the dark Labrador Falcon is plate 196.",audubon.org; Wikimedia Commons
367,,Band-tailed Pigeon,Columba fasciata,Patagioenas fasciata,Band-tailed Pigeon,batpig1,eBird/Clements 2025,Q512061,2495266,31ACA9981952B4C4,Patagioenas fasciata_Band-tailed Pigeon,,high,,"Audubon's “Band-tailed Pigeon” (Columba fasciata) is today's Band-tailed Pigeon, Patagioenas fasciata; same species, older genus.",Featherframe havell.yaml; plate title from audubon.org
368,,Rock Grous,Tetrao rupestris,Lagopus muta,Rock Ptarmigan,rocpta1,eBird/Clements 2025,Q205930,5227679,79B161B7017DD7ED,Lagopus muta_Rock Ptarmigan,subspecies,high,,Audubon's “Rock Grous” is today's Rock Ptarmigan,Featherframe havell.yaml; plate title from audubon.org
369,1,Mountain Mocking bird,Orpheus montanus,Oreoscoptes montanus,Sage Thrasher,sagthr,eBird/Clements 2025,Q1587710,2494973,F6DF700B33402E74,Oreoscoptes montanus_Sage Thrasher,,high,,"Audubon's “Mountain Mocking bird” (Orpheus montanus, fig. 1) is today's Sage Thrasher.",Featherframe havell.yaml; plate title from audubon.org
369,2–3,Varied Thrush,Turdus nævius,Ixoreus naevius,Varied Thrush,varthr,eBird/Clements 2025,Q26656,2490926,583128734B0F566A,Ixoreus naevius_Varied Thrush,,high,,"Audubon's “Varied Thrush” (Turdus naevius, figs. 2–3) is today's Varied Thrush; another female is plate 433 fig. 6.",Featherframe havell.yaml; plate title from audubon.org
370,,American Water Ouzel,Cinclus americanus,Cinclus mexicanus,American Dipper,amedip,eBird/Clements 2025,Q912010,9606873,A5EC8BF53E504B0A,Cinclus mexicanus_American Dipper,subspecies,high,,Audubon's “American Water Ouzel” is today's American Dipper,Featherframe havell.yaml; plate title from audubon.org
371,,Cock of the Plains,Tetrao urophasianus,Centrocercus urophasianus,Greater Sage-Grouse,saggro,eBird/Clements 2025,Q747372,5959240,B7E467E2127D8C11,Centrocercus urophasianus_Greater Sage-Grouse,,high,,Audubon's “Cock of the Plains” is today's Greater Sage-Grouse,Featherframe havell.yaml; plate title from audubon.org
372,,Common Buzzard,Buteo vulgaris,Buteo swainsoni,Swainson's Hawk,swahaw,eBird/Clements 2025,Q833963,2480562,DE473F42C06227F0,Buteo swainsoni_Swainson's Hawk,,high,,Audubon's “Common Buzzard” is today's Swainson's Hawk,Featherframe havell.yaml; plate title from audubon.org
373,2–4,Spotted Grosbeak,Fringilla maculata,Pheucticus melanocephalus,Black-headed Grosbeak,bkhgro,eBird/Clements 2025,Q998547,2490487,824361E5ACCA64DB,Pheucticus melanocephalus_Black-headed Grosbeak,subspecies,high,,"Audubon's “Spotted Grosbeak” (Fringilla maculata, figs. 2–4) is today's Black-headed Grosbeak.",Featherframe havell.yaml; plate title from audubon.org
373,"1, an",Evening Grosbeak,Fringilla vespertina,Hesperiphona vespertina,Evening Grosbeak,evegro,eBird/Clements 2025,Q25167830,2494324,C6B5497C9DB6796A,Coccothraustes vespertinus_Evening Grosbeak,,high,,"Audubon's “Evening Grosbeak” (Fringilla vespertina, fig. 1, an old male) is today's Evening Grosbeak; the female and young male are plate 424.",Featherframe havell.yaml; plate title from audubon.org
374,,Sharp-shinned Hawk,Falco velox,Accipiter striatus,Sharp-shinned Hawk,shshaw,eBird/Clements 2025,Q386569,9740253,862DF14942ABC6D0,Accipiter striatus_Sharp-shinned Hawk,subspecies,high,,"Audubon's “Sharp-shinned Hawk” is today's Sharp-shinned Hawk, Accipiter striatus; same species and name.",Featherframe havell.yaml; plate title from audubon.org
375,,Lesser Red-Poll,Fringilla linaria,Acanthis flammea,Redpoll,redpol1,eBird/Clements 2025,Q20754771,5231630,A2BB98A9,Acanthis flammea_Common Redpoll,,high,,Audubon's “Lesser Red-Poll” is today's Redpoll,Featherframe havell.yaml; plate title from audubon.org
376,,Trumpeter Swan,Cygnus buccinator,Cygnus buccinator,Trumpeter Swan,truswa,eBird/Clements 2025,Q733375,2498345,B86C504C5B960813,Cygnus buccinator_Trumpeter Swan,,high,,"Audubon's “Trumpeter Swan” (Cygnus buccinator, young) is today's Trumpeter Swan; the adult is plate 406.",Featherframe havell.yaml; plate title from audubon.org
377,,Scolopaceus Courlan,Aramus scolopaceus,Aramus guarauna,Limpkin,limpki,eBird/Clements 2025,Q725276,2474337,5D864313BEB5CCAA,Aramus guarauna_Limpkin,,high,,Audubon's “Scolopaceus Courlan” is today's Limpkin,Featherframe havell.yaml; plate title from audubon.org
378,,Hawk Owl,Strix funerea,Surnia ulula,Northern Hawk Owl,nohowl,eBird/Clements 2025,Q193192,2497894,C2018A5DD8CDB5F5,Surnia ulula_Northern Hawk Owl,,high,,Audubon's “Hawk Owl” is today's Northern Hawk Owl,Featherframe havell.yaml; plate title from audubon.org
379,,Ruff-necked Humming-bird,Trochilus rufus,Selasphorus rufus,Rufous Hummingbird,rufhum,eBird/Clements 2025,Q1190038,2476855,1E1B6D193325DFB6,Selasphorus rufus_Rufous Hummingbird,,high,,Audubon's “Ruff-necked Humming-bird” is today's Rufous Hummingbird,Featherframe havell.yaml; plate title from audubon.org
380,,Tengmalm's Owl,Strix tengmalmi,Aegolius funereus,Boreal Owl,borowl,eBird/Clements 2025,Q174466,5739298,8AB4EAF6DBFA02CE,Aegolius funereus_Boreal Owl,,high,,Audubon's “Tengmalm's Owl” is today's Boreal Owl,Featherframe havell.yaml; plate title from audubon.org
381,,Snow Goose,Anser hyperboreus,Anser caerulescens,Snow Goose,snogoo,eBird/Clements 2025,Q27074540,2498167,D3A260BCA65503C6,Anser caerulescens_Snow Goose,,high,,"Audubon's “Snow Goose” is today's Snow Goose, Anser caerulescens; same species and name.",Featherframe havell.yaml; plate title from audubon.org
382,,Sharp-tailed Grous,Tetrao phasianellus,Tympanuchus phasianellus,Sharp-tailed Grouse,shtgro,eBird/Clements 2025,Q19068,2473514,861CBBDA948F5C13,Tympanuchus phasianellus_Sharp-tailed Grouse,,high,,Audubon's “Sharp-tailed Grous” is today's Sharp-tailed Grouse,Featherframe havell.yaml; plate title from audubon.org
383,,Long-eared Owl,Strix otus,Asio otus,Long-eared Owl,loeowl,eBird/Clements 2025,Q25384,2497306,FC4D40D2D5CEA6BE,Asio otus_Long-eared Owl,,high,,"Audubon's “Long-eared Owl” is today's Long-eared Owl, Asio otus; same species and name.",Featherframe havell.yaml; plate title from audubon.org
384,,Black-throated Bunting,Fringilla americana,Spiza americana,Dickcissel,dickci,eBird/Clements 2025,Q1210224,2490363,592E58CE67D092DA,Spiza americana_Dickcissel,,high,,Audubon's “Black-throated Bunting” is today's Dickcissel,Featherframe havell.yaml; plate title from audubon.org
385,4–5,Violet-Green Swallow,Hirundo thalassinus,Tachycineta thalassina,Violet-green Swallow,vigswa,eBird/Clements 2025,Q1059968,5230754,75DC49ADA7DBE82B,Tachycineta thalassina_Violet-green Swallow,,high,,"Audubon's “Violet-Green Swallow” (Hirundo thalassina, figs. 4–5) is today's Violet-green Swallow.",Featherframe havell.yaml; plate title from audubon.org
385,1–3,Bank Swallow,Hirundo riparia,Riparia riparia,Bank Swallow,banswa,eBird/Clements 2025,Q25909,2489160,94A1C447583CB6D2,Riparia riparia_Bank Swallow,,high,,"Audubon's “Bank Swallow” (Hirundo riparia, figs. 1–3) is today's Bank Swallow.",Featherframe havell.yaml; plate title from audubon.org
386,,White Heron,Ardea alba,Ardea alba,Great Egret,greegr,eBird/Clements 2025,Q130730,9752617,49D9148A171E7F2E,Ardea alba_Great Egret,,high,,Audubon's “White Heron” is today's Great Egret,Featherframe havell.yaml; plate title from audubon.org
387,,Glossy Ibis,Ibis falcinellus,Plegadis falcinellus,Glossy Ibis,gloibi,eBird/Clements 2025,Q178811,2480773,D4540F880A3EC3BB,Plegadis falcinellus_Glossy Ibis,,high,,"Audubon's “Glossy Ibis” is today's Glossy Ibis, Plegadis falcinellus; same species and name.",Featherframe havell.yaml; plate title from audubon.org
388,"5, an ad",Bullock's Oriole,Icterus bullockii,Icterus bullockii,Bullock's Oriole,bulori,eBird/Clements 2025,Q851912,5229864,7E65A952009BFD5F,Icterus bullockii_Bullock's Oriole,,high,,"Audubon's “Bullock's Oriole” (Icterus bullockii, fig. 5, an adult male) is today's Bullock's Oriole; a young male and female are plate 433.",Featherframe havell.yaml; plate title from audubon.org
388,1,Nuttall's Starling,Icterus tricolor,Agelaius tricolor,Tricolored Blackbird,tribla,eBird/Clements 2025,Q890921,2484445,80285D5C3871EE38,Agelaius tricolor_Tricolored Blackbird,,high,,"Audubon's “Nuttall's Starling” (Icterus tricolor, fig. 1) is today's Tricolored Blackbird, which he named from Nuttall's Californian bird.",Featherframe havell.yaml; plate title from audubon.org
388,2–4,Yellow-headed Troopial,Icterus xanthocephalus,Xanthocephalus xanthocephalus,Yellow-headed Blackbird,yehbla,eBird/Clements 2025,Q527750,2484195,3E2D0C9BADB782DB,Xanthocephalus xanthocephalus_Yellow-headed Blackbird,,high,,"Audubon's “Yellow-headed Troopial” (Icterus xanthocephalus, figs. 2–4) is today's Yellow-headed Blackbird.",Featherframe havell.yaml; plate title from audubon.org
389,,Red-Cockaded Woodpecker,Picus querulus,Leuconotopicus borealis,Red-cockaded Woodpecker,recwoo,eBird/Clements 2025,Q27074917,9046711,0BFCAE7944494A64,Dryobates borealis_Red-cockaded Woodpecker,,high,,Audubon's “Red-Cockaded Woodpecker” is today's Red-cockaded Woodpecker,Featherframe havell.yaml; plate title from audubon.org
390,"Male, 1.",Lark Finch,Fringilla grammaca,Chondestes grammacus,Lark Sparrow,larspa,eBird/Clements 2025,Q1528805,2491651,78509A5D6015C509,Chondestes grammacus_Lark Sparrow,,high,,"Audubon's “Lark Finch” (Fringilla grammaca, fig. 1) is today's Lark Sparrow",Featherframe havell.yaml; plate title from audubon.org; New-York Historical Society; Wikimedia Commons
390,2. Male. 3. Female.,Prairie Finch,Fringilla bicolor,Calamospiza melanocorys,Lark Bunting,larbun,eBird/Clements 2025,Q1194261,2491893,938C5572D8E74782,Calamospiza melanocorys_Lark Bunting,,high,,"Audubon's “Prairie Finch” (Fringilla bicolor, figs. 2–3) is today's Lark Bunting",Featherframe havell.yaml; plate title from audubon.org; New-York Historical Society; Wikimedia Commons; Boston Public Library (Digital Commonwealth)
390,4. Male.,Brown Song Sparrow,Fringilla cinerea,Melospiza melodia,Song Sparrow,sonspa,eBird/Clements 2025,Q842599,2492196,A5F09E0521019564,Melospiza melodia_Song Sparrow,subspecies,high,,"Audubon's “Brown Song Sparrow” (Fringilla cinerea, fig. 4), from the Columbia River, is the Rusty Song Sparrow, M. m. morphna, a race of today's Song Sparrow; Gmelin's cinerea is a different (Aleutian) race, misapplied. Its main plate is 25","engraved legend; Audubon, Ornithological Biography v (1839); Ridgway, Birds of North and Middle America i (1901); New-York Historical Society; Wikimedia Commons; Boston Public Library (Digital Commonwealth)"
391,,Brant Goose,Anser bernicla,Branta bernicla,Brant,brant,eBird/Clements 2025,Q27050,5232446,3E04020B54C14FCC,Branta bernicla_Brant,,high,,Audubon's “Brant Goose” is today's Brant,Featherframe havell.yaml; plate title from audubon.org
392,,Louisiana Hawk,Buteo harrisi,Parabuteo unicinctus,Harris's Hawk,hrshaw,eBird/Clements 2025,Q742698,2480410,FBED1927FAA44D27,Parabuteo unicinctus_Harris's Hawk,subspecies,high,,Audubon's “Louisiana Hawk” is today's Harris's Hawk,Featherframe havell.yaml; plate title from audubon.org
393,2–3,Arctic Blue-bird,Sialia arctica,Sialia currucoides,Mountain Bluebird,moublu,eBird/Clements 2025,Q819825,2490935,97B870B4D154F7DB,Sialia currucoides_Mountain Bluebird,,high,,"Audubon's “Arctic Blue-bird” (Sialia arctica, figs. 2–3) is today's Mountain Bluebird.",Featherframe havell.yaml; plate title from audubon.org
393,1,Townsend's Warbler,Sylvia townsendi,Setophaga townsendi,Townsend's Warbler,towwar,eBird/Clements 2025,Q512543,6092651,F6C6C3F7E27ED557,Setophaga townsendi_Townsend's Warbler,,high,,"Audubon's “Townsend's Warbler” (Sylvia townsendi, fig. 1) is today's Townsend's Warbler.",Featherframe havell.yaml; plate title from audubon.org
393,4–5,Western Blue-bird,Sialia occidentalis,Sialia mexicana,Western Bluebird,wesblu,eBird/Clements 2025,Q882923,2490936,AC2B812A19A746DC,Sialia mexicana_Western Bluebird,subspecies,high,,"Audubon's “Western Blue-bird” (Sialia occidentalis, figs. 4–5) is today's Western Bluebird.",Featherframe havell.yaml; plate title from audubon.org
394,2. Old Male.,Black-headed Siskin,Fringilla magellanica,Spinus magellanicus,Hooded Siskin,hoosis1,eBird/Clements 2025,Q27075872,7341745,83A6422733565BAA,Spinus magellanicus_Hooded Siskin,,judged,,"Audubon's “Black-headed Siskin” (Fringilla magellanica, fig. 2), one of two males he shot at Henderson, Kentucky, is a Hooded Siskin of unknown origin: his measurements give a wing and tail too long and a bill too short for the Mexican Black-headed Siskin, and the AOU Check-list (1998) lists his specimen under the Hooded Siskin. NYHS's Black-headed Siskin follows the AOU's 1886 list","engraved legend; Audubon, Ornithological Biography v (1839); Ridgway, Birds of North and Middle America i (1901); Hellmayr, Catalogue of Birds of the Americas xi (1938); AOU Check-list of North American Birds, 7th ed. (1998)"
394,"1. Male, Spring.",Chestnut-coloured Finch,Plectrophanes ornata,Calcarius ornatus,Chestnut-collared Longspur,chclon,eBird/Clements 2025,Q927367,2491677,B64C1B1DE240735A,Calcarius ornatus_Chestnut-collared Longspur,,high,,"Audubon's “Chestnut-coloured Finch” (Plectrophanes ornata, fig. 1) is today's Chestnut-collared Longspur",Featherframe havell.yaml; plate title from audubon.org; New-York Historical Society; Wikimedia Commons; Boston Public Library (Digital Commonwealth)
394,3. Adult Male.,Black crown Bunting,Emberiza atricapilla,Zonotrichia atricapilla,Golden-crowned Sparrow,gocspa,eBird/Clements 2025,Q690956,5231138,BD61BDEC7D0A1633,Zonotrichia atricapilla_Golden-crowned Sparrow,,high,,"Audubon's “Black crown Bunting” (Emberiza atricapilla, fig. 3) is today's Golden-crowned Sparrow",Featherframe havell.yaml; plate title from audubon.org; New-York Historical Society; Wikimedia Commons; Boston Public Library (Digital Commonwealth)
394,4. Male. 5. Female.,Arctic Ground Finch,Pipilo arctica,Pipilo maculatus,Spotted Towhee,spotow,eBird/Clements 2025,Q1586862,9709230,0B0BC750365D5F26,Pipilo maculatus_Spotted Towhee,,high,,"Audubon's “Arctic Ground Finch” (Pipilo arctica, figs. 4–5) is today's Spotted Towhee; NYHS's Eastern Towhee is the pre-split Rufous-sided Towhee",Featherframe havell.yaml; plate title from audubon.org; Wikimedia Commons; New-York Historical Society; Boston Public Library (Digital Commonwealth)
395,"1. Male, 2. Female.",Audubon's Warbler,Sylvia auduboni,Setophaga coronata,Yellow-rumped Warbler,yerwar,eBird/Clements 2025,Q18390024,7341805,BC5A949807108302,Setophaga coronata_Yellow-rumped Warbler,subspecies,high,,"Audubon's “Audubon's Warbler” (Sylvia auduboni, figs. 1–2) is the Audubon's form of today's Yellow-rumped Warbler, S. c. auduboni; the Myrtle form is plate 153","engraved legend; Ridgway, Birds of North and Middle America ii (1902); New-York Historical Society; Wikimedia Commons"
395,"3. Male, 4. Female.",Hermit Warbler,Sylvia occidentalis,Setophaga occidentalis,Hermit Warbler,herwar,eBird/Clements 2025,Q903940,6092644,0EB07C122ABCDA6F,Setophaga occidentalis_Hermit Warbler,,high,,"Audubon's “Hermit Warbler” (Sylvia occidentalis, figs. 3–4) is today's Hermit Warbler",Featherframe havell.yaml; plate title from audubon.org; New-York Historical Society; Wikimedia Commons; Boston Public Library (Digital Commonwealth)
395,5 and 6. Males.,Black-throated gray Warbler,Sylvia nigrescens,Setophaga nigrescens,Black-throated Gray Warbler,btywar,eBird/Clements 2025,Q3176524,7341770,6B7A93C56A110723,Setophaga nigrescens_Black-throated Gray Warbler,,high,,"Audubon's “Black-throated gray Warbler” (Sylvia nigrescens, figs. 5–6) is today's Black-throated Gray Warbler",Featherframe havell.yaml; plate title from audubon.org; New-York Historical Society; Wikimedia Commons
396,,Burgomaster Gull,Larus glaucus,Larus hyperboreus,Glaucous Gull,glagul,eBird/Clements 2025,Q27375,2481127,A59FA446D6B40057,Larus hyperboreus_Glaucous Gull,,high,,Audubon's “Burgomaster Gull” is today's Glaucous Gull,Featherframe havell.yaml; plate title from audubon.org
397,,Scarlet Ibis,Ibis rubra,Eudocimus ruber,Scarlet Ibis,scaibi,eBird/Clements 2025,Q467996,5229204,45039A43F7F8A9CF,,,high,,"Audubon's “Scarlet Ibis” (Ibis rubra) is today's Scarlet Ibis, Eudocimus ruber.",Featherframe havell.yaml; plate title from audubon.org
398,1. Male Spring Plumage.,Lazuli Finch,Fringilla amœna,Passerina amoena,Lazuli Bunting,lazbun,eBird/Clements 2025,Q786964,5230861,9F67F3AFBF17ECFF,Passerina amoena_Lazuli Bunting,,high,,"Audubon's “Lazuli Finch” (Fringilla amoena, fig. 1) is today's Lazuli Bunting; the unnumbered brown bird with a blue rump and tail at upper right looks like a young one",Featherframe havell.yaml; plate title from audubon.org; New-York Historical Society; Wikimedia Commons; the plate
398,2. Male.,Clay-coloured Finch,Emberiza pallida,Spizella breweri,Brewer's Sparrow,brespa,eBird/Clements 2025,Q659632,2492099,3230898E7319C3C9,Spizella breweri_Brewer's Sparrow,,judged,,"Audubon's “Clay-coloured Finch” (Emberiza pallida, fig. 2) is a Brewer's Sparrow: finely streaked crown with no pale central stripe, plain face, no grey collar, and the text's birds are Townsend's from the Rocky Mountains, June 1834. Ridgway lists the plate under S. breweri; NYHS keeps Clay-colored","Audubon, Ornithological Biography v (1839); Ridgway, Birds of North and Middle America i (1901); the plate"
398,3. Male. 4. Female.,Oregon Snow Finch,Fringilla oregona,Junco hyemalis,Dark-eyed Junco,daejun,eBird/Clements 2025,Q525818,9362842,F8AFCAC715964EEB,Junco hyemalis_Dark-eyed Junco,subspecies,high,,"Audubon's “Oregon Snow Finch” (Fringilla oregona, figs. 3–4) is the Oregon form of today's Dark-eyed Junco, J. h. oreganus; the eastern Snow Bird is plate 13",engraved legend; New-York Historical Society; Wikimedia Commons; Boston Public Library (Digital Commonwealth)
399,1. Male. 2. Female.,Black-throated green Warbler,Sylvia virens,Setophaga virens,Black-throated Green Warbler,btnwar,eBird/Clements 2025,Q27075940,6092631,9FFEDE99DC82DD92,Setophaga virens_Black-throated Green Warbler,,high,,"Audubon's “Black-throated green Warbler” (Sylvia virens, figs. 1–2) is today's Black-throated Green Warbler",Featherframe havell.yaml; plate title from audubon.org; New-York Historical Society; Wikimedia Commons; Boston Public Library (Digital Commonwealth)
399,3. Female.,Blackburnian W.,Sylvia blackburniæ,Setophaga fusca,Blackburnian Warbler,bkbwar,eBird/Clements 2025,Q27075919,6093199,4168AF09C7BCB40B,Setophaga fusca_Blackburnian Warbler,,high,,"Audubon's “Blackburnian W.” (Sylvia blackburniae, fig. 3, a female) is today's Blackburnian Warbler; its main plate is 135",engraved legend; New-York Historical Society; Wikimedia Commons
399,4. Male. 5. Female.,Mourning Warbler,Sylvia philadelphia,Geothlypis tolmiei,MacGillivray's Warbler,macwar,eBird/Clements 2025,Q27075896,5789146,85106518F57F4B09,Geothlypis tolmiei_MacGillivray's Warbler,,high,,"Audubon's “Mourning Warbler” (Sylvia philadelphia, figs. 4–5) is today's MacGillivray's Warbler: in 1839 Audubon wrote that these two Columbia River birds had been misnamed on the plate and named them Sylvia macgillivrayi, for their white eyelids. NYHS and Pitt agree","Audubon, Ornithological Biography v (1839); New-York Historical Society; Pitt's Havell catalogue; the plate"
400,1. Male.,Arkansaw Siskin,Fringilla spaltria,Spinus psaltria,Lesser Goldfinch,lesgol,eBird/Clements 2025,Q27075863,5231647,CD5C21CAB91A75EB,Spinus psaltria_Lesser Goldfinch,,high,,"Audubon's “Arkansaw Siskin” (Fringilla psaltria, fig. 1) is today's Lesser Goldfinch",Featherframe havell.yaml; plate title from audubon.org; New-York Historical Society; Wikimedia Commons
400,2. Male.,Mealy Red-poll,Linota borealis,Acanthis flammea,Redpoll,redpol1,eBird/Clements 2025,Q20754771,5231630,A2BB98A9,Acanthis hornemanni_Hoary Redpoll,subspecies,high,,"Audubon's “Mealy Red-poll” (Linota borealis, fig. 2), shot in Newfoundland, is a Hoary Redpoll, now a race of Redpoll after eBird 2025's lump; BirdNET keeps Hoary as its own class.","engraved legend; Audubon, Ornithological Biography v (1839); New-York Historical Society; Wikimedia Commons"
400,3. Female.,Louisiana Tanager,Tanagra ludoviciana,Piranga ludoviciana,Western Tanager,westan,eBird/Clements 2025,Q384342,2488484,0ADA5F17E6C7CA54,Piranga ludoviciana_Western Tanager,,high,,"Audubon's “Louisiana Tanager” (Tanagra ludoviciana, fig. 3, a female) is today's Western Tanager; the males are on plate 354",engraved legend; New-York Historical Society; Wikimedia Commons
400,5. Male.,Buff-breasted Finch,Emberiza picta,Calcarius pictus,Smith's Longspur,smilon,eBird/Clements 2025,Q903907,2491684,D307C9A04517D3A2,Calcarius pictus_Smith's Longspur,,high,,"Audubon's “Buff-breasted Finch” (Emberiza picta, fig. 5) is today's Smith's Longspur",Featherframe havell.yaml; plate title from audubon.org; New-York Historical Society; Wikimedia Commons
401,,Red-breasted Merganser,Mergus serrator,Mergus serrator,Red-breasted Merganser,rebmer,eBird/Clements 2025,Q189609,2498375,8DB64266A42FC19B,Mergus serrator_Red-breasted Merganser,,high,,"Audubon's “Red-breasted Merganser” is today's Red-breasted Merganser, Mergus serrator; same species and name.",Featherframe havell.yaml; plate title from audubon.org
402,1. Adult.,Black-throated Guillemot,Mergulus antiquus,Synthliboramphus antiquus,Ancient Murrelet,ancmur,eBird/Clements 2025,Q1260205,2481350,ACA4FEFE451B4BD8,,,high,,"Audubon's “Black-throated Guillemot” (Mergulus antiquus, fig. 1, the adult) is today's Ancient Murrelet, drawn from a Zoological Society of London skin; his “young” (fig. 2) is a different bird, a Kittlitz's Murrelet","engraved legend; Audubon, Ornithological Biography v (1839); Baird, Brewer & Ridgway, Water Birds of North America ii (1884); New-York Historical Society; Boston Public Library (Digital Commonwealth)"
402,2. Young.,Black-throated Guillemot,Mergulus antiquus,Brachyramphus brevirostris,Kittlitz's Murrelet,kitmur,eBird/Clements 2025,Q1270549,5229286,7AD855E2377EBA1E,,,judged,,"Audubon's young “Black-throated Guillemot” (fig. 2), drawn from a Zoological Society of London skin, is a Kittlitz's Murrelet in breeding plumage: golden-buff barred with dusky all over, with a short black bill, dusky feet and, in his text, a white-tipped tail. Baird, Brewer and Ridgway make it Kittlitz's, and audubon.org lists the species on this plate","engraved legend; Audubon, Ornithological Biography v (1839); Baird, Brewer & Ridgway, Water Birds of North America ii (1884); audubon.org; the plate"
402,3.,Nobbed-billed Auk,Phaleris nodirostris,Aethia pusilla,Least Auklet,leaauk,eBird/Clements 2025,Q244035,5229270,044509DAF1E58241,Aethia pusilla_Least Auklet,,high,,"Audubon's “Nobbed-billed Auk” (Phaleris nodirostra, fig. 3) is today's Least Auklet",Featherframe havell.yaml; plate title from audubon.org; New-York Historical Society; Wikimedia Commons; Boston Public Library (Digital Commonwealth)
402,4.,Curled-crested Auk,Phaleris superciliata,Aethia cristatella,Crested Auklet,creauk,eBird/Clements 2025,Q1166020,2481295,3DC4EBB85AB96A2A,,,high,,"Audubon's “Curled-crested Auk” (Phaleris superciliata, fig. 4) is today's Crested Auklet",Featherframe havell.yaml; plate title from audubon.org; New-York Historical Society; Wikimedia Commons; Boston Public Library (Digital Commonwealth)
402,5.,Horned-billed Guillemot,Ceratorrhina occidentalis,Cerorhinca monocerata,Rhinoceros Auklet,rhiauk,eBird/Clements 2025,Q903229,2481324,53D94597DFB84ECB,,,high,,"Audubon's “Horned-billed Guillemot” (Ceratorrhina occidentalis, fig. 5) is today's Rhinoceros Auklet",Featherframe havell.yaml; plate title from audubon.org; New-York Historical Society; Wikimedia Commons; Boston Public Library (Digital Commonwealth)
403,,Golden-eye Duck,Clangula vulgaris,Bucephala islandica,Barrow's Goldeneye,bargol,eBird/Clements 2025,Q369767,2498325,9456DEDF7E1AADF3,Bucephala islandica_Barrow's Goldeneye,,high,,"Audubon's “Golden-eye Duck, male summer plumage” (Clangula vulgaris) is a male Barrow's Goldeneye, which he took for the Common Goldeneye of plate 342 in breeding dress: crescent-shaped white face patch, purple-glossed head, black back with a row of white spots.",Featherframe havell.yaml; plate title from audubon.org
404,,Eared Grebe,Podiceps auritus,Podiceps nigricollis,Eared Grebe,eargre,eBird/Clements 2025,Q185183,2482065,32DCEC14D7AE129B,Podiceps nigricollis_Eared Grebe,,high,,"Audubon's “Eared Grebe” is today's Eared Grebe, Podiceps nigricollis; same species and name.",Featherframe havell.yaml; plate title from audubon.org
405,,Semipalmated Sandpiper,Tringa semipalmata,Calidris pusilla,Semipalmated Sandpiper,semsan,eBird/Clements 2025,Q735092,2481764,F35821AAC21FFF20,Calidris pusilla_Semipalmated Sandpiper,,high,,"Audubon's “Semipalmated Sandpiper” (Tringa semipalmata) is today's Semipalmated Sandpiper, Calidris pusilla.",Featherframe havell.yaml; plate title from audubon.org
406,,Trumpeter Swan,Cygnus buccinator,Cygnus buccinator,Trumpeter Swan,truswa,eBird/Clements 2025,Q733375,2498345,B86C504C5B960813,Cygnus buccinator_Trumpeter Swan,,high,,"Audubon's second Trumpeter Swan plate, lettered “Adult”; plate 376 is the young bird",Wikimedia Commons; Boston Public Library (Digital Commonwealth)
407,,Dusky Albatros,Diomedea fusca,Phoebetria palpebrata,Light-mantled Albatross,limalb1,eBird/Clements 2025,Q844776,2481374,1819ECCEFDD89585,,,judged,,"Audubon's “Dusky Albatros” (Diomedea fusca) is a Light-mantled Albatross: he describes Townsend's skin with a greyish-black head and wings but a light brownish-grey neck, back, rump and underparts, a white eye-ring broken in front, and a long wedge-shaped tail, and Pitt and NYHS agree. The plate's uniform brown is the colourist's, and the 'mouth of the Columbia' locality is doubtful","Audubon, Ornithological Biography v (1839); University of Pittsburgh; New-York Historical Society; the plate"
408,,American Scoter Duck,Fuligula americana,Melanitta americana,Black Scoter,blksco2,eBird/Clements 2025,Q529048,2498250,B7B1A5DD94724A05,Melanitta americana_Black Scoter,,high,,Audubon's “American Scoter Duck” is today's Black Scoter,Featherframe havell.yaml; plate title from audubon.org
409,1.,Havell's Tern,Sterna havelli,Sterna forsteri,Forster's Tern,forter,eBird/Clements 2025,Q430529,5229247,D13B91229B2F157E,Sterna forsteri_Forster's Tern,variant,high,,"Audubon's “Havell's Tern” (Sterna havelli, fig. 1) is a Forster's Tern in winter plumage, which he described as a new species; he has no other Forster's Tern plate.","Featherframe havell.yaml; plate title and legend from audubon.org; Audubon, Ornithological Biography v (1839)"
409,2.,Trudeau's Tern,Sterna trudeaui,Sterna trudeaui,Snowy-crowned Tern,truter,eBird/Clements 2025,Q997524,5229263,98FBF9CAD70AE915,Sterna trudeaui_Snowy-crowned Tern,,high,,"Audubon's “Trudeau's Tern” is the type figure of Sterna trudeaui, today's Snowy-crowned Tern: grey below like the back, white head with a dark band through the eye, bill black with yellow base and tip; its New Jersey provenance is doubted, not the bird","plate title and legend from audubon.org; Audubon, Ornithological Biography v (1839); Wikispecies (pl. 409 fig. 2 is the original description)"
410,,Marsh Tern,Sterna anglica,Gelochelidon nilotica,Gull-billed Tern,gubter2,eBird/Clements 2025,Q18834,2481263,87168739,Gelochelidon nilotica_Gull-billed Tern,,high,,Audubon's “Marsh Tern” is today's Gull-billed Tern,Featherframe havell.yaml; plate title from audubon.org
411,,Common American Swan,Cygnus americanus,Cygnus columbianus,Tundra Swan,tunswa,eBird/Clements 2025,Q26603,2498338,0BCBA6B9CC19E7BA,Cygnus columbianus_Tundra Swan,,high,,Audubon's “Common American Swan” is today's Tundra Swan,Featherframe havell.yaml; plate title from audubon.org
412,,Townsend's Cormorant,Phalacrocorax townsendi,Urile penicillatus,Brandt's Cormorant,bracor,eBird/Clements 2025,Q83022912,10682451,,,variant,high,,"Audubon's “Townsend's Cormorant” (Phalacrocorax townsendi, the male) is a young Brandt's Cormorant, which he described as a new species from Townsend's two Cape Disappointment skins.",Featherframe havell.yaml; plate title from audubon.org
412,,Violet-green Cormorant,Phalacrocorax resplendens,Urile pelagicus,Pelagic Cormorant,pelcor,eBird/Clements 2025,Q83022790,2481870,A429B5B8397A0907,,subspecies,high,,"Audubon's “Violet-green Cormorant” (Phalacrocorax resplendens, a female in winter) is the southern race of today's Pelagic Cormorant, U. p. resplendens, named from Townsend's Cape Disappointment bird.",Featherframe havell.yaml; plate title from audubon.org
413,,Californian Partridge,Perdix californica,Callipepla californica,California Quail,calqua,eBird/Clements 2025,Q830385,5228080,F93AC929F265F3EF,Callipepla californica_California Quail,,high,,Audubon's “Californian Partridge” is today's California Quail.,engraved title; Featherframe havell.yaml; audubon.org
414,3–4,Cape May Warbler,Sylvia maritima,Setophaga tigrina,Cape May Warbler,camwar,eBird/Clements 2025,Q27075908,6093357,DB20CB6B0A720B90,Setophaga tigrina_Cape May Warbler,,high,,"Audubon's “Cape May Warbler” (Sylvia maritima, figs. 3–4) is today's Cape May Warbler.",Featherframe havell.yaml; plate title from audubon.org
414,1–2,Golden-winged Warbler,Sylvia chrysoptera,Vermivora chrysoptera,Golden-winged Warbler,gowwar,eBird/Clements 2025,Q775985,5230811,83F326C81E3F2955,Vermivora chrysoptera_Golden-winged Warbler,,high,,"Audubon's “Golden-winged Warbler” (Sylvia chrysoptera, figs. 1–2) is today's Golden-winged Warbler.",Featherframe havell.yaml; plate title from audubon.org
415,1–2,Brown Creeper,Certhia familiaris,Certhia americana,Brown Creeper,brncre,eBird/Clements 2025,Q490294,9581157,BAC33609C5F48A91,Certhia americana_Brown Creeper,,high,,"Audubon's “Brown Creeper” (Certhia familiaris, figs. 1–2) is today's Brown Creeper, Certhia americana; eBird keeps familiaris for the Eurasian Treecreeper.",Featherframe havell.yaml; plate title from audubon.org
415,3–4,Californian Nuthatch,Sitta pygmea,Sitta pygmaea,Pygmy Nuthatch,pygnut,eBird/Clements 2025,Q244199,2484907,BD0914CB022BA720,Sitta pygmaea_Pygmy Nuthatch,,high,,"Audubon's “Californian Nuthatch” (Sitta pygmea, figs. 3–4) is today's Pygmy Nuthatch.",Featherframe havell.yaml; plate title from audubon.org
416,1. Male. 2. Female.,Hairy Woodpecker,Picus villosus,Leuconotopicus villosus,Hairy Woodpecker,haiwoo,eBird/Clements 2025,Q27074928,9192501,9D06AF89CDBCF27B,Dryobates villosus_Hairy Woodpecker,,high,,"Audubon's “Hairy Woodpecker” (Picus villosus, figs. 1–2) is today's Hairy Woodpecker",Featherframe havell.yaml; plate title from audubon.org; New-York Historical Society; Wikimedia Commons
416,3. Male. 4. Female.,Red-bellied Woodpecker,Picus carolinus,Melanerpes carolinus,Red-bellied Woodpecker,rebwoo,eBird/Clements 2025,Q569535,2478106,078557F2A5FB88C8,Melanerpes carolinus_Red-bellied Woodpecker,,high,,"Audubon's “Red-bellied Woodpecker” (Picus carolinus, figs. 3–4) is today's Red-bellied Woodpecker",Featherframe havell.yaml; plate title from audubon.org; New-York Historical Society; Wikimedia Commons; Boston Public Library (Digital Commonwealth)
416,5. Male. 6. Female.,Red-shafted Woodpecker,Picus mexicanus,Colaptes auratus,Northern Flicker,norfli,eBird/Clements 2025,Q16819,2478259,756009696D15E8A0,Colaptes auratus_Northern Flicker,subspecies,high,,"Audubon's “Red-shafted Woodpecker” (Picus mexicanus, figs. 5–6) is the Red-shafted form of today's Northern Flicker; the yellow-shafted form is plate 37","engraved legend; Ridgway, Birds of North and Middle America vi (1914); New-York Historical Society; Wikimedia Commons; Boston Public Library (Digital Commonwealth)"
416,7. Male. 8. Female.,Lewis' Woodpecker,Picus torquatus,Melanerpes lewis,Lewis's Woodpecker,lewwoo,eBird/Clements 2025,Q607925,2478142,E7C9A1F5BDE23849,Melanerpes lewis_Lewis's Woodpecker,,high,,"Audubon's “Lewis' Woodpecker” (Picus torquatus, figs. 7–8) is today's Lewis's Woodpecker",Featherframe havell.yaml; plate title from audubon.org; New-York Historical Society; Wikimedia Commons; Boston Public Library (Digital Commonwealth)
416,9. Male. 10. Female.,Red-breasted Woodpecker,Picus ruber,Sphyrapicus ruber,Red-breasted Sapsucker,rebsap,eBird/Clements 2025,Q1274659,2478597,52F63879A35A6090,Sphyrapicus ruber_Red-breasted Sapsucker,,high,,"Audubon's “Red-breasted Woodpecker” (Picus ruber, figs. 9–10) is today's Red-breasted Sapsucker",Featherframe havell.yaml; plate title from audubon.org; New-York Historical Society; Wikimedia Commons; Boston Public Library (Digital Commonwealth)
417,"1–2, 5–7","Maria's Woodpecker, Phillips' Woodpecker, Canadian Woodpecker","Picus martini, Picus phillipsi, Picus canadensis",Leuconotopicus villosus,Hairy Woodpecker,haiwoo,eBird/Clements 2025,Q27074928,9192501,9D06AF89CDBCF27B,Dryobates villosus_Hairy Woodpecker,,high,,"Maria's (Picus martini, figs. 1–2, Toronto), Phillips' (P. phillipsii, figs. 5–6, yellow-crowned young from Massachusetts) and Canadian (P. canadensis, fig. 7) Woodpeckers are all today's Hairy Woodpecker, the eastern nominate bird, as Ridgway lists them. The plain Hairy is plate 416, figs. 1–2","engraved legend; Ridgway, Birds of North and Middle America vi (1914); audubon.org; Wikimedia Commons; the plate"
417,8–9,Harris's Woodpecker,Picus harrisi,Leuconotopicus villosus,Hairy Woodpecker,haiwoo,eBird/Clements 2025,Q27074928,9192501,9D06AF89CDBCF27B,Dryobates villosus_Hairy Woodpecker,subspecies,high,,"Audubon's “Harris's Woodpecker” (Picus harrisi, figs. 8–9), from the Columbia River, is the Pacific race of today's Hairy Woodpecker, L. v. harrisi, named on this plate; the figures show its smoky-buff underparts and sparse wing spots","engraved legend; Audubon, Ornithological Biography v (1839); Ridgway, Birds of North and Middle America vi (1914); the plate"
417,10,Audubon's Woodpecker,Picus auduboni,Leuconotopicus villosus,Hairy Woodpecker,haiwoo,eBird/Clements 2025,Q27074928,9192501,9D06AF89CDBCF27B,Dryobates villosus_Hairy Woodpecker,subspecies,high,,"Audubon's “Audubon's Woodpecker” (Picus auduboni Trudeau, fig. 10), described from near New Orleans, is a yellow-crowned young bird of the southern race of today's Hairy Woodpecker, L. v. audubonii, where Ridgway lists Trudeau's type","engraved legend; Ridgway, Birds of North and Middle America vi (1914); the plate"
417,3–4,Three-toed Woodpecker,Picus hirsitus,Picoides dorsalis,American Three-toed Woodpecker,attwoo1,eBird/Clements 2025,Q1273082,9543753,6D2680D04CEB17B9,Picoides dorsalis_American Three-toed Woodpecker,,high,,"Audubon's “Three-toed Woodpecker” (Picus hirsutus, figs. 3–4) is today's American Three-toed Woodpecker","audubon.org; Wikimedia Commons; Boston Public Library (Digital Commonwealth), figure lettering"
418,1. Male. Spring Plumage.,American Ptarmigan,Tetrao mutus,Lagopus muta,Rock Ptarmigan,rocpta1,eBird/Clements 2025,Q205930,5227679,79B161B7017DD7ED,Lagopus muta_Rock Ptarmigan,,high,,"Audubon's “American Ptarmigan” (Tetrao mutus, fig. 1, moulting into spring dress) is today's Rock Ptarmigan","engraved legend; Audubon, Ornithological Biography v (1839); New-York Historical Society; Wikimedia Commons; Boston Public Library (Digital Commonwealth)"
418,2. Winter Plumage.,White-tailed Grous,Tetrao leucurus,Lagopus leucura,White-tailed Ptarmigan,whtpta1,eBird/Clements 2025,Q19055,5227717,C53F49406DDCE5E7,Lagopus leucura_White-tailed Ptarmigan,,high,,"Audubon's “White-tailed Grous” (Tetrao leucurus, fig. 2) is today's White-tailed Ptarmigan",Featherframe havell.yaml; plate title from audubon.org; New-York Historical Society; Wikimedia Commons; Boston Public Library (Digital Commonwealth)
419,1. Male.,Little Tawny Thrush,Turdus minor,Catharus guttatus,Hermit Thrush,herthr,eBird/Clements 2025,Q846350,2490810,B01E8BD42E1785F2,Catharus guttatus_Hermit Thrush,subspecies,high,,"Audubon's “Little Tawny Thrush” (Turdus minor, fig. 1) is the Columbia River bird he renamed Turdus nanus in the text: the Dwarf Hermit Thrush, C. g. nanus, a race of today's Hermit Thrush. Its main plate is 58","engraved legend; Audubon, Ornithological Biography v (1839); Ridgway, Birds of North and Middle America iv (1907); New-York Historical Society; Wikimedia Commons; Boston Public Library (Digital Commonwealth)"
419,2. Female.,Ptiliogony's Townsendi,,Myadestes townsendi,Townsend's Solitaire,towsol,eBird/Clements 2025,Q2668264,2490849,5459228D7CD8E8CB,Myadestes townsendi_Townsend's Solitaire,,high,,Audubon's “Ptiliogony's Townsendi” (fig. 2) is today's Townsend's Solitaire,Featherframe havell.yaml; plate title from audubon.org; New-York Historical Society; Wikimedia Commons
419,3. Young Male.,Canada Jay,Corvus canadensis,Perisoreus canadensis,Canada Jay,gryjay,eBird/Clements 2025,Q80858,2482436,69A6E32F323B9088,Perisoreus canadensis_Canada Jay,,high,,"Audubon's “Canada Jay” (Corvus canadensis, fig. 3, a young male) is today's Canada Jay; its main plate is 107",engraved legend; New-York Historical Society; Wikimedia Commons; Boston Public Library (Digital Commonwealth)
420,,Prairie Starling,Icterus gubernator,Agelaius phoeniceus,Red-winged Blackbird,rewbla,eBird/Clements 2025,Q754043,9409198,6FB34E54B26AD0BA,Agelaius phoeniceus_Red-winged Blackbird,subspecies,high,,"Audubon's “Prairie Starling” (Icterus gubernator) is a bicolored Red-winged Blackbird: the male's red shoulder has no buff border, the mark of the western bicolored races, and Wagler's gubernator is now the Mexican one. Not the Tricolored Blackbird of plate 388; its main plate is 67.",audubon.org; Wikimedia Commons; Boston Public Library (Digital Commonwealth)
421,,Brown Pelican,Pelicanus fuscus,Pelecanus occidentalis,Brown Pelican,brnpel,eBird/Clements 2025,Q208714,5229158,F59AB6B357BF97D8,Pelecanus occidentalis_Brown Pelican,,high,,"Audubon's second Brown Pelican plate, the young bird; plate 251 is the adult male",audubon.org; Wikimedia Commons; Boston Public Library (Digital Commonwealth)
422,,Rough-legged Falcon,Buteo lagopus,Buteo lagopus,Rough-legged Hawk,rolhaw,eBird/Clements 2025,Q26407,2480524,90B13ACF984D0DDF,Buteo lagopus_Rough-legged Hawk,,high,,Audubon's “Rough-legged Falcon” is today's Rough-legged Hawk; its main plate is 166,audubon.org; Wikimedia Commons
423,1. Supposed Young Male.,Thick-legged Partridge,Perdix neoxenus,Colinus cristatus,Crested Bobwhite,crebob1,eBird/Clements 2025,Q961494,5228112,5C8A2A0C53DF562D,Colinus cristatus_Crested Bobwhite,,high,,"Audubon's “Thick-legged Partridge” (Perdix neoxenus, fig. 1), drawn from a Zoological Society of London skin credited to Beechey's voyage to the north-west coast, is today's Crested Bobwhite: Ogilvie-Grant lists Vigors's Ortyx neoxenus and this plate under it, and NYHS agrees","engraved legend; Audubon, Ornithological Biography v (1839); Ogilvie-Grant, Cat. Birds Brit. Mus. xxii (1893); New-York Historical Society"
423,2. Male. 3. Female.,Plumed-Partridge,Perdix plumifera,Oreortyx pictus,Mountain Quail,mouqua,eBird/Clements 2025,Q594810,2474320,171E91FFA209EB46,Oreortyx pictus_Mountain Quail,subspecies,high,,"Audubon's “Plumed Partridge” (Perdix plumifera, figs. 2–3) is today's Mountain Quail",engraved title; Featherframe havell.yaml; audubon.org; New-York Historical Society; Wikimedia Commons; Boston Public Library (Digital Commonwealth)
424,1. Female.,Lazuli Finch,Fringilla amœna,Passerina amoena,Lazuli Bunting,lazbun,eBird/Clements 2025,Q786964,5230861,9F67F3AFBF17ECFF,Passerina amoena_Lazuli Bunting,,high,,"Audubon's “Lazuli Finch” (Fringilla amoena, fig. 1, a female) is today's Lazuli Bunting; the male is on plate 398",engraved legend; New-York Historical Society; Wikimedia Commons
424,2. Male.,Crimson-necked Bull-Finch,Pyrrhula frontalis,Haemorhous mexicanus,House Finch,houfin,eBird/Clements 2025,Q25170208,8323485,89431E9F1CEDC995,Haemorhous mexicanus_House Finch,subspecies,high,,"Audubon's “Crimson-necked Bull-Finch” (Pyrrhula frontalis, fig. 2) is today's House Finch",Featherframe havell.yaml; plate title from audubon.org; New-York Historical Society; Wikimedia Commons; Boston Public Library (Digital Commonwealth)
424,3. Male.,Grey-crowned Linnet,Linaria tephrocotis,Leucosticte tephrocotis,Gray-crowned Rosy-Finch,gcrfin,eBird/Clements 2025,Q1304007,2494360,029491CD61458A5A,Leucosticte tephrocotis_Gray-crowned Rosy-Finch,,high,,"Audubon's “Grey-crowned Linnet” (Linaria tephrocotis, fig. 3) is today's Gray-crowned Rosy-Finch.",engraved title; Featherframe havell.yaml; audubon.org; New-York Historical Society; Wikimedia Commons; Boston Public Library (Digital Commonwealth)
424,4. Young Male.,Cow-pen Bird,Icterus pecoris,Molothrus ater,Brown-headed Cowbird,bnhcow,eBird/Clements 2025,Q901568,2484391,1E1AB415D083AAD4,Molothrus ater_Brown-headed Cowbird,,high,,"Audubon's “Cow-pen Bird” (Icterus pecoris, fig. 4, a young male) is today's Brown-headed Cowbird; its main plate is 99",engraved legend; New-York Historical Society; Wikimedia Commons; Boston Public Library (Digital Commonwealth)
424,"5. Female, 6. Young Male.",Evening Grosbeak,Fringilla vespertina,Hesperiphona vespertina,Evening Grosbeak,evegro,eBird/Clements 2025,Q25167830,2494324,C6B5497C9DB6796A,Coccothraustes vespertinus_Evening Grosbeak,,high,,"Audubon's “Evening Grosbeak” (Fringilla vespertina, figs. 5–6) is today's Evening Grosbeak; the adult male is on plate 373",engraved legend; New-York Historical Society; Wikimedia Commons
424,7. Female.,Brown Longspur,Plectrophanes townsendi,Passerella iliaca,Fox Sparrow,foxspa,eBird/Clements 2025,Q422873,2491872,0B1B2EB673757787,Passerella iliaca_Fox Sparrow,subspecies,high,,"Audubon's “Brown Longspur” (Plectrophanes townsendi, fig. 7; “Townsend's Finch” in the text) is the Sooty Fox Sparrow, P. i. townsendi, named from this figure; eBird 2025 keeps it in Fox Sparrow. It is not the Townsend's Bunting of plate 400","engraved legend; Audubon, Ornithological Biography v (1839); Ridgway, Birds of North and Middle America i (1901); New-York Historical Society; Wikimedia Commons; Boston Public Library (Digital Commonwealth)"
425,,Columbian Humming Bird,Trochilus anna,Calypte anna,Anna's Hummingbird,annhum,eBird/Clements 2025,Q564265,2476674,423937213450C257,Calypte anna_Anna's Hummingbird,,high,,Audubon's “Columbian Humming Bird” is today's Anna's Hummingbird,Featherframe havell.yaml; plate title from audubon.org
426,,Californian Vulture,Cathartes californianus,Gymnogyps californianus,California Condor,calcon,eBird/Clements 2025,Q194314,2481920,24F1432829285FA9,,,high,,Audubon's “Californian Vulture” is today's California Condor,Featherframe havell.yaml; plate title from audubon.org
427,1. Male.,White-legged Oyster-catcher,Hœmatopus bachmani,Haematopus bachmani,Black Oystercatcher,blkoys,eBird/Clements 2025,Q576024,2480272,BD49DB466CE6B910,Haematopus bachmani_Black Oystercatcher,,high,,"Audubon's “White-legged Oyster-catcher” (Haematopus bachmani, fig. 1) is today's Black Oystercatcher, which he named on this plate","Featherframe havell.yaml; plate title from audubon.org; New-York Historical Society; Wikimedia Commons; Boston Public Library (Digital Commonwealth); Ridgway, Birds of North and Middle America viii (1919)"
427,2. Female.,Slender-billed Oyster-catcher,Hœmatopus townsendi,Haematopus ater,Blackish Oystercatcher,blaoys1,eBird/Clements 2025,Q1048773,2480262,4AF23A6FC575C6BA,Haematopus ater_Blackish Oystercatcher,,high,,"Audubon's “Slender-billed Oyster-catcher” (Haematopus townsendi, fig. 2) is the South American Blackish Oystercatcher: its type, Townsend's skin in the US National Museum, came from his voyage round South America, and Sharpe, Ridgway and Hellmayr & Conover all list H. townsendi under H. ater. NYHS, Commons and the BPL name only the Black Oystercatcher","engraved legend; Audubon, Ornithological Biography v (1839); Sharpe, Cat. Birds Brit. Mus. xxiv (1896); Ridgway, Birds of North and Middle America viii (1919); Hellmayr & Conover, Cat. Birds Americas i.3 (1948)"
428,,Townsend's Sandpiper,Frinca townsendi,Calidris virgata,Surfbird,surfbi,eBird/Clements 2025,Q28070835,7964835,11CF8C9A9638ADFC,Calidris virgata_Surfbird,,high,,Audubon's “Townsend's Sandpiper” is today's Surfbird,Featherframe havell.yaml; plate title from audubon.org
429,,Western Duck,Fuligula stelleri,Polysticta stelleri,Steller's Eider,steeid,eBird/Clements 2025,Q210954,5232431,BA07D0168474EB92,,,high,,Audubon's “Western Duck” is today's Steller's Eider,Featherframe havell.yaml; plate title from audubon.org
430,,Slender-billed Guillemot,Uria townsendi,Brachyramphus marmoratus,Marbled Murrelet,marmur,eBird/Clements 2025,Q1267620,5229281,3155737472505EB2,Brachyramphus marmoratus_Marbled Murrelet,,high,,Audubon's “Slender-billed Guillemot” is today's Marbled Murrelet,Featherframe havell.yaml; plate title from audubon.org
431,,American Flamingo,Phœnicopterus ruber,Phoenicopterus ruber,American Flamingo,grefla2,eBird/Clements 2025,Q208004,9691034,E3FF6313179EC968,Phoenicopterus ruber_American Flamingo,,high,,"Audubon's “American Flamingo” (Phoenicopterus ruber, old male) is today's American Flamingo; same binomial.",Featherframe havell.yaml; plate title from audubon.org
432,1. Male. 2. Male.,"Burrowing Owl, Large-headed Burrowing Owl","Strix cunicularia, Strix californica",Athene cunicularia,Burrowing Owl,burowl,eBird/Clements 2025,Q467068,2497240,B9EE9676FFEC8B11,Athene cunicularia_Burrowing Owl,,high,,"Audubon's “Burrowing Owl” (Strix cunicularia, fig. 1) and “Large-headed Burrowing Owl” (Strix californica, fig. 2) are both today's Burrowing Owl",Featherframe havell.yaml; plate title from audubon.org; New-York Historical Society; Wikimedia Commons; Boston Public Library (Digital Commonwealth)
432,3. Female.,Little night Owl,Strix noctua,Athene noctua,Little Owl,litowl1,eBird/Clements 2025,Q129958,2497266,9A7B268C4EF6F803,Athene noctua_Little Owl,,judged,,"Audubon's “Little night Owl” (Strix noctua; S. passerina in the text, fig. 3) is the Old World Little Owl: his measurements and description fit it, he matched the skin to European specimens, and NYHS and the BPL agree. The skin was said to be from Pictou, Nova Scotia, and Ridgway queried it as a Saw-whet Owl","engraved legend; Audubon, Ornithological Biography v (1839); New-York Historical Society; Boston Public Library (Digital Commonwealth); Ridgway, Birds of North and Middle America vi (1914)"
432,4. 5. Males.,Columbian Owl,Strix passerinoides,Glaucidium gnoma,Northern Pygmy-Owl,nopowl,eBird/Clements 2025,Q1034956,9616953,63FB826E0A0EEB11,Glaucidium gnoma_Northern Pygmy-Owl,,high,,"Audubon's “Columbian Owl” (Strix passerinoides, figs. 4–5), both drawn from one bird Townsend shot near Fort Vancouver on the Columbia, is today's Northern Pygmy-Owl","engraved legend; Audubon, Ornithological Biography v (1839); New-York Historical Society; Boston Public Library (Digital Commonwealth)"
432,6. Male.,Short-eared Owl,Strix brachyotus,Asio flammeus,Short-eared Owl,sheowl,eBird/Clements 2025,Q25769,2497295,8F123A11E5DADFDD,Asio flammeus_Short-eared Owl,,high,,"Audubon's “Short-eared Owl” (Strix brachyotus, fig. 6) is today's Short-eared Owl",Featherframe havell.yaml; plate title from audubon.org; New-York Historical Society; Wikimedia Commons; Boston Public Library (Digital Commonwealth)
433,1. Young Male. 2. Old Female.,Bullock's Oriole,Icterus bullocki,Icterus bullockii,Bullock's Oriole,bulori,eBird/Clements 2025,Q851912,5229864,7E65A952009BFD5F,Icterus bullockii_Bullock's Oriole,,high,,"Audubon's “Bullock's Oriole” (Icterus bullockii, figs. 1–2) is today's Bullock's Oriole; the adult male is on plate 388",engraved legend; New-York Historical Society; Wikimedia Commons
433,3. Old Female.,Baltimore Oriole,Icterus baltimore,Icterus galbula,Baltimore Oriole,balori,eBird/Clements 2025,Q805774,2484340,E4B3332D6979E6BD,Icterus galbula_Baltimore Oriole,,high,,"Audubon's “Baltimore Oriole” (Icterus baltimore, fig. 3, an old female) is today's Baltimore Oriole; its main plate is 12",engraved legend; New-York Historical Society; Wikimedia Commons; Boston Public Library (Digital Commonwealth)
433,4. Male. 5. Female.,Mexican Goldfinch,Carduellis mexicanus,Spinus psaltria,Lesser Goldfinch,lesgol,eBird/Clements 2025,Q27075863,5231647,CD5C21CAB91A75EB,Spinus psaltria_Lesser Goldfinch,variant,high,,"Audubon's “Mexican Goldfinch” (Carduelis mexicanus, figs. 4–5), drawn from a pair of skins Swainson lent him, is the black-backed form of today's Lesser Goldfinch, figured as its own species; the green-backed Arkansaw Siskin is plate 400 fig. 1.","engraved legend; Audubon, Ornithological Biography v (1839); New-York Historical Society"
433,6. Female.,Varied Thrush,Turdus nœvius,Ixoreus naevius,Varied Thrush,varthr,eBird/Clements 2025,Q26656,2490926,583128734B0F566A,Ixoreus naevius_Varied Thrush,,high,,"Audubon's “Varied Thrush” (Turdus naevius, fig. 6, a female) is today's Varied Thrush; the male is on plate 369",engraved legend; New-York Historical Society; Wikimedia Commons
433,7. Male.,Common Water Thrush,Turdus aquaticus,Parkesia noveboracensis,Northern Waterthrush,norwat,eBird/Clements 2025,Q27075884,6093856,709AF716468341F7,Parkesia noveboracensis_Northern Waterthrush,,high,,"Audubon's “Common Water Thrush” (Turdus aquaticus, fig. 7) is today's Northern Waterthrush",Featherframe havell.yaml; plate title from audubon.org; New-York Historical Society; Wikimedia Commons; Boston Public Library (Digital Commonwealth)
434,1.,Little Tyrant Fly-catcher,Tyrannula pusilla,Empidonax minimus,Least Flycatcher,leafly,eBird/Clements 2025,Q944011,2482791,F5837054F30BA49D,Empidonax minimus_Least Flycatcher,,judged,,"Audubon's “Little Tyrant Fly-catcher” (Tyrannula pusilla, fig. 1) is a Least Flycatcher: his measurements of the figured male (wing 2 5/12 in, tail 2 1½/12 in, bill 5/12 in) fall in the Least's range and below the Willow's, Alder's and Hammond's, and the plate shows its white eye-ring and pale lower mandible. His text mixes in other birds, Nuttall's from the Columbia and his own Labrador nest with spotted eggs, and Ridgway queried it under both Traill's and Least","engraved legend; Audubon, Ornithological Biography v (1839); Ridgway, Birds of North and Middle America iv (1907); New-York Historical Society; the plate"
434,5. Male.,Short-legged Pewee,Muscicapa phœbe,Contopus sordidulus,Western Wood-Pewee,wewpew,eBird/Clements 2025,Q941102,5229754,F6CA75F0A391294D,Contopus sordidulus_Western Wood-Pewee,,high,,"Audubon's “Short-legged Pewee” (fig. 5; Muscicapa phoebe on the plate, Swainson's M. richardsonii in the text) is today's Western Wood-Pewee","Audubon, Ornithological Biography v (1839); Ridgway, Birds of North and Middle America iv (1907); New-York Historical Society; Boston Public Library (Digital Commonwealth)"
434,6. Male.,Rocky Mountain Fly-catcher,Tyrannula nigricans,Sayornis nigricans,Black Phoebe,blkpho,eBird/Clements 2025,Q920950,2483612,B182DED22E9E9577,Sayornis nigricans_Black Phoebe,,high,,"Audubon's “Rocky Mountain Fly-catcher” (Tyrannula nigricans, fig. 6), Nuttall's skin from northern California, is today's Black Phoebe","Featherframe havell.yaml; plate title from audubon.org; Audubon, Ornithological Biography v (1839); New-York Historical Society; Wikimedia Commons; Boston Public Library (Digital Commonwealth)"
435,1. Female. 2. Male.,"Columbian Water Ouzel, Arctic Water Ouzel","Cinclus townsendi, Cinclus mortoni",Cinclus mexicanus,American Dipper,amedip,eBird/Clements 2025,Q912010,9606873,A5EC8BF53E504B0A,Cinclus mexicanus_American Dipper,variant,high,,"Audubon's “Columbian Water Ouzel” (Cinclus townsendi, fig. 1, the barred female) and Townsend's “Arctic Water Ouzel” (C. mortoni, fig. 2, a male) are both today's American Dipper, figured as two new species; its main plate is 370.",engraved title; audubon.org; Wikimedia Commons; Boston Public Library (Digital Commonwealth); Pitt's Havell catalogue
