volume,plate,leaf,gould_english,gould_latin,text_leaf,survey_tier,modern_sci,form,confidence,birdnet_sci,birdnet_common,ku_id,ku_sci,ku_english,decision,reason
I,1,28,Black Vulture,Otogyps calvus,yes,not_in_birdnet,,,none,,,ku-gould:17730,Sarcogyps calvus,Red-headed Vulture,left out (not in BirdNET),
I,2,32,Bengal Vulture,Gyps Bengalensis,yes,not_in_birdnet,,,none,,,ku-gould:17726,Gyps bengalensis,White-rumped Vulture,left out (not in BirdNET),
I,3,36,Shaheen Falcon,Falco Peregrinator,yes,form,Falco peregrinus,subspecies,medium,Falco peregrinus,Peregrine Falcon,ku-gould:17722,Falco peregrinus,"Peregrine Falcon ,faucon pélerin, Halcón peregrino,",left out (form),
I,4,40,Red-naped Falcon,Falco Babylonicus,yes,form,Falco peregrinus,subspecies,medium,Falco peregrinus,Peregrine Falcon,ku-gould:17718,Falco pelegrinoides,Barbary Falcon,left out (form),
I,5,44,Saker Falcon,Falco sacer,yes,not_in_birdnet,,,none,,,ku-gould:17714,Falco cherrug,Saker Falcon,left out (not in BirdNET),
I,6,48,Lanner Falcon,Falco lamas,genus only,not_in_birdnet,,,none,,,ku-gould:17710,Falco biarmicus,Lanner Falcon,left out (not in BirdNET),
I,7,52,Jugger Falcon,Falco ducer,genus only,not_in_birdnet,,,none,,,ku-gould:17706,Falco jugger,Laggar Falcon,left out (not in BirdNET),
I,8,56,White-winged Red-footed Kestrel,Erythropus amurensis,genus only,probable,Falco amurensis,,high,Falco amurensis,Amur Falcon,ku-gould:17702,Falco amurensis,Amur Falcon,pinned,
I,9,60,Rufous-breasted Spilornis,Spilornis rufipectus,yes,form,Spilornis cheela,subspecies,low,Spilornis cheela,Crested Serpent-Eagle,ku-gould:17698,Spilornis rufipectus,Sulawesi Serpent Eagle,left out (form),the survey's form assignment; the Kansas catalogue reads Spilornis rufipectus (Sulawesi Serpent Eagle)
I,10,64,Black-and-white Crested Eagle,Spizaetus alboniger,yes,not_in_birdnet,,,none,,,ku-gould:17694,Spizaetus alboniger,Blyth's Hawk-Eagle,left out (not in BirdNET),
I,11,68,Govinda Kite,Milvus Govinda,yes,form,Milvus migrans,subspecies,medium,Milvus migrans,Black Kite,ku-gould:17690,Milvus migrans,Black Kite,left out (form),
I,12,72,Celebean Elanus,Elanus hypoleucus,yes,form,Elanus caeruleus,subspecies,medium,Elanus caeruleus,Black-winged Kite,ku-gould:17686,Elanus caeruleus,"Black-shouldered Kite, Black-winged Kite",left out (form),
I,13,76,Indian Scops Owl,Scops pennatus,yes,form,Otus sunia,subspecies,medium,Otus sunia,Oriental Scops-Owl,ku-gould:17682,Otus sunia,"Oriental Scops Owl, Oriental Scops-Owl",left out (form),
I,14,80,Bay Owl,Phodilus badius,yes,exact,Phodilus badius,,high,Phodilus badius,Oriental Bay-Owl,ku-gould:17678,Phodilus badius,Oriental Bay Owl,pinned,
I,15,84,Brodie's Owlet,Athene Brodiei,yes,probable,Taenioptynx brodiei,,high,Taenioptynx brodiei,Collared Owlet,ku-gould:17674,Glaucidium brodiei,Collared Owlet,pinned,
I,16,88,Speckled Wood-Owl,Syrnium ocellatum,yes,probable,Strix ocellata,,high,Strix ocellata,Mottled Wood-Owl,ku-gould:17670,Strix ocellata,Mottled Wood Owl,pinned,
I,17,92,Indian Screech Owl,Strix indica,yes,form,Tyto alba,subspecies,medium,Tyto alba,Barn Owl,ku-gould:17666,Athene brama indica,Spotted Owlet,left out (form),
I,18,96,Grass-Owl,Strix candida,yes,not_in_birdnet,,,none,,,ku-gould:17662,Tyto capensis,Grass Owl,left out (not in BirdNET),
I,19,100,Mahratta Nightjar,Caprimulgus Mahrattensis,yes,not_in_birdnet,,,none,,,ku-gould:17658,Caprimulgus mahrattensis,Sykes's Nightjar,left out (not in BirdNET),
I,20,104,Palm Roof-Swift,Cypselus infumatus,yes,form,Cypsiurus balasiensis,subspecies,low,Cypsiurus balasiensis,Asian Palm-Swift,ku-gould:17654,Cypsiurus parvus,African Palm Swift,left out (form),the survey's form assignment; the Kansas catalogue reads Cypsiurus parvus (African Palm Swift)
I,21,108,Crested Tree-Swift,Dendrochelidon coronatus,yes,probable,Hemiprocne coronata,,high,Hemiprocne coronata,Crested Treeswift,ku-gould:17650,Hemiprocne coronata,Crested Treeswift,pinned,
I,22,112,Klecho Tree-Swift,Dendrochelidon Klecho,yes,form,Hemiprocne longipennis,subspecies,medium,Hemiprocne longipennis,Gray-rumped Treeswift,ku-gould:17646,Hemiprocne longipennis,Grey-rumped Treeswift,left out (form),
I,23,116,Wallace's Tree-Swift,Dendrochelidon Wallacei,yes,form,Hemiprocne longipennis,subspecies,medium,Hemiprocne longipennis,Gray-rumped Treeswift,ku-gould:17642,Hemiprocne longipennis wallacii,Grey-rumped Treeswift,left out (form),
I,24,120,Bearded Tree-Swift,Dendrochelidon mystaceus,yes,probable,Hemiprocne mystacea,,high,Hemiprocne mystacea,Moustached Treeswift,ku-gould:17638,Hemiprocne mystacea,Moustached Treeswift,pinned,
I,25,124,Hooded Tree-Swift,Dendrochelidon comatus,yes,probable,Hemiprocne comata,,high,Hemiprocne comata,Whiskered Treeswift,ku-gould:17634,Hemiprocne comata,Whiskered Treeswift,pinned,
I,26,128,Wire-tailed Swallow,Hirundo filifera,yes,form,Hirundo smithii,subspecies,medium,Hirundo smithii,Wire-tailed Swallow,ku-gould:17630,Hirundo smithii,Wire-tailed Swallow,left out (form),
I,27,132,Western Mosque-Swallow,Cecropis rufula,yes,form,Cecropis daurica,subspecies,medium,Cecropis daurica,Red-rumped Swallow,ku-gould:17626,Hirundo (Cecropis) daurica rufula,European Striated Swallow,left out (form),
I,28,136,Daurian Mosque-Swallow,Cecropis Daurica,yes,exact,Cecropis daurica,,high,Cecropis daurica,Red-rumped Swallow,ku-gould:17622,Hirundo (Cecropis) daurica,European Striated Swallow,pinned,
I,29,140,Indian Mosque-Swallow,Cecropis erythropygia,yes,form,Cecropis daurica,subspecies,medium,Cecropis daurica,Red-rumped Swallow,ku-gould:17618,Hirundo (Cecropis) daurica erythropygia,Indian Striated Swallow,left out (form),
I,30,144,Ceylonese Mosque-Swallow,Cecropis hyperythra,yes,not_in_birdnet,,,none,,,ku-gould:17614,Hirundo (Cecropis) hyperythra,Sri Lanka Swallow,left out (not in BirdNET),
I,31,148,Nepal Martin-Swallow,Delichon Nipalensis,yes,not_in_birdnet,,,none,,,ku-gould:17610,Delichon nipalense,"Nepal House Martin, Nepal Martin",left out (not in BirdNET),
I,32,152,Bungalow Swallow,Hypurolepis domicola,yes,not_in_birdnet,,,none,,,ku-gould:17606,Hirundo domicola,Hill Swallow,left out (not in BirdNET),
I,33,156,Indian Cliff-Swallow,Lagenoplastes fluvicola,yes,probable,Petrochelidon fluvicola,,high,Petrochelidon fluvicola,Streak-throated Swallow,ku-gould:17602,Hirundo fluvicola,"Streak-throated Swallow, Indian Cliff Swallow",pinned,
I,34,160,Pirik Bee-eater,Merops quinticolor,yes,probable,Merops leschenaulti,,high,Merops leschenaulti,Chestnut-headed Bee-eater,ku-gould:17598,Merops leschenaulti quinticolor,Chestnut-headed Bee-eater,pinned,
I,35,164,Hurrial Bee-eater,Merops viridis,yes,exact,Merops orientalis,,judged,Merops orientalis,Green Bee-eater,ku-gould:17594,Merops viridis,Blue-throated Bee-eater,pinned,"pinned by the bird: all green, golden crown, black gorget; printed Merops viridis (Wells)"
I,36,168,Philippine Bee-eater,Merops Philippinus,yes,exact,Merops philippinus,,high,Merops philippinus,Blue-tailed Bee-eater,ku-gould:17590,Merops philippinus,Blue-tailed Bee-eater,pinned,
I,37,172,Blue-throated Nyctiornis,Nyctiornis Athertoni,yes,probable,Nyctyornis athertoni,,high,Nyctyornis athertoni,Blue-bearded Bee-eater,ku-gould:17586,Nyctyornis athertoni,Blue-bearded Bee-eater,pinned,
I,38,176,Red-throated Nyctiornis,Nyctiornis amictus,yes,probable,Nyctyornis amictus,,high,Nyctyornis amictus,Red-bearded Bee-eater,ku-gould:17582,Nyctyornis athertoni,Blue-bearded Bee-eater,pinned,
I,39,180,Forsten's Bee-eater,Meropogon Forsteni,yes,not_in_birdnet,,,none,,,ku-gould:17578,Meropogon forsteni,Purple-bearded Bee-eater,left out (not in BirdNET),
I,40,184,Hombron's Kingfisher,Actenoides Hombroni,yes,not_in_birdnet,,,none,,,ku-gould:17574,Actenoides hombroni,Hombron's Kingfisher,left out (not in BirdNET),
I,41,188,Lindsay's Kingfisher,Actenoides Lindsayi,yes,exact,Actenoides lindsayi,,high,Actenoides lindsayi,Spotted Kingfisher,ku-gould:17570,Actenoides lindsayi,Spotted Wood Kingfisher,pinned,
I,42,192,Sumatra Kingfisher,Actenoides concretus,yes,exact,Actenoides concretus,,high,Actenoides concretus,Rufous-collared Kingfisher,ku-gould:17566,Actenoides concretus,Rufous-collared Kingfisher,pinned,
I,43,196,Indian Kingfisher,Halcyon fusca,yes,form,Halcyon smyrnensis,subspecies,medium,Halcyon smyrnensis,White-throated Kingfisher,ku-gould:17562,Halcyon smyrnensis fusca,White-throated Kingfisher,left out (form),
I,44,200,Manilla Kingfisher,Halcyon gularis,yes,exact,Halcyon gularis,,high,Halcyon gularis,Brown-breasted Kingfisher,ku-gould:17558,Halcyon smyrnensis gularis,White-throated Kingfisher,pinned,
I,45,204,Black-capped Kingfisher,Halcyon atricapillus,yes,probable,Halcyon pileata,,high,Halcyon pileata,Black-capped Kingfisher,ku-gould:17554,Halcyon pileata,Black-capped Kingfisher,pinned,
I,46,208,Blue-and-white Kingfisher,Halcyon fulgidus,yes,not_in_birdnet,,,none,,,ku-gould:17550,Caridonax fulgidus,Glittering Kingfisher,left out (not in BirdNET),
I,47,212,Many-coloured Kingfisher,Halcyon omnicolor,yes,form,Todiramphus chloris,subspecies,low,Todiramphus chloris,Collared Kingfisher,ku-gould:17546,Halcyon cyanoventris,Javan Kingfisher,left out (form),the survey's form assignment; the Kansas catalogue reads Halcyon cyanoventris (Javan Kingfisher)
I,48,216,Banded Kingfisher,Carcineutes pulchellus,yes,probable,Lacedo pulchella,,high,Lacedo pulchella,Banded Kingfisher,ku-gould:17542,Lacedo pulchella,Banded Kingfisher,pinned,
I,49,220,Black-faced Kingfisher,Carcineutes melanops,yes,none,,,none,,,ku-gould:17538,Lacedo pulchella melanops,Banded Kingfisher,left out (no modern name),
I,50,224,Tenasserim Kingfisher,Carcineutes amabilis,yes,form,Lacedo pulchella,subspecies,medium,Lacedo pulchella,Banded Kingfisher,ku-gould:17534,Lacedo pulchella,Banded Kingfisher,left out (form),
I,51,228,Mantled Kingfisher,Dacelo Tyro,yes,unsure,Dacelo tyro,,high,,,ku-gould:17530,Dacelo tyro,Spangled Kookaburra,left out,"the Spangled Kookaburra (KU), not in BirdNET"
I,52,232,Great Alcedo,Alcedo grandis,yes,not_in_birdnet,,,none,,,ku-gould:17526,Alcedo hercules,Blyth's Kingfisher,left out (not in BirdNET),
I,53,236,Indian Kingfisher,Alcedo Bengalensis,yes,form,Alcedo atthis,subspecies,medium,Alcedo atthis,Common Kingfisher,ku-gould:17522,Alcedo atthis,Common Kingfisher,left out (form),
I,54,240,Indian Roller,Coracias indica,yes,probable,Coracias benghalensis,,high,Coracias benghalensis,Indian Roller,ku-gould:17518,Coracias benghalensis,Indian Roller,pinned,
I,55,244,Burmese Roller,Coracias affinis,yes,not_in_birdnet,,,none,,,ku-gould:17514,Coracias benghalensis affinis,Indian Roller,left out (not in BirdNET),
I,56,248,Temminck's Roller,Coracias Temmincki,yes,not_in_birdnet,,,none,,,ku-gould:17510,Coracias temminckii,"Purple-winged Roller, Sulawesi Roller",left out (not in BirdNET),
I,57,252,Javan Eurylaime,Eurylaimus Javanicus,yes,exact,Eurylaimus javanicus,,high,Eurylaimus javanicus,Banded Broadbill,ku-gould:17506,Eurylaimus javanicus,Banded Broadbill,pinned,
I,58,256,Hooded Eurylaime,Eurylaimus ochromelas,yes,not_in_birdnet,,,none,,,ku-gould:17502,Eurylaimus ochromalus,Black-and-yellow Broadbill,left out (not in BirdNET),
I,59,260,Great-billed Eurylaime,Cymbirhynchus macrorhynchus,yes,probable,Cymbirhynchus macrorhynchos,,high,Cymbirhynchus macrorhynchos,Black-and-red Broadbill,ku-gould:17498,Cymbirhynchus macrorhynchos,Black-and-red Broadbill,pinned,
I,60,264,Allied Eurylaime,Cymbirhynchus affinis,yes,form,Cymbirhynchus macrorhynchos,subspecies,medium,Cymbirhynchus macrorhynchos,Black-and-red Broadbill,ku-gould:17494,Cymbirhynchus macrorhynchos affinis,Black-and-red Broadbill,left out (form),
I,61,268,Great Eurylaime,Corydon Sumatranus,yes,exact,Corydon sumatranus,,high,Corydon sumatranus,Dusky Broadbill,ku-gould:17490,Corydon sumatranus,Dusky Broadbill,pinned,
I,62,272,Lunated Eurylaime,Serilophus lunatus,yes,exact,Serilophus lunatus,,high,Serilophus lunatus,Silver-breasted Broadbill,ku-gould:17486,Serilophus lunatus,Silver-breasted Broadbill,pinned,
I,63,276,Red-backed EEurylaime,Serilophus rubropygius,yes,form,Serilophus lunatus,subspecies,medium,Serilophus lunatus,Silver-breasted Broadbill,ku-gould:17482,Serilophus lunatus rubropygius,Silver-breasted Broadbill,left out (form),
I,64,280,Dalhousie's Eurylaime,Psarisoinus Dalhousie,yes,probable,Psarisomus dalhousiae,,high,Psarisomus dalhousiae,Long-tailed Broadbill,ku-gould:17478,Psarisomus dalhousiae,Long-tailed Broadbill,pinned,
I,65,284,Steere's Broadbill,Sarcophanops Steerii,yes,not_in_birdnet,,,none,,,ku-gould:17474,Sarcophanops steerii,Steere's Broadbill,left out (not in BirdNET),
I,66,288,Indian Hoopoe,Upupa nigripennis,yes,form,Upupa epops,subspecies,medium,Upupa epops,Eurasian Hoopoe,ku-gould:17470,Upupa epops,"Common Hoopoe, Eurasian Hoopoe, Hoopoe",left out (form),
I,67,292,Duvaucel's Trogon,Harpactes Duvauceli,yes,probable,Harpactes duvaucelii,,high,Harpactes duvaucelii,Scarlet-rumped Trogon,ku-gould:17466,Trogon personatus,Masked Trogon,pinned,
I,68,296,Malacca Trogon,Harpactes rutilus,yes,form,Harpactes duvaucelii,subspecies,medium,Harpactes duvaucelii,Scarlet-rumped Trogon,ku-gould:17462,Trogon collaris puella,"Collared Trogon, Trogón de collar",left out (form),
I,69,300,Hodgson's Trogon,Harpactes Hodgsoni,yes,form,Harpactes erythrocephalus,subspecies,medium,Harpactes erythrocephalus,Red-headed Trogon,ku-gould:17458,Trogon violaceus ramonianus,"Violaceous Trogon, Trogón violáceo",left out (form),
I,70,304,Diard's Trogon,Harpactes Diardi,yes,probable,Harpactes diardii,,high,Harpactes diardii,Diard's Trogon,ku-gould:17454,Trogon melanocephalus,"Black-headed Trogon, Trogón cabeza negra",pinned,
I,71,308,Mountain Trogon,Harpactes Oreskios,yes,exact,Harpactes oreskios,,high,Harpactes oreskios,Orange-breasted Trogon,ku-gould:17450,Trogon viridis,"Amazonian White-tailed Trogon, White-tailed Trogon",pinned,
I,72,312,Reinwardt's Trogon,Harpactes Reinwardti,yes,not_in_birdnet,,,none,,,ku-gould:17446,Trogon rufus tenellus,Black-throated Trogon,left out (not in BirdNET),
I,73,316,Macklot's Trogon,Harpactes Mackloti,yes,not_in_birdnet,,,none,,,ku-gould:17442,Trogon curucui,Blue-crowned Trogon,left out (not in BirdNET),
I,74,320,Kasumba Trogon,Harpactes Kasumba,yes,exact,Harpactes kasumba,,high,Harpactes kasumba,Red-naped Trogon,ku-gould:17438,Trogon melanurus,Black-tailed Trogon,pinned,
I,75,324,Fasciated Trogon,Harpactes fasciatus,yes,exact,Harpactes fasciatus,,high,Harpactes fasciatus,Malabar Trogon,ku-gould:17434,Trogon violaceus,"Violaceous Trogon, Trogón violáceo",pinned,
I,76,328,Rosy-breasted Trogon,Harpactes ardens,yes,exact,Harpactes ardens,,high,Harpactes ardens,Philippine Trogon,ku-gould:17430,Trogon mexicanus,"Mountain Trogon, Trogón mexicano",pinned,
II,1,12,Green Cochoa,Cochoa viridis,yes,exact,Cochoa viridis,,high,Cochoa viridis,Green Cochoa,ku-gould:17380,Cochoa viridis,Green Cochoa,pinned,
II,2,16,Purple Cochoa,Cochoa purpurea,yes,none,,,none,,,ku-gould:17376,Cochoa purpurea,Purple Cochoa,left out (no modern name),
II,3,20,Grey-throated Pericrocotus,Pericrocotus griseogularis,yes,form,Pericrocotus solaris,subspecies,medium,Pericrocotus solaris,Gray-chinned Minivet,ku-gould:17372,Pericrocotus solaris,Grey-chinned Minivet,left out (form),
II,4,24,Canton Pericrocotus,Pericrocotus cantonensis,yes,exact,Pericrocotus cantonensis,,high,Pericrocotus cantonensis,Brown-rumped Minivet,ku-gould:17368,Pericrocotus cantonensis,Swinhoe's Minivet,pinned,
II,5,28,Yellow-throated Pericrocotus,Pericrocotus solaris,yes,exact,Pericrocotus solaris,,high,Pericrocotus solaris,Gray-chinned Minivet,ku-gould:17364,Pericrocotus solaris,Grey-chinned Minivet,pinned,
II,6,32,Cawnpore Pericrocotus,Pericrocotus erythropygius,yes,exact,Pericrocotus erythropygius,,high,Pericrocotus erythropygius,White-bellied Minivet,ku-gould:17360,Pericrocotus erythropygius,White-bellied Minivet,pinned,
II,7,36,Great Pericrocotus,Pericrocotus speciosus,yes,exact,Pericrocotus speciosus,,high,Pericrocotus speciosus,Scarlet Minivet,ku-gould:17356,Pericrocotus flammeus,Scarlet Minivet,pinned,
II,8,40,Orange Pericrocotus,Pericrocotus flammeus,yes,exact,Pericrocotus flammeus,,high,Pericrocotus flammeus,Orange Minivet,ku-gould:17352,Pericrocotus flammeus,Scarlet Minivet,pinned,
II,9,44,Little Pericrocotus,Pericrocotus peregrinus,yes,probable,Pericrocotus cinnamomeus,,high,Pericrocotus cinnamomeus,Small Minivet,ku-gould:17348,Pericrocotus cinnamomeus,Small Minivet,pinned,
II,10,48,Rosy Pericrocotus,Pericrocotus roseus,yes,not_in_birdnet,,,none,,,ku-gould:17344,Pericrocotus roseus,Rosy Minivet,left out (not in BirdNET),
II,11,52,Grey Pericrocotus,Pericrocotus cinereus,yes,probable,Pericrocotus divaricatus,,high,Pericrocotus divaricatus,Ashy Minivet,ku-gould:17340,Pericrocotus divaricatus,Ashy Minivet,pinned,
II,12,56,Philippine-Island Thickhead,Hylopterpe philippinensis,yes,probable,Pachycephala philippinensis,,high,Pachycephala philippinensis,Yellow-bellied Whistler,ku-gould:17336,Pachycephala philippinensis,Yellow-bellied Whistler,pinned,
II,13,60,Grey-headed Pteruthius,Pteruthius eralatus,yes,probable,Pteruthius aeralatus,,high,Pteruthius aeralatus,Blyth's Shrike-Babbler,ku-gould:17332,Pteruthius flaviscapis,White-browed Shrike-Babbler,pinned,
II,14,64,Himalayan Pteruthius,Pteruthius erythropterus,yes,form,Pteruthius aeralatus,subspecies,low,Pteruthius aeralatus,Blyth's Shrike-Babbler,ku-gould:17328,Pteruthius flaviscapis,White-browed Shrike-Babbler,left out (form),the survey's form assignment; the Kansas catalogue reads Pteruthius flaviscapis (White-browed Shrike-Babbler)
II,15,68,Rufous-bellied Pteruthius,Pteruthius rufiventer,yes,exact,Pteruthius rufiventer,,high,Pteruthius rufiventer,Black-headed Shrike-Babbler,ku-gould:17324,Pteruthius rufiventer,Black-headed Shrike-Babbler,pinned,
II,16,72,Black-eared Allotrius,Allotrius melanotis,yes,probable,Pteruthius melanotis,,high,Pteruthius melanotis,Black-eared Shrike-Babbler,ku-gould:17320,Pteruthius melanotis,Black-eared Shrike-Babbler,pinned,
II,17,76,Yellow-green Allotrius,Allotrius xanthochloris,genus only,probable,Pteruthius xanthochlorus,,high,Pteruthius xanthochlorus,Green Shrike-Babbler,ku-gould:17316,Pteruthius xanthochlorus,Green Shrike-Babbler,pinned,
II,18,80,Paradise Flycatcher,Muscipeta Paradisi,yes,probable,Terpsiphone paradisi,,high,Terpsiphone paradisi,Indian Paradise-Flycatcher,ku-gould:17312,Terpsiphone paradisi,Asian Paradise Flycatcher,pinned,
II,19,84,Ince's Paradise Flycatcher,Muscipeta Incei,yes,probable,Terpsiphone incei,,high,Terpsiphone incei,Amur Paradise-Flycatcher,ku-gould:17308,Terpsiphone paradisi,Asian Paradise Flycatcher,pinned,
II,20,88,Grand Niltava,Niltava grandis,yes,exact,Niltava grandis,,high,Niltava grandis,Large Niltava,ku-gould:17304,Niltava grandis,Large Niltava,pinned,
II,21,92,Sundara Niltava,Niltava Sundara,yes,exact,Niltava sundara,,high,Niltava sundara,Rufous-bellied Niltava,ku-gould:17300,Niltava sundara,Rufous-bellied Niltava,pinned,
II,22,96,MacGregor's Niltava,Niltava MacGregoriae,yes,probable,Niltava macgrigoriae,,high,Niltava macgrigoriae,Small Niltava,ku-gould:17296,Niltava macgrigoriae,Small Niltava,pinned,
II,23,100,Jericho Sun-bird,Nectarinia Osea,yes,probable,Cinnyris osea,,high,Cinnyris osea,Palestine Sunbird,ku-gould:17292,Nectarinia osea,Nectarinia osea,pinned,
II,24,104,Ceylonese Sun-bird,Nectarinia Zelonica,yes,probable,Leptocoma zeylonica,,high,Leptocoma zeylonica,Purple-rumped Sunbird,ku-gould:17288,Nectarinia zeylonica,Nectarinia zeylonica,pinned,
II,25,108,Penang Sun-bird,Nectarinia insignis,yes,form,Aethopyga siparaja,subspecies,low,Aethopyga siparaja,Crimson Sunbird,ku-gould:17284,Nectarinia calcostetha,Nectarinia calcostetha,left out (form),the survey's form assignment; the Kansas catalogue reads Nectarinia calcostetha (Nectarinia calcostetha)
II,26,112,Mrs. Gould's Sun-bird,Nectarinia Gouldiae,yes,probable,Aethopyga gouldiae,,high,Aethopyga gouldiae,Mrs. Gould's Sunbird,ku-gould:17280,Aethopyga gouldiae,Mrs. Gould's Sunbird,pinned,
II,27,116,Black-breasted Sun-bird,Nectarinia saturata,yes,probable,Aethopyga saturata,,high,Aethopyga saturata,Black-throated Sunbird,ku-gould:17276,Aethopyga saturata,Black-throated Sunbird,pinned,
II,28,120,Fiery-tailed Sun-bird,Nectarinia ignicauda,yes,probable,Aethopyga ignicauda,,high,Aethopyga ignicauda,Fire-tailed Sunbird,ku-gould:17272,Aethopyga ignicauda,Fire-tailed Sunbird,pinned,
II,29,124,Goulpourah Sun-bird,Nectarinia Goalpariensis,genus only,form,Aethopyga siparaja,subspecies,medium,Aethopyga siparaja,Crimson Sunbird,ku-gould:17268,Aethopyga siparaja,Crimson Sunbird,left out (form),
II,30,128,Vigors' Sun-bird,Nectarinia Vigorsii,yes,probable,Aethopyga vigorsii,,high,Aethopyga vigorsii,Vigors's Sunbird,ku-gould:17264,Aethopyga siparaja,Crimson Sunbird,pinned,
II,31,132,Nepaulese Sun-bird,Nectarinia Nipalensis,yes,probable,Aethopyga nipalensis,,high,Aethopyga nipalensis,Green-tailed Sunbird,ku-gould:17260,Aethopyga nipalensis,Green-tailed Sunbird,pinned,
II,32,136,Asiatic Sun-bird,Nectarinia Asiatica,yes,probable,Cinnyris asiaticus,,high,Cinnyris asiaticus,Purple Sunbird,ku-gould:17256,Nectarinia asiatica,Nectarinia asiatica,pinned,
II,33,140,Loten's Sun-bird,Nectarinia Lotenia,yes,probable,Cinnyris lotenius,,high,Cinnyris lotenius,Loten's Sunbird,ku-gould:17252,Nectarinia lotenia,Nectarinia lotenia,pinned,
II,34,144,Plain Zosterops,Zosterops simplex,yes,exact,Zosterops simplex,,high,Zosterops simplex,Swinhoe's White-eye,ku-gould:17248,Zosterops japonicus  simplex,Japanese White-eye,pinned,
II,35,148,Chestnut-sided Zosterops,Zosterops erythropleura,yes,probable,Zosterops erythropleurus,,high,Zosterops erythropleurus,Chestnut-flanked White-eye,ku-gould:17244,Zosterops erythropleurus,Chestnut-flanked White-eye,pinned,
II,36,152,Red-collared Diceum,Diceum retrocinctum,genus only,none,,,none,,,ku-gould:17240,Dicaeum retrocinctum,Scarlet-collared Flowerpecker,left out (no modern name),
II,37,156,Yellow-throated Diceum,Diceum dorsale,yes,none,,,none,,,ku-gould:17236,Dicaeum trigonostigma,Orange-bellied Flowerpecker,left out (no modern name),
II,38,160,Red-backed Dicaeum,Diceum cruentum,genus only,probable,Dicaeum cruentatum,,high,Dicaeum cruentatum,Scarlet-backed Flowerpecker,ku-gould:17232,Dicaeum cruentatum,Scarlet-backed Flowerpecker,pinned,
II,39,164,Pryer's Dicaeum,Diceum Pryeri,yes,none,,,none,,,ku-gould:17228,Dicaeum cruentatum,Scarlet-backed Flowerpecker,left out (no modern name),
II,40,168,Fire-breasted Myzanthe,Myzanthe ignipectus,yes,probable,Dicaeum ignipectus,,high,Dicaeum ignipectus,Fire-breasted Flowerpecker,ku-gould:17224,Dicaeum ignipectus,Fire-breasted Flowerpecker,pinned,
II,41,172,Legge's Flower-pecker,Prionochilus vincens,yes,not_in_birdnet,,,none,,,ku-gould:17220,Dicaeum vincens,Legge's Flowerpecke,left out (not in BirdNET),
II,42,176,Naga Nuthatch,Sitta nagaensis,yes,exact,Sitta nagaensis,,high,Sitta nagaensis,Chestnut-vented Nuthatch,ku-gould:17216,Sitta nagaensis,Chestnut-vented Nuthatch,pinned,
II,43,180,Beautiful Nuthatch,Sitta formosa,yes,not_in_birdnet,,,none,,,ku-gould:17212,Sitta Formosa,Beautiful Nuthatch,left out (not in BirdNET),
II,44,184,Cinnamon-bellied Nuthatch,Sitta cinnamomeoventris,yes,probable,Sitta cinnamoventris,,high,Sitta cinnamoventris,Chestnut-bellied Nuthatch,ku-gould:17208,Sitta castanea,Chestnut-bellied Nuthatch,pinned,
II,45,188,Chestnut-bellied Nuthatch,Sitta castaneoventris,yes,not_in_birdnet,,,none,,,ku-gould:17204,Sitta castanea,Chestnut-bellied Nuthatch,left out (not in BirdNET),
II,46,192,White-faced Nuthatch,Sitta leucopsis,yes,not_in_birdnet,,,none,,,ku-gould:17200,Sitta leucopsis,White-cheeked Nuthatch,left out (not in BirdNET),
II,47,196,Himalayan Nuthatch,Sitta Himalayensis,yes,exact,Sitta himalayensis,,high,Sitta himalayensis,White-tailed Nuthatch,ku-gould:17196,Sitta himalayensis,White-tailed Nuthatch,pinned,
II,48,200,White-naped Tit,Parus venustulus,yes,probable,Periparus venustulus,,high,Periparus venustulus,Yellow-bellied Tit,ku-gould:17192,Periparus venustulus,Yellow-bellied Tit,pinned,
II,49,204,Chestnut-bellied Tit,Parus castaneoventris,yes,probable,Sittiparus castaneoventris,,high,Sittiparus castaneoventris,Chestnut-bellied Tit,ku-gould:17188,Sitta castanea,Chestnut-bellied Nuthatch,pinned,
II,50,208,Elegant Tit,Parus elegans,yes,probable,Periparus elegans,,high,Periparus elegans,Elegant Tit,ku-gould:17184,Periparus elegans,Elegant Tit,pinned,
II,51,212,Sultan Tit,Melanochlora Sultanea,yes,exact,Melanochlora sultanea,,high,Melanochlora sultanea,Sultan Tit,ku-gould:17180,Melanochlora sultanea,Sultan Tit,pinned,
II,52,216,Yellow-cheeked Tit,Parus xanthogenys,yes,probable,Machlolophus xanthogenys,,high,Machlolophus xanthogenys,Himalayan Black-lored Tit,ku-gould:17176,Parus xanthogenys,Black-lored Tit,pinned,
II,53,220,Spotted Tit,Parus Spilonotus,yes,probable,Machlolophus spilonotus,,high,Machlolophus spilonotus,Yellow-cheeked Tit,ku-gould:17172,Parus spilonotus,Yellow-cheeked Tit,pinned,
II,54,224,Jerdon's Tit,Parus Jerdoni,yes,form,Machlolophus xanthogenys,subspecies,medium,Machlolophus xanthogenys,Himalayan Black-lored Tit,ku-gould:17168,Parus xanthogenys,Black-lored Tit,left out (form),
II,55,228,Ash-coloured Tit,Parus cinereus,yes,exact,Parus cinereus,,high,Parus cinereus,Cinereous Tit,ku-gould:17164,Parus major,Great Tit,pinned,
II,56,232,Chinese Tit,Parus minor,yes,exact,Parus minor,,high,Parus minor,Japanese Tit,ku-gould:17160,Parus major,Great Tit,pinned,
II,57,236,Mountain-Tit,Parus monticolus,yes,exact,Parus monticolus,,high,Parus monticolus,Green-backed Tit,ku-gould:17156,Parus monticolus,Green-backed Tit,pinned,
II,58,240,Grey Tit,Parus dichrous,yes,probable,Lophophanes dichrous,,high,Lophophanes dichrous,Gray-crested Tit,ku-gould:17152,Lophophanes s dichrou,Grey Crested Tit,pinned,
II,59,244,Rufous-bellied Tit,Parus rubidiventris,yes,probable,Periparus rubidiventris,,high,Periparus rubidiventris,Rufous-vented Tit,ku-gould:17148,Periparus rubidiventris,Rufous-vented Tit,pinned,
II,60,248,Rufous-naped Tit,Parus rufonuchalis,yes,probable,Periparus rufonuchalis,,high,Periparus rufonuchalis,Rufous-naped Tit,ku-gould:17144,Periparus rufonuchalis,Rufous-naped Tit,pinned,
II,61,252,Black-crested Tit,Parus melanolophus,yes,form,Periparus ater,subspecies,low,Periparus ater,Coal Tit,ku-gould:17140,Periparus melanolophus,Spot-winged Ti,left out (form),the survey's form assignment; the Kansas catalogue reads Periparus melanolophus (Spot-winged Ti)
II,62,256,Yarkand Tit,Leptopoecile Sophiae,yes,exact,Leptopoecile sophiae,,high,Leptopoecile sophiae,White-browed Tit-Warbler,ku-gould:17136,Leptopoecile sophiae,White-browed Tit-warbler,pinned,
II,63,260,Exile Tit,Psaltria exilis,yes,not_in_birdnet,,,none,,,ku-gould:17132,Psaltria exilis,Pygmy Bushtit,left out (not in BirdNET),
II,64,264,Red-headed Tit,Psaltria erythrocephala,yes,form,Aegithalos concinnus,subspecies,medium,Aegithalos concinnus,Black-throated Tit,ku-gould:17128,Aegithalos concinnus,Black-throated Bushtit,left out (form),
II,65,268,Elegant Tit,Psaltria concinna,yes,probable,Aegithalos concinnus,,high,Aegithalos concinnus,Black-throated Tit,ku-gould:17124,Aegithalos concinnus,Black-throated Bushtit,pinned,
II,66,272,Afghan Tit,Psaltria leucogenys,yes,not_in_birdnet,,,none,,,ku-gould:17120,Aegithalos leucogenys,White-cheeked Bushtit,left out (not in BirdNET),
II,67,276,White-throated Tit,Acanthiparus niveogularis,yes,probable,Aegithalos niveogularis,,high,Aegithalos niveogularis,White-throated Tit,ku-gould:17116,Aegithalos niveogularis,White-throated Bushtit,pinned,
II,68,280,Chestnut-breasted Tit,Acanthiparus Jouschistos,yes,probable,Aegithalos iouschistos,,high,Aegithalos iouschistos,Black-browed Tit,ku-gould:17112,Aegithalos iouschistos,Rufous-fronted Bushtit,pinned,
II,69,284,Silvery-throated Tit,Mecistura glaucogularis,yes,probable,Aegithalos glaucogularis,,high,Aegithalos glaucogularis,Silver-throated Tit,ku-gould:17108,Aegithalos caudatus,Long-tailed Bushtit,pinned,
II,70,288,Chinese Penduline Tit,Aigithalus consobrinus,yes,probable,Remiz consobrinus,,high,Remiz consobrinus,Chinese Penduline-Tit,ku-gould:17104,Remiz consobrinus,Chinese Penduline Tit,pinned,
II,71,292,Flame-fronted Flower-pecker,Aigithalus flammiceps,yes,not_in_birdnet,,,none,,,ku-gould:17100,Cephalopyrus flammiceps,Fire-capped Tit,left out (not in BirdNET),
II,72,296,Philippine Oriole,Oriolus chinensis,yes,exact,Oriolus chinensis,,high,Oriolus chinensis,Black-naped Oriole,ku-gould:17096,Oriolus chinensis,Black-naped Oriole,pinned,
II,73,300,Broderip's Oriole,Oriolus Broderipi,yes,none,,,none,,,ku-gould:17092,Oriolus chinensis,Black-naped Oriole,left out (no modern name),
II,74,304,Maroon Oriole,Psaropholus Trailli,yes,probable,Oriolus traillii,,high,Oriolus traillii,Maroon Oriole,ku-gould:17088,Oriolus traillii,Maroon Oriole,pinned,
II,75,308,Red Oriole,Psaropholus ardens,yes,unsure,Oriolus traillii,subspecies,high,,,ku-gould:17084,Oriolus traillii,Maroon Oriole,left out,"form: Oriolus traillii ardens, the Taiwan Maroon Oriole (KU)"
III,1,12,Clouded Thrush,Turdus fuscatus,yes,probable,Turdus eunomus,,high,Turdus eunomus,Dusky Thrush,ku-gould:17065,Turdus fuscater,Great Thrush,pinned,
III,2,16,Red-throated Thrush,Turdus ruficollis,yes,exact,Turdus ruficollis,,high,Turdus ruficollis,Red-throated Thrush,ku-gould:17061,Turdus ruficollis,Red-throated Thrush,pinned,
III,3,20,Gould's Thrush,Turdus Gouldi,genus only,none,,,none,,,ku-gould:17057,Turdus rubrocanus,Chestnut Thrush,left out (no modern name),
III,4,24,Affghan Thrush,Merula unicolor,yes,probable,Turdus unicolor,,high,Turdus unicolor,Tickell's Thrush,ku-gould:17053,Turdus unicolor,Tickell's Thrush,pinned,
III,5,28,Chestnut-coloured Merula,Merula castanea,yes,form,Turdus rubrocanus,subspecies,medium,Turdus rubrocanus,Chestnut Thrush,ku-gould:17049,Turdus rubrocanus,Chestnut Thrush,left out (form),
III,6,32,White-collared Merula,Merula albocincta,yes,probable,Turdus albocinctus,,high,Turdus albocinctus,White-collared Blackbird,ku-gould:17045,Turdus albocinctus,White-collared Blackbird,pinned,
III,7,36,Grey-winged Merula,Merula Boulboul,yes,probable,Turdus boulboul,,high,Turdus boulboul,Gray-winged Blackbird,ku-gould:17041,Turdus boulboul,Grey-winged Blackbird,pinned,
III,8,40,Chestnut-bellied Rock-Thrush,Petrocincla erythrogastra,yes,probable,Monticola rufiventris,,high,Monticola rufiventris,Chestnut-bellied Rock-Thrush,ku-gould:17037,Monticola rufiventris,Chestnut-bellied Rock Thrush,pinned,
III,9,44,Crested Spizixos,Spizixos canifrons,yes,exact,Spizixos canifrons,,high,Spizixos canifrons,Crested Finchbill,ku-gould:17033,Spizixos canifrons,Crested Finchbill,pinned,
III,10,48,Chinese Spizixos,Spizixos semitorques,yes,exact,Spizixos semitorques,,high,Spizixos semitorques,Collared Finchbill,ku-gould:17029,Spizixos semitorques,Collared Finchbill,pinned,
III,11,52,Chinese Bulbul,Ixus sinensis,yes,probable,Pycnonotus sinensis,,high,Pycnonotus sinensis,Light-vented Bulbul,ku-gould:17025,Pycnonotus sinensis,Light-vented Bulbul,pinned,
III,12,56,Formosan Hypsipetes,Hypsipetes nigerrima,yes,form,Hypsipetes leucocephalus,subspecies,medium,Hypsipetes leucocephalus,Black Bulbul,ku-gould:17021,Hypsipetes madagascariensis,Malagasy Bulbul,left out (form),
III,13,60,Javanese Phyllornis,Phyllornis Javensis,yes,none,,,none,,,ku-gould:17017,Chloropsis sonnerati,Greater Green Leafbird,left out (no modern name),
III,14,64,Hardwick's Phyllornis,Phyllornis Hardwicki,yes,probable,Chloropsis hardwickii,,high,Chloropsis hardwickii,Orange-bellied Leafbird,ku-gould:17013,Chloropsis hardwickii,Orange-bellied Leafbird,pinned,
III,15,68,Hodgson's Phyllornis,Phyllornis Hodgsoni,yes,none,,,none,,,ku-gould:17009,Chloropsis hardwickii,Orange-bellied Leafbird,left out (no modern name),
III,16,72,Malabar Phyllornis,Phyllornis Malabaricus,yes,unsure,Chloropsis aurifrons,subspecies,judged,,,ku-gould:17005,Chloropsis aurifrons,Golden-fronted Leafbird,left out,form of the Golden-fronted Leafbird (KU)
III,17,76,Jerdon's Phyllornis,Phyllornis Jerdoni,yes,probable,Chloropsis jerdoni,,high,Chloropsis jerdoni,Jerdon's Leafbird,ku-gould:17001,Chloropsis cochinchinensis,Blue-winged Leafbird,pinned,
III,18,80,All-green Phyllornis,Phyllornis cyanopogon,yes,probable,Chloropsis cyanopogon,,high,Chloropsis cyanopogon,Lesser Green Leafbird,ku-gould:16997,Chloropsis cyanopogon,Lesser Green Leafbird,pinned,
III,19,84,Malayan Fairy Bluebird,Irena cyanea,yes,none,,,none,,,ku-gould:16993,Irena puella,Asian Fairy-bluebird,left out (no modern name),
III,20,88,Bornean Fairy Bluebird,Irena criniger,yes,none,,,none,,,ku-gould:16989,Irena puella,Asian Fairy-bluebird,left out (no modern name),
III,21,92,Indian Fairy Bluebird,Irena puella,yes,exact,Irena puella,,high,Irena puella,Asian Fairy-bluebird,ku-gould:16985,Irena puella,Asian Fairy-bluebird,pinned,
III,22,96,Blue-mantled Fairy Bluebird,Irena cyanogastra,yes,exact,Irena cyanogastra,,high,Irena cyanogastra,Philippine Fairy-bluebird,ku-gould:16981,Irena cyanogaster,Irena cyanogaster,pinned,
III,23,100,Black-mantled Fairy Bluebird,Irena melanochlamys,yes,none,,,none,,,ku-gould:16977,Irena cyanogaster,Irena cyanogaster,left out (no modern name),
III,24,104,Dial Bird,Copsychus saularis,yes,exact,Copsychus saularis,,high,Copsychus saularis,Oriental Magpie-Robin,ku-gould:16973,Copsychus saularis,Oriental Magpie-Robin,pinned,
III,25,108,Malaccan Dial Bird,Copsychus Mindanensis,yes,exact,Copsychus mindanensis,,high,Copsychus mindanensis,Philippine Magpie-Robin,ku-gould:16969,Copsychus saularis,Oriental Magpie-Robin,pinned,
III,26,112,Chestnut-bellied Dial Bird,Copsychus suavis,yes,form,Copsychus malabaricus,subspecies,medium,Copsychus malabaricus,White-rumped Shama,ku-gould:16965,Copsychus malabaricus,White-rumped Shama,left out (form),
III,27,116,Bligh's Whistling Thrush,Myiophoneus Blighi,yes,not_in_birdnet,,,none,,,ku-gould:16961,Myiophonus blighi,Myiophonus blighi,left out (not in BirdNET),
III,28,120,Formosan Whistling Thrush,Myiophoneus insularis,yes,probable,Myophonus insularis,,high,Myophonus insularis,Taiwan Whistling-Thrush,ku-gould:16957,Myiophonus insularis,Myiophonus insularis,pinned,
III,29,124,White-bellied Callene,Callene albiventris,yes,probable,Sholicola albiventris,,high,Sholicola albiventris,White-bellied Sholakili,ku-gould:16953,Brachypteryx major,White-bellied Shortwing,pinned,
III,30,128,Slender-billed Chat-Thrush,Leioptila annectens,yes,exact,Leioptila annectens,,high,Leioptila annectens,Rufous-backed Sibia,ku-gould:16949,Heterophasia annectens,Rufous-backed Sibia,pinned,
III,31,132,Himalayan Conostoma,Conostoma emodium,yes,probable,Conostoma aemodium,,high,Conostoma aemodium,Great Parrotbill,ku-gould:16945,Conostoma oemodium,Great Parrotbill,pinned,
III,32,136,Black-and-white Sibia,Sibia melanoleuca,yes,probable,Heterophasia melanoleuca,,high,Heterophasia melanoleuca,Black-backed Sibia,ku-gould:16941,Heterophasia melanoleuca,Dark-backed Sibia,pinned,
III,33,140,Red-kneed Pomatorhinus,Pomatorhinus erythrocnemis,yes,probable,Erythrogenys erythrocnemis,,high,Erythrogenys erythrocnemis,Black-necklaced Scimitar-Babbler,ku-gould:16937,Pomatorhinus erythrocnemis,Spot-breasted Scimitar Babbler,pinned,
III,34,144,Scimitar-bill,Xiphoramphus superciliaris,yes,probable,Pomatorhinus superciliaris,,high,Pomatorhinus superciliaris,Slender-billed Scimitar-Babbler,ku-gould:16933,Xiphirhynchus superciliaris,Slender-billed Scimitar Babbler,pinned,
III,35,148,Crimson-winged Trochalopteron,Trochalopteron phoeniceum,genus only,not_in_birdnet,,,none,,,ku-gould:16929,Liocichla phoenicea,Red-faced Liocichla,left out (not in BirdNET),
III,36,152,Beautiful Trochalopteron,Trochalopteron formosum,yes,not_in_birdnet,,,none,,,ku-gould:16925,Garrulax formosus,Red-winged Laughingthrush,left out (not in BirdNET),
III,37,156,Allied Thrush,Trochalopteron affine,genus only,exact,Trochalopteron affine,,high,Trochalopteron affine,Black-faced Laughingthrush,ku-gould:16921,Garrulax affinis,Black-faced Laughingthrush,pinned,
III,38,160,Variegated Thrush,Trochalopteron variegatum,yes,exact,Trochalopteron variegatum,,high,Trochalopteron variegatum,Variegated Laughingthrush,ku-gould:16917,Garrulax erythrocephalus,Chestnut-crowned Laughingthrush,pinned,
III,39,164,Cinereous Trochalopteron,Trochalopteron cineraceum,yes,none,,,none,,,ku-gould:16913,Garrulax cineraceus,Moustached Laughingthrush,left out (no modern name),
III,40,168,White-eyebrowed Trochalopteron,Trochalopteron virgatum,yes,exact,Trochalopteron virgatum,,high,Trochalopteron virgatum,Striped Laughingthrush,ku-gould:16909,Garrulax virgatus,Striped Laughingthrush,pinned,
III,41,172,Blyth's Laughing Thrush,Trochalopteron Blythii,yes,none,,,none,,,ku-gould:16905,Garrulax affinis,Black-faced Laughingthrush,left out (no modern name),
III,42,176,Elliot's Trochalopteron,Trochalopteron Elliotii,yes,exact,Trochalopteron elliotii,,high,Trochalopteron elliotii,Elliot's Laughingthrush,ku-gould:16901,Garrulax elliotii,Elliot's Laughingthrush,pinned,
III,43,180,Tickell's Laughing Thrush,Trochalopteron melanostigma,yes,exact,Trochalopteron melanostigma,,high,Trochalopteron melanostigma,Silver-eared Laughingthrush,ku-gould:16897,Garrulax erythrocephalus,Chestnut-crowned Laughingthrush,pinned,
III,44,184,Ocellated Ianthocincla,Ianthocincla ocellata,yes,exact,Ianthocincla ocellata,,high,Ianthocincla ocellata,Spotted Laughingthrush,ku-gould:16893,Garrulax ocellatus,Spotted Laughingthrush,pinned,
III,45,188,Allied Ianthocincla,Ianthocincla Artemisiae,yes,none,,,none,,,ku-gould:16889,Garrulax ocellatus,Spotted Laughingthrush,left out (no modern name),
III,46,192,Lunulated Ianthocincla,Ianthocincla lunulata,yes,none,,,none,,,ku-gould:16885,Garrulax lunulatus,Barred Laughingthrush,left out (no modern name),
III,47,196,Austen's Ianthocincla,Ianthocincla Austeni,yes,none,,,none,,,ku-gould:16881,Garrulax austeni,Brown-capped Laughingthrush,left out (no modern name),
III,48,200,Delessert's Garrulax,Garrulax Delesserti,yes,probable,Pterorhinus delesserti,,high,Pterorhinus delesserti,Wayanad Laughingthrush,ku-gould:16877,Garrulax delesserti,Wynaad Laughingthrush,pinned,
III,49,204,Yellow-throated Garrulax,Garrulax gularis,yes,not_in_birdnet,,,none,,,ku-gould:16873,Garrulax gularis,Rufous-vented Laughingthrush,left out (not in BirdNET),
III,50,208,Red-crowned Garrulax,Garrulax ruficeps,yes,not_in_birdnet,,,none,,,ku-gould:16869,Garrulax albogularis,White-throated Laughingthrush,left out (not in BirdNET),
III,51,212,Black-and-yellow-billed Garrulax,Garrulax poecilorhyncha,yes,probable,Pterorhinus poecilorhynchus,,high,Pterorhinus poecilorhynchus,Rusty Laughingthrush,ku-gould:16865,Garrulax caerulatus,Grey-sided Laughingthrush,pinned,
III,52,216,Black-chinned Garrulax,Garrulax galbanus,yes,not_in_birdnet,,,none,,,ku-gould:16861,Garrulax galbanus,Yellow-throated Laughingthrush,left out (not in BirdNET),
III,53,220,Grey-banded Laughing Thrush,Garrulax picticollis,yes,unsure,Pterorhinus pectoralis,subspecies,high,,,ku-gould:16857,Garrulax pectoralis,"Greater Necklaced Laughing Thrush, Greater Necklaced Laughingthrush",left out,"form: Garrulax pectoralis picticollis (KU), not the Lesser Necklaced"
III,54,224,Chinese Garrulax,Garrulax chinensis,yes,probable,Pterorhinus chinensis,,high,Pterorhinus chinensis,Black-throated Laughingthrush,ku-gould:16853,Garrulax chinensis,Black-throated Laughingthrush,pinned,
III,55,228,Pere David's Pterorhinus,Pterorhinus Davidi,yes,exact,Pterorhinus davidi,,high,Pterorhinus davidi,Pere David's Laughingthrush,ku-gould:16849,Garrulax davidi,Plain Laughingthrush,pinned,
III,56,232,Egerton's Actinodura,Actinodura Egertoni,yes,exact,Actinodura egertoni,,high,Actinodura egertoni,Rusty-fronted Barwing,ku-gould:16845,Actinodura egertoni,Rusty-fronted Barwing,pinned,
III,57,236,Nepalese Actinodura,Actinodura Nipalensis,yes,exact,Actinodura nipalensis,,high,Actinodura nipalensis,Hoary-throated Barwing,ku-gould:16841,Actinodura nipalensis,Hoary-throated Barwing,pinned,
III,58,240,Walden's Actinodura,Actinodura Waldeni,yes,exact,Actinodura waldeni,,high,Actinodura waldeni,Streak-throated Barwing,ku-gould:16837,Actinodura waldeni,Streak-throated Barwing,pinned,
III,59,244,Ramsay's Bee-wing,Actinodura Ramsayi,yes,exact,Actinodura ramsayi,,high,Actinodura ramsayi,Spectacled Barwing,ku-gould:16833,Actinodura ramsayi,Spectacled Barwing,pinned,
III,60,248,Long-billed Wren,Rimator malacoptilus,yes,probable,Napothera malacoptila,,high,Napothera malacoptila,Long-billed Wren-Babbler,ku-gould:16829,Rimator malacoptilus,Long-billed Wren-Babbler,pinned,
III,61,252,Stellated Shortwing,Drymochares stellatus,yes,not_in_birdnet,,,none,,,ku-gould:16825,Brachypteryx stellata,Gould's Shortwing,left out (not in BirdNET),
III,62,256,Roberts's Pygmy Babbler,Turdinulus Roberti,yes,none,,,none,,,ku-gould:16821,Napothera epilepidota,Eyebrowed Wren-Babbler,left out (no modern name),
III,63,260,Short-tailed Turdinus,Turdinus brevicaudatus,yes,not_in_birdnet,,,none,,,ku-gould:16817,Napothera brevicaudata,Streaked Wren-Babbler,left out (not in BirdNET),
III,64,264,White-naped Yuhina,Yuhina diademata,yes,not_in_birdnet,,,none,,,ku-gould:16813,Yuhina diademata,White-collared Yuhina,left out (not in BirdNET),
III,65,268,Marsh Pellorneum,Pellorneum palustre,yes,exact,Pellorneum palustre,,high,Pellorneum palustre,Marsh Babbler,ku-gould:16809,Pellorneum palustre,Marsh Babbler,pinned,
III,66,272,Brown Alcippe,Alcippe brunnea,yes,probable,Schoeniparus brunneus,,high,Schoeniparus brunneus,Dusky Fulvetta,ku-gould:16805,Alcippe brunnea,Dusky Fulvetta,pinned,
III,67,276,Nepaul Cutia,Cutia Nipalensis,yes,exact,Cutia nipalensis,,high,Cutia nipalensis,Himalayan Cutia,ku-gould:16801,Cutia nipalensis,Cutia nipalensis,pinned,
III,68,280,Anderson's Suthora,Suthora brunnea,yes,none,,,none,,,ku-gould:16797,Paradoxornis webbianus,Vinous-throated Parrotbill,left out (no modern name),
III,69,284,Munipur Suthora,Suthora munipurensis,yes,none,,,none,,,ku-gould:16793,Paradoxornis nipalensis,Black-throated Parrotbill,left out (no modern name),
III,70,288,White-faced Suthora,Suthora Nipalensis,yes,exact,Suthora nipalensis,,high,Suthora nipalensis,Black-throated Parrotbill,ku-gould:16789,Paradoxornis nipalensis,Black-throated Parrotbill,pinned,
III,71,292,Fulvous-fronted Suthora,Suthora fulvifrons,genus only,none,,,none,,,ku-gould:16785,Paradoxornis fulvifrons,Fulvous Parrotbil,left out (no modern name),
III,72,296,Webb's Suthora,Suthora Webbiana,yes,probable,Sinosuthora webbiana,,high,Sinosuthora webbiana,Vinous-throated Parrotbill,ku-gould:16781,Paradoxornis webbianus,Vinous-throated Parrotbill,pinned,
III,73,300,Austen's Paradoxornis,Paradoxornis Austeni,yes,none,,,none,,,ku-gould:16777,Paradoxornis guttaticollis,Spot-breasted Parrotbill,left out (no modern name),
III,74,304,Pere Heude's Paradoxornis,Paradoxornis Heudei,yes,none,,,none,,,ku-gould:16773,Paradoxornis heudei,Reed Parrotbil,left out (no modern name),
III,75,308,Paradoxornis,Paradoxornis flavirostris,yes,exact,Paradoxornis flavirostris,,high,Paradoxornis flavirostris,Black-breasted Parrotbill,ku-gould:16769,Paradoxornis flavirostris,Black-breasted Parrotbill,pinned,
III,76,312,Long-tailed Paradoxornis,Paradoxornis unicolor,yes,probable,Cholornis unicolor,,high,Cholornis unicolor,Brown Parrotbill,ku-gould:16765,Paradoxornis unicolor,Brown Parrotbill,pinned,
III,77,316,Grey-crowned Paradoxornis,Paradoxornis gularis,yes,probable,Psittiparus gularis,,high,Psittiparus gularis,Gray-headed Parrotbill,ku-gould:16761,Paradoxornis gularis,Grey-headed Parrotbill,pinned,
III,78,320,Red-headed Paradoxornis,Paradoxornis ruficeps,yes,not_in_birdnet,,,none,,,ku-gould:16757,Paradoxornis ruficeps,Greater Rufous-headed Parrotbil,left out (not in BirdNET),
IV,1,12,Blue-bellied Tesia,Tesia cyaneiventer,yes,probable,Tesia cyaniventer,,high,Tesia cyaniventer,Gray-bellied Tesia,ku-gould:16736,Tesia cyaniventer,Grey-bellied Tesia,pinned,
IV,2,16,Chestnut-crowned Tesia,Tesia castaneo-coronata,genus only,probable,Cettia castaneocoronata,,high,Cettia castaneocoronata,Chestnut-headed Tesia,ku-gould:16732,Tesia castaneocoronata,Tesia castaneocoronata,pinned,
IV,3,20,Chinese Rhopophilus,Rhopophilus pekinensis,yes,exact,Rhopophilus pekinensis,,high,Rhopophilus pekinensis,Beijing Babbler,ku-gould:16728,Rhopophilus pekinensis,Chinese Hill Warbler,pinned,
IV,4,24,Little Suya,Suya lepida,yes,none,,,none,,,ku-gould:16724,Prinia gracilis,Graceful Prinia,left out (no modern name),
IV,5,28,White-throated Dumetia,Dumetia albogularis,yes,none,,,none,,,ku-gould:16720,Dumetia hyperythra,Tawny-bellied Babbler,left out (no modern name),
IV,6,32,Buff-throated Dumetia,Dumetia hyperythra,genus only,exact,Dumetia hyperythra,,high,Dumetia hyperythra,Tawny-bellied Babbler,ku-gould:16716,Dumetia hyperythra,Tawny-bellied Babbler,pinned,
IV,7,36,Tailor-bird,Orthotomus longicaudus,yes,probable,Orthotomus sutorius,,high,Orthotomus sutorius,Common Tailorbird,ku-gould:16712,Orthotomus sutorius,Common Tailorbird,pinned,
IV,8,40,Grey-headed Staphida,Staphida torqueola,yes,exact,Staphida torqueola,,high,Staphida torqueola,Indochinese Yuhina,ku-gould:16708,Yuhina castaniceps,Striated Yuhina,pinned,
IV,9,44,Red-eyed Stachyris,Stachyris pyrrhops,yes,probable,Cyanoderma pyrrhops,,high,Cyanoderma pyrrhops,Black-chinned Babbler,ku-gould:16704,Stachyris pyrrhops,Black-chinned Babbler,pinned,
IV,10,48,Red-headed Stachyris,Stachyris ruficeps,yes,probable,Cyanoderma ruficeps,,high,Cyanoderma ruficeps,Rufous-capped Babbler,ku-gould:16700,Stachyris ruficeps,Rufous-capped Babbler,pinned,
IV,11,52,Chestnut-headed Ixulus,Ixulus castaneiceps,yes,none,,,none,,,ku-gould:16696,Yuhina castaniceps,Striated Yuhina,left out (no modern name),
IV,12,56,Thick-billed Ixulus,Ixulus occipitalis,yes,none,,,none,,,ku-gould:16692,Yuhina bakeri,White-naped Yuhina,left out (no modern name),
IV,13,60,Crested Ixulus,Ixulus flavicollis,yes,probable,Yuhina flavicollis,,high,Yuhina flavicollis,Whiskered Yuhina,ku-gould:16688,Yuhina flavicollis,Whiskered Yuhina,pinned,
IV,14,64,Rusty-naped Yuhina,Yuhina occipitalis,yes,exact,Yuhina occipitalis,,high,Yuhina occipitalis,Rufous-vented Yuhina,ku-gould:16684,Yuhina occipitalis,Rufous-vented Yuhina,pinned,
IV,15,68,Fork-tailed Leiothrix,Leiothrix luteus,yes,probable,Leiothrix lutea,,high,Leiothrix lutea,Red-billed Leiothrix,ku-gould:16680,Leiothrix lutea,Red-billed Leiothrix,pinned,
IV,16,72,Silver-eared Leiothrix,Leiothrix argentauris,yes,exact,Leiothrix argentauris,,high,Leiothrix argentauris,Silver-eared Mesia,ku-gould:16676,Leiothrix argentauris,Silver-eared Leiothrix,pinned,
IV,17,76,Laurin's Leiothrix?,Leiothrix laurinae,yes,none,,,none,,,ku-gould:16672,Leiothrix argentauris,Silver-eared Leiothrix,left out (no modern name),
IV,18,80,Striped-throated Siva,Siva strigula,yes,probable,Actinodura strigula,,high,Actinodura strigula,Chestnut-tailed Minla,ku-gould:16668,Minla strigula,Chestnut-tailed Minla,pinned,
IV,19,84,Blue-winged Siva,Siva cyanouroptera,yes,probable,Actinodura cyanouroptera,,high,Actinodura cyanouroptera,Blue-winged Minla,ku-gould:16664,Minla cyanouroptera,Blue-winged Minla,pinned,
IV,20,88,Red-tailed Myzornis,Myzornis pyrrhoura,yes,not_in_birdnet,,,none,,,ku-gould:16660,Myzornis pyrrhoura,Fire-tailed Myzornis,left out (not in BirdNET),
IV,21,92,Asiatic Water-Ouzel,Cinclus Asiaticus,yes,form,Cinclus pallasii,subspecies,medium,Cinclus pallasii,Brown Dipper,ku-gould:16656,Cinclus pallasii,Brown Dipper,left out (form),
IV,22,96,Pallas's Water-Ouzel,Cinclus Pallasi,yes,probable,Cinclus pallasii,,high,Cinclus pallasii,Brown Dipper,ku-gould:16652,Cinclus pallasii,Brown Dipper,pinned,
IV,23,100,Sombre-coloured Water-Ouzel,Cinclus sordidus,yes,none,,,none,,,ku-gould:16648,Cinclus pallasii,Brown Dipper,left out (no modern name),
IV,24,104,White-bellied Water-Ouzel,Cinclus leucogaster,yes,form,Cinclus cinclus,subspecies,medium,Cinclus cinclus,White-throated Dipper,ku-gould:16644,Cinclus cinclus,White-throated Dipper,left out (form),
IV,25,108,Cashmerian Water-Ouzel,Cinclus Cashmeriensis,yes,form,Cinclus cinclus,subspecies,medium,Cinclus cinclus,White-throated Dipper,ku-gould:16640,Cinclus cinclus,White-throated Dipper,left out (form),
IV,26,112,Pied Stone-Chat,Dromolea picata,yes,not_in_birdnet,,,none,,,ku-gould:16636,Oenanthe picata,Variable Wheatear,left out (not in BirdNET),
IV,27,116,White-tailed Stone-Chat,Dromolea opistholeuca,yes,none,,,none,,,ku-gould:16632,Oenanthe picata,Variable Wheatear,left out (no modern name),
IV,28,120,Grey-capped Stone-Chat,Saxicola capistrata,yes,form,Oenanthe picata,subspecies,medium,,,ku-gould:16628,Oenanthe picata,Variable Wheatear,left out (form),"Saxicola capistrata Gould is Oenanthe picata capistrata, a form of the Variable Wheatear (KU); the survey read Pied Wheatear"
IV,29,124,Black-and-White Stone-Chat,Saxicola leucomela,genus only,probable,Oenanthe pleschanka,,high,Oenanthe pleschanka,Pied Wheatear,ku-gould:16624,Oenanthe pleschanka,Pied Wheatear,pinned,
IV,30,128,Mountain Stone-Chat,Saxicola montana,yes,none,,,none,,,ku-gould:16620,Oenanthe deserti,Desert Wheatear,left out (no modern name),
IV,31,132,Black-throated Stone-Chat,Saxicola atrogularis,yes,form,Oenanthe deserti,subspecies,medium,Oenanthe deserti,Desert Wheatear,ku-gould:16616,Oenanthe deserti,Desert Wheatear,left out (form),"Saxicola atrogularis Blyth is Oenanthe deserti atrogularis, a form of the Desert Wheatear (KU); the survey read Black-eared Wheatear"
IV,32,136,Black-and-White Bush-Chat,Rhodophila melanoleuca,yes,probable,Saxicola jerdoni,,high,,,ku-gould:16612,Saxicola jerdoni,Jerdon's Bush Chat,left out,"Rhodophila melanoleuca is Jerdon's Bushchat (KU), not in BirdNET; not the Pied Bushchat"
IV,33,140,White-tailed Bush-Chat,Pratincola leucura,yes,not_in_birdnet,,,none,,,ku-gould:16608,Saxicola leucura,Saxicola leucura,left out (not in BirdNET),
IV,34,144,Indian Furze-Chat,Pratincola Indica,yes,none,,,none,,,ku-gould:16604,Saxicola torquatus,Saxicola torquatus,left out (no modern name),
IV,35,148,Celestial Grandala,Grandala coelicolor,yes,not_in_birdnet,,,none,,,ku-gould:16600,Grandala coelicolor,Grandala,left out (not in BirdNET),
IV,36,152,Great White-capped Redstart,Ruticilla erythrogastra,yes,probable,Phoenicurus leucocephalus,,high,Phoenicurus leucocephalus,White-capped Redstart,ku-gould:16596,Chaimarrornis leucocephalus,White-capped Redstart,pinned,
IV,37,156,Coal-black Redstart,Ruticilla erythroprocta,yes,not_in_birdnet,,,none,,,ku-gould:16592,Phoenicurus ochruros,Black Redstart,left out (not in BirdNET),
IV,38,160,Siberian Ruby-throat,Calliope camtschatkensis,yes,probable,Calliope calliope,,high,Calliope calliope,Siberian Rubythroat,ku-gould:16588,Luscinia calliope,Siberian Rubythroat,pinned,
IV,39,164,Himalayan Ruby-throat,Calliope pectoralis,yes,exact,Calliope pectoralis,,high,Calliope pectoralis,Himalayan Rubythroat,ku-gould:16584,Luscinia pectoralis,White-tailed Rubythroat,pinned,
IV,40,168,Mongolian Ruby-throat,Calliope tschebaiewi,yes,exact,Calliope tschebaiewi,,high,Calliope tschebaiewi,Chinese Rubythroat,ku-gould:16580,Luscinia pectoralis tschebaiewi,White-tailed Rubythroat,pinned,
IV,41,172,Mountain Accentor,Accentor montanellus,yes,probable,Prunella montanella,,high,Prunella montanella,Siberian Accentor,ku-gould:16576,Prunella montanella,Siberian Accentor,pinned,
IV,42,176,Ruddy Accentor,Accentor rubidus,yes,not_in_birdnet,,,none,,,ku-gould:16572,Prunella rubida,Japanese Accentor,left out (not in BirdNET),
IV,43,180,Red-backed Accentor,Accentor erythropygius,yes,unsure,Prunella collaris,subspecies,high,,,ku-gould:16568,Prunella collaris,Alpine Accentor,left out,"form: Prunella collaris erythropygia, the Alpine Accentor (KU)"
IV,44,184,Nepaul Accentor,Accentor Nipalensis,yes,form,Prunella collaris,subspecies,medium,Prunella collaris,Alpine Accentor,ku-gould:16564,Prunella collaris,Alpine Accentor,left out (form),
IV,45,188,Blue-shouldered Accentor,Accentor immaculatus,yes,not_in_birdnet,,,none,,,ku-gould:16560,Prunella immaculata,Maroon-backed Accentor,left out (not in BirdNET),
IV,46,192,Red-breasted Accentor,Accentor rubeculoides,yes,probable,Prunella rubeculoides,,high,Prunella rubeculoides,Robin Accentor,ku-gould:16556,Prunella rubeculoides,Robin Accentor,pinned,
IV,47,196,Banded Accentor,Accentor strophiatus,yes,probable,Prunella strophiata,,high,Prunella strophiata,Rufous-breasted Accentor,ku-gould:16552,Prunella strophiata,Rufous-breasted Accentor,pinned,
IV,48,200,Black-throated Accentor,Accentor atrogularis,yes,not_in_birdnet,,,none,,,ku-gould:16548,Prunella atrogularis,Black-throated Accentor,left out (not in BirdNET),
IV,49,204,Altaian Accentor,Accentor Altaicus,yes,not_in_birdnet,,,none,,,ku-gould:16544,Prunella himalayana,Altai Accentor,left out (not in BirdNET),
IV,50,208,Desert Whitethroat,Sylvia nana,yes,not_in_birdnet,,,none,,,ku-gould:16540,Sylvia nana,Asian Desert Warbler,left out (not in BirdNET),
IV,51,212,Nepaulese Wren,Troglodytes Nipalensis,yes,form,Troglodytes troglodytes,subspecies,medium,Troglodytes troglodytes,Eurasian Wren,ku-gould:16536,Troglodytes troglodytes,"Winter Wren, Chivirín chochín, troglodyte mignon",left out (form),
IV,52,216,Spotted Wren,Anorthura formosa,genus only,probable,Elachura formosa,,high,Elachura formosa,Spotted Elachura,ku-gould:16532,Spelaeornis formosus,Spotted Wren-Babbler,pinned,
IV,53,220,Long-tailed Hill-Wren,Urocichla longicauda,yes,none,,,none,,,ku-gould:16528,Spelaeornis longicaudatus,Tawny-breasted Wren-Babbler,left out (no modern name),
IV,54,224,Robert's Wedge-billed Wren,Sphenocichla Roberti,yes,not_in_birdnet,,,none,,,ku-gould:16524,Sphenocichla humei,Wedge-billed Wren-Babbler,left out (not in BirdNET),
IV,55,228,Hume's Wedge-billed Wren,Sphenocichla Humii,genus only,not_in_birdnet,,,none,,,ku-gould:16520,Sphenocichla humei,Wedge-billed Wren-Babbler,left out (not in BirdNET),
IV,56,232,Spotted Creeper,Salpornis spilonota,yes,not_in_birdnet,,,none,,,ku-gould:16516,Salpornis spilonotus,Spotted Creeper,left out (not in BirdNET),
IV,57,236,Nepaulese Creeper,Certhia Nipalensis,yes,not_in_birdnet,,,none,,,ku-gould:16512,Certhia nipalensis,Rusty-flanked Treecreeper,left out (not in BirdNET),
IV,58,240,Himalayan Creeper,Certhia Himalayana,yes,exact,Certhia himalayana,,high,Certhia himalayana,Bar-tailed Treecreeper,ku-gould:16508,Certhia himalayana,Bar-tailed Treecreeper,pinned,
IV,59,244,(no English name printed),Phyllopneuste tristis,yes,form,Phylloscopus collybita,subspecies,medium,Phylloscopus collybita,Common Chiffchaff,ku-gould:16504,Phylloscopus collybita,Common Chiffchaff,left out (form),
IV,60,248,Himalayan Goldcrest,Regulus himalayensis,yes,form,Regulus regulus,subspecies,medium,Regulus regulus,Goldcrest,ku-gould:16500,Regulus regulus himalayensis,Goldcrest,left out (form),
IV,61,252,Great Pied Wagtail,Motacilla Maderaspatensis,yes,exact,Motacilla maderaspatensis,,high,Motacilla maderaspatensis,White-browed Wagtail,ku-gould:16496,Motacilla madaraspatensis,White-browed Wagtail,pinned,
IV,62,256,Deccan Wagtail,Motacilla Dukhunensis,yes,form,Motacilla alba,subspecies,medium,Motacilla alba,White Wagtail,ku-gould:16492,Motacilla alba,"Lavandera blanca, White Wagtail",left out (form),
IV,63,260,Masked Wagtail,Motacilla personata,yes,form,Motacilla alba,subspecies,medium,Motacilla alba,White Wagtail,ku-gould:16488,Motacilla alba,"Lavandera blanca, White Wagtail",left out (form),
IV,64,264,Yellow-headed Wagtail,Budytes citreoloides,yes,form,Motacilla citreola,subspecies,medium,Motacilla citreola,Citrine Wagtail,ku-gould:16484,Motacill citreola ,Citrine Wagtail,left out (form),
IV,65,268,Indian Tree-Pipit,Pipastes agilis,genus only,probable,Anthus hodgsoni,,high,Anthus hodgsoni,Olive-backed Pipit,ku-gould:16480,Anthus hodgsoni,"Olive Tree-Pipit, Olive-backed Pipit",pinned,
IV,66,272,Red-throated Pipit,Anthus cervinus,yes,exact,Anthus cervinus,,high,Anthus cervinus,Red-throated Pipit,ku-gould:16476,Anthus cervinus,"Red-throated Pipit, Bisbita garganta roja",pinned,
IV,67,276,Variegated Wagtail,Limonidromus Indicus,genus only,probable,Dendronanthus indicus,,high,Dendronanthus indicus,Forest Wagtail,ku-gould:16472,Dendronanthus indicus,Forest Wagtail,pinned,
IV,68,280,Lunated Forktail,Enicurus maculatus,yes,exact,Enicurus maculatus,,high,Enicurus maculatus,Spotted Forktail,ku-gould:16468,Enicurus maculatus,Spotted Forktail,pinned,
IV,69,284,Spotted Forktail,Enicurus guttatus,yes,form,Enicurus maculatus,subspecies,medium,Enicurus maculatus,Spotted Forktail,ku-gould:16464,Enicurus maculatus,Spotted Forktail,left out (form),
IV,70,288,Chinese Forktail,Enicurus Chinensis,yes,unsure,Enicurus leschenaulti,subspecies,high,,,ku-gould:16460,Enicurus leschenaulti,White-crowned Forktail,left out,"form: Enicurus leschenaulti sinensis, the White-crowned Forktail (KU)"
IV,71,292,Scouler's Forktail,Enicurus Scouleri,yes,not_in_birdnet,,,none,,,ku-gould:16456,Enicurus scouleri,Little Forktail,left out (not in BirdNET),
IV,72,296,Long-billed Calandre,Melanocorypha maxima,yes,exact,Melanocorypha maxima,,high,Melanocorypha maxima,Tibetan Lark,ku-gould:16452,Melanocorypha maxima,Melanocorypha maxima,pinned,
V,1,12,Adams's Mountain Finch,Montifringilla Adamsii,yes,not_in_birdnet,,,none,,,ku-gould:16431,Montifringilla adamsi haematopygia,Tibetan Snowfinch,left out (not in BirdNET),
V,2,16,Northern Mountain Finch,Montifringilla arctoa,yes,not_in_birdnet,,,none,,,ku-gould:16427,Leucosticte arctoa,"Asian Rosy Finch, Rosy Finch",left out (not in BirdNET),
V,3,20,Red-rumped Mountain Finch,Montifringilla haematopygia,yes,none,,,none,,,ku-gould:16423,Leucosticte brandti,Brandt's Mountain Finch,left out (no modern name),
V,4,24,Brown-naped Mountain Finch,Montifringilla brunneinucha,genus only,none,,,none,,,ku-gould:16419,Leucosticte arctoa brunneonucha,"Asian Rosy Finch, Rosy Finch",left out (no modern name),
V,5,28,Red-necked Mountain Finch,Montifringilla ruficollis,yes,not_in_birdnet,,,none,,,ku-gould:16415,Montifringilla ruficollis,Montifringilla ruficollis,left out (not in BirdNET),
V,6,32,Grey-capped Bunting,Emberiza caniceps,yes,unsure,Emberiza stewarti,,judged,Emberiza stewarti,White-capped Bunting,ku-gould:16411,Emberiza stewarti,White-capped Bunting,pinned (review),"the plate: white crown, black mask, chestnut breast (KU agrees)"
V,7,36,Dwarf Bunting,Emberiza pusilla,yes,exact,Emberiza pusilla,,high,Emberiza pusilla,Little Bunting,ku-gould:16407,Emberiza pusilla,Little Bunting,pinned,
V,8,40,Cinereous Bunting,Emberiza cinerea,yes,probable,Emberiza cineracea,,high,Emberiza cineracea,Cinereous Bunting,ku-gould:16403,Emberiza cineracea,Cinereous Bunting,pinned,
V,9,44,Painted Bunting,Emberiza fucata,yes,exact,Emberiza fucata,,high,Emberiza fucata,Chestnut-eared Bunting,ku-gould:16399,Emberiza fucata,Chestnut-eared Bunting,pinned,
V,10,48,Rustic Bunting,Emberiza rustica,yes,exact,Emberiza rustica,,high,Emberiza rustica,Rustic Bunting,ku-gould:16395,Emberiza rustica,Rustic Bunting,pinned,
V,11,52,Hutton's Bunting,Glycyspina Huttoni,yes,unsure,Emberiza buchanani,,judged,Emberiza buchanani,Gray-necked Bunting,ku-gould:16391,Emberiza buchanani,Grey-necked Bunting,pinned (review),"the plate: grey head, eye-ring, pinkish-chestnut underparts; huttoni is its synonym (KU agrees)"
V,12,56,Elegant Bunting,Euspiza elegans,yes,probable,Emberiza elegans,,high,Emberiza elegans,Yellow-throated Bunting,ku-gould:16387,Emberiza elegans,Yellow-throated Bunting,pinned,
V,13,60,Black-headed Bunting,Euspiza melanocephala,yes,probable,Emberiza melanocephala,,high,Emberiza melanocephala,Black-headed Bunting,ku-gould:16383,Emberiza melanocephala,Black-headed Bunting,pinned,
V,14,64,Red-headed Bunting,Euspiza luteola,yes,probable,Emberiza bruniceps,,high,Emberiza bruniceps,Red-headed Bunting,ku-gould:16379,Emberiza bruniceps,Red-headed Bunting,pinned,
V,15,68,Turkestan Sparrow,Passer ammodendri,yes,exact,Passer ammodendri,,high,Passer ammodendri,Saxaul Sparrow,ku-gould:16375,Passer ammodendri,Saxaul Sparrow,pinned,
V,16,72,Burton's Grosbeak,Fringilla Burtoni,yes,probable,Callacanthis burtoni,,high,Callacanthis burtoni,Spectacled Finch,ku-gould:16371,Callacanthis burtoni,Spectacled Finch,pinned,
V,17,76,Eastern Goldfinch,Carduelis orientalis,yes,form,Carduelis carduelis,subspecies,medium,Carduelis carduelis,European Goldfinch,ku-gould:16367,Carduelis carduelis,"Eurasian Goldfinch, European Goldfinch, chardonneret élégant",left out (form),
V,18,80,Masked Grosbeak,Eophona personata,yes,exact,Eophona personata,,high,Eophona personata,Japanese Grosbeak,ku-gould:16363,Eophona personata,Japanese Grosbeak,pinned,
V,19,84,Black-tailed Grosbeak,Eophona melanura,yes,probable,Eophona migratoria,,high,Eophona migratoria,Yellow-billed Grosbeak,ku-gould:16359,Eophona migratoria,Yellow-billed Grosbeak,pinned,
V,20,88,Black-and-Yellow Grosbeak,Mycerobas melanoxanthus,yes,not_in_birdnet,,,none,,,ku-gould:16355,Mycerobas melanozanthos,Spot-winged Grosbeak,left out (not in BirdNET),
V,21,92,Flesh-footed Grosbeak,Mycerobas carneipes,yes,probable,Mycerobas carnipes,,high,Mycerobas carnipes,White-winged Grosbeak,ku-gould:16351,Mycerobas carnipes,White-winged Grosbeak,pinned,
V,22,96,Icterine Grosbeak,Hesperiphona icterioides,yes,probable,Mycerobas icterioides,,high,Mycerobas icterioides,Black-and-yellow Grosbeak,ku-gould:16347,Mycerobas icterioides,Black-and-yellow Grosbeak,pinned,
V,23,100,Allied Grosbeak,Hesperiphona affinis,yes,probable,Mycerobas affinis,,high,Mycerobas affinis,Collared Grosbeak,ku-gould:16343,Mycerobas affinis,Collared Grosbeak,pinned,
V,24,104,Sepoy Finch,Haematospiza Sipahi,genus only,not_in_birdnet,,,none,,,ku-gould:16339,Haematospiza sipahi,Scarlet Finch,left out (not in BirdNET),
V,25,108,Caucasian Grosbeak,Carpodacus rubicilla,yes,exact,Carpodacus rubicilla,,high,Carpodacus rubicilla,Great Rosefinch,ku-gould:16335,Carpodacus rubicilla,Great Rosefinch,pinned,
V,26,112,Red-mantled Grosbeak,Carpodacus rhodochlamys,yes,not_in_birdnet,,,none,,,ku-gould:16331,Carpodacus rhodochlamys,Red-mantled Rosefinch,left out (not in BirdNET),
V,27,116,Siberian Grosbeak,Uragus sibiricus,yes,probable,Carpodacus sibiricus,,high,Carpodacus sibiricus,Long-tailed Rosefinch,ku-gould:16327,Uragus sibiricus,Long-tailed Rosefinch,pinned,
V,28,120,Crimson-winged Finch,Rhodopechys sanguinea,yes,not_in_birdnet,,,none,,,ku-gould:16323,Rhodopechys sanguineus,Crimson-winged Finch,left out (not in BirdNET),
V,29,124,Rosy-winged Finch,Erythrospiza obsoleta,yes,probable,Rhodospiza obsoleta,,high,Rhodospiza obsoleta,Desert Finch,ku-gould:16319,Rhodospiza obsoleta,Desert Finch,pinned,
V,30,128,Rosy Finch,Erythrospiza incarnata,yes,unsure,Bucanetes mongolicus,,judged,,,ku-gould:16315,Eremopsaltria mongolica,Mongolian Finch,left out,"KU: the Mongolian Finch, not in BirdNET; the survey's Sinai Rosefinch is wrong"
V,31,132,Trumpeter Bullfinch,Erythrospiza githaginea,yes,probable,Bucanetes githagineus,,high,Bucanetes githagineus,Trumpeter Finch,ku-gould:16311,Bucanetes githagineus,Trumpeter Finch,pinned,
V,32,136,Pylzoff's Rose-Bunting,Urocynchramus Pylzowi,yes,exact,Urocynchramus pylzowi,,high,Urocynchramus pylzowi,Przevalski's Pinktail,ku-gould:16307,Urocynchramus pylzowi,Pink-tailed Rosefinch,pinned,
V,33,140,Rosy Grosbeak,Carpodacus roseus,yes,not_in_birdnet,,,none,,,ku-gould:16303,Carpodacus roseus,Pallas's Rosefinch,left out (not in BirdNET),
V,34,144,Orange-coloured Bullfinch,Pyrrhula aurantia,yes,not_in_birdnet,,,none,,,ku-gould:16299,Pyrrhula aurantiaca,Orange Bullfinch,left out (not in BirdNET),
V,35,148,Oriental Bullfinch,Pyrrhula orientalis,yes,unsure,Pyrrhula pyrrhula,subspecies,high,,,ku-gould:16295,Pyrrhula pyrrhula,Eurasian Bullfinch,left out,"form: Pyrrhula pyrrhula griseiventris, the Eurasian Bullfinch (KU)"
V,36,152,Red-headed Bullfinch,Pyrrhula erythrocephala,yes,not_in_birdnet,,,none,,,ku-gould:16291,Pyrrhula erythrocephala,Red-headed Bullfinch,left out (not in BirdNET),
V,37,156,Nepaulese Bullfinch,Pyrrhula Nipalensis,yes,exact,Pyrrhula nipalensis,,high,Pyrrhula nipalensis,Brown Bullfinch,ku-gould:16287,Pyrrhula nipalensis,Brown Bullfinch,pinned,
V,38,160,Northern Bullfineh,Pyrrhula major,yes,form,Pyrrhula pyrrhula,subspecies,medium,Pyrrhula pyrrhula,Eurasian Bullfinch,ku-gould:16283,Pyrrhula pyrrhula,Eurasian Bullfinch,left out (form),
V,39,164,Beavan's Bullfinch,Pyrrhula erithacus,yes,probable,Pyrrhula erythaca,,high,Pyrrhula erythaca,Gray-headed Bullfinch,ku-gould:16279,Pyrrhula erythaca,Grey-headed Bullfinch,pinned,
V,40,168,Cinereous Bullfinch,Pyrrhula cineracea,yes,form,Pyrrhula pyrrhula,subspecies,medium,Pyrrhula pyrrhula,Eurasian Bullfinch,ku-gould:16275,Pyrrhula pyrrhula cineracea,Eurasian Bullfinch,left out (form),
V,41,172,Himalayan Crossbill,Loxia Himalayana,yes,form,Loxia curvirostra,subspecies,medium,Loxia curvirostra,Red Crossbill,ku-gould:16271,Loxia curvirostra himalayensis,"Red Crossbill, bec-croisé des sapins, Picotuerto rojo",left out (form),
V,42,176,Sardinian Starling,Sturnus unicolor,yes,exact,Sturnus unicolor,,high,Sturnus unicolor,Spotless Starling,ku-gould:16267,Sturnus unicolor,Spotless Starling,pinned,
V,43,180,Hume's Starling,Sturnus Humii,yes,form,Sturnus vulgaris,subspecies,medium,Sturnus vulgaris,European Starling,ku-gould:16263,Sturnus vulgaris,"Common Starling, European Starling, Estornino pinto, étourneau sansonnet",left out (form),
V,44,184,Persian Starling,Sturnus purpurascens,yes,form,Sturnus vulgaris,subspecies,medium,Sturnus vulgaris,European Starling,ku-gould:16259,Sturnus vulgaris,"Common Starling, European Starling, Estornino pinto, étourneau sansonnet",left out (form),
V,45,188,Tristram's Amydrus,Amydrus Tristrami,yes,probable,Onychognathus tristramii,,high,Onychognathus tristramii,Tristram's Starling,ku-gould:16255,Onychognathus tristramii,Tristram's Starling,pinned,
V,46,192,Formosan Blue Pie,Urocissa cerulea,yes,probable,Urocissa caerulea,,high,Urocissa caerulea,Taiwan Blue-Magpie,ku-gould:16251,Urocissa caerulea,Taiwan Blue Magpie,pinned,
V,47,196,Nepaulese Blue Pie,Urocissa occipitalis,genus only,form,Urocissa erythroryncha,subspecies,medium,Urocissa erythroryncha,Red-billed Blue-Magpie,ku-gould:16247,Urocissa erythrorhyncha,Red-billed Blue Magpie,left out (form),
V,48,200,Chinese Blue Pie,Urocissa Sinensis,yes,probable,Urocissa erythroryncha,,high,Urocissa erythroryncha,Red-billed Blue-Magpie,ku-gould:16243,Urocissa erythrorhyncha,Red-billed Blue Magpie,pinned,
V,49,204,Great-billed Blue Pie,Urocissa magnirostris,yes,form,Urocissa erythroryncha,subspecies,medium,Urocissa erythroryncha,Red-billed Blue-Magpie,ku-gould:16239,Urocissa erythrorhyncha,Red-billed Blue Magpie,left out (form),
V,50,208,Yellow-billed Blue Pie,Urocissa flavirostris,yes,exact,Urocissa flavirostris,,high,Urocissa flavirostris,Yellow-billed Blue-Magpie,ku-gould:16235,Urocissa flavirostris,Yellow-billed Blue Magpie,pinned,
V,51,212,White-capped Blue Pie,Urocissa cucullata,yes,none,,,none,,,ku-gould:16231,Urocissa flavirostris,Yellow-billed Blue Magpie,left out (no modern name),
V,52,216,Hooded Crypsirhina,Crypsirhina cucullata,yes,not_in_birdnet,,,none,,,ku-gould:16227,Crypsirina cucullata,Hooded Treepie,left out (not in BirdNET),
V,53,220,Red-and-Blue Cissa,Cissa pyrrhocyanea,yes,probable,Urocissa ornata,,judged,Urocissa ornata,Sri Lanka Blue-Magpie,ku-gould:16223,Urocissa ornata,Sri Lanka Blue Magpie,pinned,"KU and the plate: chestnut and blue, the Sri Lanka Blue-Magpie; the survey guessed Common Green-Magpie"
V,54,224,Hunting Cissa,Cissa venatoria,yes,form,Cissa chinensis,subspecies,medium,Cissa chinensis,Common Green-Magpie,ku-gould:16219,Cissa chinensis,Common Green Magpie,left out (form),
V,55,228,White-winged Magpie,Pica leucoptera,yes,form,Pica pica,subspecies,medium,Pica pica,Eurasian Magpie,ku-gould:16215,Pica pica,"Black-billed Magpie, Eurasian Magpie, pie bavarde",left out (form),
V,56,232,Affghan Magpie,Pica Bactriana,yes,form,Pica pica,subspecies,medium,Pica pica,Eurasian Magpie,ku-gould:16211,Pica pica,"Black-billed Magpie, Eurasian Magpie, pie bavarde",left out (form),
V,57,236,Bootan Magpie,Pica Bottanensis,yes,exact,Pica bottanensis,,high,Pica bottanensis,Black-rumped Magpie,ku-gould:16207,Pica pica,"Black-billed Magpie, Eurasian Magpie, pie bavarde",pinned,
V,58,240,Formosan Jay,Garrulus Taivanus,yes,form,Garrulus glandarius,subspecies,medium,Garrulus glandarius,Eurasian Jay,ku-gould:16203,Garrulus glandarius,Eurasian Jay,left out (form),
V,59,244,Many-spotted Nutcracker,Nucifraga multipunctata,yes,not_in_birdnet,,,none,,,ku-gould:16199,Nucifraga caryocatactes,Spotted Nutcracker,left out (not in BirdNET),
V,60,248,Biddulph's Podoces,Podoces Biddulphi,yes,not_in_birdnet,,,none,,,ku-gould:16195,Podoces biddulphi,Biddulph's Ground Jay,left out (not in BirdNET),
V,61,252,Henderson's Podoces,Podoces Hendersoni,yes,exact,Podoces hendersoni,,high,Podoces hendersoni,Mongolian Ground-Jay,ku-gould:16191,Podoces hendersoni,Henderson's Ground Jay,pinned,
V,62,256,Pander's Podoces,Podoces Panderi,yes,not_in_birdnet,,,none,,,ku-gould:16187,Podoces panderi,Pander's Ground Jay,left out (not in BirdNET),
V,63,260,Dingy Podoces,Podoces humilis,yes,probable,Pseudopodoces humilis,,high,Pseudopodoces humilis,Ground Tit,ku-gould:16183,Pseudopodoces humilis,Pseudopodoces humilis,pinned,
V,64,264,Bengal Pitta,Pitta bengalensis,yes,form,Pitta brachyura,subspecies,medium,Pitta brachyura,Indian Pitta,ku-gould:16179,Pitta brachyura,Indian Pitta,left out (form),
V,65,268,Formosan Pitta,Pitta oreas,yes,probable,Pitta nympha,,high,Pitta nympha,Fairy Pitta,ku-gould:16175,Pitta nympha,Fairy Pitta,pinned,
V,66,272,Elliot's Pitta,Pitta Ellioti,yes,probable,Hydrornis elliotii,,high,Hydrornis elliotii,Bar-bellied Pitta,ku-gould:16171,Pitta elliotii,Bar-bellied Pitta,pinned,
V,67,276,Bornean Pitta,Pitta granatina,yes,probable,Erythropitta granatina,,high,Erythropitta granatina,Garnet Pitta,ku-gould:16167,Pitta granatina,Garnet Pitta,pinned,
V,68,280,Malaccan Pitta,Pitta coccinea,yes,not_in_birdnet,,,none,,,ku-gould:16163,Pitta granatina coccinea,Garnet Pitta,left out (not in BirdNET),
V,69,284,Necklaced Pitta,Pitta arquata,yes,probable,Erythropitta arquata,,high,Erythropitta arquata,Blue-banded Pitta,ku-gould:16159,Pitta arquata,Blue-banded Pitta,pinned,
V,70,288,Large-billed Pitta,Pitta megarhyncha,yes,exact,Pitta megarhyncha,,high,Pitta megarhyncha,Mangrove Pitta,ku-gould:16155,Pitta megarhyncha,Mangrove Pitta,pinned,
V,71,292,Koch's Pitta,Pitta Kochi,yes,not_in_birdnet,,,none,,,ku-gould:16151,Pitta kochi,Whiskered Pitta,left out (not in BirdNET),
V,72,296,Red-backed Pitta,Pitta Baudii,yes,probable,Hydrornis baudii,,high,Hydrornis baudii,Blue-headed Pitta,ku-gould:16147,Pitta baudii,Blue-headed Pitta,pinned,
V,73,300,Gurney's Pitta,Pitta Gurneyi,yes,not_in_birdnet,,,none,,,ku-gould:16143,Pitta gurneyi,Gurney's Pitta,left out (not in BirdNET),
V,74,304,Steere's Pitta,Pitta Steerii,yes,exact,Pitta steerii,,high,Pitta steerii,Azure-breasted Pitta,ku-gould:16139,Pitta steerii,Azure-breasted Pitta,pinned,
V,75,308,Ussher's Pitta,Pitta Ussheri,yes,probable,Erythropitta ussheri,,high,Erythropitta ussheri,Black-crowned Pitta,ku-gould:16135,Pitta venusta,Graceful Pitta,pinned,
V,76,312,Black-headed Pitta,Pitta atricapilla,yes,form,Pitta sordida,subspecies,medium,Pitta sordida,Hooded Pitta,ku-gould:16131,Pitta sordida,Hooded Pitta,left out (form),
V,77,316,Blue-tailed Pitta,Pitta cyanura,yes,not_in_birdnet,,,none,,,ku-gould:16127,Pitta guajana,Banded Pitta,left out (not in BirdNET),
V,78,320,Schwaner's Pitta,Pitta Schwaneri,yes,probable,Hydrornis schwaneri,,high,Hydrornis schwaneri,Bornean Banded-Pitta,ku-gould:16123,Pitta guajana schwaneri,Banded Pitta,pinned,
V,79,324,Nepaul Pitta,Pitta Nipalensis,yes,probable,Hydrornis nipalensis,,high,Hydrornis nipalensis,Blue-naped Pitta,ku-gould:16119,Pitta nipalensis,Blue-naped Pitta,pinned,
V,80,328,Blue Pitta,Pitta cyanea,yes,probable,Hydrornis cyaneus,,high,Hydrornis cyaneus,Blue Pitta,ku-gould:16115,Pitta cyanea,Blue Pitta,pinned,
V,81,332,Cerulean Pitta,Pitta caerulea,yes,probable,Hydrornis caeruleus,,high,Hydrornis caeruleus,Giant Pitta,ku-gould:16111,Pitta caerulea,Giant Pitta,pinned,
V,82,336,Hooded Pitta,Pitta cucullata,yes,form,Pitta sordida,subspecies,medium,Pitta sordida,Hooded Pitta,ku-gould:16107,Pitta sordida cucullata,Hooded Pitta,left out (form),
V,83,340,Van der Bosch's Pitta,Pitta Boschii,yes,none,,,none,,,ku-gould:16103,Pitta guajana,Banded Pitta,left out (no modern name),
VI,1,12,Mrs. Layard's Parrakeet,Palaeornis Calthropae,genus only,not_in_birdnet,,,none,,,ku-gould:16081,Psittacula calthropae,Layard's Parakeet,left out (not in BirdNET),
VI,2,16,Blossom-headed Parrakeet,Paleornis rosa,yes,not_in_birdnet,,,none,,,ku-gould:16077,Psittacula roseata,Blossom-headed Parakeet,left out (not in BirdNET),
VI,3,20,Burmese Parrakeet,Paleornis cyanocephala,genus only,probable,Psittacula cyanocephala,,high,Psittacula cyanocephala,Plum-headed Parakeet,ku-gould:16073,Psittacula cyanocephala,Plum-headed Parakeet,pinned,
VI,4,24,Bonaparte's Parrakeet,Paleornis Luciani,yes,form,Psittacula alexandri,subspecies,low,Psittacula alexandri,Red-breasted Parakeet,ku-gould:16069,Psittacula longicauda,Long-tailed Parakeet,left out (form),the survey's form assignment; the Kansas catalogue reads Psittacula longicauda (Long-tailed Parakeet)
VI,5,28,Grey-headed Parrakeet,Paleornis caniceps,yes,not_in_birdnet,,,none,,,ku-gould:16065,Psittacula caniceps,Nicobar Parakeet,left out (not in BirdNET),
VI,6,32,Nicobar Parrakeet,Paleornis Nicobaricus,yes,form,Psittacula longicauda,subspecies,medium,Psittacula longicauda,Long-tailed Parakeet,ku-gould:16061,Psittacula longicauda nicobarica,Long-tailed Parakeet,left out (form),
VI,7,36,Blue-winged Parrakeet,Paleornis Columboides,yes,probable,Psittacula columboides,,high,Psittacula columboides,Malabar Parakeet,ku-gould:16057,Psittacula columboides,Blue-winged Parakeet,pinned,
VI,8,40,Slaty-headed Parrakeet,Paleornis schisticeps,yes,probable,Psittacula himalayana,,high,Psittacula himalayana,Slaty-headed Parakeet,ku-gould:16053,Psittacula himalayana,Slaty-headed Parakeet,pinned,
VI,9,44,The Earl of Derby's Parrakeet,Paleornis Derbianus,yes,not_in_birdnet,,,none,,,ku-gould:16049,Psittacula derbiana,Lord Derby's Parakeet,left out (not in BirdNET),
VI,10,48,Malacca Parrakeet,Paleornis Malaccensis,yes,probable,Psittacula longicauda,,high,Psittacula longicauda,Long-tailed Parakeet,ku-gould:16045,Psittacula longicauda,Long-tailed Parakeet,pinned,
VI,11,52,Allied Parrakeet,Paleornis affinis,genus only,form,Psittacula eupatria,subspecies,low,Psittacula eupatria,Alexandrine Parakeet,ku-gould:16041,Psittacula longicauda,Long-tailed Parakeet,left out (form),the survey's form assignment; the Kansas catalogue reads Psittacula longicauda (Long-tailed Parakeet)
VI,12,56,Racket-tailed Parrot,Prioniturus setarius,yes,none,,,none,,,ku-gould:16037,Prioniturus platurus,Golden-mantled Racket-tai,left out (no modern name),
VI,13,60,Great Racket-tailed Parrot,Prioniturus flavicans,yes,none,,,none,,,ku-gould:16033,Prioniturus flavicans,Yellow-breasted Racket-tai,left out (no modern name),
VI,14,64,Philippine Racket-tailed Parrot,Prioniturus spatuliger,genus only,none,,,none,,,ku-gould:16029,Prioniturus platurus,Golden-mantled Racket-tai,left out (no modern name),
VI,15,68,Little Racket-tailed Parrot,Prioniturus discurus,yes,none,,,none,,,ku-gould:16025,Prioniturus discurus,Blue-crowned Racket-tail,left out (no modern name),
VI,16,72,Formosan Spotted Woodpecker,Picus insularis,yes,form,Dendrocopos major,subspecies,medium,Dendrocopos major,Great Spotted Woodpecker,ku-gould:16021,Dendrocopos leucotos insularis,White-backed Woodpecker,left out (form),
VI,17,76,Chinese Spotted Woodpecker,Picus Cabanisi,yes,form,Dendrocopos major,subspecies,medium,Dendrocopos major,Great Spotted Woodpecker,ku-gould:16017,Dendrocopos major cabanisi,Great Spotted Woodpecker,left out (form),
VI,18,80,Heart-spotted Woodpecker,Hemicercus cordatus,yes,probable,Hemicircus canente,,high,Hemicircus canente,Heart-spotted Woodpecker,ku-gould:16013,Hemicircus canente,Heart-spotted Woodpecker,pinned,
VI,19,84,Javan Spotted Woodpecker,Hemicercus concretus,yes,probable,Hemicircus concretus,,high,Hemicircus concretus,Gray-and-buff Woodpecker,ku-gould:16009,Hemicircus concretus,Grey-and-buff Woodpecker,pinned,
VI,20,88,Hartlaub's Spotted Woodpecker,Hemicercus Hartlaubi,yes,none,,,none,,,ku-gould:16005,Hemicircus concretus,Grey-and-buff Woodpecker,left out (no modern name),
VI,21,92,Swinhoe's Pygmy Woodpecker,Iyngipicus scintilliceps,yes,form,Yungipicus canicapillus,subspecies,medium,Yungipicus canicapillus,Gray-capped Pygmy Woodpecker,ku-gould:16001,Dendrocopos canicapillus scintilliceps,Grey-capped Pygmy Woodpecker,left out (form),
VI,22,96,Doerries's Pygmy Woodpecker,Iyngipicus Doerriesi,yes,form,Yungipicus canicapillus,subspecies,medium,Yungipicus canicapillus,Gray-capped Pygmy Woodpecker,ku-gould:15997,Dendrocopos canicapillus doerriesi,Grey-capped Pygmy Woodpecker,left out (form),
VI,23,100,Orange-breasted PyzmyWoodpecker,Iyngipicus aurantiiventris,yes,none,,,none,,,ku-gould:15993,Dendrocopos canicapillus aurantiiventris,Grey-capped Pygmy Woodpecker,left out (no modern name),
VI,24,104,Ramsay's Pygmy Woodpecker,Iyngipicus Ramsayi,yes,none,,,none,,,ku-gould:15989,Dendrocopos maculatus,Philippine Pygmy Woodpecker,left out (no modern name),
VI,25,108,Temminck's Pygmy Woodpecker,Iyngipicus Temmincki,yes,none,,,none,,,ku-gould:15985,Dendrocopos temminckii,Sulawesi Pygmy Woodpecker,left out (no modern name),
VI,26,112,Darjiling Pygmy Woodpecker,Iyngipicus semicoronatus,yes,form,Yungipicus canicapillus,subspecies,medium,Yungipicus canicapillus,Gray-capped Pygmy Woodpecker,ku-gould:15981,Dendrocopos canicapillus semicoronatus,Grey-capped Pygmy Woodpecker,left out (form),
VI,27,116,Grey-headed Pygmy Woodpecker,Iyngipicus canicapillus,yes,probable,Yungipicus canicapillus,,high,Yungipicus canicapillus,Gray-capped Pygmy Woodpecker,ku-gould:15977,Dendrocopos canicapillus canicapillus,Grey-capped Pygmy Woodpecker,pinned,
VI,28,120,Hardwicke's Pygmy Woodpecker,Iyngipicus Hardwickii,yes,form,Yungipicus nanus,subspecies,medium,Yungipicus nanus,Brown-capped Pygmy Woodpecker,ku-gould:15973,Dendrocopos moluccensis hardwickii,Sunda Pygmy Woodpecker,left out (form),
VI,29,124,Malayan Pygmy Woodpecker,Iyngipicus auritus,genus only,none,,,none,,,ku-gould:15969,Dendrocopos canicapillus auritus,Grey-capped Pygmy Woodpecker,left out (no modern name),
VI,30,128,Sonnerat's Pygmy Woodpecker,Iyngipicus maculatus,genus only,not_in_birdnet,,,none,,,ku-gould:15965,Dendrocopos maculatus maculatus,Philippine Pygmy Woodpecker,left out (not in BirdNET),
VI,31,132,Banded Pygmy Woodpecker,Iyngipicus fulvifasciatus,yes,none,,,none,,,ku-gould:15961,Dendrocopos maculatus fulvifasciatus,Philippine Pygmy Woodpecker,left out (no modern name),
VI,32,136,Ceylonese Pygmy Woodpecker,Iyngipicus gymnophthalmus,yes,none,,,none,,,ku-gould:15957,Dendrocopos moluccensis gymnopthalmus,Sunda Pygmy Woodpecker,left out (no modern name),
VI,33,140,Travancore Pygmy Woodpecker,Iyngipicus peninsularis,yes,none,,,none,,,ku-gould:15953,Dendrocopos moluccensis,Sunda Pygmy Woodpecker,left out (no modern name),
VI,34,144,Vigors's Pygmy Woodpecker,Iyngipicus nanus,yes,probable,Yungipicus nanus,,high,Yungipicus nanus,Brown-capped Pygmy Woodpecker,ku-gould:15949,Dendrocopos moluccensis nanus,Sunda Pygmy Woodpecker,pinned,
VI,35,148,Formosan Green Woodpecker,Gecinus Tancolo,yes,form,Picus canus,subspecies,medium,Picus canus,Gray-headed Woodpecker,ku-gould:15945,Picus canus tancolo,Grey-headed Woodpecker,left out (form),
VI,36,152,Yellow-naped Woodpecker,Chrysophlegma flavinucha,yes,exact,Chrysophlegma flavinucha,,high,Chrysophlegma flavinucha,Greater Yellownape,ku-gould:15941,Picus flavinucha,Greater Yellownape,pinned,
VI,37,156,Negros Yellow-faced Woodpecker,Chrysocolaptes xanthocephalus,yes,not_in_birdnet,,,none,,,ku-gould:15937,Chrysocolaptes lucidus xanthocephalus,Greater Goldenback,left out (not in BirdNET),
VI,38,160,Indian Wryneck,Yunx Indica,yes,form,Jynx torquilla,subspecies,medium,Jynx torquilla,Eurasian Wryneck,ku-gould:15933,Jynx torquilla,Eurasian Wryneck,left out (form),
VI,39,164,Speckled Piculet,Vivia innominata,genus only,probable,Picumnus innominatus,,high,Picumnus innominatus,Speckled Piculet,ku-gould:15929,Picumnus innominatus,Speckled Piculet,pinned,
VI,40,168,Rufous Piculet,Sasia ochracea,yes,exact,Sasia ochracea,,high,Sasia ochracea,White-browed Piculet,ku-gould:15925,Sasia ochracea,White-browed Piculet,pinned,
VI,41,172,Malayan Piculet,Sasia abnormis,yes,exact,Sasia abnormis,,high,Sasia abnormis,Rufous Piculet,ku-gould:15921,Sasia abnormis,Rufous Piculet,pinned,
VI,42,176,Powerful Cuckoo,Cuculus strenuus,yes,form,Hierococcyx sparverioides,subspecies,medium,Hierococcyx sparverioides,Large Hawk-Cuckoo,ku-gould:15917,Cuculus sparverioides,Cuculus sparverioides,left out (form),
VI,43,180,Rufous-bellied Cuckoo,Cuculus hyperythrus,yes,probable,Hierococcyx hyperythrus,,high,Hierococcyx hyperythrus,Northern Hawk-Cuckoo,ku-gould:15913,Cuculus hyperythrus,Cuculus hyperythrus,pinned,
VI,44,184,Hairy-browed Cuckoo,Dasylophus superciliosus,yes,none,,,none,,,ku-gould:15909,Dasylophus superciliosus,Rough-crested Malkoha,left out (no modern name),
VI,45,188,Curl-crested Cuckoo,Lepidogrammus Cumingi,yes,probable,Dasylophus cumingi,,high,Dasylophus cumingi,Scale-feathered Malkoha,ku-gould:15905,Lepidogrammus cumingi,Scale-feathered Malkoha,pinned,
VI,46,192,Emerald Cuckoo,Chalcites Hodgsoni,genus only,probable,Chrysococcyx maculatus,,high,Chrysococcyx maculatus,Asian Emerald Cuckoo,ku-gould:15901,Chrysococcyx maculatus,Asian Emerald Cuckoo,pinned,
VI,47,196,Amethystine Cuckoo,Chalcites xanthorhynchus,yes,probable,Chrysococcyx xanthorhynchus,,high,Chrysococcyx xanthorhynchus,Violet Cuckoo,ku-gould:15897,Chrysococcyx xanthorhynchus,Violet Cuckoo,pinned,
VI,48,200,Yellow-rumped Honey-guide,Indicator xanthonotus,yes,not_in_birdnet,,,none,,,ku-gould:15893,Indicator xanthonotus,Yellow-rumped Honeyguide,left out (not in BirdNET),
VI,49,204,Embroidered Barbet,Megalaema nuchalis,yes,probable,Psilopogon nuchalis,,high,Psilopogon nuchalis,Taiwan Barbet,ku-gould:15889,Megalaima oorti nuchalis,Black-browed Barbet,pinned,
VI,50,208,Franklin's Barbet,Megalaema Franklinii,yes,probable,Psilopogon franklinii,,high,Psilopogon franklinii,Golden-throated Barbet,ku-gould:15885,Megalaima franklinii,Golden-throated Barbet,pinned,
VI,51,212,Red-breasted Pigeon,Phlogoenas cruenta,genus only,none,,,none,,,ku-gould:15881,Gallicolumba luzonica,Luzon Bleeding-heart,left out (no modern name),
VI,52,216,Maroon-breasted Pigeon,Phlogoenas crinigera,genus only,not_in_birdnet,,,none,,,ku-gould:15877,Gallicolumba crinigera,Mindanao Bleeding-heart,left out (not in BirdNET),
VI,53,220,Otidiphaps,Otidiphaps nobilis,yes,exact,Otidiphaps nobilis,,high,Otidiphaps nobilis,Pheasant Pigeon,ku-gould:15873,Otidiphaps nobilis,Pheasant Pigeon,pinned,
VI,54,224,Mongolian Rock-Pigeon,Columba rupestris,yes,not_in_birdnet,,,none,,,ku-gould:15869,Columba rupestris,Hill Pigeon,left out (not in BirdNET),
VI,55,228,White-bellied Pigeon,Columba leuconota,yes,not_in_birdnet,,,none,,,ku-gould:15865,Columba leuconota,Snow Pigeon,left out (not in BirdNET),
VI,56,232,Indian Rock-Pigeon,Columba intermedia,yes,form,Columba livia,subspecies,medium,Columba livia,Rock Pigeon,ku-gould:15861,Columba livia intermedia,"Common Pigeon, Paloma domﾎstica, pigeon biset, Rock Dove, Rock Pigeon",left out (form),
VI,57,236,Elphinstone's Wood-Pigeon,Palumbus Elphinstonei,yes,not_in_birdnet,,,none,,,ku-gould:15857,Columba elphinstonii,Nilgiri Wood Pigeon,left out (not in BirdNET),
VI,58,240,Collared Wood-Pigeon,Palumbus pulchricollis,genus only,not_in_birdnet,,,none,,,ku-gould:15853,Columba pulchricollis,Ashy Wood Pigeon,left out (not in BirdNET),
VI,59,244,Branded Pigeon,Phlogoenas tristigmata,yes,not_in_birdnet,,,none,,,ku-gould:15849,Gallicolumba tristigmata,Sulawesi Ground Dove,left out (not in BirdNET),
VI,60,248,Pallas's Sand-Grouse,Syrrhaptes paradoxus,yes,exact,Syrrhaptes paradoxus,,high,Syrrhaptes paradoxus,Pallas's Sandgrouse,ku-gould:15845,Syrrhaptes paradoxus,Pallas's Sandgrous,pinned,
VI,61,252,Tibetian Short-toed Sand-Grouse,Syrrhaptes Tibetanus,yes,not_in_birdnet,,,none,,,ku-gould:15841,Syrrhaptes tibetanus,Tibetan Sandgrouse,left out (not in BirdNET),
VI,62,256,Spotted Sand-Grouse,Pterocles guttatus,yes,unsure,Pterocles senegallus,,judged,Pterocles senegallus,Spotted Sandgrouse,ku-gould:15837,Pterocles gutturalis,Yellow-throated Sandgrouse,pinned (review),"the plate: orange face, grey neck, no black collar; guttatus is its synonym"
VI,63,260,Coronetted Sand-Grouse,Pterocles coronatus,yes,not_in_birdnet,,,none,,,ku-gould:15833,Pterocles coronatus,Crowned Sandgrouse,left out (not in BirdNET),
VI,64,264,Whistling Sand-Grouse,Pterocles exustus,yes,exact,Pterocles exustus,,high,Pterocles exustus,Chestnut-bellied Sandgrouse,ku-gould:15829,Pterocles exustus,Chestnut-bellied Sandgrouse,pinned,
VI,65,268,Banded Sand-Grouse,Pterocles fasciatus,yes,not_in_birdnet,,,none,,,ku-gould:15825,Pterocles indicus,Painted Sandgrouse,left out (not in BirdNET),
VI,66,272,Georgian Black Grouse,Tetrao Mlokosiewiczi,yes,not_in_birdnet,,,none,,,ku-gould:15821,Lyrurus tetrix,"Black Grouse, Eurasian Black Grouse",left out (not in BirdNET),
VI,67,276,Ceylon Spur-Fowl,Galloperdix Zeylonicus,yes,probable,Galloperdix bicalcarata,,high,Galloperdix bicalcarata,Sri Lanka Spurfowl,ku-gould:15817,Galloperdix bicalcarata,"Ceylon Spurfowl, Sri Lanka Spurfowl",pinned,
VI,68,280,Rufous Spur-Fowl,Galloperdix spadiceus,yes,probable,Galloperdix spadicea,,high,Galloperdix spadicea,Red Spurfowl,ku-gould:15813,Galloperdix spadicea,Red Spurfowl,pinned,
VI,69,284,Painted Spur-Fowl,Galloperdix lunulosa,yes,not_in_birdnet,,,none,,,ku-gould:15809,Galloperdix lunulata,Painted Spurfowl,left out (not in BirdNET),
VI,70,288,Crimson-breasted Partridge,Hematortyx sanguiniceps,yes,probable,Haematortyx sanguiniceps,,high,Haematortyx sanguiniceps,Crimson-headed Partridge,ku-gould:15805,Haematortyx sanguiniceps,Crimson-headed Partridge,pinned,
VI,71,292,Rufous-breasted Bamboo-Partridge,Bambusicola hyperythra,yes,probable,Arborophila hyperythra,,high,Arborophila hyperythra,Red-breasted Partridge,ku-gould:15801,Arborophila hyperythra,"Red-breasted Hill Partridge, Red-breasted Partridge",pinned,
VI,72,296,Formosan Bamboo-Partridge,Bambusicola sonorivox,yes,exact,Bambusicola sonorivox,,high,Bambusicola sonorivox,Taiwan Bamboo-Partridge,ku-gould:15797,Bambusicola thoracicus sonorivox,Bambusicola thoracicus sonorivox,pinned,
VI,73,300,Bearded Partridge,Perdix barbata,yes,none,,,none,,,ku-gould:15793,Dendrortyx barbatus,"Bearded Wood Partridge, Bearded Wood-Partridge, Codorniz-coluda veracruzana",left out (no modern name),
VI,74,304,Thibet Partridge,Perdix Hodgsoniae,yes,not_in_birdnet,,,none,,,ku-gould:15789,Perdix hodgsoniae,Tibetan Partridge,left out (not in BirdNET),
VI,75,308,Lerwa Partridge,Lerwa nivicola,yes,not_in_birdnet,,,none,,,ku-gould:15785,Lerwa lerwa,Snow Partridge,left out (not in BirdNET),
VII,1,12,Bonham's Sand-Partridge,Ammoperdix Bonhami,yes,not_in_birdnet,,,none,,,ku-gould:15763,Ammoperdix griseogularis,See-see Partridge,left out (not in BirdNET),
VII,2,16,Hey's Sand-Partridge,Ammoperdix Heyi,yes,not_in_birdnet,,,none,,,ku-gould:15759,Ammoperdix heyi,Sand Partridge,left out (not in BirdNET),
VII,3,20,Little Red-billed Partridge,Microperdix erythrorhyncha,yes,probable,Perdicula erythrorhyncha,,high,Perdicula erythrorhyncha,Painted Bush-Quail,ku-gould:15755,Perdicula erythrorhyncha,Painted Bush Quail,pinned,
VII,4,24,Asiatic Bush-Quail,Perdicula Asiatica,yes,exact,Perdicula asiatica,,high,Perdicula asiatica,Jungle Bush-Quail,ku-gould:15751,Perdicula asiatica,Jungle Bush Quail,pinned,
VII,5,28,Argoondah Bush-Quail,Perdicula Argoondah,yes,exact,Perdicula argoondah,,high,Perdicula argoondah,Rock Bush-Quail,ku-gould:15747,Perdicula argoondah,Rock Bush Quail,pinned,
VII,6,32,Chinese Quail,Excalfactoria Chinensis,yes,probable,Synoicus chinensis,,high,Synoicus chinensis,Blue-breasted Quail,ku-gould:15743,Coturnix chinensis,"Blue-breasted Quail, King Quail",pinned,
VII,7,36,Minute Quail,Excalfactoria minima,yes,form,Synoicus chinensis,subspecies,medium,Synoicus chinensis,Blue-breasted Quail,ku-gould:15739,Coturnix chinensis,"Blue-breasted Quail, King Quail",left out (form),
VII,8,40,Slate-coloured Partridge,Malacoturnix superciliosus,yes,not_in_birdnet,,,none,,,ku-gould:15735,Ophrysia superciliosa,Himalayan Quail,left out (not in BirdNET),
VII,9,44,Coromandel Quail,Coturnix Coromandelicus,yes,probable,Coturnix coromandelica,,high,Coturnix coromandelica,Rain Quail,ku-gould:15731,Coturnix coromandelica,Rain Quail,pinned,
VII,10,48,Little Hemipode,Turnix Dussumieri,yes,form,Turnix sylvaticus,subspecies,medium,Turnix sylvaticus,Small Buttonquail,ku-gould:15727,Turnix sylvaticus dussumier,"Common Buttonquail, Kurrichane Buttonquail",left out (form),
VII,11,52,Fasciated Hemipode,Turnix fasciatus,yes,form,Turnix suscitator,subspecies,medium,Turnix suscitator,Barred Buttonquail,ku-gould:15723,Turnix suscitator fasciatus,Barred Buttonquail,left out (form),
VII,12,56,Chestnut-tailed Lobed Pheasant,Lobiophasis castaneicaudatus,yes,none,,,none,,,ku-gould:15719,Lophura bulweri,Bulwer's Pheasant,left out (no modern name),
VII,13,60,Bulwer's Pheasant,Lobiophasis Bulweri,yes,not_in_birdnet,,,none,,,ku-gould:15715,Lophura bulweri,Bulwer's Pheasant,left out (not in BirdNET),
VII,14,64,Lineated Pheasant,Euplocamus lineatus,yes,form,Lophura leucomelanos,subspecies,medium,Lophura leucomelanos,Kalij Pheasant,ku-gould:15711,Lophura nycthemera lineata,Silver Pheasant,left out (form),
VII,15,68,Vieillot's Fireback,Euplocamus Vieilloti,yes,none,,,none,,,ku-gould:15707,Chrysolophus pictus,Golden Pheasant,left out (no modern name),
VII,16,72,Swinhoe's Fireback,Euplocamus Swinhoii,yes,not_in_birdnet,,,none,,,ku-gould:15703,Lophura swinhoii,Swinhoe's Pheasant,left out (not in BirdNET),
VII,17,76,Pencilled Pheasant,Gennaeus nycthemerus,yes,not_in_birdnet,,,none,,,ku-gould:15699,Lophura nycthemera,Silver Pheasant,left out (not in BirdNET),
VII,18,80,Cheer,Catreus Wallichii,yes,exact,Catreus wallichii,,high,Catreus wallichii,Cheer Pheasant,ku-gould:15695,Catreus wallichii,Cheer Pheasant,pinned,
VII,19,84,Golden Pheasant,Thaumalea picta,genus only,probable,Chrysolophus pictus,,high,Chrysolophus pictus,Golden Pheasant,ku-gould:15691,Chrysolophus pictus,Golden Pheasant,pinned,
VII,20,88,Lady Amherst's Pheasant,Thaumalea Amherstiae,yes,probable,Chrysolophus amherstiae,,high,Chrysolophus amherstiae,Lady Amherst's Pheasant,ku-gould:15687,Chrysolophus amherstiae,Lady Amherst's Pheasant,pinned,
VII,21,92,Siamese Fireback,Diardigallus praelatus,yes,not_in_birdnet,,,none,,,ku-gould:15683,Lophura diardi,Siamese Fireback,left out (not in BirdNET),
VII,22,96,Chinese Crossoptilon,Crossoptilon auritum,yes,not_in_birdnet,,,none,,,ku-gould:15679,Crossoptilon auritum,"Blue Eared Pheasant, White Eared Pheasant",left out (not in BirdNET),
VII,23,100,Elliot's Pheasant,Calophasis Ellioti,yes,not_in_birdnet,,,none,,,ku-gould:15675,Perdicula argoondah,Rock Bush Quail,left out (not in BirdNET),
VII,24,104,Chinese Pucras Pheasant,Pucrasia xanthospila,yes,form,Pucrasia macrolopha,subspecies,medium,Pucrasia macrolopha,Koklass Pheasant,ku-gould:15671,Pucrasia macrolopha xanthospila,Koklass Pheasant,left out (form),
VII,25,108,Darwin's Pucras Pheasant,Pucrasia Darwini,yes,form,Pucrasia macrolopha,subspecies,medium,Pucrasia macrolopha,Koklass Pheasant,ku-gould:15667,Pucrasia macrolopha darwini,Koklass Pheasant,left out (form),
VII,26,112,Himalayan Pucras Pheasant,Pucrasia macrolopha,yes,exact,Pucrasia macrolopha,,high,Pucrasia macrolopha,Koklass Pheasant,ku-gould:15663,Pucrasia macrolopha,Koklass Pheasant,pinned,
VII,27,116,Kafiristan Pucras Pheasant,Pucrasia castanea,yes,form,Pucrasia macrolopha,subspecies,medium,Pucrasia macrolopha,Koklass Pheasant,ku-gould:15659,Pucrasia macrolopha castanea,Koklass Pheasant,left out (form),
VII,28,120,Nepaul Pucras Pheasant,Pucrasia Nipalensis,yes,form,Pucrasia macrolopha,subspecies,medium,Pucrasia macrolopha,Koklass Pheasant,ku-gould:15655,Pucrasia macrolopha nipalensis,Koklass Pheasant,left out (form),
VII,29,124,Caspian Snow-Partridge,Tetraogallus Caspius,yes,not_in_birdnet,,,none,,,ku-gould:15651,Tetraogallus caspius,Caspian Snowcock,left out (not in BirdNET),
VII,30,128,Himalayan Snow-Partridge,Tetraogallus Himalayensis,yes,not_in_birdnet,,,none,,,ku-gould:15647,Tetraogallus himalayensis,Himalayan Snowcock,left out (not in BirdNET),
VII,31,132,Altaic Snow-Partridge,Tetraogallus Altaicus,yes,not_in_birdnet,,,none,,,ku-gould:15643,Tetraogallus altaicus,Altai Snowcock,left out (not in BirdNET),
VII,32,136,Tibetan Snow-Partridge,Tetraogallus Tibetanus,yes,exact,Tetraogallus tibetanus,,high,Tetraogallus tibetanus,Tibetan Snowcock,ku-gould:15639,Tetraogallus tibetanus,Tibetan Snowcock,pinned,
VII,33,140,Reeves's Pheasant,Phasianus Reevesii,yes,not_in_birdnet,,,none,,,ku-gould:15635,Syrmaticus reevesii,Reeves's Pheasant,left out (not in BirdNET),
VII,34,144,Common Pheasant,Phasianus colchicus,yes,exact,Phasianus colchicus,,high,,,ku-gould:15631,Phasianus colchicus,"Common Pheasant, Ring-necked Pheasant, faisan de chasse, Fais‡n de collar",left out,nominate colchicus; the pheasant is VII.39 (one plate per species)
VII,35,148,Shaw's Pheasant,Phasianus Shawii,yes,form,Phasianus colchicus,subspecies,medium,Phasianus colchicus,Ring-necked Pheasant,ku-gould:15627,Phasianus colchicus shawii,"Common Pheasant, Ring-necked Pheasant, faisan de chasse, Fais‡n de collar",left out (form),
VII,36,152,Oxus Pheasant,Phasianus chrysomelas,yes,form,Phasianus colchicus,subspecies,medium,Phasianus colchicus,Ring-necked Pheasant,ku-gould:15623,Phasianus colchicus chrysomelas,"Common Pheasant, Ring-necked Pheasant, faisan de chasse, Fais‡n de collar",left out (form),
VII,37,156,Sommering's Pheasant,Phasianus Soemmeringii,genus only,not_in_birdnet,,,none,,,ku-gould:15619,Syrmaticus soemmerringii,Copper Pheasant,left out (not in BirdNET),
VII,38,160,Sparkling Pheasant,Phasianus scintillans,yes,none,,,none,,,ku-gould:15615,Syrmaticus soemmerringii scintillans,Copper Pheasant,left out (no modern name),
VII,39,164,Chinese Ring-necked Pheasant,Phasianus torquatus,yes,form,Phasianus colchicus,subspecies,judged,Phasianus colchicus,Ring-necked Pheasant,ku-gould:15611,Phasianus colchicus torquatus,"Common Pheasant, Ring-necked Pheasant, faisan de chasse, Fais‡n de collar",pinned,the ringed stock introduced to North America; the one form pinned on purpose (Wells)
VII,40,168,Japanese Pheasant,Phasianus versicolor,yes,not_in_birdnet,,,none,,,ku-gould:15607,Phasianus versicolor,Green Pheasant,left out (not in BirdNET),
VII,41,172,Mongolian Pheasant,Phasianus Mongolicus,yes,form,Phasianus colchicus,subspecies,medium,Phasianus colchicus,Ring-necked Pheasant,ku-gould:15603,Phasianus colchicus mongolicus,"Common Pheasant, Ring-necked Pheasant, faisan de chasse, Fais‡n de collar",left out (form),
VII,42,176,Geoffroy's Francolin,Ithaginis Geoffroyi,yes,form,Ithaginis cruentus,subspecies,medium,Ithaginis cruentus,Blood Pheasant,ku-gould:15599,Ithaginis cruentus geoffroyi,Blood Pheasant,left out (form),
VII,43,180,Sanguine Francolin,Ithaginis cruentus,yes,exact,Ithaginis cruentus,,high,Ithaginis cruentus,Blood Pheasant,ku-gould:15595,Ithaginis cruentus,Blood Pheasant,pinned,
VII,44,184,Mou-pin Snow-Partridge,Tetraophasis obscurus,yes,not_in_birdnet,,,none,,,ku-gould:15591,Tetraophasis obscurus,"Verreaux's Monal Partridge, Verreaux's Monal-Partridge",left out (not in BirdNET),
VII,45,188,Western Horned Pheasant,Ceriornis melanocephala,yes,not_in_birdnet,,,none,,,ku-gould:15587,Tragopan melanocephalus,"Western Tragopan, Western Tragopan Pheasant",left out (not in BirdNET),
VII,46,192,Temminck's Horned Pheasant,Ceriornis Temmincki,yes,not_in_birdnet,,,none,,,ku-gould:15583,Tragopan temminckii,Temminck's Tragopan,left out (not in BirdNET),
VII,47,196,Blyth's Horned Pheasant,Ceriornis Blythi,yes,not_in_birdnet,,,none,,,ku-gould:15579,Tragopan blythii,"Blyth's Tragopan, Blyth's Tragopan Pheasant",left out (not in BirdNET),
VII,48,200,Dr. Cabot's Horned Pheasant,Ceriornis Caboti,yes,not_in_birdnet,,,none,,,ku-gould:15575,Tragopan caboti,"Cabot's Tragopan, Cabot's Tragopan Pheasant",left out (not in BirdNET),
VII,49,204,Nipaulese Horned Pheasant,Ceriornis Satyra,yes,not_in_birdnet,,,none,,,ku-gould:15571,Tragopan satyra,Satyr Tragopan,left out (not in BirdNET),
VII,50,208,Assam Peacock Pheasant,Polyplectron chinquis,yes,form,Polyplectron bicalcaratum,subspecies,medium,Polyplectron bicalcaratum,Gray Peacock-Pheasant,ku-gould:15567,Polyplectron bicalcaratum,Grey Peacock-Pheasant,left out (form),
VII,51,212,Malayan Peacock Pheasant,Polyplectron bicalcaratum,yes,exact,Polyplectron bicalcaratum,,high,Polyplectron bicalcaratum,Gray Peacock-Pheasant,ku-gould:15563,Polyplectron bicalcaratum,Grey Peacock-Pheasant,pinned,
VII,52,216,Argus Pheasant,Argusianus argus,yes,exact,Argusianus argus,,high,Argusianus argus,Great Argus,ku-gould:15559,Argusianus argus,Great Argus,pinned,
VII,53,220,Monaul,Lophophorus Impeyanus,yes,probable,Lophophorus impejanus,,high,Lophophorus impejanus,Himalayan Monal,ku-gould:15555,Lophophorus impejanus,Himalayan Monal,pinned,
VII,54,224,De L'Huys's Monaul,Lophophorus l'Huysi,yes,not_in_birdnet,,,none,,,ku-gould:15551,Lophophorus lhuysii,Chinese Monal,left out (not in BirdNET),
VII,55,228,Sclater's Monaul,Chalcophasis Sclateri,yes,not_in_birdnet,,,none,,,ku-gould:15547,Lophophorus sclateri,"Sclater's Monal, Sclater's Monal Pheasant",left out (not in BirdNET),
VII,56,232,Sonnerat's Jungle-fowl,Gallus Sonnerati,yes,probable,Gallus sonneratii,,high,Gallus sonneratii,Gray Junglefowl,ku-gould:15543,Gallus sonneratii,Grey Junglefowl,pinned,
VII,57,236,Lesser Florikin,Sypheotides auritus,genus only,not_in_birdnet,,,none,,,ku-gould:15539,Sypheotides indicus,Lesser florikin,left out (not in BirdNET),
VII,58,240,MacQueen's Bustard,Otis MacQueeni,yes,not_in_birdnet,,,none,,,ku-gould:15535,Chlamydotis macqueenii,Macqueen's Bustard,left out (not in BirdNET),
VII,59,244,Rosy Tantalus,Tantalus leucocephalus,yes,probable,Mycteria leucocephala,,high,Mycteria leucocephala,Painted Stork,ku-gould:15531,Mycteria leucocephala,Painted Stork,pinned,
VII,60,248,Rufescent Curlew,Numenius rufescens,yes,unsure,Numenius madagascariensis,,judged,Numenius madagascariensis,Far Eastern Curlew,ku-gould:15527,Numenius arquata,Eurasian Curlew,pinned (review),rufescens Gould is the Far Eastern Curlew; the survey read Eurasian
VII,61,252,Red-billed Erolia (Ibisbill),Ibidorhynchus Struthersi,yes,probable,Ibidorhyncha struthersii,,high,Ibidorhyncha struthersii,Ibisbill,ku-gould:15523,Ibidorhyncha struthersii,Ibisbill,pinned,
VII,62,256,Zic-zac,Pluvianus Aegyptius,yes,not_in_birdnet,,,none,,,ku-gould:15519,Pluvianus a egyptius,Egyptian Plover,left out (not in BirdNET),
VII,63,260,Black-winged Pratincole,Glareola melanoptera,yes,unsure,Glareola nordmanni,,high,,,ku-gould:15515,"Glareola nordmanni Fischer, 1842","Glareola nordmanni Fischer, 1842",left out,"Black-winged Pratincole (Glareola nordmanni, KU), not in BirdNET; the survey's Oriental Pratincole is wrong"
VII,64,264,Cinereous Pratincole,Glareola lactea,yes,exact,Glareola lactea,,high,Glareola lactea,Small Pratincole,ku-gould:15511,Glareola lactea,Small Pratincole,pinned,
VII,65,268,Indian Courser,Cursorius Coromandelicus,yes,not_in_birdnet,,,none,,,ku-gould:15507,Cursorius coromandelicus,Indian Courser,left out (not in BirdNET),
VII,66,272,Spoon-billed Sandpiper,Eurinorhynchus pygmaeus,genus only,probable,Calidris pygmaea,,high,Calidris pygmaea,Spoon-billed Sandpiper,ku-gould:15503,Chrysolophus amherstiae,Lady Amherst's Pheasant,pinned,
VII,67,276,White-breasted Water-hen,Gallinula phoenicura,yes,probable,Amaurornis phoenicurus,,high,Amaurornis phoenicurus,White-breasted Waterhen,ku-gould:15499,Amaurornis phoenicurus,White-breasted Waterhen,pinned,
VII,68,280,Chinese Jacana,Hydrophasianus Sinensis,yes,probable,Hydrophasianus chirurgus,,high,Hydrophasianus chirurgus,Pheasant-tailed Jacana,ku-gould:15495,Hydrophasianus chirurgus,Pheasant-tailed Jacana,pinned,
VII,69,284,Mandarin Duck,Aix galericulata,yes,exact,Aix galericulata,,high,Aix galericulata,Mandarin Duck,ku-gould:15491,Aix galericulata,Mandarin Duck,pinned,
VII,70,288,Black-bellied Tern,Sterna melanogaster,yes,not_in_birdnet,,,none,,,ku-gould:15487,Sterna acuticauda,Black-bellied Tern,left out (not in BirdNET),
VII,71,292,Kurile Guillemot,Uria Carbo,yes,not_in_birdnet,,,none,,,ku-gould:15483,Cepphus carbo,Spectacled Guillemot,left out (not in BirdNET),
