volume,plate,list_name,list_latin,caption_latin,bhl_barcode,bhl_item,leaf,bhl_page,orientation,rotate,scan_url,page_url,sheet_asset,crop_asset,notes
I,1,Wedge-tailed Eagle,Aquila fucosa,Aquila fucosa,birdsAustraliav1Goul,186988,140,48185052,portrait,0,https://bhl-open-data.s3.us-east-2.amazonaws.com/images/birdsAustraliav1Goul/birdsAustraliav1Goul_0140.jp2,https://www.biodiversitylibrary.org/page/48185052,sheet-birdsAustraliav1Goul-0140.jpg,crop-birdsAustraliav1Goul-0140.jpg,"not pinned in Featherframe: stood up and cut by the folio's rules, the crop not reviewed"
I,2,Little Australian Eagle,Aquila Morphnoides,Aquila Morphnoides,birdsAustraliav1Goul,186988,144,48185056,portrait,0,https://bhl-open-data.s3.us-east-2.amazonaws.com/images/birdsAustraliav1Goul/birdsAustraliav1Goul_0144.jp2,https://www.biodiversitylibrary.org/page/48185056,sheet-birdsAustraliav1Goul-0144.jpg,crop-birdsAustraliav1Goul-0144.jpg,"not pinned in Featherframe: stood up and cut by the folio's rules, the crop not reviewed"
I,3,White-bellied Sea Eagle,Ichthyiaetus leucogaster,Ichthyiaetus leucogaster,birdsAustraliav1Goul,186988,148,48185060,portrait,0,https://bhl-open-data.s3.us-east-2.amazonaws.com/images/birdsAustraliav1Goul/birdsAustraliav1Goul_0148.jp2,https://www.biodiversitylibrary.org/page/48185060,sheet-birdsAustraliav1Goul-0148.jpg,crop-birdsAustraliav1Goul-0148.jpg,
I,4,White-breasted Sea Eagle,Haliaster leucosternus,Haliaster leucosternus,birdsAustraliav1Goul,186988,152,48185064,portrait,0,https://bhl-open-data.s3.us-east-2.amazonaws.com/images/birdsAustraliav1Goul/birdsAustraliav1Goul_0152.jp2,https://www.biodiversitylibrary.org/page/48185064,sheet-birdsAustraliav1Goul-0152.jpg,crop-birdsAustraliav1Goul-0152.jpg,
I,5,Whistling Eagle,Haliaster sphenurus,Haliaster sphenurus,birdsAustraliav1Goul,186988,156,48185068,portrait,0,https://bhl-open-data.s3.us-east-2.amazonaws.com/images/birdsAustraliav1Goul/birdsAustraliav1Goul_0156.jp2,https://www.biodiversitylibrary.org/page/48185068,sheet-birdsAustraliav1Goul-0156.jpg,crop-birdsAustraliav1Goul-0156.jpg,
I,6,White-headed Osprey,Pandion leucocephalus,Pandion leucocephalus,birdsAustraliav1Goul,186988,160,48185072,portrait,0,https://bhl-open-data.s3.us-east-2.amazonaws.com/images/birdsAustraliav1Goul/birdsAustraliav1Goul_0160.jp2,https://www.biodiversitylibrary.org/page/48185072,sheet-birdsAustraliav1Goul-0160.jpg,crop-birdsAustraliav1Goul-0160.jpg,
I,7,Grey Falcon,Falco hypoleucus,Falco hypoleucus,birdsAustraliav1Goul,186988,164,48185076,portrait,0,https://bhl-open-data.s3.us-east-2.amazonaws.com/images/birdsAustraliav1Goul/birdsAustraliav1Goul_0164.jp2,https://www.biodiversitylibrary.org/page/48185076,sheet-birdsAustraliav1Goul-0164.jpg,crop-birdsAustraliav1Goul-0164.jpg,"not pinned in Featherframe: stood up and cut by the folio's rules, the crop not reviewed"
I,8,Black-cheeked Falcon,Falco melanogenys,Falco melanogenys,birdsAustraliav1Goul,186988,168,48185080,portrait,0,https://bhl-open-data.s3.us-east-2.amazonaws.com/images/birdsAustraliav1Goul/birdsAustraliav1Goul_0168.jp2,https://www.biodiversitylibrary.org/page/48185080,sheet-birdsAustraliav1Goul-0168.jpg,crop-birdsAustraliav1Goul-0168.jpg,
I,9,Black Falcon,Falco subniger,Falco subniger,birdsAustraliav1Goul,186988,172,48185084,portrait,0,https://bhl-open-data.s3.us-east-2.amazonaws.com/images/birdsAustraliav1Goul/birdsAustraliav1Goul_0172.jp2,https://www.biodiversitylibrary.org/page/48185084,sheet-birdsAustraliav1Goul-0172.jpg,crop-birdsAustraliav1Goul-0172.jpg,"not pinned in Featherframe: stood up and cut by the folio's rules, the crop not reviewed"
I,10,White-fronted Falcon,Falco frontatus,Falco frontatus,birdsAustraliav1Goul,186988,176,48185088,portrait,0,https://bhl-open-data.s3.us-east-2.amazonaws.com/images/birdsAustraliav1Goul/birdsAustraliav1Goul_0176.jp2,https://www.biodiversitylibrary.org/page/48185088,sheet-birdsAustraliav1Goul-0176.jpg,crop-birdsAustraliav1Goul-0176.jpg,"not pinned in Featherframe: stood up and cut by the folio's rules, the crop not reviewed"
I,11,Brown Hawk,Ieracidea Berigora,Ieracidea Berigora,birdsAustraliav1Goul,186988,180,48185092,portrait,0,https://bhl-open-data.s3.us-east-2.amazonaws.com/images/birdsAustraliav1Goul/birdsAustraliav1Goul_0180.jp2,https://www.biodiversitylibrary.org/page/48185092,sheet-birdsAustraliav1Goul-0180.jpg,crop-birdsAustraliav1Goul-0180.jpg,
I,12,Western Brown Hawk,Ieracidea occidentalis,Ieracidea occidentalis,birdsAustraliav1Goul,186988,184,48185096,portrait,0,https://bhl-open-data.s3.us-east-2.amazonaws.com/images/birdsAustraliav1Goul/birdsAustraliav1Goul_0184.jp2,https://www.biodiversitylibrary.org/page/48185096,sheet-birdsAustraliav1Goul-0184.jpg,crop-birdsAustraliav1Goul-0184.jpg,"not pinned in Featherframe: stood up and cut by the folio's rules, the crop not reviewed"
I,13,Nankeen Kestril,Tinnunculus Cenchroides,Tinnunculus Cenchroides,birdsAustraliav1Goul,186988,188,48185100,portrait,0,https://bhl-open-data.s3.us-east-2.amazonaws.com/images/birdsAustraliav1Goul/birdsAustraliav1Goul_0188.jp2,https://www.biodiversitylibrary.org/page/48185100,sheet-birdsAustraliav1Goul-0188.jpg,crop-birdsAustraliav1Goul-0188.jpg,"not pinned in Featherframe: stood up and cut by the folio's rules, the crop not reviewed"
I,14,New Holland Goshawk,Astur Novae-Hollandiae,Astur Novae-Hollandiae,birdsAustraliav1Goul,186988,192,48185104,portrait,0,https://bhl-open-data.s3.us-east-2.amazonaws.com/images/birdsAustraliav1Goul/birdsAustraliav1Goul_0192.jp2,https://www.biodiversitylibrary.org/page/48185104,sheet-birdsAustraliav1Goul-0192.jpg,crop-birdsAustraliav1Goul-0192.jpg,
I,15,White Goshawk,Astur (albino),Astur Novae-Hollandiae (White Variety?),birdsAustraliav1Goul,186988,196,48185108,portrait,0,https://bhl-open-data.s3.us-east-2.amazonaws.com/images/birdsAustraliav1Goul/birdsAustraliav1Goul_0196.jp2,https://www.biodiversitylibrary.org/page/48185108,sheet-birdsAustraliav1Goul-0196.jpg,crop-birdsAustraliav1Goul-0196.jpg,"not pinned in Featherframe: stood up and cut by the folio's rules, the crop not reviewed"
I,16,Radiated Goshawk,Astur radiatus,Astur radiatus,birdsAustraliav1Goul,186988,200,48185112,portrait,0,https://bhl-open-data.s3.us-east-2.amazonaws.com/images/birdsAustraliav1Goul/birdsAustraliav1Goul_0200.jp2,https://www.biodiversitylibrary.org/page/48185112,sheet-birdsAustraliav1Goul-0200.jpg,crop-birdsAustraliav1Goul-0200.jpg,"not pinned in Featherframe: stood up and cut by the folio's rules, the crop not reviewed"
I,17,Australian Goshawk,Astur approximans,Astur approximans,birdsAustraliav1Goul,186988,204,48185116,portrait,0,https://bhl-open-data.s3.us-east-2.amazonaws.com/images/birdsAustraliav1Goul/birdsAustraliav1Goul_0204.jp2,https://www.biodiversitylibrary.org/page/48185116,sheet-birdsAustraliav1Goul-0204.jpg,crop-birdsAustraliav1Goul-0204.jpg,
I,18,West Australian Goshawk,Astur cruentus,Astur cruentus,birdsAustraliav1Goul,186988,208,48185120,portrait,0,https://bhl-open-data.s3.us-east-2.amazonaws.com/images/birdsAustraliav1Goul/birdsAustraliav1Goul_0208.jp2,https://www.biodiversitylibrary.org/page/48185120,sheet-birdsAustraliav1Goul-0208.jpg,crop-birdsAustraliav1Goul-0208.jpg,"not pinned in Featherframe: stood up and cut by the folio's rules, the crop not reviewed"
I,19,Collared Sparrow Hawk,Accipiter torquatus,Accipiter torquatus,birdsAustraliav1Goul,186988,212,48185124,portrait,0,https://bhl-open-data.s3.us-east-2.amazonaws.com/images/birdsAustraliav1Goul/birdsAustraliav1Goul_0212.jp2,https://www.biodiversitylibrary.org/page/48185124,sheet-birdsAustraliav1Goul-0212.jpg,crop-birdsAustraliav1Goul-0212.jpg,
I,20,Black-breasted Buzzard,Buteo melanosternon,Buteo melanosternon,birdsAustraliav1Goul,186988,216,48185128,portrait,0,https://bhl-open-data.s3.us-east-2.amazonaws.com/images/birdsAustraliav1Goul/birdsAustraliav1Goul_0216.jp2,https://www.biodiversitylibrary.org/page/48185128,sheet-birdsAustraliav1Goul-0216.jpg,crop-birdsAustraliav1Goul-0216.jpg,"not pinned in Featherframe: stood up and cut by the folio's rules, the crop not reviewed"
I,21,Allied Kite,Milvus affinis,Milvus affinis,birdsAustraliav1Goul,186988,220,48185132,portrait,0,https://bhl-open-data.s3.us-east-2.amazonaws.com/images/birdsAustraliav1Goul/birdsAustraliav1Goul_0220.jp2,https://www.biodiversitylibrary.org/page/48185132,sheet-birdsAustraliav1Goul-0220.jpg,crop-birdsAustraliav1Goul-0220.jpg,
I,22,Square-tailed Kite,Milvus isurus,Milvus isurus,birdsAustraliav1Goul,186988,224,48185136,portrait,0,https://bhl-open-data.s3.us-east-2.amazonaws.com/images/birdsAustraliav1Goul/birdsAustraliav1Goul_0224.jp2,https://www.biodiversitylibrary.org/page/48185136,sheet-birdsAustraliav1Goul-0224.jpg,crop-birdsAustraliav1Goul-0224.jpg,"not pinned in Featherframe: stood up and cut by the folio's rules, the crop not reviewed"
I,23,Black-shouldered Kite,Elanus axillaris,Elanus axillaris,birdsAustraliav1Goul,186988,228,48185140,portrait,0,https://bhl-open-data.s3.us-east-2.amazonaws.com/images/birdsAustraliav1Goul/birdsAustraliav1Goul_0228.jp2,https://www.biodiversitylibrary.org/page/48185140,sheet-birdsAustraliav1Goul-0228.jpg,crop-birdsAustraliav1Goul-0228.jpg,"not pinned in Featherframe: stood up and cut by the folio's rules, the crop not reviewed"
I,24,Letter-winged Kite,Elanus scriptus,Elanus scriptus,birdsAustraliav1Goul,186988,232,48185144,portrait,0,https://bhl-open-data.s3.us-east-2.amazonaws.com/images/birdsAustraliav1Goul/birdsAustraliav1Goul_0232.jp2,https://www.biodiversitylibrary.org/page/48185144,sheet-birdsAustraliav1Goul-0232.jpg,crop-birdsAustraliav1Goul-0232.jpg,"not pinned in Featherframe: stood up and cut by the folio's rules, the crop not reviewed"
I,25,Crested Hawk,Lepidogenys subcristatus,Lepidogenys subcristatus,birdsAustraliav1Goul,186988,236,48185148,portrait,0,https://bhl-open-data.s3.us-east-2.amazonaws.com/images/birdsAustraliav1Goul/birdsAustraliav1Goul_0236.jp2,https://www.biodiversitylibrary.org/page/48185148,sheet-birdsAustraliav1Goul-0236.jpg,crop-birdsAustraliav1Goul-0236.jpg,
I,26,Allied Harrier,Circus assimilis,Circus assimilis,birdsAustraliav1Goul,186988,240,48185152,portrait,0,https://bhl-open-data.s3.us-east-2.amazonaws.com/images/birdsAustraliav1Goul/birdsAustraliav1Goul_0240.jp2,https://www.biodiversitylibrary.org/page/48185152,sheet-birdsAustraliav1Goul-0240.jpg,crop-birdsAustraliav1Goul-0240.jpg,
I,27,Jardine’s Harrier,Circus Jardinii,Circus Jardinii,birdsAustraliav1Goul,186988,244,48185156,portrait,0,https://bhl-open-data.s3.us-east-2.amazonaws.com/images/birdsAustraliav1Goul/birdsAustraliav1Goul_0244.jp2,https://www.biodiversitylibrary.org/page/48185156,sheet-birdsAustraliav1Goul-0244.jpg,crop-birdsAustraliav1Goul-0244.jpg,"not pinned in Featherframe: stood up and cut by the folio's rules, the crop not reviewed"
I,28,Chestnut-faced Owl,Strix castanops,Strix castanops,birdsAustraliav1Goul,186988,248,48185160,portrait,0,https://bhl-open-data.s3.us-east-2.amazonaws.com/images/birdsAustraliav1Goul/birdsAustraliav1Goul_0248.jp2,https://www.biodiversitylibrary.org/page/48185160,sheet-birdsAustraliav1Goul-0248.jpg,crop-birdsAustraliav1Goul-0248.jpg,
I,29,Masked Barn Owl,Strix personata,Strix personata,birdsAustraliav1Goul,186988,252,48185164,portrait,0,https://bhl-open-data.s3.us-east-2.amazonaws.com/images/birdsAustraliav1Goul/birdsAustraliav1Goul_0252.jp2,https://www.biodiversitylibrary.org/page/48185164,sheet-birdsAustraliav1Goul-0252.jpg,crop-birdsAustraliav1Goul-0252.jpg,"not pinned in Featherframe: stood up and cut by the folio's rules, the crop not reviewed"
I,30,Sooty Owl,Strix tenebricosus,Strix tenebricosus,birdsAustraliav1Goul,186988,256,48185168,portrait,0,https://bhl-open-data.s3.us-east-2.amazonaws.com/images/birdsAustraliav1Goul/birdsAustraliav1Goul_0256.jp2,https://www.biodiversitylibrary.org/page/48185168,sheet-birdsAustraliav1Goul-0256.jpg,crop-birdsAustraliav1Goul-0256.jpg,
I,31,Delicate Owl,Strix delicatulus,Strix delicatulus,birdsAustraliav1Goul,186988,260,48185172,portrait,0,https://bhl-open-data.s3.us-east-2.amazonaws.com/images/birdsAustraliav1Goul/birdsAustraliav1Goul_0260.jp2,https://www.biodiversitylibrary.org/page/48185172,sheet-birdsAustraliav1Goul-0260.jpg,crop-birdsAustraliav1Goul-0260.jpg,
I,32,Boobook Owl,Athene Boobook,Athene Boobook,birdsAustraliav1Goul,186988,264,48185176,portrait,0,https://bhl-open-data.s3.us-east-2.amazonaws.com/images/birdsAustraliav1Goul/birdsAustraliav1Goul_0264.jp2,https://www.biodiversitylibrary.org/page/48185176,sheet-birdsAustraliav1Goul-0264.jpg,crop-birdsAustraliav1Goul-0264.jpg,
I,33,Spotted Owl,Athene maculata,Athene maculata,birdsAustraliav1Goul,186988,268,48185180,portrait,0,https://bhl-open-data.s3.us-east-2.amazonaws.com/images/birdsAustraliav1Goul/birdsAustraliav1Goul_0268.jp2,https://www.biodiversitylibrary.org/page/48185180,sheet-birdsAustraliav1Goul-0268.jpg,crop-birdsAustraliav1Goul-0268.jpg,"not pinned in Featherframe: stood up and cut by the folio's rules, the crop not reviewed"
I,34,Winking Owl,Athene connivens,Athene connivens,birdsAustraliav1Goul,186988,272,48185184,portrait,0,https://bhl-open-data.s3.us-east-2.amazonaws.com/images/birdsAustraliav1Goul/birdsAustraliav1Goul_0272.jp2,https://www.biodiversitylibrary.org/page/48185184,sheet-birdsAustraliav1Goul-0272.jpg,crop-birdsAustraliav1Goul-0272.jpg,
I,35,Powerful Owl,Athene strenua,Athene strenua,birdsAustraliav1Goul,186988,276,48185188,portrait,0,https://bhl-open-data.s3.us-east-2.amazonaws.com/images/birdsAustraliav1Goul/birdsAustraliav1Goul_0276.jp2,https://www.biodiversitylibrary.org/page/48185188,sheet-birdsAustraliav1Goul-0276.jpg,crop-birdsAustraliav1Goul-0276.jpg,
I,36,Rufous Owl,Athene rufa,Athene rufa,birdsAustraliav1Goul,186988,280,48185192,portrait,0,https://bhl-open-data.s3.us-east-2.amazonaws.com/images/birdsAustraliav1Goul/birdsAustraliav1Goul_0280.jp2,https://www.biodiversitylibrary.org/page/48185192,sheet-birdsAustraliav1Goul-0280.jpg,crop-birdsAustraliav1Goul-0280.jpg,"not pinned in Featherframe: stood up and cut by the folio's rules, the crop not reviewed"
II,1,Owlet Nightjar,Aegotheles Novae-Hollandiae,Aegotheles Novae-Hollandiae,birdsAustraliav2Goul,187062,12,48200492,portrait,0,https://bhl-open-data.s3.us-east-2.amazonaws.com/images/birdsAustraliav2Goul/birdsAustraliav2Goul_0012.jp2,https://www.biodiversitylibrary.org/page/48200492,sheet-birdsAustraliav2Goul-0012.jpg,crop-birdsAustraliav2Goul-0012.jpg,
II,2,White-bellied Owlet Nightjar,Aegotheles leucogaster,Aegotheles leucogaster,birdsAustraliav2Goul,187062,16,48200496,portrait,0,https://bhl-open-data.s3.us-east-2.amazonaws.com/images/birdsAustraliav2Goul/birdsAustraliav2Goul_0016.jp2,https://www.biodiversitylibrary.org/page/48200496,sheet-birdsAustraliav2Goul-0016.jpg,crop-birdsAustraliav2Goul-0016.jpg,"not pinned in Featherframe: stood up and cut by the folio's rules, the crop not reviewed"
II,3,Tawny-shouldered Podargus,Podargus humeralis,Podargus humeralis,birdsAustraliav2Goul,187062,20,48200500,portrait,0,https://bhl-open-data.s3.us-east-2.amazonaws.com/images/birdsAustraliav2Goul/birdsAustraliav2Goul_0020.jp2,https://www.biodiversitylibrary.org/page/48200500,sheet-birdsAustraliav2Goul-0020.jpg,crop-birdsAustraliav2Goul-0020.jpg,
II,4,Cuvier’s Podargus,Podargus Cuvieri,Podargus Cuvieri,birdsAustraliav2Goul,187062,24,48200504,portrait,0,https://bhl-open-data.s3.us-east-2.amazonaws.com/images/birdsAustraliav2Goul/birdsAustraliav2Goul_0024.jp2,https://www.biodiversitylibrary.org/page/48200504,sheet-birdsAustraliav2Goul-0024.jpg,crop-birdsAustraliav2Goul-0024.jpg,"not pinned in Featherframe: stood up and cut by the folio's rules, the crop not reviewed"
II,5,Moth-plumaged Podargus,Podargus Phalaenoides,Podargus Phalaenoides,birdsAustraliav2Goul,187062,28,48200508,portrait,0,https://bhl-open-data.s3.us-east-2.amazonaws.com/images/birdsAustraliav2Goul/birdsAustraliav2Goul_0028.jp2,https://www.biodiversitylibrary.org/page/48200508,sheet-birdsAustraliav2Goul-0028.jpg,crop-birdsAustraliav2Goul-0028.jpg,"not pinned in Featherframe: stood up and cut by the folio's rules, the crop not reviewed"
II,6,Plumed Podargus,Podargus plumiferus,Podargus plumiferus,birdsAustraliav2Goul,187062,32,48200512,portrait,0,https://bhl-open-data.s3.us-east-2.amazonaws.com/images/birdsAustraliav2Goul/birdsAustraliav2Goul_0032.jp2,https://www.biodiversitylibrary.org/page/48200512,sheet-birdsAustraliav2Goul-0032.jpg,crop-birdsAustraliav2Goul-0032.jpg,
II,7,White-throated Goat-sucker,Eurostopodus albogularis,Eurostopodus albogularis,birdsAustraliav2Goul,187062,36,48200516,portrait,0,https://bhl-open-data.s3.us-east-2.amazonaws.com/images/birdsAustraliav2Goul/birdsAustraliav2Goul_0036.jp2,https://www.biodiversitylibrary.org/page/48200516,sheet-birdsAustraliav2Goul-0036.jpg,crop-birdsAustraliav2Goul-0036.jpg,
II,8,Spotted Goat-sucker,Eurostopodus guttatus,Eurostopodus guttatus,birdsAustraliav2Goul,187062,40,48200520,portrait,0,https://bhl-open-data.s3.us-east-2.amazonaws.com/images/birdsAustraliav2Goul/birdsAustraliav2Goul_0040.jp2,https://www.biodiversitylibrary.org/page/48200520,sheet-birdsAustraliav2Goul-0040.jpg,crop-birdsAustraliav2Goul-0040.jpg,
II,9,Large-tailed Goat-sucker,Caprimulgus macrurus,Caprimulgus macrurus,birdsAustraliav2Goul,187062,44,48200524,portrait,0,https://bhl-open-data.s3.us-east-2.amazonaws.com/images/birdsAustraliav2Goul/birdsAustraliav2Goul_0044.jp2,https://www.biodiversitylibrary.org/page/48200524,sheet-birdsAustraliav2Goul-0044.jpg,crop-birdsAustraliav2Goul-0044.jpg,
II,10,Australian Spine-tailed Swallow,Acanthylis caudacuta,Acanthylis caudacuta,birdsAustraliav2Goul,187062,48,48200528,portrait,0,https://bhl-open-data.s3.us-east-2.amazonaws.com/images/birdsAustraliav2Goul/birdsAustraliav2Goul_0048.jp2,https://www.biodiversitylibrary.org/page/48200528,sheet-birdsAustraliav2Goul-0048.jpg,crop-birdsAustraliav2Goul-0048.jpg,
II,11,Australian Swift,Cypselus Australis,Cypselus Australis,birdsAustraliav2Goul,187062,52,48200532,portrait,0,https://bhl-open-data.s3.us-east-2.amazonaws.com/images/birdsAustraliav2Goul/birdsAustraliav2Goul_0052.jp2,https://www.biodiversitylibrary.org/page/48200532,sheet-birdsAustraliav2Goul-0052.jpg,crop-birdsAustraliav2Goul-0052.jpg,
II,12,White-breasted Swallow,Atticora leucosternon,Atticora leucosternon,birdsAustraliav2Goul,187062,56,48200536,portrait,0,https://bhl-open-data.s3.us-east-2.amazonaws.com/images/birdsAustraliav2Goul/birdsAustraliav2Goul_0056.jp2,https://www.biodiversitylibrary.org/page/48200536,sheet-birdsAustraliav2Goul-0056.jpg,crop-birdsAustraliav2Goul-0056.jpg,"not pinned in Featherframe: stood up and cut by the folio's rules, the crop not reviewed"
II,13,Welcome Swallow,Hirundo neoxena,Hirundo neoxena,birdsAustraliav2Goul,187062,60,48200540,portrait,0,https://bhl-open-data.s3.us-east-2.amazonaws.com/images/birdsAustraliav2Goul/birdsAustraliav2Goul_0060.jp2,https://www.biodiversitylibrary.org/page/48200540,sheet-birdsAustraliav2Goul-0060.jpg,crop-birdsAustraliav2Goul-0060.jpg,
II,14,Tree Martin,Collocalia arborea,Collocalia arborea,birdsAustraliav2Goul,187062,64,48200544,portrait,0,https://bhl-open-data.s3.us-east-2.amazonaws.com/images/birdsAustraliav2Goul/birdsAustraliav2Goul_0064.jp2,https://www.biodiversitylibrary.org/page/48200544,sheet-birdsAustraliav2Goul-0064.jpg,crop-birdsAustraliav2Goul-0064.jpg,
II,15,Fairy Martin,Collocalia Ariel,Collocalia Ariel,birdsAustraliav2Goul,187062,68,48200548,portrait,0,https://bhl-open-data.s3.us-east-2.amazonaws.com/images/birdsAustraliav2Goul/birdsAustraliav2Goul_0068.jp2,https://www.biodiversitylibrary.org/page/48200548,sheet-birdsAustraliav2Goul-0068.jpg,crop-birdsAustraliav2Goul-0068.jpg,
II,16,Australian Bee-eater,Merops ornatus,Merops ornatus,birdsAustraliav2Goul,187062,72,48200552,portrait,0,https://bhl-open-data.s3.us-east-2.amazonaws.com/images/birdsAustraliav2Goul/birdsAustraliav2Goul_0072.jp2,https://www.biodiversitylibrary.org/page/48200552,sheet-birdsAustraliav2Goul-0072.jpg,crop-birdsAustraliav2Goul-0072.jpg,
II,17,Australian Roller,Eurystomus Australis,Eurystomus Australis,birdsAustraliav2Goul,187062,76,48200556,portrait,0,https://bhl-open-data.s3.us-east-2.amazonaws.com/images/birdsAustraliav2Goul/birdsAustraliav2Goul_0076.jp2,https://www.biodiversitylibrary.org/page/48200556,sheet-birdsAustraliav2Goul-0076.jpg,crop-birdsAustraliav2Goul-0076.jpg,
II,18,Great Brown Kingfisher,Dacelo gigantea,Dacelo gigantea,birdsAustraliav2Goul,187062,80,48200560,portrait,0,https://bhl-open-data.s3.us-east-2.amazonaws.com/images/birdsAustraliav2Goul/birdsAustraliav2Goul_0080.jp2,https://www.biodiversitylibrary.org/page/48200560,sheet-birdsAustraliav2Goul-0080.jpg,crop-birdsAustraliav2Goul-0080.jpg,
II,19,Leach’s Kingfisher,Dacelo Leachii,Dacelo Leachii,birdsAustraliav2Goul,187062,84,48200564,portrait,0,https://bhl-open-data.s3.us-east-2.amazonaws.com/images/birdsAustraliav2Goul/birdsAustraliav2Goul_0084.jp2,https://www.biodiversitylibrary.org/page/48200564,sheet-birdsAustraliav2Goul-0084.jpg,crop-birdsAustraliav2Goul-0084.jpg,
II,20,Fawn-breasted Kingfisher,Dacelo cervina,Dacelo cervina,birdsAustraliav2Goul,187062,88,48200568,portrait,0,https://bhl-open-data.s3.us-east-2.amazonaws.com/images/birdsAustraliav2Goul/birdsAustraliav2Goul_0088.jp2,https://www.biodiversitylibrary.org/page/48200568,sheet-birdsAustraliav2Goul-0088.jpg,crop-birdsAustraliav2Goul-0088.jpg,"not pinned in Featherframe: stood up and cut by the folio's rules, the crop not reviewed"
II,21,Sacred Halcyon,Halcyon sanctus,Halcyon sanctus,birdsAustraliav2Goul,187062,92,48200572,portrait,0,https://bhl-open-data.s3.us-east-2.amazonaws.com/images/birdsAustraliav2Goul/birdsAustraliav2Goul_0092.jp2,https://www.biodiversitylibrary.org/page/48200572,sheet-birdsAustraliav2Goul-0092.jpg,crop-birdsAustraliav2Goul-0092.jpg,
II,22,Red-backed Halcyon,Halcyon pyrrhopygia,Halcyon pyrrhopygia,birdsAustraliav2Goul,187062,96,48200576,portrait,0,https://bhl-open-data.s3.us-east-2.amazonaws.com/images/birdsAustraliav2Goul/birdsAustraliav2Goul_0096.jp2,https://www.biodiversitylibrary.org/page/48200576,sheet-birdsAustraliav2Goul-0096.jpg,crop-birdsAustraliav2Goul-0096.jpg,"not pinned in Featherframe: stood up and cut by the folio's rules, the crop not reviewed"
II,23,Sordid Halcyon,Halcyon sordidus,Halcyon sordidus,birdsAustraliav2Goul,187062,100,48200580,portrait,0,https://bhl-open-data.s3.us-east-2.amazonaws.com/images/birdsAustraliav2Goul/birdsAustraliav2Goul_0100.jp2,https://www.biodiversitylibrary.org/page/48200580,sheet-birdsAustraliav2Goul-0100.jpg,crop-birdsAustraliav2Goul-0100.jpg,
II,24,MacLeay’s Halcyon,Halcyon MacLeayii,Halcyon MacLeayii,birdsAustraliav2Goul,187062,104,48200584,portrait,0,https://bhl-open-data.s3.us-east-2.amazonaws.com/images/birdsAustraliav2Goul/birdsAustraliav2Goul_0104.jp2,https://www.biodiversitylibrary.org/page/48200584,sheet-birdsAustraliav2Goul-0104.jpg,crop-birdsAustraliav2Goul-0104.jpg,
II,25,Azure Kingfisher,Alcyone azurea,Alcyone azurea,birdsAustraliav2Goul,187062,108,48200588,portrait,0,https://bhl-open-data.s3.us-east-2.amazonaws.com/images/birdsAustraliav2Goul/birdsAustraliav2Goul_0108.jp2,https://www.biodiversitylibrary.org/page/48200588,sheet-birdsAustraliav2Goul-0108.jpg,crop-birdsAustraliav2Goul-0108.jpg,
II,26,Little Kingfisher,Alcyone pusilla,Alcyone pusilla,birdsAustraliav2Goul,187062,112,48200592,portrait,0,https://bhl-open-data.s3.us-east-2.amazonaws.com/images/birdsAustraliav2Goul/birdsAustraliav2Goul_0112.jp2,https://www.biodiversitylibrary.org/page/48200592,sheet-birdsAustraliav2Goul-0112.jpg,crop-birdsAustraliav2Goul-0112.jpg,"not pinned in Featherframe: stood up and cut by the folio's rules, the crop not reviewed"
II,27,Wood Swallow,Artamus sordidus,Artamus sordidus,birdsAustraliav2Goul,187062,116,48200596,portrait,0,https://bhl-open-data.s3.us-east-2.amazonaws.com/images/birdsAustraliav2Goul/birdsAustraliav2Goul_0116.jp2,https://www.biodiversitylibrary.org/page/48200596,sheet-birdsAustraliav2Goul-0116.jpg,crop-birdsAustraliav2Goul-0116.jpg,
II,28,Little Wood Swallow,Artamus minor,Artamus minor,birdsAustraliav2Goul,187062,120,48200600,portrait,0,https://bhl-open-data.s3.us-east-2.amazonaws.com/images/birdsAustraliav2Goul/birdsAustraliav2Goul_0120.jp2,https://www.biodiversitylibrary.org/page/48200600,sheet-birdsAustraliav2Goul-0120.jpg,crop-birdsAustraliav2Goul-0120.jpg,"not pinned in Featherframe: stood up and cut by the folio's rules, the crop not reviewed"
II,29,Grey-breasted Wood Swallow,Artamus cinereus,Artamus cinereus,birdsAustraliav2Goul,187062,124,48200604,portrait,0,https://bhl-open-data.s3.us-east-2.amazonaws.com/images/birdsAustraliav2Goul/birdsAustraliav2Goul_0124.jp2,https://www.biodiversitylibrary.org/page/48200604,sheet-birdsAustraliav2Goul-0124.jpg,crop-birdsAustraliav2Goul-0124.jpg,
II,30,White-vented Wood Swallow,Artamus albiventris,Artamus albiventris,birdsAustraliav2Goul,187062,128,48200608,portrait,0,https://bhl-open-data.s3.us-east-2.amazonaws.com/images/birdsAustraliav2Goul/birdsAustraliav2Goul_0128.jp2,https://www.biodiversitylibrary.org/page/48200608,sheet-birdsAustraliav2Goul-0128.jpg,crop-birdsAustraliav2Goul-0128.jpg,"not pinned in Featherframe: stood up and cut by the folio's rules, the crop not reviewed"
II,31,Masked Wood Swallow,Artamus personatus,Artamus personatus,birdsAustraliav2Goul,187062,132,48200612,portrait,0,https://bhl-open-data.s3.us-east-2.amazonaws.com/images/birdsAustraliav2Goul/birdsAustraliav2Goul_0132.jp2,https://www.biodiversitylibrary.org/page/48200612,sheet-birdsAustraliav2Goul-0132.jpg,crop-birdsAustraliav2Goul-0132.jpg,
II,32,White-eyebrowed Wood Swallow,Artamus superciliosus,Artamus superciliosus,birdsAustraliav2Goul,187062,136,48200616,portrait,0,https://bhl-open-data.s3.us-east-2.amazonaws.com/images/birdsAustraliav2Goul/birdsAustraliav2Goul_0136.jp2,https://www.biodiversitylibrary.org/page/48200616,sheet-birdsAustraliav2Goul-0136.jpg,crop-birdsAustraliav2Goul-0136.jpg,
II,33,White-rumped Wood Swallow,Artamus leucopygialis,Artamus leucopygialis,birdsAustraliav2Goul,187062,140,48200620,portrait,0,https://bhl-open-data.s3.us-east-2.amazonaws.com/images/birdsAustraliav2Goul/birdsAustraliav2Goul_0140.jp2,https://www.biodiversitylibrary.org/page/48200620,sheet-birdsAustraliav2Goul-0140.jpg,crop-birdsAustraliav2Goul-0140.jpg,
II,34,Swallow Dicæum,Dicaeum hirundinaceum,Dicaeum hirundinaceum,birdsAustraliav2Goul,187062,144,48200624,portrait,0,https://bhl-open-data.s3.us-east-2.amazonaws.com/images/birdsAustraliav2Goul/birdsAustraliav2Goul_0144.jp2,https://www.biodiversitylibrary.org/page/48200624,sheet-birdsAustraliav2Goul-0144.jpg,crop-birdsAustraliav2Goul-0144.jpg,
II,35,Spotted Pardalote,Pardalotus punctatus,Pardalotus punctatus,birdsAustraliav2Goul,187062,148,48200628,portrait,0,https://bhl-open-data.s3.us-east-2.amazonaws.com/images/birdsAustraliav2Goul/birdsAustraliav2Goul_0148.jp2,https://www.biodiversitylibrary.org/page/48200628,sheet-birdsAustraliav2Goul-0148.jpg,crop-birdsAustraliav2Goul-0148.jpg,
II,36,Red-lored Pardalote,Pardalotus rubricatus,Pardalotus rubricatus,birdsAustraliav2Goul,187062,152,48200632,portrait,0,https://bhl-open-data.s3.us-east-2.amazonaws.com/images/birdsAustraliav2Goul/birdsAustraliav2Goul_0152.jp2,https://www.biodiversitylibrary.org/page/48200632,sheet-birdsAustraliav2Goul-0152.jpg,crop-birdsAustraliav2Goul-0152.jpg,
II,37,Forty-spotted Pardalote,Pardalotus quadragintus,Pardalotus quadragintus,birdsAustraliav2Goul,187062,156,48200636,portrait,0,https://bhl-open-data.s3.us-east-2.amazonaws.com/images/birdsAustraliav2Goul/birdsAustraliav2Goul_0156.jp2,https://www.biodiversitylibrary.org/page/48200636,sheet-birdsAustraliav2Goul-0156.jpg,crop-birdsAustraliav2Goul-0156.jpg,"not pinned in Featherframe: stood up and cut by the folio's rules, the crop not reviewed"
II,38,Striated Pardalote,Pardalotus striatus,Pardalotus striatus,birdsAustraliav2Goul,187062,160,48200640,portrait,0,https://bhl-open-data.s3.us-east-2.amazonaws.com/images/birdsAustraliav2Goul/birdsAustraliav2Goul_0160.jp2,https://www.biodiversitylibrary.org/page/48200640,sheet-birdsAustraliav2Goul-0160.jpg,crop-birdsAustraliav2Goul-0160.jpg,
II,39,Allied Pardalote,Pardalotus affinis,Pardalotus affinis,birdsAustraliav2Goul,187062,164,48200644,portrait,0,https://bhl-open-data.s3.us-east-2.amazonaws.com/images/birdsAustraliav2Goul/birdsAustraliav2Goul_0164.jp2,https://www.biodiversitylibrary.org/page/48200644,sheet-birdsAustraliav2Goul-0164.jpg,crop-birdsAustraliav2Goul-0164.jpg,"not pinned in Featherframe: stood up and cut by the folio's rules, the crop not reviewed"
II,40,Black-headed Pardalote,Pardalotus melanocephalus,Pardalotus melanocephalus,birdsAustraliav2Goul,187062,168,48200648,portrait,0,https://bhl-open-data.s3.us-east-2.amazonaws.com/images/birdsAustraliav2Goul/birdsAustraliav2Goul_0168.jp2,https://www.biodiversitylibrary.org/page/48200648,sheet-birdsAustraliav2Goul-0168.jpg,crop-birdsAustraliav2Goul-0168.jpg,"not pinned in Featherframe: stood up and cut by the folio's rules, the crop not reviewed"
II,41,Yellow-rumped Pardalote,Pardalotus uropygialis,Pardalotus uropygialis,birdsAustraliav2Goul,187062,172,48200652,portrait,0,https://bhl-open-data.s3.us-east-2.amazonaws.com/images/birdsAustraliav2Goul/birdsAustraliav2Goul_0172.jp2,https://www.biodiversitylibrary.org/page/48200652,sheet-birdsAustraliav2Goul-0172.jpg,crop-birdsAustraliav2Goul-0172.jpg,"not pinned in Featherframe: stood up and cut by the folio's rules, the crop not reviewed"
II,42,Great Crow-Shrike,Strepera graculina,Strepera graculina,birdsAustraliav2Goul,187062,176,48200656,portrait,0,https://bhl-open-data.s3.us-east-2.amazonaws.com/images/birdsAustraliav2Goul/birdsAustraliav2Goul_0176.jp2,https://www.biodiversitylibrary.org/page/48200656,sheet-birdsAustraliav2Goul-0176.jpg,crop-birdsAustraliav2Goul-0176.jpg,
II,43,Sooty Crow-Shrike,Strepera fuliginosa,Strepera fuliginosa,birdsAustraliav2Goul,187062,180,48200660,portrait,0,https://bhl-open-data.s3.us-east-2.amazonaws.com/images/birdsAustraliav2Goul/birdsAustraliav2Goul_0180.jp2,https://www.biodiversitylibrary.org/page/48200660,sheet-birdsAustraliav2Goul-0180.jpg,crop-birdsAustraliav2Goul-0180.jpg,
II,44,Hill Crow-Shrike,Strepera arguta,Strepera arguta,birdsAustraliav2Goul,187062,184,48200664,portrait,0,https://bhl-open-data.s3.us-east-2.amazonaws.com/images/birdsAustraliav2Goul/birdsAustraliav2Goul_0184.jp2,https://www.biodiversitylibrary.org/page/48200664,sheet-birdsAustraliav2Goul-0184.jpg,crop-birdsAustraliav2Goul-0184.jpg,
II,45,Grey Crow-Shrike,Strepera Anaphonensis,Strepera Anaphonensis,birdsAustraliav2Goul,187062,188,48200668,portrait,0,https://bhl-open-data.s3.us-east-2.amazonaws.com/images/birdsAustraliav2Goul/birdsAustraliav2Goul_0188.jp2,https://www.biodiversitylibrary.org/page/48200668,sheet-birdsAustraliav2Goul-0188.jpg,crop-birdsAustraliav2Goul-0188.jpg,"not pinned in Featherframe: stood up and cut by the folio's rules, the crop not reviewed"
II,46,Piping Crow-Shrike,Gymnorhina Tibicen,Gymnorhina Tibicen,birdsAustraliav2Goul,187062,192,48200672,portrait,0,https://bhl-open-data.s3.us-east-2.amazonaws.com/images/birdsAustraliav2Goul/birdsAustraliav2Goul_0192.jp2,https://www.biodiversitylibrary.org/page/48200672,sheet-birdsAustraliav2Goul-0192.jpg,crop-birdsAustraliav2Goul-0192.jpg,
II,47,White-backed Crow-Shrike,Gymnorhina leuconota,Gymnorhina leuconota,birdsAustraliav2Goul,187062,196,48200676,portrait,0,https://bhl-open-data.s3.us-east-2.amazonaws.com/images/birdsAustraliav2Goul/birdsAustraliav2Goul_0196.jp2,https://www.biodiversitylibrary.org/page/48200676,sheet-birdsAustraliav2Goul-0196.jpg,crop-birdsAustraliav2Goul-0196.jpg,"not pinned in Featherframe: stood up and cut by the folio's rules, the crop not reviewed"
II,48,Tasmanian Crow-Shrike,Gymnorhina organicum,Gymnorhina organicum,birdsAustraliav2Goul,187062,200,48200680,portrait,0,https://bhl-open-data.s3.us-east-2.amazonaws.com/images/birdsAustraliav2Goul/birdsAustraliav2Goul_0200.jp2,https://www.biodiversitylibrary.org/page/48200680,sheet-birdsAustraliav2Goul-0200.jpg,crop-birdsAustraliav2Goul-0200.jpg,"not pinned in Featherframe: stood up and cut by the folio's rules, the crop not reviewed"
II,49,Black-throated Crow-Shrike,Cracticus nigrogularis,Cracticus nigrogularis,birdsAustraliav2Goul,187062,204,48200684,portrait,0,https://bhl-open-data.s3.us-east-2.amazonaws.com/images/birdsAustraliav2Goul/birdsAustraliav2Goul_0204.jp2,https://www.biodiversitylibrary.org/page/48200684,sheet-birdsAustraliav2Goul-0204.jpg,crop-birdsAustraliav2Goul-0204.jpg,
II,50,Pied Crow-Shrike,Cracticus picatus,Cracticus picatus,birdsAustraliav2Goul,187062,208,48200688,portrait,0,https://bhl-open-data.s3.us-east-2.amazonaws.com/images/birdsAustraliav2Goul/birdsAustraliav2Goul_0208.jp2,https://www.biodiversitylibrary.org/page/48200688,sheet-birdsAustraliav2Goul-0208.jpg,crop-birdsAustraliav2Goul-0208.jpg,"not pinned in Featherframe: stood up and cut by the folio's rules, the crop not reviewed"
II,51,Silvery-backed Butcher-Bird,Cracticus argenteus,Cracticus argenteus,birdsAustraliav2Goul,187062,212,48200692,portrait,0,https://bhl-open-data.s3.us-east-2.amazonaws.com/images/birdsAustraliav2Goul/birdsAustraliav2Goul_0212.jp2,https://www.biodiversitylibrary.org/page/48200692,sheet-birdsAustraliav2Goul-0212.jpg,crop-birdsAustraliav2Goul-0212.jpg,
II,52,Butcher-Bird,Cracticus destructor,Cracticus destructor,birdsAustraliav2Goul,187062,216,48200696,portrait,0,https://bhl-open-data.s3.us-east-2.amazonaws.com/images/birdsAustraliav2Goul/birdsAustraliav2Goul_0216.jp2,https://www.biodiversitylibrary.org/page/48200696,sheet-birdsAustraliav2Goul-0216.jpg,crop-birdsAustraliav2Goul-0216.jpg,"not pinned in Featherframe: stood up and cut by the folio's rules, the crop not reviewed"
II,53,Quoy’s Crow-Shrike,Cracticus Quoyii,Cracticus Quoyii,birdsAustraliav2Goul,187062,220,48200700,portrait,0,https://bhl-open-data.s3.us-east-2.amazonaws.com/images/birdsAustraliav2Goul/birdsAustraliav2Goul_0220.jp2,https://www.biodiversitylibrary.org/page/48200700,sheet-birdsAustraliav2Goul-0220.jpg,crop-birdsAustraliav2Goul-0220.jpg,
II,54,Pied Grallina,Grallina Australis,Grallina Australis,birdsAustraliav2Goul,187062,224,48200704,portrait,0,https://bhl-open-data.s3.us-east-2.amazonaws.com/images/birdsAustraliav2Goul/birdsAustraliav2Goul_0224.jp2,https://www.biodiversitylibrary.org/page/48200704,sheet-birdsAustraliav2Goul-0224.jpg,crop-birdsAustraliav2Goul-0224.jpg,
II,55,Black-faced Graucalus,Graucalus melanops,Graucalus melanops,birdsAustraliav2Goul,187062,228,48200708,portrait,0,https://bhl-open-data.s3.us-east-2.amazonaws.com/images/birdsAustraliav2Goul/birdsAustraliav2Goul_0228.jp2,https://www.biodiversitylibrary.org/page/48200708,sheet-birdsAustraliav2Goul-0228.jpg,crop-birdsAustraliav2Goul-0228.jpg,
II,56,Varied Graucalus,Graucalus mentalis,Graucalus mentalis,birdsAustraliav2Goul,187062,232,48200712,portrait,0,https://bhl-open-data.s3.us-east-2.amazonaws.com/images/birdsAustraliav2Goul/birdsAustraliav2Goul_0232.jp2,https://www.biodiversitylibrary.org/page/48200712,sheet-birdsAustraliav2Goul-0232.jpg,crop-birdsAustraliav2Goul-0232.jpg,"not pinned in Featherframe: stood up and cut by the folio's rules, the crop not reviewed"
II,57,White-bellied Graucalus,Graucalus hypoleucus,Graucalus hypoleucus,birdsAustraliav2Goul,187062,236,48200716,portrait,0,https://bhl-open-data.s3.us-east-2.amazonaws.com/images/birdsAustraliav2Goul/birdsAustraliav2Goul_0236.jp2,https://www.biodiversitylibrary.org/page/48200716,sheet-birdsAustraliav2Goul-0236.jpg,crop-birdsAustraliav2Goul-0236.jpg,
II,58,Swainson’s Graucalus,Graucalus Swainsonii,Graucalus Swainsonii,birdsAustraliav2Goul,187062,240,48200720,portrait,0,https://bhl-open-data.s3.us-east-2.amazonaws.com/images/birdsAustraliav2Goul/birdsAustraliav2Goul_0240.jp2,https://www.biodiversitylibrary.org/page/48200720,sheet-birdsAustraliav2Goul-0240.jpg,crop-birdsAustraliav2Goul-0240.jpg,
II,59,Ground Graucalus,Pteropodocys Phasianella,Pteropodocys Phasianella,birdsAustraliav2Goul,187062,244,48200724,portrait,0,https://bhl-open-data.s3.us-east-2.amazonaws.com/images/birdsAustraliav2Goul/birdsAustraliav2Goul_0244.jp2,https://www.biodiversitylibrary.org/page/48200724,sheet-birdsAustraliav2Goul-0244.jpg,crop-birdsAustraliav2Goul-0244.jpg,"not pinned in Featherframe: stood up and cut by the folio's rules, the crop not reviewed"
II,60,Jardine’s Campephaga,Campephaga Jardinii,Campephaga Jardinii,birdsAustraliav2Goul,187062,248,48200728,portrait,0,https://bhl-open-data.s3.us-east-2.amazonaws.com/images/birdsAustraliav2Goul/birdsAustraliav2Goul_0248.jp2,https://www.biodiversitylibrary.org/page/48200728,sheet-birdsAustraliav2Goul-0248.jpg,crop-birdsAustraliav2Goul-0248.jpg,
II,61,Northern Campephaga,Campephaga Karu,Campephaga Karu,birdsAustraliav2Goul,187062,252,48200732,portrait,0,https://bhl-open-data.s3.us-east-2.amazonaws.com/images/birdsAustraliav2Goul/birdsAustraliav2Goul_0252.jp2,https://www.biodiversitylibrary.org/page/48200732,sheet-birdsAustraliav2Goul-0252.jpg,crop-birdsAustraliav2Goul-0252.jpg,"not pinned in Featherframe: stood up and cut by the folio's rules, the crop not reviewed"
II,62,Black and White Campephaga,Campephaga leucomela,Campephaga leucomela,birdsAustraliav2Goul,187062,256,48200736,portrait,0,https://bhl-open-data.s3.us-east-2.amazonaws.com/images/birdsAustraliav2Goul/birdsAustraliav2Goul_0256.jp2,https://www.biodiversitylibrary.org/page/48200736,sheet-birdsAustraliav2Goul-0256.jpg,crop-birdsAustraliav2Goul-0256.jpg,
II,63,White-shouldered Campephaga,Campephaga humeralis,Campephaga humeralis,birdsAustraliav2Goul,187062,260,48200740,portrait,0,https://bhl-open-data.s3.us-east-2.amazonaws.com/images/birdsAustraliav2Goul/birdsAustraliav2Goul_0260.jp2,https://www.biodiversitylibrary.org/page/48200740,sheet-birdsAustraliav2Goul-0260.jpg,crop-birdsAustraliav2Goul-0260.jpg,
II,64,Guttural Pachycephala,Pachycephala gutturalis,Pachycephala gutturalis,birdsAustraliav2Goul,187062,264,48200744,portrait,0,https://bhl-open-data.s3.us-east-2.amazonaws.com/images/birdsAustraliav2Goul/birdsAustraliav2Goul_0264.jp2,https://www.biodiversitylibrary.org/page/48200744,sheet-birdsAustraliav2Goul-0264.jpg,crop-birdsAustraliav2Goul-0264.jpg,"not pinned in Featherframe: stood up and cut by the folio's rules, the crop not reviewed"
II,65,Grey-tailed Pachycephala,Pachycephala glaucura,Pachycephala glaucura,birdsAustraliav2Goul,187062,268,48200748,portrait,0,https://bhl-open-data.s3.us-east-2.amazonaws.com/images/birdsAustraliav2Goul/birdsAustraliav2Goul_0268.jp2,https://www.biodiversitylibrary.org/page/48200748,sheet-birdsAustraliav2Goul-0268.jpg,crop-birdsAustraliav2Goul-0268.jpg,
II,66,Black-tailed Pachycephala,Pachycephala melanura,Pachycephala melanura,birdsAustraliav2Goul,187062,272,48200752,portrait,0,https://bhl-open-data.s3.us-east-2.amazonaws.com/images/birdsAustraliav2Goul/birdsAustraliav2Goul_0272.jp2,https://www.biodiversitylibrary.org/page/48200752,sheet-birdsAustraliav2Goul-0272.jpg,crop-birdsAustraliav2Goul-0272.jpg,"not pinned in Featherframe: stood up and cut by the folio's rules, the crop not reviewed"
II,67,Banded Thick-head,Pachycephala pectoralis,Pachycephala pectoralis,birdsAustraliav2Goul,187062,276,48200756,portrait,0,https://bhl-open-data.s3.us-east-2.amazonaws.com/images/birdsAustraliav2Goul/birdsAustraliav2Goul_0276.jp2,https://www.biodiversitylibrary.org/page/48200756,sheet-birdsAustraliav2Goul-0276.jpg,crop-birdsAustraliav2Goul-0276.jpg,
II,68,Lunated Pachycephala,Pachycephala falcata,Pachycephala falcata,birdsAustraliav2Goul,187062,280,48200760,portrait,0,https://bhl-open-data.s3.us-east-2.amazonaws.com/images/birdsAustraliav2Goul/birdsAustraliav2Goul_0280.jp2,https://www.biodiversitylibrary.org/page/48200760,sheet-birdsAustraliav2Goul-0280.jpg,crop-birdsAustraliav2Goul-0280.jpg,"not pinned in Featherframe: stood up and cut by the folio's rules, the crop not reviewed"
II,69,Shrike-like Pachycephala,Pachycephala Lanoides,Pachycephala Lanoides,birdsAustraliav2Goul,187062,284,48200764,portrait,0,https://bhl-open-data.s3.us-east-2.amazonaws.com/images/birdsAustraliav2Goul/birdsAustraliav2Goul_0284.jp2,https://www.biodiversitylibrary.org/page/48200764,sheet-birdsAustraliav2Goul-0284.jpg,crop-birdsAustraliav2Goul-0284.jpg,
II,70,Red-throated Pachycephala,Pachycephala rufogularis,Pachycephala rufogularis,birdsAustraliav2Goul,187062,288,48200768,portrait,0,https://bhl-open-data.s3.us-east-2.amazonaws.com/images/birdsAustraliav2Goul/birdsAustraliav2Goul_0288.jp2,https://www.biodiversitylibrary.org/page/48200768,sheet-birdsAustraliav2Goul-0288.jpg,crop-birdsAustraliav2Goul-0288.jpg,"not pinned in Featherframe: stood up and cut by the folio's rules, the crop not reviewed"
II,71,Gilbert’s Pachycephala,Pachycephala Gilbertii,Pachycephala Gilbertii,birdsAustraliav2Goul,187062,292,48200772,portrait,0,https://bhl-open-data.s3.us-east-2.amazonaws.com/images/birdsAustraliav2Goul/birdsAustraliav2Goul_0292.jp2,https://www.biodiversitylibrary.org/page/48200772,sheet-birdsAustraliav2Goul-0292.jpg,crop-birdsAustraliav2Goul-0292.jpg,
II,72,Plain-coloured Pachycephala,Pachycephala simplex,Pachycephala simplex,birdsAustraliav2Goul,187062,296,48200776,portrait,0,https://bhl-open-data.s3.us-east-2.amazonaws.com/images/birdsAustraliav2Goul/birdsAustraliav2Goul_0296.jp2,https://www.biodiversitylibrary.org/page/48200776,sheet-birdsAustraliav2Goul-0296.jpg,crop-birdsAustraliav2Goul-0296.jpg,
II,73,Olivaceous Pachycephala,Pachycephala olivacea,Pachycephala olivacea,birdsAustraliav2Goul,187062,300,48200780,portrait,0,https://bhl-open-data.s3.us-east-2.amazonaws.com/images/birdsAustraliav2Goul/birdsAustraliav2Goul_0300.jp2,https://www.biodiversitylibrary.org/page/48200780,sheet-birdsAustraliav2Goul-0300.jpg,crop-birdsAustraliav2Goul-0300.jpg,
II,74,Harmonious Colluricincla,Colluricincla harmonica,Colluricincla harmonica,birdsAustraliav2Goul,187062,304,48200784,portrait,0,https://bhl-open-data.s3.us-east-2.amazonaws.com/images/birdsAustraliav2Goul/birdsAustraliav2Goul_0304.jp2,https://www.biodiversitylibrary.org/page/48200784,sheet-birdsAustraliav2Goul-0304.jpg,crop-birdsAustraliav2Goul-0304.jpg,
II,75,Buff-bellied Colluricincla,Colluricincla rufiventris,Colluricincla rufiventris,birdsAustraliav2Goul,187062,308,48200788,portrait,0,https://bhl-open-data.s3.us-east-2.amazonaws.com/images/birdsAustraliav2Goul/birdsAustraliav2Goul_0308.jp2,https://www.biodiversitylibrary.org/page/48200788,sheet-birdsAustraliav2Goul-0308.jpg,crop-birdsAustraliav2Goul-0308.jpg,"not pinned in Featherframe: stood up and cut by the folio's rules, the crop not reviewed"
II,76,Brown Colluricincla,Colluricincla brunnea,Colluricincla brunnea,birdsAustraliav2Goul,187062,312,48200792,portrait,0,https://bhl-open-data.s3.us-east-2.amazonaws.com/images/birdsAustraliav2Goul/birdsAustraliav2Goul_0312.jp2,https://www.biodiversitylibrary.org/page/48200792,sheet-birdsAustraliav2Goul-0312.jpg,crop-birdsAustraliav2Goul-0312.jpg,"not pinned in Featherframe: stood up and cut by the folio's rules, the crop not reviewed"
II,77,Selby’s Colluricincla,Colluricincla Selbii,Colluricincla Selbii,birdsAustraliav2Goul,187062,316,48200796,portrait,0,https://bhl-open-data.s3.us-east-2.amazonaws.com/images/birdsAustraliav2Goul/birdsAustraliav2Goul_0316.jp2,https://www.biodiversitylibrary.org/page/48200796,sheet-birdsAustraliav2Goul-0316.jpg,crop-birdsAustraliav2Goul-0316.jpg,"not pinned in Featherframe: stood up and cut by the folio's rules, the crop not reviewed"
II,78,Little Colluricincla,Colluricincla parvula,Colluricincla parvula,birdsAustraliav2Goul,187062,320,48200800,portrait,0,https://bhl-open-data.s3.us-east-2.amazonaws.com/images/birdsAustraliav2Goul/birdsAustraliav2Goul_0320.jp2,https://www.biodiversitylibrary.org/page/48200800,sheet-birdsAustraliav2Goul-0320.jpg,crop-birdsAustraliav2Goul-0320.jpg,
II,79,Frontal Shrike-Tit,Falcunculus frontatus,Falcunculus frontatus,birdsAustraliav2Goul,187062,324,48200804,portrait,0,https://bhl-open-data.s3.us-east-2.amazonaws.com/images/birdsAustraliav2Goul/birdsAustraliav2Goul_0324.jp2,https://www.biodiversitylibrary.org/page/48200804,sheet-birdsAustraliav2Goul-0324.jpg,crop-birdsAustraliav2Goul-0324.jpg,
II,80,White-bellied Shrike-Tit,Falcunculus leucogaster,Falcunculus leucogaster,birdsAustraliav2Goul,187062,328,48200808,portrait,0,https://bhl-open-data.s3.us-east-2.amazonaws.com/images/birdsAustraliav2Goul/birdsAustraliav2Goul_0328.jp2,https://www.biodiversitylibrary.org/page/48200808,sheet-birdsAustraliav2Goul-0328.jpg,crop-birdsAustraliav2Goul-0328.jpg,"not pinned in Featherframe: stood up and cut by the folio's rules, the crop not reviewed"
II,81,Crested Oreoïca,Oreoica gutturalis,Oreoica gutturalis,birdsAustraliav2Goul,187062,332,48200812,portrait,0,https://bhl-open-data.s3.us-east-2.amazonaws.com/images/birdsAustraliav2Goul/birdsAustraliav2Goul_0332.jp2,https://www.biodiversitylibrary.org/page/48200812,sheet-birdsAustraliav2Goul-0332.jpg,crop-birdsAustraliav2Goul-0332.jpg,
II,82,Spangled Drongo,Dicrurus bracteatus,Dicrurus bracteatus,birdsAustraliav2Goul,187062,336,48200816,portrait,0,https://bhl-open-data.s3.us-east-2.amazonaws.com/images/birdsAustraliav2Goul/birdsAustraliav2Goul_0336.jp2,https://www.biodiversitylibrary.org/page/48200816,sheet-birdsAustraliav2Goul-0336.jpg,crop-birdsAustraliav2Goul-0336.jpg,
II,83,White-shafted Fantail,Rhipidura albiscapa,Rhipidura albiscapa,birdsAustraliav2Goul,187062,340,48200820,portrait,0,https://bhl-open-data.s3.us-east-2.amazonaws.com/images/birdsAustraliav2Goul/birdsAustraliav2Goul_0340.jp2,https://www.biodiversitylibrary.org/page/48200820,sheet-birdsAustraliav2Goul-0340.jpg,crop-birdsAustraliav2Goul-0340.jpg,
II,84,Rufous-fronted Fantail,Rhipidura rufifrons,Rhipidura rufifrons,birdsAustraliav2Goul,187062,344,48200824,portrait,0,https://bhl-open-data.s3.us-east-2.amazonaws.com/images/birdsAustraliav2Goul/birdsAustraliav2Goul_0344.jp2,https://www.biodiversitylibrary.org/page/48200824,sheet-birdsAustraliav2Goul-0344.jpg,crop-birdsAustraliav2Goul-0344.jpg,
II,85,Northern Fantail,Rhipidura isura,Rhipidura isura,birdsAustraliav2Goul,187062,348,48200828,portrait,0,https://bhl-open-data.s3.us-east-2.amazonaws.com/images/birdsAustraliav2Goul/birdsAustraliav2Goul_0348.jp2,https://www.biodiversitylibrary.org/page/48200828,sheet-birdsAustraliav2Goul-0348.jpg,crop-birdsAustraliav2Goul-0348.jpg,
II,86,Black Fantailed Flycatcher,Rhipidura Motacilloides,Rhipidura Motacilloides,birdsAustraliav2Goul,187062,352,48200832,portrait,0,https://bhl-open-data.s3.us-east-2.amazonaws.com/images/birdsAustraliav2Goul/birdsAustraliav2Goul_0352.jp2,https://www.biodiversitylibrary.org/page/48200832,sheet-birdsAustraliav2Goul-0352.jpg,crop-birdsAustraliav2Goul-0352.jpg,
II,87,Restless Flycatcher,Seisura inquieta,Seisura inquieta,birdsAustraliav2Goul,187062,356,48200836,portrait,0,https://bhl-open-data.s3.us-east-2.amazonaws.com/images/birdsAustraliav2Goul/birdsAustraliav2Goul_0356.jp2,https://www.biodiversitylibrary.org/page/48200836,sheet-birdsAustraliav2Goul-0356.jpg,crop-birdsAustraliav2Goul-0356.jpg,
II,88,Blue Shining Flycatcher,Piezorhynchus nitidus,Piezorhynchus nitidus,birdsAustraliav2Goul,187062,360,48200840,portrait,0,https://bhl-open-data.s3.us-east-2.amazonaws.com/images/birdsAustraliav2Goul/birdsAustraliav2Goul_0360.jp2,https://www.biodiversitylibrary.org/page/48200840,sheet-birdsAustraliav2Goul-0360.jpg,crop-birdsAustraliav2Goul-0360.jpg,
II,89,Plumbeous Flycatcher,Myiagra plumbea,Myiagra plumbea,birdsAustraliav2Goul,187062,364,48200844,portrait,0,https://bhl-open-data.s3.us-east-2.amazonaws.com/images/birdsAustraliav2Goul/birdsAustraliav2Goul_0364.jp2,https://www.biodiversitylibrary.org/page/48200844,sheet-birdsAustraliav2Goul-0364.jpg,crop-birdsAustraliav2Goul-0364.jpg,
II,90,Pretty Flycatcher,Myiagra concinna,Myiagra concinna,birdsAustraliav2Goul,187062,368,48200848,portrait,0,https://bhl-open-data.s3.us-east-2.amazonaws.com/images/birdsAustraliav2Goul/birdsAustraliav2Goul_0368.jp2,https://www.biodiversitylibrary.org/page/48200848,sheet-birdsAustraliav2Goul-0368.jpg,crop-birdsAustraliav2Goul-0368.jpg,"not pinned in Featherframe: stood up and cut by the folio's rules, the crop not reviewed"
II,91,Shining Flycatcher,Myiagra nitida,Myiagra nitida,birdsAustraliav2Goul,187062,372,48200852,portrait,0,https://bhl-open-data.s3.us-east-2.amazonaws.com/images/birdsAustraliav2Goul/birdsAustraliav2Goul_0372.jp2,https://www.biodiversitylibrary.org/page/48200852,sheet-birdsAustraliav2Goul-0372.jpg,crop-birdsAustraliav2Goul-0372.jpg,
II,92,Broad-billed Flycatcher,Myiagra latirostris,Myiagra latirostris,birdsAustraliav2Goul,187062,376,48200856,portrait,0,https://bhl-open-data.s3.us-east-2.amazonaws.com/images/birdsAustraliav2Goul/birdsAustraliav2Goul_0376.jp2,https://www.biodiversitylibrary.org/page/48200856,sheet-birdsAustraliav2Goul-0376.jpg,crop-birdsAustraliav2Goul-0376.jpg,
II,93,Great-winged Micrœca,Microeca macroptera,Microeca macroptera,birdsAustraliav2Goul,187062,380,48200860,portrait,0,https://bhl-open-data.s3.us-east-2.amazonaws.com/images/birdsAustraliav2Goul/birdsAustraliav2Goul_0380.jp2,https://www.biodiversitylibrary.org/page/48200860,sheet-birdsAustraliav2Goul-0380.jpg,crop-birdsAustraliav2Goul-0380.jpg,
II,94,Yellow-bellied Micrœca,Microeca flavigaster,Microeca flavigaster,birdsAustraliav2Goul,187062,384,48200864,portrait,0,https://bhl-open-data.s3.us-east-2.amazonaws.com/images/birdsAustraliav2Goul/birdsAustraliav2Goul_0384.jp2,https://www.biodiversitylibrary.org/page/48200864,sheet-birdsAustraliav2Goul-0384.jpg,crop-birdsAustraliav2Goul-0384.jpg,
II,95,Carinated Flycatcher,Monarcha carinata,Monarcha carinata,birdsAustraliav2Goul,187062,388,48200868,portrait,0,https://bhl-open-data.s3.us-east-2.amazonaws.com/images/birdsAustraliav2Goul/birdsAustraliav2Goul_0388.jp2,https://www.biodiversitylibrary.org/page/48200868,sheet-birdsAustraliav2Goul-0388.jpg,crop-birdsAustraliav2Goul-0388.jpg,
II,96,Black-fronted Flycatcher,Monarcha trivirgata,Monarcha trivirgata,birdsAustraliav2Goul,187062,392,48200872,portrait,0,https://bhl-open-data.s3.us-east-2.amazonaws.com/images/birdsAustraliav2Goul/birdsAustraliav2Goul_0392.jp2,https://www.biodiversitylibrary.org/page/48200872,sheet-birdsAustraliav2Goul-0392.jpg,crop-birdsAustraliav2Goul-0392.jpg,
II,97,White-throated Gerygone,Gerygone albogularis,Gerygone albogularis,birdsAustraliav2Goul,187062,396,48200876,portrait,0,https://bhl-open-data.s3.us-east-2.amazonaws.com/images/birdsAustraliav2Goul/birdsAustraliav2Goul_0396.jp2,https://www.biodiversitylibrary.org/page/48200876,sheet-birdsAustraliav2Goul-0396.jpg,crop-birdsAustraliav2Goul-0396.jpg,
II,98,Fuscous Gerygone,Gerygone fuscus,Gerygone fuscus,birdsAustraliav2Goul,187062,400,48200880,portrait,0,https://bhl-open-data.s3.us-east-2.amazonaws.com/images/birdsAustraliav2Goul/birdsAustraliav2Goul_0400.jp2,https://www.biodiversitylibrary.org/page/48200880,sheet-birdsAustraliav2Goul-0400.jpg,crop-birdsAustraliav2Goul-0400.jpg,
II,99,Western Gerygone,Gerygone culicivorus,Gerygone culicivorus,birdsAustraliav2Goul,187062,404,48200884,portrait,0,https://bhl-open-data.s3.us-east-2.amazonaws.com/images/birdsAustraliav2Goul/birdsAustraliav2Goul_0404.jp2,https://www.biodiversitylibrary.org/page/48200884,sheet-birdsAustraliav2Goul-0404.jpg,crop-birdsAustraliav2Goul-0404.jpg,"not pinned in Featherframe: stood up and cut by the folio's rules, the crop not reviewed"
II,100,Great-billed Gerygone,Gerygone magnirostris,Gerygone magnirostris,birdsAustraliav2Goul,187062,408,48200888,portrait,0,https://bhl-open-data.s3.us-east-2.amazonaws.com/images/birdsAustraliav2Goul/birdsAustraliav2Goul_0408.jp2,https://www.biodiversitylibrary.org/page/48200888,sheet-birdsAustraliav2Goul-0408.jpg,crop-birdsAustraliav2Goul-0408.jpg,
II,101,Buff-breasted Gerygone,Gerygone laevigaster,Gerygone laevigaster,birdsAustraliav2Goul,187062,412,48200892,portrait,0,https://bhl-open-data.s3.us-east-2.amazonaws.com/images/birdsAustraliav2Goul/birdsAustraliav2Goul_0412.jp2,https://www.biodiversitylibrary.org/page/48200892,sheet-birdsAustraliav2Goul-0412.jpg,crop-birdsAustraliav2Goul-0412.jpg,
II,102,Green-backed Gerygone,Gerygone chloronotus,Gerygone chloronotus,birdsAustraliav2Goul,187062,416,48200896,portrait,0,https://bhl-open-data.s3.us-east-2.amazonaws.com/images/birdsAustraliav2Goul/birdsAustraliav2Goul_0416.jp2,https://www.biodiversitylibrary.org/page/48200896,sheet-birdsAustraliav2Goul-0416.jpg,crop-birdsAustraliav2Goul-0416.jpg,
II,103,Short-billed Smicrornis,Smicrornis brevirostris,Smicrornis brevirostris,birdsAustraliav2Goul,187062,420,48200900,portrait,0,https://bhl-open-data.s3.us-east-2.amazonaws.com/images/birdsAustraliav2Goul/birdsAustraliav2Goul_0420.jp2,https://www.biodiversitylibrary.org/page/48200900,sheet-birdsAustraliav2Goul-0420.jpg,crop-birdsAustraliav2Goul-0420.jpg,
II,104,Yellow-tinted Smicrornis,Smicrornis flavescens,Smicrornis flavescens,birdsAustraliav2Goul,187062,424,48200904,portrait,0,https://bhl-open-data.s3.us-east-2.amazonaws.com/images/birdsAustraliav2Goul/birdsAustraliav2Goul_0424.jp2,https://www.biodiversitylibrary.org/page/48200904,sheet-birdsAustraliav2Goul-0424.jpg,crop-birdsAustraliav2Goul-0424.jpg,"not pinned in Featherframe: stood up and cut by the folio's rules, the crop not reviewed"
III,1,Pink-breasted Wood-robin,Erythrodryas rhodinogaster,Erythrodryas rhodinogaster,birdsAustraliav3Goul,187975,12,48285799,portrait,0,https://bhl-open-data.s3.us-east-2.amazonaws.com/images/birdsAustraliav3Goul/birdsAustraliav3Goul_0012.jp2,https://www.biodiversitylibrary.org/page/48285799,sheet-birdsAustraliav3Goul-0012.jpg,crop-birdsAustraliav3Goul-0012.jpg,
III,2,Rose-breasted Wood-robin,Erythrodryas rosea,Erythrodryas rosea,birdsAustraliav3Goul,187975,16,48285795,portrait,0,https://bhl-open-data.s3.us-east-2.amazonaws.com/images/birdsAustraliav3Goul/birdsAustraliav3Goul_0016.jp2,https://www.biodiversitylibrary.org/page/48285795,sheet-birdsAustraliav3Goul-0016.jpg,crop-birdsAustraliav3Goul-0016.jpg,
III,3,Scarlet-breasted Robin,Petroica multicolor,Petroica multicolor,birdsAustraliav3Goul,187975,20,48285791,portrait,0,https://bhl-open-data.s3.us-east-2.amazonaws.com/images/birdsAustraliav3Goul/birdsAustraliav3Goul_0020.jp2,https://www.biodiversitylibrary.org/page/48285791,sheet-birdsAustraliav3Goul-0020.jpg,crop-birdsAustraliav3Goul-0020.jpg,
III,4,Norfolk Island Robin,Petroica erythrogastra,Petroica erythrogaster,birdsAustraliav3Goul,187975,24,48285787,portrait,0,https://bhl-open-data.s3.us-east-2.amazonaws.com/images/birdsAustraliav3Goul/birdsAustraliav3Goul_0024.jp2,https://www.biodiversitylibrary.org/page/48285787,sheet-birdsAustraliav3Goul-0024.jpg,crop-birdsAustraliav3Goul-0024.jpg,"not pinned in Featherframe: stood up and cut by the folio's rules, the crop not reviewed"
III,5,Red-capped Robin,Petroica Goodenovii,Petroica Goodenovii,birdsAustraliav3Goul,187975,28,48285783,portrait,0,https://bhl-open-data.s3.us-east-2.amazonaws.com/images/birdsAustraliav3Goul/birdsAustraliav3Goul_0028.jp2,https://www.biodiversitylibrary.org/page/48285783,sheet-birdsAustraliav3Goul-0028.jpg,crop-birdsAustraliav3Goul-0028.jpg,
III,6,Flame-breasted Robin,Petroica phoenicea,Petroica phoenicea,birdsAustraliav3Goul,187975,32,48285779,portrait,0,https://bhl-open-data.s3.us-east-2.amazonaws.com/images/birdsAustraliav3Goul/birdsAustraliav3Goul_0032.jp2,https://www.biodiversitylibrary.org/page/48285779,sheet-birdsAustraliav3Goul-0032.jpg,crop-birdsAustraliav3Goul-0032.jpg,
III,7,Pied Robin,Petroica bicolor,Petroica bicolor,birdsAustraliav3Goul,187975,36,48285775,portrait,0,https://bhl-open-data.s3.us-east-2.amazonaws.com/images/birdsAustraliav3Goul/birdsAustraliav3Goul_0036.jp2,https://www.biodiversitylibrary.org/page/48285775,sheet-birdsAustraliav3Goul-0036.jpg,crop-birdsAustraliav3Goul-0036.jpg,
III,8,Dusky Robin,Petroica fusca,Petroica fusca,birdsAustraliav3Goul,187975,40,48285771,portrait,0,https://bhl-open-data.s3.us-east-2.amazonaws.com/images/birdsAustraliav3Goul/birdsAustraliav3Goul_0040.jp2,https://www.biodiversitylibrary.org/page/48285771,sheet-birdsAustraliav3Goul-0040.jpg,crop-birdsAustraliav3Goul-0040.jpg,
III,9,White-eyebrowed Robin,Petroica superciliosa,Petroica superciliosa,birdsAustraliav3Goul,187975,44,48285767,portrait,0,https://bhl-open-data.s3.us-east-2.amazonaws.com/images/birdsAustraliav3Goul/birdsAustraliav3Goul_0044.jp2,https://www.biodiversitylibrary.org/page/48285767,sheet-birdsAustraliav3Goul-0044.jpg,crop-birdsAustraliav3Goul-0044.jpg,"not pinned in Featherframe: stood up and cut by the folio's rules, the crop not reviewed"
III,10,Scrub Robin,Drymodes brunneopygia,Drymodes brunneopygia,birdsAustraliav3Goul,187975,48,48285763,portrait,0,https://bhl-open-data.s3.us-east-2.amazonaws.com/images/birdsAustraliav3Goul/birdsAustraliav3Goul_0048.jp2,https://www.biodiversitylibrary.org/page/48285763,sheet-birdsAustraliav3Goul-0048.jpg,crop-birdsAustraliav3Goul-0048.jpg,
III,11,Yellow-breasted Robin,Eöpsaltria Australis,Eöpsaltria Australis,birdsAustraliav3Goul,187975,52,48285759,portrait,0,https://bhl-open-data.s3.us-east-2.amazonaws.com/images/birdsAustraliav3Goul/birdsAustraliav3Goul_0052.jp2,https://www.biodiversitylibrary.org/page/48285759,sheet-birdsAustraliav3Goul-0052.jpg,crop-birdsAustraliav3Goul-0052.jpg,
III,12,Grey-breasted Robin,Eöpsaltria griseogularis,Eöpsaltria griseogularis,birdsAustraliav3Goul,187975,56,48285727,portrait,0,https://bhl-open-data.s3.us-east-2.amazonaws.com/images/birdsAustraliav3Goul/birdsAustraliav3Goul_0056.jp2,https://www.biodiversitylibrary.org/page/48285727,sheet-birdsAustraliav3Goul-0056.jpg,crop-birdsAustraliav3Goul-0056.jpg,"not pinned in Featherframe: stood up and cut by the folio's rules, the crop not reviewed"
III,13,White-bellied Robin,Eöpsaltria leucogaster,Eöpsaltria leucogaster,birdsAustraliav3Goul,187975,60,48285731,portrait,0,https://bhl-open-data.s3.us-east-2.amazonaws.com/images/birdsAustraliav3Goul/birdsAustraliav3Goul_0060.jp2,https://www.biodiversitylibrary.org/page/48285731,sheet-birdsAustraliav3Goul-0060.jpg,crop-birdsAustraliav3Goul-0060.jpg,"not pinned in Featherframe: stood up and cut by the folio's rules, the crop not reviewed"
III,14,Lyre-Bird,Menura superba,Menura superba,birdsAustraliav3Goul,187975,64,48285735,portrait,0,https://bhl-open-data.s3.us-east-2.amazonaws.com/images/birdsAustraliav3Goul/birdsAustraliav3Goul_0064.jp2,https://www.biodiversitylibrary.org/page/48285735,sheet-birdsAustraliav3Goul-0064.jpg,crop-birdsAustraliav3Goul-0064.jpg,
III,15,Coach-whip Bird,Psophodes crepitans,Psophodes crepitans,birdsAustraliav3Goul,187975,68,48285739,portrait,0,https://bhl-open-data.s3.us-east-2.amazonaws.com/images/birdsAustraliav3Goul/birdsAustraliav3Goul_0068.jp2,https://www.biodiversitylibrary.org/page/48285739,sheet-birdsAustraliav3Goul-0068.jpg,crop-birdsAustraliav3Goul-0068.jpg,
III,16,Black-throated Psophodes,Psophodes nigrogularis,Psophodes nigrogularis,birdsAustraliav3Goul,187975,72,48285743,portrait,0,https://bhl-open-data.s3.us-east-2.amazonaws.com/images/birdsAustraliav3Goul/birdsAustraliav3Goul_0072.jp2,https://www.biodiversitylibrary.org/page/48285743,sheet-birdsAustraliav3Goul-0072.jpg,crop-birdsAustraliav3Goul-0072.jpg,
III,17,Crested Wedge-bill,Sphenostoma cristata,Sphenostoma cristata,birdsAustraliav3Goul,187975,76,48285747,portrait,0,https://bhl-open-data.s3.us-east-2.amazonaws.com/images/birdsAustraliav3Goul/birdsAustraliav3Goul_0076.jp2,https://www.biodiversitylibrary.org/page/48285747,sheet-birdsAustraliav3Goul-0076.jpg,crop-birdsAustraliav3Goul-0076.jpg,
III,18,Blue Wren,Malurus cyaneus,Malurus cyaneus,birdsAustraliav3Goul,187975,80,48285751,portrait,0,https://bhl-open-data.s3.us-east-2.amazonaws.com/images/birdsAustraliav3Goul/birdsAustraliav3Goul_0080.jp2,https://www.biodiversitylibrary.org/page/48285751,sheet-birdsAustraliav3Goul-0080.jpg,crop-birdsAustraliav3Goul-0080.jpg,
III,19,Long-tailed Wren,Malurus longicaudus,Malurus longicaudus,birdsAustraliav3Goul,187975,84,48285755,portrait,0,https://bhl-open-data.s3.us-east-2.amazonaws.com/images/birdsAustraliav3Goul/birdsAustraliav3Goul_0084.jp2,https://www.biodiversitylibrary.org/page/48285755,sheet-birdsAustraliav3Goul-0084.jpg,crop-birdsAustraliav3Goul-0084.jpg,"not pinned in Featherframe: stood up and cut by the folio's rules, the crop not reviewed"
III,20,Black-backed Wren,Malurus melanotus,Malurus melanotus,birdsAustraliav3Goul,187975,88,48285812,portrait,0,https://bhl-open-data.s3.us-east-2.amazonaws.com/images/birdsAustraliav3Goul/birdsAustraliav3Goul_0088.jp2,https://www.biodiversitylibrary.org/page/48285812,sheet-birdsAustraliav3Goul-0088.jpg,crop-birdsAustraliav3Goul-0088.jpg,"not pinned in Featherframe: stood up and cut by the folio's rules, the crop not reviewed"
III,21,Banded Wren,Malurus splendens,Malurus splendens,birdsAustraliav3Goul,187975,92,48285816,portrait,0,https://bhl-open-data.s3.us-east-2.amazonaws.com/images/birdsAustraliav3Goul/birdsAustraliav3Goul_0092.jp2,https://www.biodiversitylibrary.org/page/48285816,sheet-birdsAustraliav3Goul-0092.jpg,crop-birdsAustraliav3Goul-0092.jpg,
III,22,Graceful Wren,Malurus elegans,Malurus elegans,birdsAustraliav3Goul,187975,96,48285820,portrait,0,https://bhl-open-data.s3.us-east-2.amazonaws.com/images/birdsAustraliav3Goul/birdsAustraliav3Goul_0096.jp2,https://www.biodiversitylibrary.org/page/48285820,sheet-birdsAustraliav3Goul-0096.jpg,crop-birdsAustraliav3Goul-0096.jpg,
III,23,Beautiful Wren,Malurus pulcherrimus,Malurus pulcherrimus,birdsAustraliav3Goul,187975,100,48285824,portrait,0,https://bhl-open-data.s3.us-east-2.amazonaws.com/images/birdsAustraliav3Goul/birdsAustraliav3Goul_0100.jp2,https://www.biodiversitylibrary.org/page/48285824,sheet-birdsAustraliav3Goul-0100.jpg,crop-birdsAustraliav3Goul-0100.jpg,"not pinned in Featherframe: stood up and cut by the folio's rules, the crop not reviewed"
III,24,Lambert’s Wren,Malurus Lamberti,Malurus Lamberti,birdsAustraliav3Goul,187975,104,48285828,portrait,0,https://bhl-open-data.s3.us-east-2.amazonaws.com/images/birdsAustraliav3Goul/birdsAustraliav3Goul_0104.jp2,https://www.biodiversitylibrary.org/page/48285828,sheet-birdsAustraliav3Goul-0104.jpg,crop-birdsAustraliav3Goul-0104.jpg,
III,25,White-winged Wren,Malurus leucopterus,Malurus leucopterus,birdsAustraliav3Goul,187975,108,48285832,portrait,0,https://bhl-open-data.s3.us-east-2.amazonaws.com/images/birdsAustraliav3Goul/birdsAustraliav3Goul_0108.jp2,https://www.biodiversitylibrary.org/page/48285832,sheet-birdsAustraliav3Goul-0108.jpg,crop-birdsAustraliav3Goul-0108.jpg,
III,26,Black-headed Wren,Malurus melanocephalus,Malurus melanocephalus,birdsAustraliav3Goul,187975,112,48285836,portrait,0,https://bhl-open-data.s3.us-east-2.amazonaws.com/images/birdsAustraliav3Goul/birdsAustraliav3Goul_0112.jp2,https://www.biodiversitylibrary.org/page/48285836,sheet-birdsAustraliav3Goul-0112.jpg,crop-birdsAustraliav3Goul-0112.jpg,
III,27,Brown’s Wren,Malurus Brownii,Malurus Brownii,birdsAustraliav3Goul,187975,116,48285840,portrait,0,https://bhl-open-data.s3.us-east-2.amazonaws.com/images/birdsAustraliav3Goul/birdsAustraliav3Goul_0116.jp2,https://www.biodiversitylibrary.org/page/48285840,sheet-birdsAustraliav3Goul-0116.jpg,crop-birdsAustraliav3Goul-0116.jpg,"not pinned in Featherframe: stood up and cut by the folio's rules, the crop not reviewed"
III,28,Textile Wren,Amytis textilis,Amytis textilis,birdsAustraliav3Goul,187975,120,48285844,portrait,0,https://bhl-open-data.s3.us-east-2.amazonaws.com/images/birdsAustraliav3Goul/birdsAustraliav3Goul_0120.jp2,https://www.biodiversitylibrary.org/page/48285844,sheet-birdsAustraliav3Goul-0120.jpg,crop-birdsAustraliav3Goul-0120.jpg,"not pinned in Featherframe: stood up and cut by the folio's rules, the crop not reviewed"
III,29,Striated Wren,Amytis striatus,Amytis striatus,birdsAustraliav3Goul,187975,124,48285848,portrait,0,https://bhl-open-data.s3.us-east-2.amazonaws.com/images/birdsAustraliav3Goul/birdsAustraliav3Goul_0124.jp2,https://www.biodiversitylibrary.org/page/48285848,sheet-birdsAustraliav3Goul-0124.jpg,crop-birdsAustraliav3Goul-0124.jpg,"not pinned in Featherframe: stood up and cut by the folio's rules, the crop not reviewed"
III,30,Large-tailed Wren,Amytis macrourus,Amytis macrourus,birdsAustraliav3Goul,187975,128,48285852,portrait,0,https://bhl-open-data.s3.us-east-2.amazonaws.com/images/birdsAustraliav3Goul/birdsAustraliav3Goul_0128.jp2,https://www.biodiversitylibrary.org/page/48285852,sheet-birdsAustraliav3Goul-0128.jpg,crop-birdsAustraliav3Goul-0128.jpg,"not pinned in Featherframe: stood up and cut by the folio's rules, the crop not reviewed"
III,31,Emu Wren,Stipiturus malachurus,Stipiturus malachurus,birdsAustraliav3Goul,187975,132,48285856,portrait,0,https://bhl-open-data.s3.us-east-2.amazonaws.com/images/birdsAustraliav3Goul/birdsAustraliav3Goul_0132.jp2,https://www.biodiversitylibrary.org/page/48285856,sheet-birdsAustraliav3Goul-0132.jpg,crop-birdsAustraliav3Goul-0132.jpg,
III,32,Bristle-Bird,Dasyornis Australis,Dasyornis Australis,birdsAustraliav3Goul,187975,136,48285860,portrait,0,https://bhl-open-data.s3.us-east-2.amazonaws.com/images/birdsAustraliav3Goul/birdsAustraliav3Goul_0136.jp2,https://www.biodiversitylibrary.org/page/48285860,sheet-birdsAustraliav3Goul-0136.jpg,crop-birdsAustraliav3Goul-0136.jpg,
III,33,Long-billed Bristle-Bird,Dasyornis longirostris,Dasyornis longirostris,birdsAustraliav3Goul,187975,140,48285864,portrait,0,https://bhl-open-data.s3.us-east-2.amazonaws.com/images/birdsAustraliav3Goul/birdsAustraliav3Goul_0140.jp2,https://www.biodiversitylibrary.org/page/48285864,sheet-birdsAustraliav3Goul-0140.jpg,crop-birdsAustraliav3Goul-0140.jpg,
III,34,Noisy Brush-bird,Atrichia clamosa,Atrichia clamosa,birdsAustraliav3Goul,187975,144,48285868,portrait,0,https://bhl-open-data.s3.us-east-2.amazonaws.com/images/birdsAustraliav3Goul/birdsAustraliav3Goul_0144.jp2,https://www.biodiversitylibrary.org/page/48285868,sheet-birdsAustraliav3Goul-0144.jpg,crop-birdsAustraliav3Goul-0144.jpg,
III,35,Tawny Sphenœacus,Sphenoeacus galactotes,Sphenoeacus galactotes,birdsAustraliav3Goul,187975,148,48285872,portrait,0,https://bhl-open-data.s3.us-east-2.amazonaws.com/images/birdsAustraliav3Goul/birdsAustraliav3Goul_0148.jp2,https://www.biodiversitylibrary.org/page/48285872,sheet-birdsAustraliav3Goul-0148.jpg,crop-birdsAustraliav3Goul-0148.jpg,
III,36,Grass-loving Sphenœacus,Sphenoeacus gramineus,Sphenoeacus gramineus,birdsAustraliav3Goul,187975,152,48285876,portrait,0,https://bhl-open-data.s3.us-east-2.amazonaws.com/images/birdsAustraliav3Goul/birdsAustraliav3Goul_0152.jp2,https://www.biodiversitylibrary.org/page/48285876,sheet-birdsAustraliav3Goul-0152.jpg,crop-birdsAustraliav3Goul-0152.jpg,
III,37,Reed Warbler,Acrocephalus Australis,Acrocephalus Australis,birdsAustraliav3Goul,187975,156,48285880,portrait,0,https://bhl-open-data.s3.us-east-2.amazonaws.com/images/birdsAustraliav3Goul/birdsAustraliav3Goul_0156.jp2,https://www.biodiversitylibrary.org/page/48285880,sheet-birdsAustraliav3Goul-0156.jpg,crop-birdsAustraliav3Goul-0156.jpg,
III,38,Long-billed Reed Warbler,Acrocephalus longirostris,Acrocephalus longirostris,birdsAustraliav3Goul,187975,160,48285884,portrait,0,https://bhl-open-data.s3.us-east-2.amazonaws.com/images/birdsAustraliav3Goul/birdsAustraliav3Goul_0160.jp2,https://www.biodiversitylibrary.org/page/48285884,sheet-birdsAustraliav3Goul-0160.jpg,crop-birdsAustraliav3Goul-0160.jpg,"not pinned in Featherframe: stood up and cut by the folio's rules, the crop not reviewed"
III,39,Red-rumped Wren,Hylacola pyrrhopygia,Hylacola pyrrhopygia,birdsAustraliav3Goul,187975,164,48285888,portrait,0,https://bhl-open-data.s3.us-east-2.amazonaws.com/images/birdsAustraliav3Goul/birdsAustraliav3Goul_0164.jp2,https://www.biodiversitylibrary.org/page/48285888,sheet-birdsAustraliav3Goul-0164.jpg,crop-birdsAustraliav3Goul-0164.jpg,"not pinned in Featherframe: stood up and cut by the folio's rules, the crop not reviewed"
III,40,Cautious Wren,Hylacola cauta,Hylacola cauta,birdsAustraliav3Goul,187975,168,48285892,portrait,0,https://bhl-open-data.s3.us-east-2.amazonaws.com/images/birdsAustraliav3Goul/birdsAustraliav3Goul_0168.jp2,https://www.biodiversitylibrary.org/page/48285892,sheet-birdsAustraliav3Goul-0168.jpg,crop-birdsAustraliav3Goul-0168.jpg,
III,41,Great Warbler,Cysticola magna,Cysticola magna,birdsAustraliav3Goul,187975,172,48285896,portrait,0,https://bhl-open-data.s3.us-east-2.amazonaws.com/images/birdsAustraliav3Goul/birdsAustraliav3Goul_0172.jp2,https://www.biodiversitylibrary.org/page/48285896,sheet-birdsAustraliav3Goul-0172.jpg,crop-birdsAustraliav3Goul-0172.jpg,"not pinned in Featherframe: stood up and cut by the folio's rules, the crop not reviewed"
III,42,Exile Warbler,Cysticola exilis,Cysticola exilis,birdsAustraliav3Goul,187975,176,48285900,portrait,0,https://bhl-open-data.s3.us-east-2.amazonaws.com/images/birdsAustraliav3Goul/birdsAustraliav3Goul_0176.jp2,https://www.biodiversitylibrary.org/page/48285900,sheet-birdsAustraliav3Goul-0176.jpg,crop-birdsAustraliav3Goul-0176.jpg,
III,43,Lineated Warbler,Cysticola lineocapilla,Cysticola lineocapilla,birdsAustraliav3Goul,187975,180,48285904,portrait,0,https://bhl-open-data.s3.us-east-2.amazonaws.com/images/birdsAustraliav3Goul/birdsAustraliav3Goul_0180.jp2,https://www.biodiversitylibrary.org/page/48285904,sheet-birdsAustraliav3Goul-0180.jpg,crop-birdsAustraliav3Goul-0180.jpg,"not pinned in Featherframe: stood up and cut by the folio's rules, the crop not reviewed"
III,44,Square-tailed Warbler,Cysticola isura,Cysticola isura,birdsAustraliav3Goul,187975,184,48285908,portrait,0,https://bhl-open-data.s3.us-east-2.amazonaws.com/images/birdsAustraliav3Goul/birdsAustraliav3Goul_0184.jp2,https://www.biodiversitylibrary.org/page/48285908,sheet-birdsAustraliav3Goul-0184.jpg,crop-birdsAustraliav3Goul-0184.jpg,"not pinned in Featherframe: stood up and cut by the folio's rules, the crop not reviewed"
III,45,Rufous-headed Warbler,Cysticola ruficeps,Cysticola ruficeps,birdsAustraliav3Goul,187975,188,48285912,portrait,0,https://bhl-open-data.s3.us-east-2.amazonaws.com/images/birdsAustraliav3Goul/birdsAustraliav3Goul_0188.jp2,https://www.biodiversitylibrary.org/page/48285912,sheet-birdsAustraliav3Goul-0188.jpg,crop-birdsAustraliav3Goul-0188.jpg,"not pinned in Featherframe: stood up and cut by the folio's rules, the crop not reviewed"
III,46,Yellow-throated Sericornis,Sericornis citreogularis,Sericornis citreogularis,birdsAustraliav3Goul,187975,192,48285916,portrait,0,https://bhl-open-data.s3.us-east-2.amazonaws.com/images/birdsAustraliav3Goul/birdsAustraliav3Goul_0192.jp2,https://www.biodiversitylibrary.org/page/48285916,sheet-birdsAustraliav3Goul-0192.jpg,crop-birdsAustraliav3Goul-0192.jpg,
III,47,Sombre-coloured Sericornis,Sericornis humilis,Sericornis humilis,birdsAustraliav3Goul,187975,196,48285920,portrait,0,https://bhl-open-data.s3.us-east-2.amazonaws.com/images/birdsAustraliav3Goul/birdsAustraliav3Goul_0196.jp2,https://www.biodiversitylibrary.org/page/48285920,sheet-birdsAustraliav3Goul-0196.jpg,crop-birdsAustraliav3Goul-0196.jpg,
III,48,Allied Sericornis,Sericornis osculans,Sericornis osculans,birdsAustraliav3Goul,187975,200,48285924,portrait,0,https://bhl-open-data.s3.us-east-2.amazonaws.com/images/birdsAustraliav3Goul/birdsAustraliav3Goul_0200.jp2,https://www.biodiversitylibrary.org/page/48285924,sheet-birdsAustraliav3Goul-0200.jpg,crop-birdsAustraliav3Goul-0200.jpg,"not pinned in Featherframe: stood up and cut by the folio's rules, the crop not reviewed"
III,49,White-fronted Sericornis,Sericornis frontalis,Sericornis frontalis,birdsAustraliav3Goul,187975,204,48285928,portrait,0,https://bhl-open-data.s3.us-east-2.amazonaws.com/images/birdsAustraliav3Goul/birdsAustraliav3Goul_0204.jp2,https://www.biodiversitylibrary.org/page/48285928,sheet-birdsAustraliav3Goul-0204.jpg,crop-birdsAustraliav3Goul-0204.jpg,
III,50,Buff-breasted Sericornis,Sericornis laevigaster,Sericornis laevigaster,birdsAustraliav3Goul,187975,208,48285932,portrait,0,https://bhl-open-data.s3.us-east-2.amazonaws.com/images/birdsAustraliav3Goul/birdsAustraliav3Goul_0208.jp2,https://www.biodiversitylibrary.org/page/48285932,sheet-birdsAustraliav3Goul-0208.jpg,crop-birdsAustraliav3Goul-0208.jpg,"not pinned in Featherframe: stood up and cut by the folio's rules, the crop not reviewed"
III,51,Spotted Sericornis,Sericornis maculatus,Sericornis maculatus,birdsAustraliav3Goul,187975,212,48285936,portrait,0,https://bhl-open-data.s3.us-east-2.amazonaws.com/images/birdsAustraliav3Goul/birdsAustraliav3Goul_0212.jp2,https://www.biodiversitylibrary.org/page/48285936,sheet-birdsAustraliav3Goul-0212.jpg,crop-birdsAustraliav3Goul-0212.jpg,"not pinned in Featherframe: stood up and cut by the folio's rules, the crop not reviewed"
III,52,Large-billed Sericornis,Sericornis magnirostris,Sericornis magnirostris,birdsAustraliav3Goul,187975,216,48285940,portrait,0,https://bhl-open-data.s3.us-east-2.amazonaws.com/images/birdsAustraliav3Goul/birdsAustraliav3Goul_0216.jp2,https://www.biodiversitylibrary.org/page/48285940,sheet-birdsAustraliav3Goul-0216.jpg,crop-birdsAustraliav3Goul-0216.jpg,
III,53,Little Brown Acanthiza,Acanthiza pusilla,Acanthiza pusilla,birdsAustraliav3Goul,187975,220,48285944,portrait,0,https://bhl-open-data.s3.us-east-2.amazonaws.com/images/birdsAustraliav3Goul/birdsAustraliav3Goul_0220.jp2,https://www.biodiversitylibrary.org/page/48285944,sheet-birdsAustraliav3Goul-0220.jpg,crop-birdsAustraliav3Goul-0220.jpg,
III,54,Tasmanian Acanthiza,Acanthiza Diemenensis,Acanthiza Diemenensis,birdsAustraliav3Goul,187975,224,48285948,portrait,0,https://bhl-open-data.s3.us-east-2.amazonaws.com/images/birdsAustraliav3Goul/birdsAustraliav3Goul_0224.jp2,https://www.biodiversitylibrary.org/page/48285948,sheet-birdsAustraliav3Goul-0224.jpg,crop-birdsAustraliav3Goul-0224.jpg,"not pinned in Featherframe: stood up and cut by the folio's rules, the crop not reviewed"
III,55,Ewing’s Acanthiza,Acanthiza Ewingii,Acanthiza Ewingii,birdsAustraliav3Goul,187975,228,48285952,portrait,0,https://bhl-open-data.s3.us-east-2.amazonaws.com/images/birdsAustraliav3Goul/birdsAustraliav3Goul_0228.jp2,https://www.biodiversitylibrary.org/page/48285952,sheet-birdsAustraliav3Goul-0228.jpg,crop-birdsAustraliav3Goul-0228.jpg,
III,56,Chestnut-rumped Acanthiza,Acanthiza uropygialis,Acanthiza uropygialis,birdsAustraliav3Goul,187975,232,48285956,portrait,0,https://bhl-open-data.s3.us-east-2.amazonaws.com/images/birdsAustraliav3Goul/birdsAustraliav3Goul_0232.jp2,https://www.biodiversitylibrary.org/page/48285956,sheet-birdsAustraliav3Goul-0232.jpg,crop-birdsAustraliav3Goul-0232.jpg,
III,57,Western Acanthiza,Acanthiza apicalis,Acanthiza apicalis,birdsAustraliav3Goul,187975,236,48285960,portrait,0,https://bhl-open-data.s3.us-east-2.amazonaws.com/images/birdsAustraliav3Goul/birdsAustraliav3Goul_0236.jp2,https://www.biodiversitylibrary.org/page/48285960,sheet-birdsAustraliav3Goul-0236.jpg,crop-birdsAustraliav3Goul-0236.jpg,
III,58,Red-rumped Acanthiza,Acanthiza pyrrhopygia,Acanthiza pyrrhopygia,birdsAustraliav3Goul,187975,240,48285964,portrait,0,https://bhl-open-data.s3.us-east-2.amazonaws.com/images/birdsAustraliav3Goul/birdsAustraliav3Goul_0240.jp2,https://www.biodiversitylibrary.org/page/48285964,sheet-birdsAustraliav3Goul-0240.jpg,crop-birdsAustraliav3Goul-0240.jpg,"not pinned in Featherframe: stood up and cut by the folio's rules, the crop not reviewed"
III,59,Plain-coloured Acanthiza,Acanthiza inornata,Acanthiza inornata,birdsAustraliav3Goul,187975,244,48285968,portrait,0,https://bhl-open-data.s3.us-east-2.amazonaws.com/images/birdsAustraliav3Goul/birdsAustraliav3Goul_0244.jp2,https://www.biodiversitylibrary.org/page/48285968,sheet-birdsAustraliav3Goul-0244.jpg,crop-birdsAustraliav3Goul-0244.jpg,
III,60,Little Acanthiza,Acanthiza nana,Acanthiza nana,birdsAustraliav3Goul,187975,248,48285972,portrait,0,https://bhl-open-data.s3.us-east-2.amazonaws.com/images/birdsAustraliav3Goul/birdsAustraliav3Goul_0248.jp2,https://www.biodiversitylibrary.org/page/48285972,sheet-birdsAustraliav3Goul-0248.jpg,crop-birdsAustraliav3Goul-0248.jpg,
III,61,Striated Acanthiza,Acanthiza lineata,Acanthiza lineata,birdsAustraliav3Goul,187975,252,48285976,portrait,0,https://bhl-open-data.s3.us-east-2.amazonaws.com/images/birdsAustraliav3Goul/birdsAustraliav3Goul_0252.jp2,https://www.biodiversitylibrary.org/page/48285976,sheet-birdsAustraliav3Goul-0252.jpg,crop-birdsAustraliav3Goul-0252.jpg,
III,62,Regulus-like Acanthiza,Acanthiza Reguloides,Acanthiza Reguloides,birdsAustraliav3Goul,187975,256,48285980,portrait,0,https://bhl-open-data.s3.us-east-2.amazonaws.com/images/birdsAustraliav3Goul/birdsAustraliav3Goul_0256.jp2,https://www.biodiversitylibrary.org/page/48285980,sheet-birdsAustraliav3Goul-0256.jpg,crop-birdsAustraliav3Goul-0256.jpg,
III,63,Yellow-rumped Acanthiza,Acanthiza chrysorrhoea,Acanthiza chrysorrhoea,birdsAustraliav3Goul,187975,260,48285984,portrait,0,https://bhl-open-data.s3.us-east-2.amazonaws.com/images/birdsAustraliav3Goul/birdsAustraliav3Goul_0260.jp2,https://www.biodiversitylibrary.org/page/48285984,sheet-birdsAustraliav3Goul-0260.jpg,crop-birdsAustraliav3Goul-0260.jpg,
III,64,White-fronted Ephthianura,Ephthianura albifrons,Ephthianura albifrons,birdsAustraliav3Goul,187975,264,48285988,portrait,0,https://bhl-open-data.s3.us-east-2.amazonaws.com/images/birdsAustraliav3Goul/birdsAustraliav3Goul_0264.jp2,https://www.biodiversitylibrary.org/page/48285988,sheet-birdsAustraliav3Goul-0264.jpg,crop-birdsAustraliav3Goul-0264.jpg,"not pinned in Featherframe: stood up and cut by the folio's rules, the crop not reviewed"
III,65,Orange-fronted Ephthianura,Ephthianura aurifrons,Ephthianura aurifrons,birdsAustraliav3Goul,187975,268,48285992,portrait,0,https://bhl-open-data.s3.us-east-2.amazonaws.com/images/birdsAustraliav3Goul/birdsAustraliav3Goul_0268.jp2,https://www.biodiversitylibrary.org/page/48285992,sheet-birdsAustraliav3Goul-0268.jpg,crop-birdsAustraliav3Goul-0268.jpg,"not pinned in Featherframe: stood up and cut by the folio's rules, the crop not reviewed"
III,66,Tri-coloured Ephthianura,Ephthianura tricolor,Ephthianura tricolor,birdsAustraliav3Goul,187975,272,48285996,portrait,0,https://bhl-open-data.s3.us-east-2.amazonaws.com/images/birdsAustraliav3Goul/birdsAustraliav3Goul_0272.jp2,https://www.biodiversitylibrary.org/page/48285996,sheet-birdsAustraliav3Goul-0272.jpg,crop-birdsAustraliav3Goul-0272.jpg,
III,67,White-faced Xerophila,Xerophila leucopsis,Xerophila leucopsis,birdsAustraliav3Goul,187975,276,48286000,portrait,0,https://bhl-open-data.s3.us-east-2.amazonaws.com/images/birdsAustraliav3Goul/birdsAustraliav3Goul_0276.jp2,https://www.biodiversitylibrary.org/page/48286000,sheet-birdsAustraliav3Goul-0276.jpg,crop-birdsAustraliav3Goul-0276.jpg,
III,68,Brown Red-throat,Pyrrholaemus brunneus,Pyrrholaemus brunneus,birdsAustraliav3Goul,187975,280,48286004,portrait,0,https://bhl-open-data.s3.us-east-2.amazonaws.com/images/birdsAustraliav3Goul/birdsAustraliav3Goul_0280.jp2,https://www.biodiversitylibrary.org/page/48286004,sheet-birdsAustraliav3Goul-0280.jpg,crop-birdsAustraliav3Goul-0280.jpg,
III,69,Rock-Warbler,Origma rubricata,Origma rubricata,birdsAustraliav3Goul,187975,284,48286008,portrait,0,https://bhl-open-data.s3.us-east-2.amazonaws.com/images/birdsAustraliav3Goul/birdsAustraliav3Goul_0284.jp2,https://www.biodiversitylibrary.org/page/48286008,sheet-birdsAustraliav3Goul-0284.jpg,crop-birdsAustraliav3Goul-0284.jpg,"not pinned in Featherframe: stood up and cut by the folio's rules, the crop not reviewed"
III,70,Striated Reed-Lark,Calamanthus fuliginosus,Calamanthus fuliginosus,birdsAustraliav3Goul,187975,288,48286012,portrait,0,https://bhl-open-data.s3.us-east-2.amazonaws.com/images/birdsAustraliav3Goul/birdsAustraliav3Goul_0288.jp2,https://www.biodiversitylibrary.org/page/48286012,sheet-birdsAustraliav3Goul-0288.jpg,crop-birdsAustraliav3Goul-0288.jpg,
III,71,Field Reed-Lark,Calamanthus campestris,Calamanthus campestris,birdsAustraliav3Goul,187975,292,48286016,portrait,0,https://bhl-open-data.s3.us-east-2.amazonaws.com/images/birdsAustraliav3Goul/birdsAustraliav3Goul_0292.jp2,https://www.biodiversitylibrary.org/page/48286016,sheet-birdsAustraliav3Goul-0292.jpg,crop-birdsAustraliav3Goul-0292.jpg,"not pinned in Featherframe: stood up and cut by the folio's rules, the crop not reviewed"
III,72,Little Chthonicola,Chthonicola minima,Chthonicola minima,birdsAustraliav3Goul,187975,296,48286020,portrait,0,https://bhl-open-data.s3.us-east-2.amazonaws.com/images/birdsAustraliav3Goul/birdsAustraliav3Goul_0296.jp2,https://www.biodiversitylibrary.org/page/48286020,sheet-birdsAustraliav3Goul-0296.jpg,crop-birdsAustraliav3Goul-0296.jpg,
III,73,Australian Pipit,Anthus Australis,Anthus Australis,birdsAustraliav3Goul,187975,300,48286024,portrait,0,https://bhl-open-data.s3.us-east-2.amazonaws.com/images/birdsAustraliav3Goul/birdsAustraliav3Goul_0300.jp2,https://www.biodiversitylibrary.org/page/48286024,sheet-birdsAustraliav3Goul-0300.jpg,crop-birdsAustraliav3Goul-0300.jpg,
III,74,Brown Cincloramphus,Cincloramphus cruralis,Cincloramphus cruralis,birdsAustraliav3Goul,187975,304,48286028,portrait,0,https://bhl-open-data.s3.us-east-2.amazonaws.com/images/birdsAustraliav3Goul/birdsAustraliav3Goul_0304.jp2,https://www.biodiversitylibrary.org/page/48286028,sheet-birdsAustraliav3Goul-0304.jpg,crop-birdsAustraliav3Goul-0304.jpg,
III,75,Black-breasted Cincloramphus,Cincloramphus cantillans,Cincloramphus cantillans,birdsAustraliav3Goul,187975,308,48286032,portrait,0,https://bhl-open-data.s3.us-east-2.amazonaws.com/images/birdsAustraliav3Goul/birdsAustraliav3Goul_0308.jp2,https://www.biodiversitylibrary.org/page/48286032,sheet-birdsAustraliav3Goul-0308.jpg,crop-birdsAustraliav3Goul-0308.jpg,"not pinned in Featherframe: stood up and cut by the folio's rules, the crop not reviewed"
III,76,Rufous-tinted Cincloramphus,Cincloramphus rufescens,Cincloramphus rufescens,birdsAustraliav3Goul,187975,312,48286036,portrait,0,https://bhl-open-data.s3.us-east-2.amazonaws.com/images/birdsAustraliav3Goul/birdsAustraliav3Goul_0312.jp2,https://www.biodiversitylibrary.org/page/48286036,sheet-birdsAustraliav3Goul-0312.jpg,crop-birdsAustraliav3Goul-0312.jpg,
III,77,Horsfield’s Mirafra,Mirafra Horsfieldii,Mirafra Horsfieldii,birdsAustraliav3Goul,187975,316,48286040,portrait,0,https://bhl-open-data.s3.us-east-2.amazonaws.com/images/birdsAustraliav3Goul/birdsAustraliav3Goul_0316.jp2,https://www.biodiversitylibrary.org/page/48286040,sheet-birdsAustraliav3Goul-0316.jpg,crop-birdsAustraliav3Goul-0316.jpg,
III,78,Fire-tailed Finch,Estrelda bella,Estrelda bella,birdsAustraliav3Goul,187975,320,48286044,portrait,0,https://bhl-open-data.s3.us-east-2.amazonaws.com/images/birdsAustraliav3Goul/birdsAustraliav3Goul_0320.jp2,https://www.biodiversitylibrary.org/page/48286044,sheet-birdsAustraliav3Goul-0320.jpg,crop-birdsAustraliav3Goul-0320.jpg,
III,79,Red-eared Finch,Estrelda oculea,Estrelda oculea,birdsAustraliav3Goul,187975,324,48286048,portrait,0,https://bhl-open-data.s3.us-east-2.amazonaws.com/images/birdsAustraliav3Goul/birdsAustraliav3Goul_0324.jp2,https://www.biodiversitylibrary.org/page/48286048,sheet-birdsAustraliav3Goul-0324.jpg,crop-birdsAustraliav3Goul-0324.jpg,"not pinned in Featherframe: stood up and cut by the folio's rules, the crop not reviewed"
III,80,Bicheno’s Finch,Estrelda Bichenovii,Estrelda Bichenovii,birdsAustraliav3Goul,187975,328,48286052,portrait,0,https://bhl-open-data.s3.us-east-2.amazonaws.com/images/birdsAustraliav3Goul/birdsAustraliav3Goul_0328.jp2,https://www.biodiversitylibrary.org/page/48286052,sheet-birdsAustraliav3Goul-0328.jpg,crop-birdsAustraliav3Goul-0328.jpg,
III,81,Black-rumped Finch,Estrelda annulosa,Estrelda annulosa,birdsAustraliav3Goul,187975,332,48286056,portrait,0,https://bhl-open-data.s3.us-east-2.amazonaws.com/images/birdsAustraliav3Goul/birdsAustraliav3Goul_0332.jp2,https://www.biodiversitylibrary.org/page/48286056,sheet-birdsAustraliav3Goul-0332.jpg,crop-birdsAustraliav3Goul-0332.jpg,"not pinned in Featherframe: stood up and cut by the folio's rules, the crop not reviewed"
III,82,Red-eyebrowed Finch,Estrelda temporalis,Estrelda temporalis,birdsAustraliav3Goul,187975,336,48286060,portrait,0,https://bhl-open-data.s3.us-east-2.amazonaws.com/images/birdsAustraliav3Goul/birdsAustraliav3Goul_0336.jp2,https://www.biodiversitylibrary.org/page/48286060,sheet-birdsAustraliav3Goul-0336.jpg,crop-birdsAustraliav3Goul-0336.jpg,
III,83,Crimson Finch,Estrelda Phaeton,Estrelda Phaeton,birdsAustraliav3Goul,187975,340,48286064,portrait,0,https://bhl-open-data.s3.us-east-2.amazonaws.com/images/birdsAustraliav3Goul/birdsAustraliav3Goul_0340.jp2,https://www.biodiversitylibrary.org/page/48286064,sheet-birdsAustraliav3Goul-0340.jpg,crop-birdsAustraliav3Goul-0340.jpg,
III,84,Red-tailed Finch,Estrelda ruficauda,Estrelda ruficauda,birdsAustraliav3Goul,187975,344,48286068,portrait,0,https://bhl-open-data.s3.us-east-2.amazonaws.com/images/birdsAustraliav3Goul/birdsAustraliav3Goul_0344.jp2,https://www.biodiversitylibrary.org/page/48286068,sheet-birdsAustraliav3Goul-0344.jpg,crop-birdsAustraliav3Goul-0344.jpg,"not pinned in Featherframe: stood up and cut by the folio's rules, the crop not reviewed"
III,85,Plain-coloured Finch,Amadina modesta,Amadina modesta,birdsAustraliav3Goul,187975,348,48286072,portrait,0,https://bhl-open-data.s3.us-east-2.amazonaws.com/images/birdsAustraliav3Goul/birdsAustraliav3Goul_0348.jp2,https://www.biodiversitylibrary.org/page/48286072,sheet-birdsAustraliav3Goul-0348.jpg,crop-birdsAustraliav3Goul-0348.jpg,"not pinned in Featherframe: stood up and cut by the folio's rules, the crop not reviewed"
III,86,Spotted-sided Finch,Amadina Lathamii,Amadina Lathamii,birdsAustraliav3Goul,187975,352,48286076,portrait,0,https://bhl-open-data.s3.us-east-2.amazonaws.com/images/birdsAustraliav3Goul/birdsAustraliav3Goul_0352.jp2,https://www.biodiversitylibrary.org/page/48286076,sheet-birdsAustraliav3Goul-0352.jpg,crop-birdsAustraliav3Goul-0352.jpg,"not pinned in Featherframe: stood up and cut by the folio's rules, the crop not reviewed"
III,87,Chestnut-eared Finch,Amadina castanotis,Amadina castanotis,birdsAustraliav3Goul,187975,356,48286080,portrait,0,https://bhl-open-data.s3.us-east-2.amazonaws.com/images/birdsAustraliav3Goul/birdsAustraliav3Goul_0356.jp2,https://www.biodiversitylibrary.org/page/48286080,sheet-birdsAustraliav3Goul-0356.jpg,crop-birdsAustraliav3Goul-0356.jpg,
III,88,Gouldian Finch,Amadina Gouldiae,Amadina Gouldiae,birdsAustraliav3Goul,187975,360,48286084,portrait,0,https://bhl-open-data.s3.us-east-2.amazonaws.com/images/birdsAustraliav3Goul/birdsAustraliav3Goul_0360.jp2,https://www.biodiversitylibrary.org/page/48286084,sheet-birdsAustraliav3Goul-0360.jpg,crop-birdsAustraliav3Goul-0360.jpg,"not pinned in Featherframe: stood up and cut by the folio's rules, the crop not reviewed"
III,89,Beautiful Grass Finch,Poephila mirabilis,Poephila mirabilis,birdsAustraliav3Goul,187975,364,48286088,portrait,0,https://bhl-open-data.s3.us-east-2.amazonaws.com/images/birdsAustraliav3Goul/birdsAustraliav3Goul_0364.jp2,https://www.biodiversitylibrary.org/page/48286088,sheet-birdsAustraliav3Goul-0364.jpg,crop-birdsAustraliav3Goul-0364.jpg,"not pinned in Featherframe: stood up and cut by the folio's rules, the crop not reviewed"
III,90,Long-tailed Grass Finch,Poephila acuticauda,Poephila acuticauda,birdsAustraliav3Goul,187975,368,48286092,portrait,0,https://bhl-open-data.s3.us-east-2.amazonaws.com/images/birdsAustraliav3Goul/birdsAustraliav3Goul_0368.jp2,https://www.biodiversitylibrary.org/page/48286092,sheet-birdsAustraliav3Goul-0368.jpg,crop-birdsAustraliav3Goul-0368.jpg,"not pinned in Featherframe: stood up and cut by the folio's rules, the crop not reviewed"
III,91,Masked Grass Finch,Poephila personata,Poephila personata,birdsAustraliav3Goul,187975,372,48286096,portrait,0,https://bhl-open-data.s3.us-east-2.amazonaws.com/images/birdsAustraliav3Goul/birdsAustraliav3Goul_0372.jp2,https://www.biodiversitylibrary.org/page/48286096,sheet-birdsAustraliav3Goul-0372.jpg,crop-birdsAustraliav3Goul-0372.jpg,"not pinned in Featherframe: stood up and cut by the folio's rules, the crop not reviewed"
III,92,White-eared Grass Finch,Poephila leucotis,Poephila leucotis,birdsAustraliav3Goul,187975,376,48286100,portrait,0,https://bhl-open-data.s3.us-east-2.amazonaws.com/images/birdsAustraliav3Goul/birdsAustraliav3Goul_0376.jp2,https://www.biodiversitylibrary.org/page/48286100,sheet-birdsAustraliav3Goul-0376.jpg,crop-birdsAustraliav3Goul-0376.jpg,"not pinned in Featherframe: stood up and cut by the folio's rules, the crop not reviewed"
III,93,Banded Grass Finch,Poephila cincta,Poephila cincta,birdsAustraliav3Goul,187975,380,48286104,portrait,0,https://bhl-open-data.s3.us-east-2.amazonaws.com/images/birdsAustraliav3Goul/birdsAustraliav3Goul_0380.jp2,https://www.biodiversitylibrary.org/page/48286104,sheet-birdsAustraliav3Goul-0380.jpg,crop-birdsAustraliav3Goul-0380.jpg,"not pinned in Featherframe: stood up and cut by the folio's rules, the crop not reviewed"
III,94,Chestnut-breasted Finch,Donacola castaneothorax,Donacola castaneothorax,birdsAustraliav3Goul,187975,384,48286108,portrait,0,https://bhl-open-data.s3.us-east-2.amazonaws.com/images/birdsAustraliav3Goul/birdsAustraliav3Goul_0384.jp2,https://www.biodiversitylibrary.org/page/48286108,sheet-birdsAustraliav3Goul-0384.jpg,crop-birdsAustraliav3Goul-0384.jpg,
III,95,White-breasted Finch,Donacola pectoralis,Donacola pectoralis,birdsAustraliav3Goul,187975,388,48286112,portrait,0,https://bhl-open-data.s3.us-east-2.amazonaws.com/images/birdsAustraliav3Goul/birdsAustraliav3Goul_0388.jp2,https://www.biodiversitylibrary.org/page/48286112,sheet-birdsAustraliav3Goul-0388.jpg,crop-birdsAustraliav3Goul-0388.jpg,"not pinned in Featherframe: stood up and cut by the folio's rules, the crop not reviewed"
III,96,Yellow-rumped Finch,Donacola flaviprymna,Donacola flaviprymna,birdsAustraliav3Goul,187975,392,48286116,portrait,0,https://bhl-open-data.s3.us-east-2.amazonaws.com/images/birdsAustraliav3Goul/birdsAustraliav3Goul_0392.jp2,https://www.biodiversitylibrary.org/page/48286116,sheet-birdsAustraliav3Goul-0392.jpg,crop-birdsAustraliav3Goul-0392.jpg,"not pinned in Featherframe: stood up and cut by the folio's rules, the crop not reviewed"
III,97,Painted Finch,Emblema picta,Emblema picta,birdsAustraliav3Goul,187975,396,48286120,portrait,0,https://bhl-open-data.s3.us-east-2.amazonaws.com/images/birdsAustraliav3Goul/birdsAustraliav3Goul_0396.jp2,https://www.biodiversitylibrary.org/page/48286120,sheet-birdsAustraliav3Goul-0396.jpg,crop-birdsAustraliav3Goul-0396.jpg,"not pinned in Featherframe: stood up and cut by the folio's rules, the crop not reviewed"
IV,1,Noisy Pitta,Pitta strepitans,Pitta strepitans,birdsAustraliav4Goul,191229,12,48702878,portrait,0,https://bhl-open-data.s3.us-east-2.amazonaws.com/images/birdsAustraliav4Goul/birdsAustraliav4Goul_0012.jp2,https://www.biodiversitylibrary.org/page/48702878,sheet-birdsAustraliav4Goul-0012.jpg,crop-birdsAustraliav4Goul-0012.jpg,
IV,2,Vigors’ Pitta,Pitta Vigorsii,Pitta Vigorsii,birdsAustraliav4Goul,191229,16,48702874,portrait,0,https://bhl-open-data.s3.us-east-2.amazonaws.com/images/birdsAustraliav4Goul/birdsAustraliav4Goul_0016.jp2,https://www.biodiversitylibrary.org/page/48702874,sheet-birdsAustraliav4Goul-0016.jpg,crop-birdsAustraliav4Goul-0016.jpg,"not pinned in Featherframe: stood up and cut by the folio's rules, the crop not reviewed"
IV,3,Rainbow Pitta,Pitta Iris,Pitta Iris,birdsAustraliav4Goul,191229,20,48702870,portrait,0,https://bhl-open-data.s3.us-east-2.amazonaws.com/images/birdsAustraliav4Goul/birdsAustraliav4Goul_0020.jp2,https://www.biodiversitylibrary.org/page/48702870,sheet-birdsAustraliav4Goul-0020.jpg,crop-birdsAustraliav4Goul-0020.jpg,"not pinned in Featherframe: stood up and cut by the folio's rules, the crop not reviewed"
IV,4,Spotted Ground-Thrush,Cinclosoma punctatum,Cinclosoma punctatum,birdsAustraliav4Goul,191229,24,48702866,portrait,0,https://bhl-open-data.s3.us-east-2.amazonaws.com/images/birdsAustraliav4Goul/birdsAustraliav4Goul_0024.jp2,https://www.biodiversitylibrary.org/page/48702866,sheet-birdsAustraliav4Goul-0024.jpg,crop-birdsAustraliav4Goul-0024.jpg,
IV,5,Chestnut-backed Ground-Thrush,Cinclosoma castanotus,Cinclosoma castanotus,birdsAustraliav4Goul,191229,28,48702862,portrait,0,https://bhl-open-data.s3.us-east-2.amazonaws.com/images/birdsAustraliav4Goul/birdsAustraliav4Goul_0028.jp2,https://www.biodiversitylibrary.org/page/48702862,sheet-birdsAustraliav4Goul-0028.jpg,crop-birdsAustraliav4Goul-0028.jpg,"not pinned in Featherframe: stood up and cut by the folio's rules, the crop not reviewed"
IV,6,Cinnamon-coloured Cinclosoma,Cinclosoma cinnamomeus,Cinclosoma cinnamomeus,birdsAustraliav4Goul,191229,32,48702858,portrait,0,https://bhl-open-data.s3.us-east-2.amazonaws.com/images/birdsAustraliav4Goul/birdsAustraliav4Goul_0032.jp2,https://www.biodiversitylibrary.org/page/48702858,sheet-birdsAustraliav4Goul-0032.jpg,crop-birdsAustraliav4Goul-0032.jpg,"not pinned in Featherframe: stood up and cut by the folio's rules, the crop not reviewed"
IV,7,Mountain Thrush,Oreocincla lunulata,Oreocincla lunulata,birdsAustraliav4Goul,191229,36,48702854,portrait,0,https://bhl-open-data.s3.us-east-2.amazonaws.com/images/birdsAustraliav4Goul/birdsAustraliav4Goul_0036.jp2,https://www.biodiversitylibrary.org/page/48702854,sheet-birdsAustraliav4Goul-0036.jpg,crop-birdsAustraliav4Goul-0036.jpg,
IV,8,Spotted Bower-Bird,Chlamydera maculata,Chlamydera maculata,birdsAustraliav4Goul,191229,41,48702849,portrait,0,https://bhl-open-data.s3.us-east-2.amazonaws.com/images/birdsAustraliav4Goul/birdsAustraliav4Goul_0041.jp2,https://www.biodiversitylibrary.org/page/48702849,sheet-birdsAustraliav4Goul-0041.jpg,crop-birdsAustraliav4Goul-0041.jpg,"a fold-out, bound folded; not pinned in Featherframe: stood up and cut by the folio's rules, the crop not reviewed"
IV,9,Great Bower-Bird,Chlamydera nuchalis,Chlamydera nuchalis,birdsAustraliav4Goul,191229,46,48702844,portrait,0,https://bhl-open-data.s3.us-east-2.amazonaws.com/images/birdsAustraliav4Goul/birdsAustraliav4Goul_0046.jp2,https://www.biodiversitylibrary.org/page/48702844,sheet-birdsAustraliav4Goul-0046.jpg,crop-birdsAustraliav4Goul-0046.jpg,
IV,10,Satin Bower-Bird,Ptilonorhynchus holosericeus,Ptilonorhynchus holosericeus,birdsAustraliav4Goul,191229,51,48702839,portrait,0,https://bhl-open-data.s3.us-east-2.amazonaws.com/images/birdsAustraliav4Goul/birdsAustraliav4Goul_0051.jp2,https://www.biodiversitylibrary.org/page/48702839,sheet-birdsAustraliav4Goul-0051.jpg,crop-birdsAustraliav4Goul-0051.jpg,"a fold-out, bound folded; not pinned in Featherframe: stood up and cut by the folio's rules, the crop not reviewed"
IV,11,Cat Bird,Ptilonorhynchus Smithii,Ptilonorhynchus Smithii,birdsAustraliav4Goul,191229,56,48702806,portrait,0,https://bhl-open-data.s3.us-east-2.amazonaws.com/images/birdsAustraliav4Goul/birdsAustraliav4Goul_0056.jp2,https://www.biodiversitylibrary.org/page/48702806,sheet-birdsAustraliav4Goul-0056.jpg,crop-birdsAustraliav4Goul-0056.jpg,
IV,12,Regent Bird,Sericulus chrysocephalus,Sericulus chrysocephalus,birdsAustraliav4Goul,191229,60,48702810,portrait,0,https://bhl-open-data.s3.us-east-2.amazonaws.com/images/birdsAustraliav4Goul/birdsAustraliav4Goul_0060.jp2,https://www.biodiversitylibrary.org/page/48702810,sheet-birdsAustraliav4Goul-0060.jpg,crop-birdsAustraliav4Goul-0060.jpg,"not pinned in Featherframe: stood up and cut by the folio's rules, the crop not reviewed"
IV,13,New South Wales Oriole,Oriolus viridis,Oriolus viridis,birdsAustraliav4Goul,191229,64,48702814,portrait,0,https://bhl-open-data.s3.us-east-2.amazonaws.com/images/birdsAustraliav4Goul/birdsAustraliav4Goul_0064.jp2,https://www.biodiversitylibrary.org/page/48702814,sheet-birdsAustraliav4Goul-0064.jpg,crop-birdsAustraliav4Goul-0064.jpg,
IV,14,Crescent-marked Oriole,Oriolus flavo-cinctus,Oriolus flavo-cinctus,birdsAustraliav4Goul,191229,68,48702818,portrait,0,https://bhl-open-data.s3.us-east-2.amazonaws.com/images/birdsAustraliav4Goul/birdsAustraliav4Goul_0068.jp2,https://www.biodiversitylibrary.org/page/48702818,sheet-birdsAustraliav4Goul-0068.jpg,crop-birdsAustraliav4Goul-0068.jpg,
IV,15,Australian Sphecotheres,Sphecotheres Australis,Sphecotheres Australis,birdsAustraliav4Goul,191229,72,48702822,portrait,0,https://bhl-open-data.s3.us-east-2.amazonaws.com/images/birdsAustraliav4Goul/birdsAustraliav4Goul_0072.jp2,https://www.biodiversitylibrary.org/page/48702822,sheet-birdsAustraliav4Goul-0072.jpg,crop-birdsAustraliav4Goul-0072.jpg,
IV,16,White-winged Chough,Corcorax leucopterus,Corcorax leucopterus,birdsAustraliav4Goul,191229,76,48702826,portrait,0,https://bhl-open-data.s3.us-east-2.amazonaws.com/images/birdsAustraliav4Goul/birdsAustraliav4Goul_0076.jp2,https://www.biodiversitylibrary.org/page/48702826,sheet-birdsAustraliav4Goul-0076.jpg,crop-birdsAustraliav4Goul-0076.jpg,
IV,17,Grey Struthidea,Struthidea cinerea,Struthidea cinerea,birdsAustraliav4Goul,191229,80,48702830,portrait,0,https://bhl-open-data.s3.us-east-2.amazonaws.com/images/birdsAustraliav4Goul/birdsAustraliav4Goul_0080.jp2,https://www.biodiversitylibrary.org/page/48702830,sheet-birdsAustraliav4Goul-0080.jpg,crop-birdsAustraliav4Goul-0080.jpg,
IV,18,White-eyed Crow,Corvus Coronoides,Corvus Coronoides,birdsAustraliav4Goul,191229,84,48702834,portrait,0,https://bhl-open-data.s3.us-east-2.amazonaws.com/images/birdsAustraliav4Goul/birdsAustraliav4Goul_0084.jp2,https://www.biodiversitylibrary.org/page/48702834,sheet-birdsAustraliav4Goul-0084.jpg,crop-birdsAustraliav4Goul-0084.jpg,
IV,19,Gould’s Neomorpha,Neomorpha Gouldii,Neomorpha Gouldii,birdsAustraliav4Goul,191229,88,48702891,portrait,0,https://bhl-open-data.s3.us-east-2.amazonaws.com/images/birdsAustraliav4Goul/birdsAustraliav4Goul_0088.jp2,https://www.biodiversitylibrary.org/page/48702891,sheet-birdsAustraliav4Goul-0088.jpg,crop-birdsAustraliav4Goul-0088.jpg,"not pinned in Featherframe: stood up and cut by the folio's rules, the crop not reviewed"
IV,20,Temporal Pomatorhinus,Pomatorhinus temporalis,Pomatorhinus temporalis,birdsAustraliav4Goul,191229,92,48702895,portrait,0,https://bhl-open-data.s3.us-east-2.amazonaws.com/images/birdsAustraliav4Goul/birdsAustraliav4Goul_0092.jp2,https://www.biodiversitylibrary.org/page/48702895,sheet-birdsAustraliav4Goul-0092.jpg,crop-birdsAustraliav4Goul-0092.jpg,
IV,21,Red-breasted Pomatorhinus,Pomatorhinus rubeculus,Pomatorhinus rubeculus,birdsAustraliav4Goul,191229,96,48702899,portrait,0,https://bhl-open-data.s3.us-east-2.amazonaws.com/images/birdsAustraliav4Goul/birdsAustraliav4Goul_0096.jp2,https://www.biodiversitylibrary.org/page/48702899,sheet-birdsAustraliav4Goul-0096.jpg,crop-birdsAustraliav4Goul-0096.jpg,"not pinned in Featherframe: stood up and cut by the folio's rules, the crop not reviewed"
IV,22,White-eyebrowed Pomatorhinus,Pomatorhinus superciliosus,Pomatorhinus superciliosus,birdsAustraliav4Goul,191229,100,48702903,portrait,0,https://bhl-open-data.s3.us-east-2.amazonaws.com/images/birdsAustraliav4Goul/birdsAustraliav4Goul_0100.jp2,https://www.biodiversitylibrary.org/page/48702903,sheet-birdsAustraliav4Goul-0100.jpg,crop-birdsAustraliav4Goul-0100.jpg,
IV,23,New Holland Honey-eater,Meliphaga Novae-Hollandiae,Meliphaga Novae-Hollandiae,birdsAustraliav4Goul,191229,104,48702907,portrait,0,https://bhl-open-data.s3.us-east-2.amazonaws.com/images/birdsAustraliav4Goul/birdsAustraliav4Goul_0104.jp2,https://www.biodiversitylibrary.org/page/48702907,sheet-birdsAustraliav4Goul-0104.jpg,crop-birdsAustraliav4Goul-0104.jpg,
IV,24,Long-billed Honey-eater,Meliphaga longirostris,Meliphaga longirostris,birdsAustraliav4Goul,191229,108,48702911,portrait,0,https://bhl-open-data.s3.us-east-2.amazonaws.com/images/birdsAustraliav4Goul/birdsAustraliav4Goul_0108.jp2,https://www.biodiversitylibrary.org/page/48702911,sheet-birdsAustraliav4Goul-0108.jpg,crop-birdsAustraliav4Goul-0108.jpg,"not pinned in Featherframe: stood up and cut by the folio's rules, the crop not reviewed"
IV,25,White-cheeked Honey-eater,Meliphaga sericea,Meliphaga sericea,birdsAustraliav4Goul,191229,112,48702915,portrait,0,https://bhl-open-data.s3.us-east-2.amazonaws.com/images/birdsAustraliav4Goul/birdsAustraliav4Goul_0112.jp2,https://www.biodiversitylibrary.org/page/48702915,sheet-birdsAustraliav4Goul-0112.jpg,crop-birdsAustraliav4Goul-0112.jpg,
IV,26,Moustached Honey-eater,Meliphaga mystacalis,Meliphaga mystacalis,birdsAustraliav4Goul,191229,116,48702919,portrait,0,https://bhl-open-data.s3.us-east-2.amazonaws.com/images/birdsAustraliav4Goul/birdsAustraliav4Goul_0116.jp2,https://www.biodiversitylibrary.org/page/48702919,sheet-birdsAustraliav4Goul-0116.jpg,crop-birdsAustraliav4Goul-0116.jpg,"not pinned in Featherframe: stood up and cut by the folio's rules, the crop not reviewed"
IV,27,Tasmanian Honey-eater,Meliphaga Australasiana,Meliphaga Australasiana,birdsAustraliav4Goul,191229,120,48702923,portrait,0,https://bhl-open-data.s3.us-east-2.amazonaws.com/images/birdsAustraliav4Goul/birdsAustraliav4Goul_0120.jp2,https://www.biodiversitylibrary.org/page/48702923,sheet-birdsAustraliav4Goul-0120.jpg,crop-birdsAustraliav4Goul-0120.jpg,
IV,28,Fulvous-fronted Honey-eater,Glyciphila fulvifrons,Glyciphila fulvifrons,birdsAustraliav4Goul,191229,124,48702927,portrait,0,https://bhl-open-data.s3.us-east-2.amazonaws.com/images/birdsAustraliav4Goul/birdsAustraliav4Goul_0124.jp2,https://www.biodiversitylibrary.org/page/48702927,sheet-birdsAustraliav4Goul-0124.jpg,crop-birdsAustraliav4Goul-0124.jpg,
IV,29,White-fronted Honey-eater,Glyciphila albifrons,Glyciphila albifrons,birdsAustraliav4Goul,191229,128,48702931,portrait,0,https://bhl-open-data.s3.us-east-2.amazonaws.com/images/birdsAustraliav4Goul/birdsAustraliav4Goul_0128.jp2,https://www.biodiversitylibrary.org/page/48702931,sheet-birdsAustraliav4Goul-0128.jpg,crop-birdsAustraliav4Goul-0128.jpg,
IV,30,Fasciated Honey-eater,Glyciphila fasciata,Glyciphila fasciata,birdsAustraliav4Goul,191229,132,48702935,portrait,0,https://bhl-open-data.s3.us-east-2.amazonaws.com/images/birdsAustraliav4Goul/birdsAustraliav4Goul_0132.jp2,https://www.biodiversitylibrary.org/page/48702935,sheet-birdsAustraliav4Goul-0132.jpg,crop-birdsAustraliav4Goul-0132.jpg,"not pinned in Featherframe: stood up and cut by the folio's rules, the crop not reviewed"
IV,31,Brown Honey-eater,Glyciphila ocularis,Glyciphila ocularis,birdsAustraliav4Goul,191229,136,48702939,portrait,0,https://bhl-open-data.s3.us-east-2.amazonaws.com/images/birdsAustraliav4Goul/birdsAustraliav4Goul_0136.jp2,https://www.biodiversitylibrary.org/page/48702939,sheet-birdsAustraliav4Goul-0136.jpg,crop-birdsAustraliav4Goul-0136.jpg,
IV,32,Yellow-eared Honey-eater,Ptilotis chrysotis,Ptilotis chrysotis,birdsAustraliav4Goul,191229,140,48702943,portrait,0,https://bhl-open-data.s3.us-east-2.amazonaws.com/images/birdsAustraliav4Goul/birdsAustraliav4Goul_0140.jp2,https://www.biodiversitylibrary.org/page/48702943,sheet-birdsAustraliav4Goul-0140.jpg,crop-birdsAustraliav4Goul-0140.jpg,
IV,33,Singing Honey-eater,Ptilotis sonorus,Ptilotis sonorus,birdsAustraliav4Goul,191229,144,48702947,portrait,0,https://bhl-open-data.s3.us-east-2.amazonaws.com/images/birdsAustraliav4Goul/birdsAustraliav4Goul_0144.jp2,https://www.biodiversitylibrary.org/page/48702947,sheet-birdsAustraliav4Goul-0144.jpg,crop-birdsAustraliav4Goul-0144.jpg,
IV,34,Varied Honey-eater,Ptilotis versicolor,Ptilotis versicolor,birdsAustraliav4Goul,191229,148,48702951,portrait,0,https://bhl-open-data.s3.us-east-2.amazonaws.com/images/birdsAustraliav4Goul/birdsAustraliav4Goul_0148.jp2,https://www.biodiversitylibrary.org/page/48702951,sheet-birdsAustraliav4Goul-0148.jpg,crop-birdsAustraliav4Goul-0148.jpg,"not pinned in Featherframe: stood up and cut by the folio's rules, the crop not reviewed"
IV,35,Yellow-throated Honey-eater,Ptilotis flavigula,Ptilotis flavigula,birdsAustraliav4Goul,191229,152,48702955,portrait,0,https://bhl-open-data.s3.us-east-2.amazonaws.com/images/birdsAustraliav4Goul/birdsAustraliav4Goul_0152.jp2,https://www.biodiversitylibrary.org/page/48702955,sheet-birdsAustraliav4Goul-0152.jpg,crop-birdsAustraliav4Goul-0152.jpg,
IV,36,White-eared Honey-eater,Ptilotis leucotis,Ptilotis leucotis,birdsAustraliav4Goul,191229,156,48702959,portrait,0,https://bhl-open-data.s3.us-east-2.amazonaws.com/images/birdsAustraliav4Goul/birdsAustraliav4Goul_0156.jp2,https://www.biodiversitylibrary.org/page/48702959,sheet-birdsAustraliav4Goul-0156.jpg,crop-birdsAustraliav4Goul-0156.jpg,
IV,37,Yellow-tufted Honey-eater,Ptilotis auricomis,Ptilotis auricomis,birdsAustraliav4Goul,191229,160,48702963,portrait,0,https://bhl-open-data.s3.us-east-2.amazonaws.com/images/birdsAustraliav4Goul/birdsAustraliav4Goul_0160.jp2,https://www.biodiversitylibrary.org/page/48702963,sheet-birdsAustraliav4Goul-0160.jpg,crop-birdsAustraliav4Goul-0160.jpg,
IV,38,Wattle-cheeked Honey-eater,Ptilotis cratitius,Ptilotis cratitius,birdsAustraliav4Goul,191229,164,48702967,portrait,0,https://bhl-open-data.s3.us-east-2.amazonaws.com/images/birdsAustraliav4Goul/birdsAustraliav4Goul_0164.jp2,https://www.biodiversitylibrary.org/page/48702967,sheet-birdsAustraliav4Goul-0164.jpg,crop-birdsAustraliav4Goul-0164.jpg,
IV,39,Graceful Honey-eater,Ptilotis ornatus,Ptilotis ornatus,birdsAustraliav4Goul,191229,168,48702971,portrait,0,https://bhl-open-data.s3.us-east-2.amazonaws.com/images/birdsAustraliav4Goul/birdsAustraliav4Goul_0168.jp2,https://www.biodiversitylibrary.org/page/48702971,sheet-birdsAustraliav4Goul-0168.jpg,crop-birdsAustraliav4Goul-0168.jpg,
IV,40,Plumed Honey-eater,Ptilotis plumulus,Ptilotis plumulus,birdsAustraliav4Goul,191229,172,48702975,portrait,0,https://bhl-open-data.s3.us-east-2.amazonaws.com/images/birdsAustraliav4Goul/birdsAustraliav4Goul_0172.jp2,https://www.biodiversitylibrary.org/page/48702975,sheet-birdsAustraliav4Goul-0172.jpg,crop-birdsAustraliav4Goul-0172.jpg,"not pinned in Featherframe: stood up and cut by the folio's rules, the crop not reviewed"
IV,41,Yellow-tinted Honey-eater,Ptilotis flavescens,Ptilotis flavescens,birdsAustraliav4Goul,191229,176,48702979,portrait,0,https://bhl-open-data.s3.us-east-2.amazonaws.com/images/birdsAustraliav4Goul/birdsAustraliav4Goul_0176.jp2,https://www.biodiversitylibrary.org/page/48702979,sheet-birdsAustraliav4Goul-0176.jpg,crop-birdsAustraliav4Goul-0176.jpg,"not pinned in Featherframe: stood up and cut by the folio's rules, the crop not reviewed"
IV,42,Yellow Honey-eater,Ptilotis flava,Ptilotis flava,birdsAustraliav4Goul,191229,180,48702983,portrait,0,https://bhl-open-data.s3.us-east-2.amazonaws.com/images/birdsAustraliav4Goul/birdsAustraliav4Goul_0180.jp2,https://www.biodiversitylibrary.org/page/48702983,sheet-birdsAustraliav4Goul-0180.jpg,crop-birdsAustraliav4Goul-0180.jpg,"not pinned in Featherframe: stood up and cut by the folio's rules, the crop not reviewed"
IV,43,White-plumed Honey-eater,Ptilotis penicillatus,Ptilotis penicillatus,birdsAustraliav4Goul,191229,184,48702987,portrait,0,https://bhl-open-data.s3.us-east-2.amazonaws.com/images/birdsAustraliav4Goul/birdsAustraliav4Goul_0184.jp2,https://www.biodiversitylibrary.org/page/48702987,sheet-birdsAustraliav4Goul-0184.jpg,crop-birdsAustraliav4Goul-0184.jpg,
IV,44,Fuscous Honey-eater,Ptilotis fusca,Ptilotis fusca,birdsAustraliav4Goul,191229,188,48702991,portrait,0,https://bhl-open-data.s3.us-east-2.amazonaws.com/images/birdsAustraliav4Goul/birdsAustraliav4Goul_0188.jp2,https://www.biodiversitylibrary.org/page/48702991,sheet-birdsAustraliav4Goul-0188.jpg,crop-birdsAustraliav4Goul-0188.jpg,
IV,45,Yellow-faced Honey-eater,Ptilotis chrysops,Ptilotis chrysops,birdsAustraliav4Goul,191229,192,48702995,portrait,0,https://bhl-open-data.s3.us-east-2.amazonaws.com/images/birdsAustraliav4Goul/birdsAustraliav4Goul_0192.jp2,https://www.biodiversitylibrary.org/page/48702995,sheet-birdsAustraliav4Goul-0192.jpg,crop-birdsAustraliav4Goul-0192.jpg,
IV,46,Uniform Honey-eater,Ptilotis unicolor,Ptilotis unicolor,birdsAustraliav4Goul,191229,196,48702999,portrait,0,https://bhl-open-data.s3.us-east-2.amazonaws.com/images/birdsAustraliav4Goul/birdsAustraliav4Goul_0196.jp2,https://www.biodiversitylibrary.org/page/48702999,sheet-birdsAustraliav4Goul-0196.jpg,crop-birdsAustraliav4Goul-0196.jpg,
IV,47,Lanceolate Honey-eater,Plectorhyncha lanceolata,Plectorhyncha lanceolata,birdsAustraliav4Goul,191229,200,48703003,portrait,0,https://bhl-open-data.s3.us-east-2.amazonaws.com/images/birdsAustraliav4Goul/birdsAustraliav4Goul_0200.jp2,https://www.biodiversitylibrary.org/page/48703003,sheet-birdsAustraliav4Goul-0200.jpg,crop-birdsAustraliav4Goul-0200.jpg,
IV,48,Warty-faced Honey-eater,Zanthomyza Phrygia,Zanthomyza Phrygia,birdsAustraliav4Goul,191229,204,48703007,portrait,0,https://bhl-open-data.s3.us-east-2.amazonaws.com/images/birdsAustraliav4Goul/birdsAustraliav4Goul_0204.jp2,https://www.biodiversitylibrary.org/page/48703007,sheet-birdsAustraliav4Goul-0204.jpg,crop-birdsAustraliav4Goul-0204.jpg,
IV,49,Pied Honey-eater,Melicophila picata,Melicophila picata,birdsAustraliav4Goul,191229,208,48703011,portrait,0,https://bhl-open-data.s3.us-east-2.amazonaws.com/images/birdsAustraliav4Goul/birdsAustraliav4Goul_0208.jp2,https://www.biodiversitylibrary.org/page/48703011,sheet-birdsAustraliav4Goul-0208.jpg,crop-birdsAustraliav4Goul-0208.jpg,
IV,50,Painted Honey-eater,Entomophila picta,Entomophila picta,birdsAustraliav4Goul,191229,212,48703015,portrait,0,https://bhl-open-data.s3.us-east-2.amazonaws.com/images/birdsAustraliav4Goul/birdsAustraliav4Goul_0212.jp2,https://www.biodiversitylibrary.org/page/48703015,sheet-birdsAustraliav4Goul-0212.jpg,crop-birdsAustraliav4Goul-0212.jpg,
IV,51,White-throated Honey-eater,Entomophila albogularis,Entomophila albogularis,birdsAustraliav4Goul,191229,216,48703019,portrait,0,https://bhl-open-data.s3.us-east-2.amazonaws.com/images/birdsAustraliav4Goul/birdsAustraliav4Goul_0216.jp2,https://www.biodiversitylibrary.org/page/48703019,sheet-birdsAustraliav4Goul-0216.jpg,crop-birdsAustraliav4Goul-0216.jpg,
IV,52,Red-throated Honey-eater,Entomophila rufogularis,Entomophila rufogularis,birdsAustraliav4Goul,191229,220,48703023,portrait,0,https://bhl-open-data.s3.us-east-2.amazonaws.com/images/birdsAustraliav4Goul/birdsAustraliav4Goul_0220.jp2,https://www.biodiversitylibrary.org/page/48703023,sheet-birdsAustraliav4Goul-0220.jpg,crop-birdsAustraliav4Goul-0220.jpg,"not pinned in Featherframe: stood up and cut by the folio's rules, the crop not reviewed"
IV,53,Spiny-cheeked Honey-eater,Acanthogenys rufogularis,Acanthogenys rufogularis,birdsAustraliav4Goul,191229,224,48703027,portrait,0,https://bhl-open-data.s3.us-east-2.amazonaws.com/images/birdsAustraliav4Goul/birdsAustraliav4Goul_0224.jp2,https://www.biodiversitylibrary.org/page/48703027,sheet-birdsAustraliav4Goul-0224.jpg,crop-birdsAustraliav4Goul-0224.jpg,
IV,54,Great Wattled Honey-eater,Anthochaera inauris,Anthochaera inauris,birdsAustraliav4Goul,191229,228,48703031,portrait,0,https://bhl-open-data.s3.us-east-2.amazonaws.com/images/birdsAustraliav4Goul/birdsAustraliav4Goul_0228.jp2,https://www.biodiversitylibrary.org/page/48703031,sheet-birdsAustraliav4Goul-0228.jpg,crop-birdsAustraliav4Goul-0228.jpg,
IV,55,Wattled Honey-eater,Anthochaera carunculata,Anthochaera carunculata,birdsAustraliav4Goul,191229,232,48703035,portrait,0,https://bhl-open-data.s3.us-east-2.amazonaws.com/images/birdsAustraliav4Goul/birdsAustraliav4Goul_0232.jp2,https://www.biodiversitylibrary.org/page/48703035,sheet-birdsAustraliav4Goul-0232.jpg,crop-birdsAustraliav4Goul-0232.jpg,
IV,56,Brush Wattle-Bird,Anthochaera mellivora,Anthochaera mellivora,birdsAustraliav4Goul,191229,236,48703039,portrait,0,https://bhl-open-data.s3.us-east-2.amazonaws.com/images/birdsAustraliav4Goul/birdsAustraliav4Goul_0236.jp2,https://www.biodiversitylibrary.org/page/48703039,sheet-birdsAustraliav4Goul-0236.jpg,crop-birdsAustraliav4Goul-0236.jpg,
IV,57,Lunulated Wattle-Bird,Anthochaera lunulata,Anthochaera lunulata,birdsAustraliav4Goul,191229,240,48703043,portrait,0,https://bhl-open-data.s3.us-east-2.amazonaws.com/images/birdsAustraliav4Goul/birdsAustraliav4Goul_0240.jp2,https://www.biodiversitylibrary.org/page/48703043,sheet-birdsAustraliav4Goul-0240.jpg,crop-birdsAustraliav4Goul-0240.jpg,
IV,58,Friar-Bird,Tropidorhynchus corniculatus,Tropidorhynchus corniculatus,birdsAustraliav4Goul,191229,244,48703047,portrait,0,https://bhl-open-data.s3.us-east-2.amazonaws.com/images/birdsAustraliav4Goul/birdsAustraliav4Goul_0244.jp2,https://www.biodiversitylibrary.org/page/48703047,sheet-birdsAustraliav4Goul-0244.jpg,crop-birdsAustraliav4Goul-0244.jpg,
IV,59,Silvery-crowned Friar-Bird,Tropidorhynchus argenticeps,Tropidorhynchus argenticeps,birdsAustraliav4Goul,191229,248,48703051,portrait,0,https://bhl-open-data.s3.us-east-2.amazonaws.com/images/birdsAustraliav4Goul/birdsAustraliav4Goul_0248.jp2,https://www.biodiversitylibrary.org/page/48703051,sheet-birdsAustraliav4Goul-0248.jpg,crop-birdsAustraliav4Goul-0248.jpg,"not pinned in Featherframe: stood up and cut by the folio's rules, the crop not reviewed"
IV,60,Yellow-throated Friar-Bird,Tropidorhynchus citreogularis,Tropidorhynchus citreogularis,birdsAustraliav4Goul,191229,252,48703055,portrait,0,https://bhl-open-data.s3.us-east-2.amazonaws.com/images/birdsAustraliav4Goul/birdsAustraliav4Goul_0252.jp2,https://www.biodiversitylibrary.org/page/48703055,sheet-birdsAustraliav4Goul-0252.jpg,crop-birdsAustraliav4Goul-0252.jpg,
IV,61,Slender-billed Spine-bill,Acanthorhynchus tenuirostris,Acanthorhynchus tenuirostris,birdsAustraliav4Goul,191229,256,48703059,portrait,0,https://bhl-open-data.s3.us-east-2.amazonaws.com/images/birdsAustraliav4Goul/birdsAustraliav4Goul_0256.jp2,https://www.biodiversitylibrary.org/page/48703059,sheet-birdsAustraliav4Goul-0256.jpg,crop-birdsAustraliav4Goul-0256.jpg,
IV,62,White-eyebrowed Spine-bill,Acanthorhynchus superciliosus,Acanthorhynchus superciliosus,birdsAustraliav4Goul,191229,260,48703063,portrait,0,https://bhl-open-data.s3.us-east-2.amazonaws.com/images/birdsAustraliav4Goul/birdsAustraliav4Goul_0260.jp2,https://www.biodiversitylibrary.org/page/48703063,sheet-birdsAustraliav4Goul-0260.jpg,crop-birdsAustraliav4Goul-0260.jpg,
IV,63,Sanguineous Honey-eater,Myzomela sanguineolenta,Myzomela sanguineolenta,birdsAustraliav4Goul,191229,264,48703067,portrait,0,https://bhl-open-data.s3.us-east-2.amazonaws.com/images/birdsAustraliav4Goul/birdsAustraliav4Goul_0264.jp2,https://www.biodiversitylibrary.org/page/48703067,sheet-birdsAustraliav4Goul-0264.jpg,crop-birdsAustraliav4Goul-0264.jpg,
IV,64,Red-headed Honey-eater,Myzomela erythrocephala,Myzomela erythrocephala,birdsAustraliav4Goul,191229,268,48703071,portrait,0,https://bhl-open-data.s3.us-east-2.amazonaws.com/images/birdsAustraliav4Goul/birdsAustraliav4Goul_0268.jp2,https://www.biodiversitylibrary.org/page/48703071,sheet-birdsAustraliav4Goul-0268.jpg,crop-birdsAustraliav4Goul-0268.jpg,
IV,65,Banded Honey-eater,Myzomela pectoralis,Myzomela pectoralis,birdsAustraliav4Goul,191229,272,48703075,portrait,0,https://bhl-open-data.s3.us-east-2.amazonaws.com/images/birdsAustraliav4Goul/birdsAustraliav4Goul_0272.jp2,https://www.biodiversitylibrary.org/page/48703075,sheet-birdsAustraliav4Goul-0272.jpg,crop-birdsAustraliav4Goul-0272.jpg,"not pinned in Featherframe: stood up and cut by the folio's rules, the crop not reviewed"
IV,66,Black Honey-eater,Myzomela nigra,Myzomela nigra,birdsAustraliav4Goul,191229,276,48703079,portrait,0,https://bhl-open-data.s3.us-east-2.amazonaws.com/images/birdsAustraliav4Goul/birdsAustraliav4Goul_0276.jp2,https://www.biodiversitylibrary.org/page/48703079,sheet-birdsAustraliav4Goul-0276.jpg,crop-birdsAustraliav4Goul-0276.jpg,
IV,67,Obscure Honey-eater,Myzomela obscura,Myzomela obscura,birdsAustraliav4Goul,191229,280,48703083,portrait,0,https://bhl-open-data.s3.us-east-2.amazonaws.com/images/birdsAustraliav4Goul/birdsAustraliav4Goul_0280.jp2,https://www.biodiversitylibrary.org/page/48703083,sheet-birdsAustraliav4Goul-0280.jpg,crop-birdsAustraliav4Goul-0280.jpg,
IV,68,Blue-faced Entomyza,Entomyza cyanotis,Entomyza cyanotis,birdsAustraliav4Goul,191229,284,48703087,portrait,0,https://bhl-open-data.s3.us-east-2.amazonaws.com/images/birdsAustraliav4Goul/birdsAustraliav4Goul_0284.jp2,https://www.biodiversitylibrary.org/page/48703087,sheet-birdsAustraliav4Goul-0284.jpg,crop-birdsAustraliav4Goul-0284.jpg,
IV,69,White-pinioned Honey-eater,Entomyza albipennis,Entomyza albipennis,birdsAustraliav4Goul,191229,288,48703091,portrait,0,https://bhl-open-data.s3.us-east-2.amazonaws.com/images/birdsAustraliav4Goul/birdsAustraliav4Goul_0288.jp2,https://www.biodiversitylibrary.org/page/48703091,sheet-birdsAustraliav4Goul-0288.jpg,crop-birdsAustraliav4Goul-0288.jpg,"not pinned in Featherframe: stood up and cut by the folio's rules, the crop not reviewed"
IV,70,Strong-billed Honey-eater,Melithreptus validirostris,Melithreptus validirostris,birdsAustraliav4Goul,191229,292,48703095,portrait,0,https://bhl-open-data.s3.us-east-2.amazonaws.com/images/birdsAustraliav4Goul/birdsAustraliav4Goul_0292.jp2,https://www.biodiversitylibrary.org/page/48703095,sheet-birdsAustraliav4Goul-0292.jpg,crop-birdsAustraliav4Goul-0292.jpg,
IV,71,Black-throated Honey-eater,Melithreptus gularis,Melithreptus gularis,birdsAustraliav4Goul,191229,296,48703099,portrait,0,https://bhl-open-data.s3.us-east-2.amazonaws.com/images/birdsAustraliav4Goul/birdsAustraliav4Goul_0296.jp2,https://www.biodiversitylibrary.org/page/48703099,sheet-birdsAustraliav4Goul-0296.jpg,crop-birdsAustraliav4Goul-0296.jpg,
IV,72,Lunulated Honey-eater,Melithreptus lunulatus,Melithreptus lunulatus,birdsAustraliav4Goul,191229,300,48703103,portrait,0,https://bhl-open-data.s3.us-east-2.amazonaws.com/images/birdsAustraliav4Goul/birdsAustraliav4Goul_0300.jp2,https://www.biodiversitylibrary.org/page/48703103,sheet-birdsAustraliav4Goul-0300.jpg,crop-birdsAustraliav4Goul-0300.jpg,
IV,73,Swan River Honey-eater,Melithreptus chloropsis,Melithreptus chloropsis,birdsAustraliav4Goul,191229,304,48703107,portrait,0,https://bhl-open-data.s3.us-east-2.amazonaws.com/images/birdsAustraliav4Goul/birdsAustraliav4Goul_0304.jp2,https://www.biodiversitylibrary.org/page/48703107,sheet-birdsAustraliav4Goul-0304.jpg,crop-birdsAustraliav4Goul-0304.jpg,
IV,74,White-throated Honey-eater,Melithreptus albogularis,Melithreptus albogularis,birdsAustraliav4Goul,191229,308,48703111,portrait,0,https://bhl-open-data.s3.us-east-2.amazonaws.com/images/birdsAustraliav4Goul/birdsAustraliav4Goul_0308.jp2,https://www.biodiversitylibrary.org/page/48703111,sheet-birdsAustraliav4Goul-0308.jpg,crop-birdsAustraliav4Goul-0308.jpg,
IV,75,Black-headed Honey-eater,Melithreptus melanocephalus,Melithreptus melanocephalus,birdsAustraliav4Goul,191229,312,48703115,portrait,0,https://bhl-open-data.s3.us-east-2.amazonaws.com/images/birdsAustraliav4Goul/birdsAustraliav4Goul_0312.jp2,https://www.biodiversitylibrary.org/page/48703115,sheet-birdsAustraliav4Goul-0312.jpg,crop-birdsAustraliav4Goul-0312.jpg,
IV,76,Garrulous Honey-eater,Myzantha garrula,Myzantha garrula,birdsAustraliav4Goul,191229,316,48703119,portrait,0,https://bhl-open-data.s3.us-east-2.amazonaws.com/images/birdsAustraliav4Goul/birdsAustraliav4Goul_0316.jp2,https://www.biodiversitylibrary.org/page/48703119,sheet-birdsAustraliav4Goul-0316.jpg,crop-birdsAustraliav4Goul-0316.jpg,
IV,77,Sombre Honey-eater,Myzantha obscura,Myzantha obscura,birdsAustraliav4Goul,191229,320,48703123,portrait,0,https://bhl-open-data.s3.us-east-2.amazonaws.com/images/birdsAustraliav4Goul/birdsAustraliav4Goul_0320.jp2,https://www.biodiversitylibrary.org/page/48703123,sheet-birdsAustraliav4Goul-0320.jpg,crop-birdsAustraliav4Goul-0320.jpg,"not pinned in Featherframe: stood up and cut by the folio's rules, the crop not reviewed"
IV,78,Luteous Honey-eater,Myzantha lutea,Myzantha lutea,birdsAustraliav4Goul,191229,324,48703127,portrait,0,https://bhl-open-data.s3.us-east-2.amazonaws.com/images/birdsAustraliav4Goul/birdsAustraliav4Goul_0324.jp2,https://www.biodiversitylibrary.org/page/48703127,sheet-birdsAustraliav4Goul-0324.jpg,crop-birdsAustraliav4Goul-0324.jpg,"not pinned in Featherframe: stood up and cut by the folio's rules, the crop not reviewed"
IV,79,Yellow-throated Miner,Myzantha flavigula,Myzantha flavigula,birdsAustraliav4Goul,191229,328,48703131,portrait,0,https://bhl-open-data.s3.us-east-2.amazonaws.com/images/birdsAustraliav4Goul/birdsAustraliav4Goul_0328.jp2,https://www.biodiversitylibrary.org/page/48703131,sheet-birdsAustraliav4Goul-0328.jpg,crop-birdsAustraliav4Goul-0328.jpg,
IV,80,Australian Bell-Bird,Myzantha melanophrys,Myzantha viridis,birdsAustraliav4Goul,191229,332,48703135,portrait,0,https://bhl-open-data.s3.us-east-2.amazonaws.com/images/birdsAustraliav4Goul/birdsAustraliav4Goul_0332.jp2,https://www.biodiversitylibrary.org/page/48703135,sheet-birdsAustraliav4Goul-0332.jpg,crop-birdsAustraliav4Goul-0332.jpg,"read from image: plate is engraved MYZANTHA VIRIDIS (Gould's plate name for the Bell-bird); leaf is right: the facing text leaf 333 is MYZANTHA MELANOPHRYS, Australian Bell-bird, and no leaf within ±8 carries a melanophrys caption; caption_top measured by eye against a ruler on the image"
IV,81,Grey-backed Zosterops,Zosterops dorsalis,Zosterops dorsalis,birdsAustraliav4Goul,191229,336,48703139,portrait,0,https://bhl-open-data.s3.us-east-2.amazonaws.com/images/birdsAustraliav4Goul/birdsAustraliav4Goul_0336.jp2,https://www.biodiversitylibrary.org/page/48703139,sheet-birdsAustraliav4Goul-0336.jpg,crop-birdsAustraliav4Goul-0336.jpg,
IV,82,Green-backed Zosterops,Zosterops chloronotus,Zosterops chloronotus,birdsAustraliav4Goul,191229,340,48703143,portrait,0,https://bhl-open-data.s3.us-east-2.amazonaws.com/images/birdsAustraliav4Goul/birdsAustraliav4Goul_0340.jp2,https://www.biodiversitylibrary.org/page/48703143,sheet-birdsAustraliav4Goul-0340.jpg,crop-birdsAustraliav4Goul-0340.jpg,"not pinned in Featherframe: stood up and cut by the folio's rules, the crop not reviewed"
IV,83,Yellow Zosterops,Zosterops luteus,Zosterops luteus,birdsAustraliav4Goul,191229,344,48703147,portrait,0,https://bhl-open-data.s3.us-east-2.amazonaws.com/images/birdsAustraliav4Goul/birdsAustraliav4Goul_0344.jp2,https://www.biodiversitylibrary.org/page/48703147,sheet-birdsAustraliav4Goul-0344.jpg,crop-birdsAustraliav4Goul-0344.jpg,
IV,84,Australian Cuckoo,Cuculus optatus,Cuculus optatus,birdsAustraliav4Goul,191229,348,48703151,portrait,0,https://bhl-open-data.s3.us-east-2.amazonaws.com/images/birdsAustraliav4Goul/birdsAustraliav4Goul_0348.jp2,https://www.biodiversitylibrary.org/page/48703151,sheet-birdsAustraliav4Goul-0348.jpg,crop-birdsAustraliav4Goul-0348.jpg,
IV,85,Unadorned Cuckoo,Cuculus inornatus,Cuculus inornatus,birdsAustraliav4Goul,191229,352,48703155,portrait,0,https://bhl-open-data.s3.us-east-2.amazonaws.com/images/birdsAustraliav4Goul/birdsAustraliav4Goul_0352.jp2,https://www.biodiversitylibrary.org/page/48703155,sheet-birdsAustraliav4Goul-0352.jpg,crop-birdsAustraliav4Goul-0352.jpg,
IV,86,Ash-coloured Cuckoo,Cuculus cineraceus,Cuculus cineraceus,birdsAustraliav4Goul,191229,356,48703159,portrait,0,https://bhl-open-data.s3.us-east-2.amazonaws.com/images/birdsAustraliav4Goul/birdsAustraliav4Goul_0356.jp2,https://www.biodiversitylibrary.org/page/48703159,sheet-birdsAustraliav4Goul-0356.jpg,crop-birdsAustraliav4Goul-0356.jpg,
IV,87,Brush Cuckoo,Cuculus insperatus,Cuculus insperatus,birdsAustraliav4Goul,191229,360,48703163,portrait,0,https://bhl-open-data.s3.us-east-2.amazonaws.com/images/birdsAustraliav4Goul/birdsAustraliav4Goul_0360.jp2,https://www.biodiversitylibrary.org/page/48703163,sheet-birdsAustraliav4Goul-0360.jpg,crop-birdsAustraliav4Goul-0360.jpg,
IV,88,Black-eared Cuckoo,Chalcites osculans,Chalcites osculans,birdsAustraliav4Goul,191229,364,48703167,portrait,0,https://bhl-open-data.s3.us-east-2.amazonaws.com/images/birdsAustraliav4Goul/birdsAustraliav4Goul_0364.jp2,https://www.biodiversitylibrary.org/page/48703167,sheet-birdsAustraliav4Goul-0364.jpg,crop-birdsAustraliav4Goul-0364.jpg,
IV,89,Shining Cuckoo,Chrysococcyx lucidus,Chrysococcyx lucidus,birdsAustraliav4Goul,191229,368,48703171,portrait,0,https://bhl-open-data.s3.us-east-2.amazonaws.com/images/birdsAustraliav4Goul/birdsAustraliav4Goul_0368.jp2,https://www.biodiversitylibrary.org/page/48703171,sheet-birdsAustraliav4Goul-0368.jpg,crop-birdsAustraliav4Goul-0368.jpg,
IV,90,Channel-Bill,Scythrops Novae-Hollandiae,Scythrops Novae-Hollandiae,birdsAustraliav4Goul,191229,372,48703175,portrait,0,https://bhl-open-data.s3.us-east-2.amazonaws.com/images/birdsAustraliav4Goul/birdsAustraliav4Goul_0372.jp2,https://www.biodiversitylibrary.org/page/48703175,sheet-birdsAustraliav4Goul-0372.jpg,crop-birdsAustraliav4Goul-0372.jpg,
IV,91,Flinders’s Cuckoo,Eudynamys Flindersii,Eudynamys Flindersii,birdsAustraliav4Goul,191229,376,48703179,portrait,0,https://bhl-open-data.s3.us-east-2.amazonaws.com/images/birdsAustraliav4Goul/birdsAustraliav4Goul_0376.jp2,https://www.biodiversitylibrary.org/page/48703179,sheet-birdsAustraliav4Goul-0376.jpg,crop-birdsAustraliav4Goul-0376.jpg,
IV,92,Pheasant Cuckoo,Centropus Phasianus,Centropus Phasianus,birdsAustraliav4Goul,191229,380,48703183,portrait,0,https://bhl-open-data.s3.us-east-2.amazonaws.com/images/birdsAustraliav4Goul/birdsAustraliav4Goul_0380.jp2,https://www.biodiversitylibrary.org/page/48703183,sheet-birdsAustraliav4Goul-0380.jpg,crop-birdsAustraliav4Goul-0380.jpg,
IV,93,Brown Tree-Creeper,Climacteris scandens,Climacteris scandens,birdsAustraliav4Goul,191229,384,48703187,portrait,0,https://bhl-open-data.s3.us-east-2.amazonaws.com/images/birdsAustraliav4Goul/birdsAustraliav4Goul_0384.jp2,https://www.biodiversitylibrary.org/page/48703187,sheet-birdsAustraliav4Goul-0384.jpg,crop-birdsAustraliav4Goul-0384.jpg,
IV,94,Rufous Tree-Creeper,Climacteris rufa,Climacteris rufa,birdsAustraliav4Goul,191229,388,48703191,portrait,0,https://bhl-open-data.s3.us-east-2.amazonaws.com/images/birdsAustraliav4Goul/birdsAustraliav4Goul_0388.jp2,https://www.biodiversitylibrary.org/page/48703191,sheet-birdsAustraliav4Goul-0388.jpg,crop-birdsAustraliav4Goul-0388.jpg,"not pinned in Featherframe: stood up and cut by the folio's rules, the crop not reviewed"
IV,95,Red-eyebrowed Tree-Creeper,Climacteris erythrops,Climacteris erythrops,birdsAustraliav4Goul,191229,392,48703195,portrait,0,https://bhl-open-data.s3.us-east-2.amazonaws.com/images/birdsAustraliav4Goul/birdsAustraliav4Goul_0392.jp2,https://www.biodiversitylibrary.org/page/48703195,sheet-birdsAustraliav4Goul-0392.jpg,crop-birdsAustraliav4Goul-0392.jpg,"not pinned in Featherframe: stood up and cut by the folio's rules, the crop not reviewed"
IV,96,Black-backed Tree-Creeper,Climacteris melanotus,Climacteris melanotus,birdsAustraliav4Goul,191229,396,48703199,portrait,0,https://bhl-open-data.s3.us-east-2.amazonaws.com/images/birdsAustraliav4Goul/birdsAustraliav4Goul_0396.jp2,https://www.biodiversitylibrary.org/page/48703199,sheet-birdsAustraliav4Goul-0396.jpg,crop-birdsAustraliav4Goul-0396.jpg,"not pinned in Featherframe: stood up and cut by the folio's rules, the crop not reviewed"
IV,97,Black-tailed Tree-Creeper,Climacteris melanura,Climacteris melanura,birdsAustraliav4Goul,191229,400,48703203,portrait,0,https://bhl-open-data.s3.us-east-2.amazonaws.com/images/birdsAustraliav4Goul/birdsAustraliav4Goul_0400.jp2,https://www.biodiversitylibrary.org/page/48703203,sheet-birdsAustraliav4Goul-0400.jpg,crop-birdsAustraliav4Goul-0400.jpg,"not pinned in Featherframe: stood up and cut by the folio's rules, the crop not reviewed"
IV,98,White-throated Tree-Creeper,Climacteris picumnus,Climacteris picumnus,birdsAustraliav4Goul,191229,404,48703207,portrait,0,https://bhl-open-data.s3.us-east-2.amazonaws.com/images/birdsAustraliav4Goul/birdsAustraliav4Goul_0404.jp2,https://www.biodiversitylibrary.org/page/48703207,sheet-birdsAustraliav4Goul-0404.jpg,crop-birdsAustraliav4Goul-0404.jpg,
IV,99,Spine-tailed Orthonyx,Orthonyx spinicaudus,Orthonyx spinicaudus,birdsAustraliav4Goul,191229,408,48703211,portrait,0,https://bhl-open-data.s3.us-east-2.amazonaws.com/images/birdsAustraliav4Goul/birdsAustraliav4Goul_0408.jp2,https://www.biodiversitylibrary.org/page/48703211,sheet-birdsAustraliav4Goul-0408.jpg,crop-birdsAustraliav4Goul-0408.jpg,
IV,100,Rifle Bird,Ptiloris paradiseus,Ptiloris paradiseus,birdsAustraliav4Goul,191229,412,48703215,portrait,0,https://bhl-open-data.s3.us-east-2.amazonaws.com/images/birdsAustraliav4Goul/birdsAustraliav4Goul_0412.jp2,https://www.biodiversitylibrary.org/page/48703215,sheet-birdsAustraliav4Goul-0412.jpg,crop-birdsAustraliav4Goul-0412.jpg,
IV,101,Orange-winged Sittella,Sittella chrysoptera,Sittella chrysoptera,birdsAustraliav4Goul,191229,416,48703219,portrait,0,https://bhl-open-data.s3.us-east-2.amazonaws.com/images/birdsAustraliav4Goul/birdsAustraliav4Goul_0416.jp2,https://www.biodiversitylibrary.org/page/48703219,sheet-birdsAustraliav4Goul-0416.jpg,crop-birdsAustraliav4Goul-0416.jpg,
IV,102,White-headed Sittella,Sittella leucocephala,Sittella leucocephala,birdsAustraliav4Goul,191229,420,48703223,portrait,0,https://bhl-open-data.s3.us-east-2.amazonaws.com/images/birdsAustraliav4Goul/birdsAustraliav4Goul_0420.jp2,https://www.biodiversitylibrary.org/page/48703223,sheet-birdsAustraliav4Goul-0420.jpg,crop-birdsAustraliav4Goul-0420.jpg,"not pinned in Featherframe: stood up and cut by the folio's rules, the crop not reviewed"
IV,103,White-winged Sittella,Sittella leucoptera,Sittella leucoptera,birdsAustraliav4Goul,191229,424,48703227,portrait,0,https://bhl-open-data.s3.us-east-2.amazonaws.com/images/birdsAustraliav4Goul/birdsAustraliav4Goul_0424.jp2,https://www.biodiversitylibrary.org/page/48703227,sheet-birdsAustraliav4Goul-0424.jpg,crop-birdsAustraliav4Goul-0424.jpg,"not pinned in Featherframe: stood up and cut by the folio's rules, the crop not reviewed"
IV,104,Black-capped Sittella,Sittella pileata,Sittella pileata,birdsAustraliav4Goul,191229,428,48703231,portrait,0,https://bhl-open-data.s3.us-east-2.amazonaws.com/images/birdsAustraliav4Goul/birdsAustraliav4Goul_0428.jp2,https://www.biodiversitylibrary.org/page/48703231,sheet-birdsAustraliav4Goul-0428.jpg,crop-birdsAustraliav4Goul-0428.jpg,"not pinned in Featherframe: stood up and cut by the folio's rules, the crop not reviewed"
V,1,Crested Cockatoo,Cacatua galerita,Cacatua galerita,birdsAustraliav5Goul,188478,12,48400934,portrait,0,https://bhl-open-data.s3.us-east-2.amazonaws.com/images/birdsAustraliav5Goul/birdsAustraliav5Goul_0012.jp2,https://www.biodiversitylibrary.org/page/48400934,sheet-birdsAustraliav5Goul-0012.jpg,crop-birdsAustraliav5Goul-0012.jpg,
V,2,Leadbeater’s Cockatoo,Cacatua Leadbeateri,Cacatua Leadbeateri,birdsAustraliav5Goul,188478,16,48400938,portrait,0,https://bhl-open-data.s3.us-east-2.amazonaws.com/images/birdsAustraliav5Goul/birdsAustraliav5Goul_0016.jp2,https://www.biodiversitylibrary.org/page/48400938,sheet-birdsAustraliav5Goul-0016.jpg,crop-birdsAustraliav5Goul-0016.jpg,
V,3,Blood-stained Cockatoo,Cacatua sanguinea,Cacatua sanguinea,birdsAustraliav5Goul,188478,20,48400942,portrait,0,https://bhl-open-data.s3.us-east-2.amazonaws.com/images/birdsAustraliav5Goul/birdsAustraliav5Goul_0020.jp2,https://www.biodiversitylibrary.org/page/48400942,sheet-birdsAustraliav5Goul-0020.jpg,crop-birdsAustraliav5Goul-0020.jpg,
V,4,Rose-breasted Cockatoo,Cacatua Eos,Cacatua Eos,birdsAustraliav5Goul,188478,24,48400946,portrait,0,https://bhl-open-data.s3.us-east-2.amazonaws.com/images/birdsAustraliav5Goul/birdsAustraliav5Goul_0024.jp2,https://www.biodiversitylibrary.org/page/48400946,sheet-birdsAustraliav5Goul-0024.jpg,crop-birdsAustraliav5Goul-0024.jpg,
V,5,Long-billed Cockatoo,Licmetis nasicus,Licmetis nasicus,birdsAustraliav5Goul,188478,28,48400950,portrait,0,https://bhl-open-data.s3.us-east-2.amazonaws.com/images/birdsAustraliav5Goul/birdsAustraliav5Goul_0028.jp2,https://www.biodiversitylibrary.org/page/48400950,sheet-birdsAustraliav5Goul-0028.jpg,crop-birdsAustraliav5Goul-0028.jpg,
V,6,Philip Island Parrot,Nestor productus,Nestor productus,birdsAustraliav5Goul,188478,32,48400954,portrait,0,https://bhl-open-data.s3.us-east-2.amazonaws.com/images/birdsAustraliav5Goul/birdsAustraliav5Goul_0032.jp2,https://www.biodiversitylibrary.org/page/48400954,sheet-birdsAustraliav5Goul-0032.jpg,crop-birdsAustraliav5Goul-0032.jpg,"not pinned in Featherframe: stood up and cut by the folio's rules, the crop not reviewed"
V,7,Banksian Cockatoo,Calyptorhynchus Banksii,Calyptorhynchus Banksii,birdsAustraliav5Goul,188478,36,48400958,portrait,0,https://bhl-open-data.s3.us-east-2.amazonaws.com/images/birdsAustraliav5Goul/birdsAustraliav5Goul_0036.jp2,https://www.biodiversitylibrary.org/page/48400958,sheet-birdsAustraliav5Goul-0036.jpg,crop-birdsAustraliav5Goul-0036.jpg,
V,8,Great-billed Black Cockatoo,Calyptorhynchus macrorhynchus,Calyptorhynchus macrorhynchus,birdsAustraliav5Goul,188478,40,48400962,portrait,0,https://bhl-open-data.s3.us-east-2.amazonaws.com/images/birdsAustraliav5Goul/birdsAustraliav5Goul_0040.jp2,https://www.biodiversitylibrary.org/page/48400962,sheet-birdsAustraliav5Goul-0040.jpg,crop-birdsAustraliav5Goul-0040.jpg,"not pinned in Featherframe: stood up and cut by the folio's rules, the crop not reviewed"
V,9,Western Black Cockatoo,Calyptorhynchus naso,Calyptorhynchus naso,birdsAustraliav5Goul,188478,44,48400966,portrait,0,https://bhl-open-data.s3.us-east-2.amazonaws.com/images/birdsAustraliav5Goul/birdsAustraliav5Goul_0044.jp2,https://www.biodiversitylibrary.org/page/48400966,sheet-birdsAustraliav5Goul-0044.jpg,crop-birdsAustraliav5Goul-0044.jpg,"not pinned in Featherframe: stood up and cut by the folio's rules, the crop not reviewed"
V,10,Leach’s Cockatoo,Calyptorhynchus Leachii,Calyptorhynchus Leachii,birdsAustraliav5Goul,188478,48,48400970,portrait,0,https://bhl-open-data.s3.us-east-2.amazonaws.com/images/birdsAustraliav5Goul/birdsAustraliav5Goul_0048.jp2,https://www.biodiversitylibrary.org/page/48400970,sheet-birdsAustraliav5Goul-0048.jpg,crop-birdsAustraliav5Goul-0048.jpg,
V,11,Funereal Cockatoo,Calyptorhynchus funereus,Calyptorhynchus funereus,birdsAustraliav5Goul,188478,52,48400974,portrait,0,https://bhl-open-data.s3.us-east-2.amazonaws.com/images/birdsAustraliav5Goul/birdsAustraliav5Goul_0052.jp2,https://www.biodiversitylibrary.org/page/48400974,sheet-birdsAustraliav5Goul-0052.jpg,crop-birdsAustraliav5Goul-0052.jpg,
V,12,Yellow-eared Black Cockatoo,Calyptorhynchus xanthonotus,Calyptorhynchus xanthonotus,birdsAustraliav5Goul,188478,56,48400978,portrait,0,https://bhl-open-data.s3.us-east-2.amazonaws.com/images/birdsAustraliav5Goul/birdsAustraliav5Goul_0056.jp2,https://www.biodiversitylibrary.org/page/48400978,sheet-birdsAustraliav5Goul-0056.jpg,crop-birdsAustraliav5Goul-0056.jpg,"not pinned in Featherframe: stood up and cut by the folio's rules, the crop not reviewed"
V,13,Baudin’s Cockatoo,Calyptorhynchus Baudinii,Calyptorhynchus Baudinii,birdsAustraliav5Goul,188478,60,48400982,portrait,0,https://bhl-open-data.s3.us-east-2.amazonaws.com/images/birdsAustraliav5Goul/birdsAustraliav5Goul_0060.jp2,https://www.biodiversitylibrary.org/page/48400982,sheet-birdsAustraliav5Goul-0060.jpg,crop-birdsAustraliav5Goul-0060.jpg,"not pinned in Featherframe: stood up and cut by the folio's rules, the crop not reviewed"
V,14,Gang-gang Cockatoo,Callocephalon galeatum,Callocephalon galeatum,birdsAustraliav5Goul,188478,64,48400986,portrait,0,https://bhl-open-data.s3.us-east-2.amazonaws.com/images/birdsAustraliav5Goul/birdsAustraliav5Goul_0064.jp2,https://www.biodiversitylibrary.org/page/48400986,sheet-birdsAustraliav5Goul-0064.jpg,crop-birdsAustraliav5Goul-0064.jpg,
V,15,Barraband’s Parrakeet,Polytelis Barrabandi,Polytelis Barrabandi,birdsAustraliav5Goul,188478,68,48400990,portrait,0,https://bhl-open-data.s3.us-east-2.amazonaws.com/images/birdsAustraliav5Goul/birdsAustraliav5Goul_0068.jp2,https://www.biodiversitylibrary.org/page/48400990,sheet-birdsAustraliav5Goul-0068.jpg,crop-birdsAustraliav5Goul-0068.jpg,
V,16,Black-tailed Parrakeet,Polytelis melanura,Polytelis melanura,birdsAustraliav5Goul,188478,72,48400994,portrait,0,https://bhl-open-data.s3.us-east-2.amazonaws.com/images/birdsAustraliav5Goul/birdsAustraliav5Goul_0072.jp2,https://www.biodiversitylibrary.org/page/48400994,sheet-birdsAustraliav5Goul-0072.jpg,crop-birdsAustraliav5Goul-0072.jpg,
V,17,King Lory,Aprosmictus scapulatus,Aprosmictus scapulatus,birdsAustraliav5Goul,188478,76,48400998,portrait,0,https://bhl-open-data.s3.us-east-2.amazonaws.com/images/birdsAustraliav5Goul/birdsAustraliav5Goul_0076.jp2,https://www.biodiversitylibrary.org/page/48400998,sheet-birdsAustraliav5Goul-0076.jpg,crop-birdsAustraliav5Goul-0076.jpg,
V,18,Red-winged Lory,Aprosmictus erythropterus,Aprosmictus erythropterus,birdsAustraliav5Goul,188478,80,48401002,portrait,0,https://bhl-open-data.s3.us-east-2.amazonaws.com/images/birdsAustraliav5Goul/birdsAustraliav5Goul_0080.jp2,https://www.biodiversitylibrary.org/page/48401002,sheet-birdsAustraliav5Goul-0080.jpg,crop-birdsAustraliav5Goul-0080.jpg,
V,19,Yellow-collared Parrakeet,Platycercus semitorquatus,Platycercus semitorquatus,birdsAustraliav5Goul,188478,84,48401006,portrait,0,https://bhl-open-data.s3.us-east-2.amazonaws.com/images/birdsAustraliav5Goul/birdsAustraliav5Goul_0084.jp2,https://www.biodiversitylibrary.org/page/48401006,sheet-birdsAustraliav5Goul-0084.jpg,crop-birdsAustraliav5Goul-0084.jpg,
V,20,Bauer’s Parrakeet,Platycercus Baueri,Platycercus Baueri,birdsAustraliav5Goul,188478,88,48401010,portrait,0,https://bhl-open-data.s3.us-east-2.amazonaws.com/images/birdsAustraliav5Goul/birdsAustraliav5Goul_0088.jp2,https://www.biodiversitylibrary.org/page/48401010,sheet-birdsAustraliav5Goul-0088.jpg,crop-birdsAustraliav5Goul-0088.jpg,"not pinned in Featherframe: stood up and cut by the folio's rules, the crop not reviewed"
V,21,Barnard’s Parrakeet,Platycercus Barnardi,Platycercus Barnardi,birdsAustraliav5Goul,188478,92,48401014,portrait,0,https://bhl-open-data.s3.us-east-2.amazonaws.com/images/birdsAustraliav5Goul/birdsAustraliav5Goul_0092.jp2,https://www.biodiversitylibrary.org/page/48401014,sheet-birdsAustraliav5Goul-0092.jpg,crop-birdsAustraliav5Goul-0092.jpg,"not pinned in Featherframe: stood up and cut by the folio's rules, the crop not reviewed"
V,22,Adelaide Parrakeet,Platycercus Adelaidiae,Platycercus Adelaidiae,birdsAustraliav5Goul,188478,96,48401018,portrait,0,https://bhl-open-data.s3.us-east-2.amazonaws.com/images/birdsAustraliav5Goul/birdsAustraliav5Goul_0096.jp2,https://www.biodiversitylibrary.org/page/48401018,sheet-birdsAustraliav5Goul-0096.jpg,crop-birdsAustraliav5Goul-0096.jpg,
V,23,Pennant’s Parrakeet,Platycercus Pennantii,Platycercus Pennantii,birdsAustraliav5Goul,188478,100,48401022,portrait,0,https://bhl-open-data.s3.us-east-2.amazonaws.com/images/birdsAustraliav5Goul/birdsAustraliav5Goul_0100.jp2,https://www.biodiversitylibrary.org/page/48401022,sheet-birdsAustraliav5Goul-0100.jpg,crop-birdsAustraliav5Goul-0100.jpg,"not pinned in Featherframe: stood up and cut by the folio's rules, the crop not reviewed"
V,24,Yellow-bellied Parrakeet,Platycercus flaviventris,Platycercus flaviventris,birdsAustraliav5Goul,188478,104,48401026,portrait,0,https://bhl-open-data.s3.us-east-2.amazonaws.com/images/birdsAustraliav5Goul/birdsAustraliav5Goul_0104.jp2,https://www.biodiversitylibrary.org/page/48401026,sheet-birdsAustraliav5Goul-0104.jpg,crop-birdsAustraliav5Goul-0104.jpg,
V,25,Yellow-rumped Parrakeet,Platycercus flaveolus,Platycercus flaveolus,birdsAustraliav5Goul,188478,108,48401030,portrait,0,https://bhl-open-data.s3.us-east-2.amazonaws.com/images/birdsAustraliav5Goul/birdsAustraliav5Goul_0108.jp2,https://www.biodiversitylibrary.org/page/48401030,sheet-birdsAustraliav5Goul-0108.jpg,crop-birdsAustraliav5Goul-0108.jpg,"not pinned in Featherframe: stood up and cut by the folio's rules, the crop not reviewed"
V,26,Pale-headed Parrakeet,Platycercus palliceps,Platycercus palliceps,birdsAustraliav5Goul,188478,112,48401034,portrait,0,https://bhl-open-data.s3.us-east-2.amazonaws.com/images/birdsAustraliav5Goul/birdsAustraliav5Goul_0112.jp2,https://www.biodiversitylibrary.org/page/48401034,sheet-birdsAustraliav5Goul-0112.jpg,crop-birdsAustraliav5Goul-0112.jpg,
V,27,Rose-hill Parrakeet,Platycercus eximius,Platycercus eximius,birdsAustraliav5Goul,188478,116,48401038,portrait,0,https://bhl-open-data.s3.us-east-2.amazonaws.com/images/birdsAustraliav5Goul/birdsAustraliav5Goul_0116.jp2,https://www.biodiversitylibrary.org/page/48401038,sheet-birdsAustraliav5Goul-0116.jpg,crop-birdsAustraliav5Goul-0116.jpg,
V,28,Splendid Parrakeet,Platycercus splendidus,Platycercus splendidus,birdsAustraliav5Goul,188478,120,48401042,portrait,0,https://bhl-open-data.s3.us-east-2.amazonaws.com/images/birdsAustraliav5Goul/birdsAustraliav5Goul_0120.jp2,https://www.biodiversitylibrary.org/page/48401042,sheet-birdsAustraliav5Goul-0120.jpg,crop-birdsAustraliav5Goul-0120.jpg,"not pinned in Featherframe: stood up and cut by the folio's rules, the crop not reviewed"
V,29,The Earl of Derby’s Parrakeet,Platycercus icterotis,Platycercus icterotis,birdsAustraliav5Goul,188478,124,48401046,portrait,0,https://bhl-open-data.s3.us-east-2.amazonaws.com/images/birdsAustraliav5Goul/birdsAustraliav5Goul_0124.jp2,https://www.biodiversitylibrary.org/page/48401046,sheet-birdsAustraliav5Goul-0124.jpg,crop-birdsAustraliav5Goul-0124.jpg,"not pinned in Featherframe: stood up and cut by the folio's rules, the crop not reviewed"
V,30,Fiery Parrakeet,Platycercus ignitus,Platycercus ignitus,birdsAustraliav5Goul,188478,128,48401050,portrait,0,https://bhl-open-data.s3.us-east-2.amazonaws.com/images/birdsAustraliav5Goul/birdsAustraliav5Goul_0128.jp2,https://www.biodiversitylibrary.org/page/48401050,sheet-birdsAustraliav5Goul-0128.jpg,crop-birdsAustraliav5Goul-0128.jpg,"not pinned in Featherframe: stood up and cut by the folio's rules, the crop not reviewed"
V,31,Brown’s Parrakeet,Platycercus Brownii,Platycercus Brownii,birdsAustraliav5Goul,188478,132,48401054,portrait,0,https://bhl-open-data.s3.us-east-2.amazonaws.com/images/birdsAustraliav5Goul/birdsAustraliav5Goul_0132.jp2,https://www.biodiversitylibrary.org/page/48401054,sheet-birdsAustraliav5Goul-0132.jpg,crop-birdsAustraliav5Goul-0132.jpg,"not pinned in Featherframe: stood up and cut by the folio's rules, the crop not reviewed"
V,32,Red-capped Parrakeet,Platycercus pileatus,Platycercus pileatus,birdsAustraliav5Goul,188478,136,48401058,portrait,0,https://bhl-open-data.s3.us-east-2.amazonaws.com/images/birdsAustraliav5Goul/birdsAustraliav5Goul_0136.jp2,https://www.biodiversitylibrary.org/page/48401058,sheet-birdsAustraliav5Goul-0136.jpg,crop-birdsAustraliav5Goul-0136.jpg,
V,33,Crimson-bellied Parrakeet,Psephotus haematogaster,Psephotus haematogaster,birdsAustraliav5Goul,188478,140,48401062,portrait,0,https://bhl-open-data.s3.us-east-2.amazonaws.com/images/birdsAustraliav5Goul/birdsAustraliav5Goul_0140.jp2,https://www.biodiversitylibrary.org/page/48401062,sheet-birdsAustraliav5Goul-0140.jpg,crop-birdsAustraliav5Goul-0140.jpg,
V,34,Beautiful Parrakeet,Psephotus pulcherrimus,Psephotus pulcherrimus,birdsAustraliav5Goul,188478,144,48401066,portrait,0,https://bhl-open-data.s3.us-east-2.amazonaws.com/images/birdsAustraliav5Goul/birdsAustraliav5Goul_0144.jp2,https://www.biodiversitylibrary.org/page/48401066,sheet-birdsAustraliav5Goul-0144.jpg,crop-birdsAustraliav5Goul-0144.jpg,"not pinned in Featherframe: stood up and cut by the folio's rules, the crop not reviewed"
V,35,Many-coloured Parrakeet,Psephotus multicolor,Psephotus multicolor,birdsAustraliav5Goul,188478,148,48401070,portrait,0,https://bhl-open-data.s3.us-east-2.amazonaws.com/images/birdsAustraliav5Goul/birdsAustraliav5Goul_0148.jp2,https://www.biodiversitylibrary.org/page/48401070,sheet-birdsAustraliav5Goul-0148.jpg,crop-birdsAustraliav5Goul-0148.jpg,
V,36,Red-backed Parrakeet,Psephotus haematonotus,Psephotus haematonotus,birdsAustraliav5Goul,188478,152,48401074,portrait,0,https://bhl-open-data.s3.us-east-2.amazonaws.com/images/birdsAustraliav5Goul/birdsAustraliav5Goul_0152.jp2,https://www.biodiversitylibrary.org/page/48401074,sheet-birdsAustraliav5Goul-0152.jpg,crop-birdsAustraliav5Goul-0152.jpg,
V,37,Blue-banded Grass-Parrakeet,Euphema chrysostoma,Euphema chrysostoma,birdsAustraliav5Goul,188478,156,48401078,portrait,0,https://bhl-open-data.s3.us-east-2.amazonaws.com/images/birdsAustraliav5Goul/birdsAustraliav5Goul_0156.jp2,https://www.biodiversitylibrary.org/page/48401078,sheet-birdsAustraliav5Goul-0156.jpg,crop-birdsAustraliav5Goul-0156.jpg,"not pinned in Featherframe: stood up and cut by the folio's rules, the crop not reviewed"
V,38,Elegant Grass-Parrakeet,Euphema elegans,Euphema elegans,birdsAustraliav5Goul,188478,160,48401082,portrait,0,https://bhl-open-data.s3.us-east-2.amazonaws.com/images/birdsAustraliav5Goul/birdsAustraliav5Goul_0160.jp2,https://www.biodiversitylibrary.org/page/48401082,sheet-birdsAustraliav5Goul-0160.jpg,crop-birdsAustraliav5Goul-0160.jpg,"not pinned in Featherframe: stood up and cut by the folio's rules, the crop not reviewed"
V,39,Orange-bellied Grass-Parrakeet,Euphema aurantia,Euphema aurantia,birdsAustraliav5Goul,188478,164,48401086,portrait,0,https://bhl-open-data.s3.us-east-2.amazonaws.com/images/birdsAustraliav5Goul/birdsAustraliav5Goul_0164.jp2,https://www.biodiversitylibrary.org/page/48401086,sheet-birdsAustraliav5Goul-0164.jpg,crop-birdsAustraliav5Goul-0164.jpg,"not pinned in Featherframe: stood up and cut by the folio's rules, the crop not reviewed"
V,40,Rock Grass-Parrakeet,Euphema petrophila,Euphema petrophila,birdsAustraliav5Goul,188478,168,48401090,portrait,0,https://bhl-open-data.s3.us-east-2.amazonaws.com/images/birdsAustraliav5Goul/birdsAustraliav5Goul_0168.jp2,https://www.biodiversitylibrary.org/page/48401090,sheet-birdsAustraliav5Goul-0168.jpg,crop-birdsAustraliav5Goul-0168.jpg,"not pinned in Featherframe: stood up and cut by the folio's rules, the crop not reviewed"
V,41,Chestnut-shouldered Grass-Parrakeet,Euphema pulchella,Euphema pulchella,birdsAustraliav5Goul,188478,172,48401094,portrait,0,https://bhl-open-data.s3.us-east-2.amazonaws.com/images/birdsAustraliav5Goul/birdsAustraliav5Goul_0172.jp2,https://www.biodiversitylibrary.org/page/48401094,sheet-birdsAustraliav5Goul-0172.jpg,crop-birdsAustraliav5Goul-0172.jpg,
V,42,Splendid Grass-Parrakeet,Euphema splendida,Euphema splendida,birdsAustraliav5Goul,188478,176,48401098,portrait,0,https://bhl-open-data.s3.us-east-2.amazonaws.com/images/birdsAustraliav5Goul/birdsAustraliav5Goul_0176.jp2,https://www.biodiversitylibrary.org/page/48401098,sheet-birdsAustraliav5Goul-0176.jpg,crop-birdsAustraliav5Goul-0176.jpg,"not pinned in Featherframe: stood up and cut by the folio's rules, the crop not reviewed"
V,43,Bourke’s Grass-Parrakeet,Euphema Bourkii,Euphema Bourkii,birdsAustraliav5Goul,188478,180,48401102,portrait,0,https://bhl-open-data.s3.us-east-2.amazonaws.com/images/birdsAustraliav5Goul/birdsAustraliav5Goul_0180.jp2,https://www.biodiversitylibrary.org/page/48401102,sheet-birdsAustraliav5Goul-0180.jpg,crop-birdsAustraliav5Goul-0180.jpg,"not pinned in Featherframe: stood up and cut by the folio's rules, the crop not reviewed"
V,44,Warbling Grass-Parrakeet,Melopsittacus undulatus,Melopsittacus undulatus,birdsAustraliav5Goul,188478,184,48401106,portrait,0,https://bhl-open-data.s3.us-east-2.amazonaws.com/images/birdsAustraliav5Goul/birdsAustraliav5Goul_0184.jp2,https://www.biodiversitylibrary.org/page/48401106,sheet-birdsAustraliav5Goul-0184.jpg,crop-birdsAustraliav5Goul-0184.jpg,
V,45,Cockatoo Parrakeet,Nymphicus Novae-Hollandiae,Nymphicus Novae-Hollandiae,birdsAustraliav5Goul,188478,188,48401110,portrait,0,https://bhl-open-data.s3.us-east-2.amazonaws.com/images/birdsAustraliav5Goul/birdsAustraliav5Goul_0188.jp2,https://www.biodiversitylibrary.org/page/48401110,sheet-birdsAustraliav5Goul-0188.jpg,crop-birdsAustraliav5Goul-0188.jpg,
V,46,Ground Parrakeet,Pezoporus formosus,Pezoporus formosus,birdsAustraliav5Goul,188478,192,48401114,landscape,270,https://bhl-open-data.s3.us-east-2.amazonaws.com/images/birdsAustraliav5Goul/birdsAustraliav5Goul_0192.jp2,https://www.biodiversitylibrary.org/page/48401114,sheet-birdsAustraliav5Goul-0192.jpg,crop-birdsAustraliav5Goul-0192.jpg,
V,47,Swift Lorikeet,Lathamus discolor,Lathamus discolor,birdsAustraliav5Goul,188478,196,48401118,portrait,0,https://bhl-open-data.s3.us-east-2.amazonaws.com/images/birdsAustraliav5Goul/birdsAustraliav5Goul_0196.jp2,https://www.biodiversitylibrary.org/page/48401118,sheet-birdsAustraliav5Goul-0196.jpg,crop-birdsAustraliav5Goul-0196.jpg,
V,48,Swainson's Lorikeet,Trichoglossus Swainsonii,Trichoglossus Swainsonii,birdsAustraliav5Goul,188478,200,48401122,portrait,0,https://bhl-open-data.s3.us-east-2.amazonaws.com/images/birdsAustraliav5Goul/birdsAustraliav5Goul_0200.jp2,https://www.biodiversitylibrary.org/page/48401122,sheet-birdsAustraliav5Goul-0200.jpg,crop-birdsAustraliav5Goul-0200.jpg,
V,49,Red-collared Lorikeet,Trichoglossus rubritorquis,Trichoglossus rubritorquis,birdsAustraliav5Goul,188478,204,48401126,portrait,0,https://bhl-open-data.s3.us-east-2.amazonaws.com/images/birdsAustraliav5Goul/birdsAustraliav5Goul_0204.jp2,https://www.biodiversitylibrary.org/page/48401126,sheet-birdsAustraliav5Goul-0204.jpg,crop-birdsAustraliav5Goul-0204.jpg,
V,50,Scaly-breasted Lorikeet,Trichoglossus chlorolepidotus,Trichoglossus chlorolepidotus,birdsAustraliav5Goul,188478,208,48401130,portrait,0,https://bhl-open-data.s3.us-east-2.amazonaws.com/images/birdsAustraliav5Goul/birdsAustraliav5Goul_0208.jp2,https://www.biodiversitylibrary.org/page/48401130,sheet-birdsAustraliav5Goul-0208.jpg,crop-birdsAustraliav5Goul-0208.jpg,
V,51,Varied Lorikeet,Trichoglossus versicolor,Trichoglossus versicolor,birdsAustraliav5Goul,188478,212,48401134,portrait,0,https://bhl-open-data.s3.us-east-2.amazonaws.com/images/birdsAustraliav5Goul/birdsAustraliav5Goul_0212.jp2,https://www.biodiversitylibrary.org/page/48401134,sheet-birdsAustraliav5Goul-0212.jpg,crop-birdsAustraliav5Goul-0212.jpg,"not pinned in Featherframe: stood up and cut by the folio's rules, the crop not reviewed"
V,52,Musky Lorikeet,Trichoglossus concinnus,Trichoglossus concinnus,birdsAustraliav5Goul,188478,216,48401138,portrait,0,https://bhl-open-data.s3.us-east-2.amazonaws.com/images/birdsAustraliav5Goul/birdsAustraliav5Goul_0216.jp2,https://www.biodiversitylibrary.org/page/48401138,sheet-birdsAustraliav5Goul-0216.jpg,crop-birdsAustraliav5Goul-0216.jpg,
V,53,Porphyry-crowned Lorikeet,Trichoglossus porphyrocephalus,Trichoglossus porphyrocephalus,birdsAustraliav5Goul,188478,220,48401142,portrait,0,https://bhl-open-data.s3.us-east-2.amazonaws.com/images/birdsAustraliav5Goul/birdsAustraliav5Goul_0220.jp2,https://www.biodiversitylibrary.org/page/48401142,sheet-birdsAustraliav5Goul-0220.jpg,crop-birdsAustraliav5Goul-0220.jpg,
V,54,Little Lorikeet,Trichoglossus pusillus,Trichoglossus pusillus,birdsAustraliav5Goul,188478,224,48401146,portrait,0,https://bhl-open-data.s3.us-east-2.amazonaws.com/images/birdsAustraliav5Goul/birdsAustraliav5Goul_0224.jp2,https://www.biodiversitylibrary.org/page/48401146,sheet-birdsAustraliav5Goul-0224.jpg,crop-birdsAustraliav5Goul-0224.jpg,
V,55,Swainson’s Fruit Pigeon,Ptilinopus Swainsonii,Ptilinopus Swainsonii,birdsAustraliav5Goul,188478,228,48401150,portrait,0,https://bhl-open-data.s3.us-east-2.amazonaws.com/images/birdsAustraliav5Goul/birdsAustraliav5Goul_0228.jp2,https://www.biodiversitylibrary.org/page/48401150,sheet-birdsAustraliav5Goul-0228.jpg,crop-birdsAustraliav5Goul-0228.jpg,
V,56,Ewing’s Fruit Pigeon,Ptilinopus Ewingii,Ptilinopus Ewingii,birdsAustraliav5Goul,188478,232,48401154,portrait,0,https://bhl-open-data.s3.us-east-2.amazonaws.com/images/birdsAustraliav5Goul/birdsAustraliav5Goul_0232.jp2,https://www.biodiversitylibrary.org/page/48401154,sheet-birdsAustraliav5Goul-0232.jpg,crop-birdsAustraliav5Goul-0232.jpg,"not pinned in Featherframe: stood up and cut by the folio's rules, the crop not reviewed"
V,57,Superb Fruit Pigeon,Ptilinopus superbus,Ptilinopus superbus,birdsAustraliav5Goul,188478,236,48401158,portrait,0,https://bhl-open-data.s3.us-east-2.amazonaws.com/images/birdsAustraliav5Goul/birdsAustraliav5Goul_0236.jp2,https://www.biodiversitylibrary.org/page/48401158,sheet-birdsAustraliav5Goul-0236.jpg,crop-birdsAustraliav5Goul-0236.jpg,
V,58,Magnificent Fruit Pigeon,Carpophaga magnifica,Carpophaga magnifica,birdsAustraliav5Goul,188478,240,48401162,portrait,0,https://bhl-open-data.s3.us-east-2.amazonaws.com/images/birdsAustraliav5Goul/birdsAustraliav5Goul_0240.jp2,https://www.biodiversitylibrary.org/page/48401162,sheet-birdsAustraliav5Goul-0240.jpg,crop-birdsAustraliav5Goul-0240.jpg,
V,59,White-headed Fruit Pigeon,Carpophaga leucomela,Carpophaga leucomela,birdsAustraliav5Goul,188478,244,48401166,portrait,0,https://bhl-open-data.s3.us-east-2.amazonaws.com/images/birdsAustraliav5Goul/birdsAustraliav5Goul_0244.jp2,https://www.biodiversitylibrary.org/page/48401166,sheet-birdsAustraliav5Goul-0244.jpg,crop-birdsAustraliav5Goul-0244.jpg,"not pinned in Featherframe: stood up and cut by the folio's rules, the crop not reviewed"
V,60,Torres Strait Fruit Pigeon,Carpophaga luctuosa,Carpophaga luctuosa,birdsAustraliav5Goul,188478,248,48401170,portrait,0,https://bhl-open-data.s3.us-east-2.amazonaws.com/images/birdsAustraliav5Goul/birdsAustraliav5Goul_0248.jp2,https://www.biodiversitylibrary.org/page/48401170,sheet-birdsAustraliav5Goul-0248.jpg,crop-birdsAustraliav5Goul-0248.jpg,
V,61,Top-Knot Pigeon,Lopholaimus Antarcticus,Lopholaimus Antarcticus,birdsAustraliav5Goul,188478,252,48401174,portrait,0,https://bhl-open-data.s3.us-east-2.amazonaws.com/images/birdsAustraliav5Goul/birdsAustraliav5Goul_0252.jp2,https://www.biodiversitylibrary.org/page/48401174,sheet-birdsAustraliav5Goul-0252.jpg,crop-birdsAustraliav5Goul-0252.jpg,"not pinned in Featherframe: stood up and cut by the folio's rules, the crop not reviewed"
V,62,Little Green Pigeon,Chalcophaps chrysochlora,Chalcophaps chrysochlora,birdsAustraliav5Goul,188478,256,48401178,portrait,0,https://bhl-open-data.s3.us-east-2.amazonaws.com/images/birdsAustraliav5Goul/birdsAustraliav5Goul_0256.jp2,https://www.biodiversitylibrary.org/page/48401178,sheet-birdsAustraliav5Goul-0256.jpg,crop-birdsAustraliav5Goul-0256.jpg,
V,63,Wonga-wonga Pigeon,Leucosarcia picata,Leucosarcia picata,birdsAustraliav5Goul,188478,260,48401182,landscape,270,https://bhl-open-data.s3.us-east-2.amazonaws.com/images/birdsAustraliav5Goul/birdsAustraliav5Goul_0260.jp2,https://www.biodiversitylibrary.org/page/48401182,sheet-birdsAustraliav5Goul-0260.jpg,crop-birdsAustraliav5Goul-0260.jpg,
V,64,Bronze-winged Pigeon,Peristera chalcoptera,Peristera chalcoptera,birdsAustraliav5Goul,188478,264,48401186,landscape,270,https://bhl-open-data.s3.us-east-2.amazonaws.com/images/birdsAustraliav5Goul/birdsAustraliav5Goul_0264.jp2,https://www.biodiversitylibrary.org/page/48401186,sheet-birdsAustraliav5Goul-0264.jpg,crop-birdsAustraliav5Goul-0264.jpg,
V,65,Brush Bronze-winged Pigeon,Peristera elegans,Peristera elegans,birdsAustraliav5Goul,188478,268,48401190,landscape,270,https://bhl-open-data.s3.us-east-2.amazonaws.com/images/birdsAustraliav5Goul/birdsAustraliav5Goul_0268.jp2,https://www.biodiversitylibrary.org/page/48401190,sheet-birdsAustraliav5Goul-0268.jpg,crop-birdsAustraliav5Goul-0268.jpg,
V,66,Harlequin Bronzewing,Peristera histrionica,Peristera histrionica,birdsAustraliav5Goul,188478,272,48401194,landscape,270,https://bhl-open-data.s3.us-east-2.amazonaws.com/images/birdsAustraliav5Goul/birdsAustraliav5Goul_0272.jp2,https://www.biodiversitylibrary.org/page/48401194,sheet-birdsAustraliav5Goul-0272.jpg,crop-birdsAustraliav5Goul-0272.jpg,"not pinned in Featherframe: stood up and cut by the folio's rules, the crop not reviewed"
V,67,Partridge Bronze-wing,Geophaps scripta,Geophaps scripta,birdsAustraliav5Goul,188478,276,48401198,landscape,270,https://bhl-open-data.s3.us-east-2.amazonaws.com/images/birdsAustraliav5Goul/birdsAustraliav5Goul_0276.jp2,https://www.biodiversitylibrary.org/page/48401198,sheet-birdsAustraliav5Goul-0276.jpg,crop-birdsAustraliav5Goul-0276.jpg,"not pinned in Featherframe: stood up and cut by the folio's rules, the crop not reviewed"
V,68,Smith’s Partridge Bronze-wing,Geophaps Smithii,Geophaps Smithii,birdsAustraliav5Goul,188478,280,48401202,landscape,270,https://bhl-open-data.s3.us-east-2.amazonaws.com/images/birdsAustraliav5Goul/birdsAustraliav5Goul_0280.jp2,https://www.biodiversitylibrary.org/page/48401202,sheet-birdsAustraliav5Goul-0280.jpg,crop-birdsAustraliav5Goul-0280.jpg,"not pinned in Featherframe: stood up and cut by the folio's rules, the crop not reviewed"
V,69,Plumed Partridge Bronze-wing,Geophaps plumifera,Geophaps plumifera,birdsAustraliav5Goul,188478,284,48401206,landscape,270,https://bhl-open-data.s3.us-east-2.amazonaws.com/images/birdsAustraliav5Goul/birdsAustraliav5Goul_0284.jp2,https://www.biodiversitylibrary.org/page/48401206,sheet-birdsAustraliav5Goul-0284.jpg,crop-birdsAustraliav5Goul-0284.jpg,"not pinned in Featherframe: stood up and cut by the folio's rules, the crop not reviewed"
V,70,Crested Pigeon,Ocyphaps Lophotes,Ocyphaps Lophotes,birdsAustraliav5Goul,188478,288,48401210,portrait,0,https://bhl-open-data.s3.us-east-2.amazonaws.com/images/birdsAustraliav5Goul/birdsAustraliav5Goul_0288.jp2,https://www.biodiversitylibrary.org/page/48401210,sheet-birdsAustraliav5Goul-0288.jpg,crop-birdsAustraliav5Goul-0288.jpg,
V,71,White-quilled Rock Dove,Petrophassa albipennis,Petrophassa albipennis,birdsAustraliav5Goul,188478,292,48401214,landscape,270,https://bhl-open-data.s3.us-east-2.amazonaws.com/images/birdsAustraliav5Goul/birdsAustraliav5Goul_0292.jp2,https://www.biodiversitylibrary.org/page/48401214,sheet-birdsAustraliav5Goul-0292.jpg,crop-birdsAustraliav5Goul-0292.jpg,"not pinned in Featherframe: stood up and cut by the folio's rules, the crop not reviewed"
V,72,Barred-shouldered Ground Dove,Geopelia humeralis,Geopelia humeralis,birdsAustraliav5Goul,188478,296,48401218,portrait,0,https://bhl-open-data.s3.us-east-2.amazonaws.com/images/birdsAustraliav5Goul/birdsAustraliav5Goul_0296.jp2,https://www.biodiversitylibrary.org/page/48401218,sheet-birdsAustraliav5Goul-0296.jpg,crop-birdsAustraliav5Goul-0296.jpg,
V,73,Peaceful Ground Dove,Geopelia tranquilla,Geopelia tranquilla,birdsAustraliav5Goul,188478,300,48401222,portrait,0,https://bhl-open-data.s3.us-east-2.amazonaws.com/images/birdsAustraliav5Goul/birdsAustraliav5Goul_0300.jp2,https://www.biodiversitylibrary.org/page/48401222,sheet-birdsAustraliav5Goul-0300.jpg,crop-birdsAustraliav5Goul-0300.jpg,
V,74,Graceful Ground Dove,Geopelia cuneata,Geopelia cuneata,birdsAustraliav5Goul,188478,304,48401226,portrait,0,https://bhl-open-data.s3.us-east-2.amazonaws.com/images/birdsAustraliav5Goul/birdsAustraliav5Goul_0304.jp2,https://www.biodiversitylibrary.org/page/48401226,sheet-birdsAustraliav5Goul-0304.jpg,crop-birdsAustraliav5Goul-0304.jpg,"not pinned in Featherframe: stood up and cut by the folio's rules, the crop not reviewed"
V,75,Pheasant-tailed Pigeon,Macropygia Phasianella,Macropygia Phasianella,birdsAustraliav5Goul,188478,308,48401230,portrait,0,https://bhl-open-data.s3.us-east-2.amazonaws.com/images/birdsAustraliav5Goul/birdsAustraliav5Goul_0308.jp2,https://www.biodiversitylibrary.org/page/48401230,sheet-birdsAustraliav5Goul-0308.jpg,crop-birdsAustraliav5Goul-0308.jpg,
V,76,Gnathodon,Gnathodon strigirostris,Gnathodon strigirostris,birdsAustraliav5Goul,188478,312,48401234,landscape,270,https://bhl-open-data.s3.us-east-2.amazonaws.com/images/birdsAustraliav5Goul/birdsAustraliav5Goul_0312.jp2,https://www.biodiversitylibrary.org/page/48401234,sheet-birdsAustraliav5Goul-0312.jpg,crop-birdsAustraliav5Goul-0312.jpg,"not pinned in Featherframe: stood up and cut by the folio's rules, the crop not reviewed"
V,77,Wattled Talegalla,Talegalla Lathami,Talegalla Lathami,birdsAustraliav5Goul,188478,316,48401238,landscape,270,https://bhl-open-data.s3.us-east-2.amazonaws.com/images/birdsAustraliav5Goul/birdsAustraliav5Goul_0316.jp2,https://www.biodiversitylibrary.org/page/48401238,sheet-birdsAustraliav5Goul-0316.jpg,crop-birdsAustraliav5Goul-0316.jpg,
V,78,Ocellated Leipoa,Leipoa ocellata,Leipoa ocellata,birdsAustraliav5Goul,188478,320,48401242,landscape,270,https://bhl-open-data.s3.us-east-2.amazonaws.com/images/birdsAustraliav5Goul/birdsAustraliav5Goul_0320.jp2,https://www.biodiversitylibrary.org/page/48401242,sheet-birdsAustraliav5Goul-0320.jpg,crop-birdsAustraliav5Goul-0320.jpg,"not pinned in Featherframe: stood up and cut by the folio's rules, the crop not reviewed"
V,79,Mound-raising Megapode,Megapodius Tumulus,,birdsAustraliav5Goul,188478,324,48401246,landscape,270,https://bhl-open-data.s3.us-east-2.amazonaws.com/images/birdsAustraliav5Goul/birdsAustraliav5Goul_0324.jp2,https://www.biodiversitylibrary.org/page/48401246,sheet-birdsAustraliav5Goul-0324.jpg,crop-birdsAustraliav5Goul-0324.jpg,"caption lies in the binding gutter, not visible even at full resolution (checked); facing text leaf 325 opens ""MEGAPODIUS TUMULUS, Gowda. -Mound-raising Megapode. Megapodi""; subject consistent"
V,80,Collared Plain Wanderer,Pedionomus torquatus,Pedionomus torquatus,birdsAustraliav5Goul,188478,328,48401250,landscape,270,https://bhl-open-data.s3.us-east-2.amazonaws.com/images/birdsAustraliav5Goul/birdsAustraliav5Goul_0328.jp2,https://www.biodiversitylibrary.org/page/48401250,sheet-birdsAustraliav5Goul-0328.jpg,crop-birdsAustraliav5Goul-0328.jpg,"not pinned in Featherframe: stood up and cut by the folio's rules, the crop not reviewed"
V,81,Black-breasted Hemipode,Hemipodius melanogaster,Hemipodius melanogaster,birdsAustraliav5Goul,188478,332,48401254,landscape,270,https://bhl-open-data.s3.us-east-2.amazonaws.com/images/birdsAustraliav5Goul/birdsAustraliav5Goul_0332.jp2,https://www.biodiversitylibrary.org/page/48401254,sheet-birdsAustraliav5Goul-0332.jpg,crop-birdsAustraliav5Goul-0332.jpg,"not pinned in Featherframe: stood up and cut by the folio's rules, the crop not reviewed"
V,82,Varied Hemipode,Hemipodius varius,Hemipodius varius,birdsAustraliav5Goul,188478,336,48401258,landscape,270,https://bhl-open-data.s3.us-east-2.amazonaws.com/images/birdsAustraliav5Goul/birdsAustraliav5Goul_0336.jp2,https://www.biodiversitylibrary.org/page/48401258,sheet-birdsAustraliav5Goul-0336.jpg,crop-birdsAustraliav5Goul-0336.jpg,
V,83,Sparkling Hemipode,Hemipodius scintillans,Hemipodius scintillans,birdsAustraliav5Goul,188478,340,48401262,landscape,270,https://bhl-open-data.s3.us-east-2.amazonaws.com/images/birdsAustraliav5Goul/birdsAustraliav5Goul_0340.jp2,https://www.biodiversitylibrary.org/page/48401262,sheet-birdsAustraliav5Goul-0340.jpg,crop-birdsAustraliav5Goul-0340.jpg,"not pinned in Featherframe: stood up and cut by the folio's rules, the crop not reviewed"
V,84,Black-backed Hemipode,Hemipodius melanotus,Hemipodius melanotus,birdsAustraliav5Goul,188478,344,48401266,landscape,270,https://bhl-open-data.s3.us-east-2.amazonaws.com/images/birdsAustraliav5Goul/birdsAustraliav5Goul_0344.jp2,https://www.biodiversitylibrary.org/page/48401266,sheet-birdsAustraliav5Goul-0344.jpg,crop-birdsAustraliav5Goul-0344.jpg,
V,85,Chestnut-backed Hemipode,Hemipodius castanotus,Hemipodius castanotus,birdsAustraliav5Goul,188478,348,48401270,landscape,270,https://bhl-open-data.s3.us-east-2.amazonaws.com/images/birdsAustraliav5Goul/birdsAustraliav5Goul_0348.jp2,https://www.biodiversitylibrary.org/page/48401270,sheet-birdsAustraliav5Goul-0348.jpg,crop-birdsAustraliav5Goul-0348.jpg,"not pinned in Featherframe: stood up and cut by the folio's rules, the crop not reviewed"
V,86,Red-chested Hemipode,Hemipodius pyrrhothorax,Hemipodius pyrrhothorax,birdsAustraliav5Goul,188478,352,48401274,landscape,270,https://bhl-open-data.s3.us-east-2.amazonaws.com/images/birdsAustraliav5Goul/birdsAustraliav5Goul_0352.jp2,https://www.biodiversitylibrary.org/page/48401274,sheet-birdsAustraliav5Goul-0352.jpg,crop-birdsAustraliav5Goul-0352.jpg,"not pinned in Featherframe: stood up and cut by the folio's rules, the crop not reviewed"
V,87,Swift-flying Hemipode,Hemipodius velox,Hemipodius velox,birdsAustraliav5Goul,188478,356,48401278,landscape,270,https://bhl-open-data.s3.us-east-2.amazonaws.com/images/birdsAustraliav5Goul/birdsAustraliav5Goul_0356.jp2,https://www.biodiversitylibrary.org/page/48401278,sheet-birdsAustraliav5Goul-0356.jpg,crop-birdsAustraliav5Goul-0356.jpg,"not pinned in Featherframe: stood up and cut by the folio's rules, the crop not reviewed"
V,88,Pectoral Quail,Coturnix pectoralis,Coturnix pectoralis,birdsAustraliav5Goul,188478,360,48401282,landscape,270,https://bhl-open-data.s3.us-east-2.amazonaws.com/images/birdsAustraliav5Goul/birdsAustraliav5Goul_0360.jp2,https://www.biodiversitylibrary.org/page/48401282,sheet-birdsAustraliav5Goul-0360.jpg,crop-birdsAustraliav5Goul-0360.jpg,
V,89,Australian Partridge,Synoicus Australis,Synoicus Australis,birdsAustraliav5Goul,188478,364,48401286,landscape,270,https://bhl-open-data.s3.us-east-2.amazonaws.com/images/birdsAustraliav5Goul/birdsAustraliav5Goul_0364.jp2,https://www.biodiversitylibrary.org/page/48401286,sheet-birdsAustraliav5Goul-0364.jpg,crop-birdsAustraliav5Goul-0364.jpg,
V,90,Van Diemen’s Land Partridge,Synoicus Diemenensis,Synoicus Diemenensis,birdsAustraliav5Goul,188478,368,48401290,landscape,270,https://bhl-open-data.s3.us-east-2.amazonaws.com/images/birdsAustraliav5Goul/birdsAustraliav5Goul_0368.jp2,https://www.biodiversitylibrary.org/page/48401290,sheet-birdsAustraliav5Goul-0368.jpg,crop-birdsAustraliav5Goul-0368.jpg,"not pinned in Featherframe: stood up and cut by the folio's rules, the crop not reviewed"
V,91,Sombre Partridge,Synoicus sordidus,Synoicus sordidus,birdsAustraliav5Goul,188478,372,48401294,landscape,270,https://bhl-open-data.s3.us-east-2.amazonaws.com/images/birdsAustraliav5Goul/birdsAustraliav5Goul_0372.jp2,https://www.biodiversitylibrary.org/page/48401294,sheet-birdsAustraliav5Goul-0372.jpg,crop-birdsAustraliav5Goul-0372.jpg,"not pinned in Featherframe: stood up and cut by the folio's rules, the crop not reviewed"
V,92,Chinese Quail,Synoicus Chinensis,Synoicus Chinensis,birdsAustraliav5Goul,188478,376,48401298,landscape,270,https://bhl-open-data.s3.us-east-2.amazonaws.com/images/birdsAustraliav5Goul/birdsAustraliav5Goul_0376.jp2,https://www.biodiversitylibrary.org/page/48401298,sheet-birdsAustraliav5Goul-0376.jpg,crop-birdsAustraliav5Goul-0376.jpg,
VI,1,The Emu,Dromaius Novae-Hollandiae,Dromaius Novae-Hollandiae,birdsAustraliav6Goul,188477,12,48400653,landscape,270,https://bhl-open-data.s3.us-east-2.amazonaws.com/images/birdsAustraliav6Goul/birdsAustraliav6Goul_0012.jp2,https://www.biodiversitylibrary.org/page/48400653,sheet-birdsAustraliav6Goul-0012.jpg,crop-birdsAustraliav6Goul-0012.jpg,"not pinned in Featherframe: stood up and cut by the folio's rules, the crop not reviewed"
VI,2,Kiwi-kiwi,Apteryx australis,Apteryx australis,birdsAustraliav6Goul,188477,16,48400649,landscape,270,https://bhl-open-data.s3.us-east-2.amazonaws.com/images/birdsAustraliav6Goul/birdsAustraliav6Goul_0016.jp2,https://www.biodiversitylibrary.org/page/48400649,sheet-birdsAustraliav6Goul-0016.jpg,crop-birdsAustraliav6Goul-0016.jpg,"not pinned in Featherframe: stood up and cut by the folio's rules, the crop not reviewed"
VI,3,Owen's Apteryx,Apteryx Owenii,Apteryx Owenii,birdsAustraliav6Goul,188477,20,48400645,landscape,270,https://bhl-open-data.s3.us-east-2.amazonaws.com/images/birdsAustraliav6Goul/birdsAustraliav6Goul_0020.jp2,https://www.biodiversitylibrary.org/page/48400645,sheet-birdsAustraliav6Goul-0020.jpg,crop-birdsAustraliav6Goul-0020.jpg,"not pinned in Featherframe: stood up and cut by the folio's rules, the crop not reviewed"
VI,4,Australian Bustard,Otis australasianus,Otis australasianus,birdsAustraliav6Goul,188477,24,48400641,landscape,270,https://bhl-open-data.s3.us-east-2.amazonaws.com/images/birdsAustraliav6Goul/birdsAustraliav6Goul_0024.jp2,https://www.biodiversitylibrary.org/page/48400641,sheet-birdsAustraliav6Goul-0024.jpg,crop-birdsAustraliav6Goul-0024.jpg,"not pinned in Featherframe: stood up and cut by the folio's rules, the crop not reviewed"
VI,5,Southern Stone-Plover,Oedicnemus grallarius,Oedicnemus grallarius,birdsAustraliav6Goul,188477,28,48400637,landscape,270,https://bhl-open-data.s3.us-east-2.amazonaws.com/images/birdsAustraliav6Goul/birdsAustraliav6Goul_0028.jp2,https://www.biodiversitylibrary.org/page/48400637,sheet-birdsAustraliav6Goul-0028.jpg,crop-birdsAustraliav6Goul-0028.jpg,
VI,6,Large-billed Plover,Esacus magnirostris,Esacus magnirostris,birdsAustraliav6Goul,188477,32,48400633,landscape,270,https://bhl-open-data.s3.us-east-2.amazonaws.com/images/birdsAustraliav6Goul/birdsAustraliav6Goul_0032.jp2,https://www.biodiversitylibrary.org/page/48400633,sheet-birdsAustraliav6Goul-0032.jpg,crop-birdsAustraliav6Goul-0032.jpg,
VI,7,White-breasted Oyster-catcher,Haematopus longirostris,Haematopus longirostris,birdsAustraliav6Goul,188477,36,48400629,landscape,270,https://bhl-open-data.s3.us-east-2.amazonaws.com/images/birdsAustraliav6Goul/birdsAustraliav6Goul_0036.jp2,https://www.biodiversitylibrary.org/page/48400629,sheet-birdsAustraliav6Goul-0036.jpg,crop-birdsAustraliav6Goul-0036.jpg,
VI,8,Sooty Oyster-catcher,Haematopus fuliginosus,Haematopus fuliginosus,birdsAustraliav6Goul,188477,40,48400625,landscape,270,https://bhl-open-data.s3.us-east-2.amazonaws.com/images/birdsAustraliav6Goul/birdsAustraliav6Goul_0040.jp2,https://www.biodiversitylibrary.org/page/48400625,sheet-birdsAustraliav6Goul-0040.jpg,crop-birdsAustraliav6Goul-0040.jpg,
VI,9,Wattled Pewit,Lobivanellus lobatus,,birdsAustraliav6Goul,188477,44,48400621,landscape,270,https://bhl-open-data.s3.us-east-2.amazonaws.com/images/birdsAustraliav6Goul/birdsAustraliav6Goul_0044.jp2,https://www.biodiversitylibrary.org/page/48400621,sheet-birdsAustraliav6Goul-0044.jpg,crop-birdsAustraliav6Goul-0044.jpg,"caption lies in the binding gutter, not visible even at full resolution (checked); facing text leaf 45 opens ""LOBIVANELLUS LOBATUS. Wattled Pewit. Tringa lobata, Lath. In""; subject consistent; not pinned in Featherframe: stood up and cut by the folio's rules, the crop not reviewed"
VI,10,Masked Pewit,Lobivanellus personatus,Lobivanellus personatus,birdsAustraliav6Goul,188477,48,48400617,landscape,270,https://bhl-open-data.s3.us-east-2.amazonaws.com/images/birdsAustraliav6Goul/birdsAustraliav6Goul_0048.jp2,https://www.biodiversitylibrary.org/page/48400617,sheet-birdsAustraliav6Goul-0048.jpg,crop-birdsAustraliav6Goul-0048.jpg,
VI,11,Black-breasted Pewit,Sarciophorus pectoralis,Sarciophorus pectoralis,birdsAustraliav6Goul,188477,52,48400613,landscape,270,https://bhl-open-data.s3.us-east-2.amazonaws.com/images/birdsAustraliav6Goul/birdsAustraliav6Goul_0052.jp2,https://www.biodiversitylibrary.org/page/48400613,sheet-birdsAustraliav6Goul-0052.jpg,crop-birdsAustraliav6Goul-0052.jpg,
VI,12,Grey Plover,Squatarola helvetica,Squatarola helvetica,birdsAustraliav6Goul,188477,56,48400581,landscape,270,https://bhl-open-data.s3.us-east-2.amazonaws.com/images/birdsAustraliav6Goul/birdsAustraliav6Goul_0056.jp2,https://www.biodiversitylibrary.org/page/48400581,sheet-birdsAustraliav6Goul-0056.jpg,crop-birdsAustraliav6Goul-0056.jpg,
VI,13,Australian Golden Plover,Charadrius xanthocheilus,Charadrius xanthocheilus,birdsAustraliav6Goul,188477,60,48400585,landscape,270,https://bhl-open-data.s3.us-east-2.amazonaws.com/images/birdsAustraliav6Goul/birdsAustraliav6Goul_0060.jp2,https://www.biodiversitylibrary.org/page/48400585,sheet-birdsAustraliav6Goul-0060.jpg,crop-birdsAustraliav6Goul-0060.jpg,
VI,14,Brown Plover,Charadrius veredus,Charadrius veredus,birdsAustraliav6Goul,188477,64,48400589,landscape,270,https://bhl-open-data.s3.us-east-2.amazonaws.com/images/birdsAustraliav6Goul/birdsAustraliav6Goul_0064.jp2,https://www.biodiversitylibrary.org/page/48400589,sheet-birdsAustraliav6Goul-0064.jpg,crop-birdsAustraliav6Goul-0064.jpg,
VI,15,Australian Dottrel,Eudromias australis,Eudromias australis,birdsAustraliav6Goul,188477,68,48400593,landscape,270,https://bhl-open-data.s3.us-east-2.amazonaws.com/images/birdsAustraliav6Goul/birdsAustraliav6Goul_0068.jp2,https://www.biodiversitylibrary.org/page/48400593,sheet-birdsAustraliav6Goul-0068.jpg,crop-birdsAustraliav6Goul-0068.jpg,"not pinned in Featherframe: stood up and cut by the folio's rules, the crop not reviewed"
VI,16,Double-banded Dottrel,Hiaticula bicincta,Hiaticula bicincta,birdsAustraliav6Goul,188477,72,48400597,landscape,270,https://bhl-open-data.s3.us-east-2.amazonaws.com/images/birdsAustraliav6Goul/birdsAustraliav6Goul_0072.jp2,https://www.biodiversitylibrary.org/page/48400597,sheet-birdsAustraliav6Goul-0072.jpg,crop-birdsAustraliav6Goul-0072.jpg,
VI,17,Red-capped Dottrel,Hiaticula ruficapilla,Hiaticula ruficapilla,birdsAustraliav6Goul,188477,76,48400601,landscape,270,https://bhl-open-data.s3.us-east-2.amazonaws.com/images/birdsAustraliav6Goul/birdsAustraliav6Goul_0076.jp2,https://www.biodiversitylibrary.org/page/48400601,sheet-birdsAustraliav6Goul-0076.jpg,crop-birdsAustraliav6Goul-0076.jpg,"not pinned in Featherframe: stood up and cut by the folio's rules, the crop not reviewed"
VI,18,Hooded Dottrel,Hiaticula monacha,Hiaticula monacha,birdsAustraliav6Goul,188477,80,48400605,landscape,270,https://bhl-open-data.s3.us-east-2.amazonaws.com/images/birdsAustraliav6Goul/birdsAustraliav6Goul_0080.jp2,https://www.biodiversitylibrary.org/page/48400605,sheet-birdsAustraliav6Goul-0080.jpg,crop-birdsAustraliav6Goul-0080.jpg,"not pinned in Featherframe: stood up and cut by the folio's rules, the crop not reviewed"
VI,19,Allied Dottrel,Hiaticula inornata,Hiaticula inornata,birdsAustraliav6Goul,188477,84,48400609,landscape,270,https://bhl-open-data.s3.us-east-2.amazonaws.com/images/birdsAustraliav6Goul/birdsAustraliav6Goul_0084.jp2,https://www.biodiversitylibrary.org/page/48400609,sheet-birdsAustraliav6Goul-0084.jpg,crop-birdsAustraliav6Goul-0084.jpg,"not pinned in Featherframe: stood up and cut by the folio's rules, the crop not reviewed"
VI,20,Black-fronted Dottrel,Hiaticula nigrifrons,Hiaticula nigrifrons,birdsAustraliav6Goul,188477,88,48400666,landscape,270,https://bhl-open-data.s3.us-east-2.amazonaws.com/images/birdsAustraliav6Goul/birdsAustraliav6Goul_0088.jp2,https://www.biodiversitylibrary.org/page/48400666,sheet-birdsAustraliav6Goul-0088.jpg,crop-birdsAustraliav6Goul-0088.jpg,
VI,21,Banded Red Knee,Erythrogonys cinctus,Erythrogonys cinctus,birdsAustraliav6Goul,188477,92,48400670,landscape,270,https://bhl-open-data.s3.us-east-2.amazonaws.com/images/birdsAustraliav6Goul/birdsAustraliav6Goul_0092.jp2,https://www.biodiversitylibrary.org/page/48400670,sheet-birdsAustraliav6Goul-0092.jpg,crop-birdsAustraliav6Goul-0092.jpg,"not pinned in Featherframe: stood up and cut by the folio's rules, the crop not reviewed"
VI,22,Australian Pratincole,Glareola grallaria,Glareola grallaria,birdsAustraliav6Goul,188477,96,48400674,landscape,270,https://bhl-open-data.s3.us-east-2.amazonaws.com/images/birdsAustraliav6Goul/birdsAustraliav6Goul_0096.jp2,https://www.biodiversitylibrary.org/page/48400674,sheet-birdsAustraliav6Goul-0096.jpg,crop-birdsAustraliav6Goul-0096.jpg,"not pinned in Featherframe: stood up and cut by the folio's rules, the crop not reviewed"
VI,23,Oriental Pratincole,Glareola orientalis,Glareola orientalis,birdsAustraliav6Goul,188477,100,48400678,landscape,270,https://bhl-open-data.s3.us-east-2.amazonaws.com/images/birdsAustraliav6Goul/birdsAustraliav6Goul_0100.jp2,https://www.biodiversitylibrary.org/page/48400678,sheet-birdsAustraliav6Goul-0100.jpg,crop-birdsAustraliav6Goul-0100.jpg,
VI,24,White-headed Stilt,Himantopus leucocephalus,Himantopus leucocephalus,birdsAustraliav6Goul,188477,104,48400682,landscape,270,https://bhl-open-data.s3.us-east-2.amazonaws.com/images/birdsAustraliav6Goul/birdsAustraliav6Goul_0104.jp2,https://www.biodiversitylibrary.org/page/48400682,sheet-birdsAustraliav6Goul-0104.jpg,crop-birdsAustraliav6Goul-0104.jpg,
VI,25,New Zealand Stilt,Himantopus Novae-Zelandiae,,birdsAustraliav6Goul,188477,108,48400686,landscape,270,https://bhl-open-data.s3.us-east-2.amazonaws.com/images/birdsAustraliav6Goul/birdsAustraliav6Goul_0108.jp2,https://www.biodiversitylibrary.org/page/48400686,sheet-birdsAustraliav6Goul-0108.jpg,crop-birdsAustraliav6Goul-0108.jpg,"caption lies in the binding gutter, not visible even at full resolution (checked); facing text leaf 109 opens ""HIMANTOPUS NOV 4-ZELANDIA, Goud New Zealand Stilt. Himantopu""; subject consistent; not pinned in Featherframe: stood up and cut by the folio's rules, the crop not reviewed"
VI,26,Banded Stilt,Cladorhynchus pectoralis,,birdsAustraliav6Goul,188477,112,48400690,landscape,270,https://bhl-open-data.s3.us-east-2.amazonaws.com/images/birdsAustraliav6Goul/birdsAustraliav6Goul_0112.jp2,https://www.biodiversitylibrary.org/page/48400690,sheet-birdsAustraliav6Goul-0112.jpg,crop-birdsAustraliav6Goul-0112.jpg,"caption lies in the binding gutter, not visible even at full resolution (checked); facing text leaf 113 opens ""CLADORHYNCHUS PECTORALIS, &@. RB. Gray. Banded Stilt. Leptor""; subject consistent; not pinned in Featherframe: stood up and cut by the folio's rules, the crop not reviewed"
VI,27,Red-necked Avocet,Recurvirostra rubricollis,Recurvirostra rubricollis,birdsAustraliav6Goul,188477,116,48400694,landscape,270,https://bhl-open-data.s3.us-east-2.amazonaws.com/images/birdsAustraliav6Goul/birdsAustraliav6Goul_0116.jp2,https://www.biodiversitylibrary.org/page/48400694,sheet-birdsAustraliav6Goul-0116.jpg,crop-birdsAustraliav6Goul-0116.jpg,"not pinned in Featherframe: stood up and cut by the folio's rules, the crop not reviewed"
VI,28,Black-tailed Godwit,Limosa melanuroides,Limosa melanuroides,birdsAustraliav6Goul,188477,120,48400698,landscape,270,https://bhl-open-data.s3.us-east-2.amazonaws.com/images/birdsAustraliav6Goul/birdsAustraliav6Goul_0120.jp2,https://www.biodiversitylibrary.org/page/48400698,sheet-birdsAustraliav6Goul-0120.jpg,crop-birdsAustraliav6Goul-0120.jpg,
VI,29,Barred-rumped Godwit,Limosa uropygialis,Limosa uropygialis,birdsAustraliav6Goul,188477,124,48400702,landscape,270,https://bhl-open-data.s3.us-east-2.amazonaws.com/images/birdsAustraliav6Goul/birdsAustraliav6Goul_0124.jp2,https://www.biodiversitylibrary.org/page/48400702,sheet-birdsAustraliav6Goul-0124.jpg,crop-birdsAustraliav6Goul-0124.jpg,
VI,30,Australian Tringa,Schoeniclus australis,Schoeniclus australis,birdsAustraliav6Goul,188477,128,48400706,landscape,270,https://bhl-open-data.s3.us-east-2.amazonaws.com/images/birdsAustraliav6Goul/birdsAustraliav6Goul_0128.jp2,https://www.biodiversitylibrary.org/page/48400706,sheet-birdsAustraliav6Goul-0128.jpg,crop-birdsAustraliav6Goul-0128.jpg,
VI,31,Little Sandpiper,Schoeniclus albescens,Schoeniclus albescens,birdsAustraliav6Goul,188477,132,48400710,landscape,270,https://bhl-open-data.s3.us-east-2.amazonaws.com/images/birdsAustraliav6Goul/birdsAustraliav6Goul_0132.jp2,https://www.biodiversitylibrary.org/page/48400710,sheet-birdsAustraliav6Goul-0132.jpg,crop-birdsAustraliav6Goul-0132.jpg,
VI,32,Curlew Sandpiper,Schoeniclus subarquatus,Schoeniclus subarquatus,birdsAustraliav6Goul,188477,136,48400714,landscape,270,https://bhl-open-data.s3.us-east-2.amazonaws.com/images/birdsAustraliav6Goul/birdsAustraliav6Goul_0136.jp2,https://www.biodiversitylibrary.org/page/48400714,sheet-birdsAustraliav6Goul-0136.jpg,crop-birdsAustraliav6Goul-0136.jpg,
VI,33,Great Sandpiper,Schoeniclus magnus,Schoeniclus magnus,birdsAustraliav6Goul,188477,140,48400718,landscape,270,https://bhl-open-data.s3.us-east-2.amazonaws.com/images/birdsAustraliav6Goul/birdsAustraliav6Goul_0140.jp2,https://www.biodiversitylibrary.org/page/48400718,sheet-birdsAustraliav6Goul-0140.jpg,crop-birdsAustraliav6Goul-0140.jpg,
VI,34,Terek Godwit,Terekia cinerea,Terekia cinerea,birdsAustraliav6Goul,188477,144,48400722,landscape,270,https://bhl-open-data.s3.us-east-2.amazonaws.com/images/birdsAustraliav6Goul/birdsAustraliav6Goul_0144.jp2,https://www.biodiversitylibrary.org/page/48400722,sheet-birdsAustraliav6Goul-0144.jpg,crop-birdsAustraliav6Goul-0144.jpg,
VI,35,Fairy Sandpiper,Actitis empusa,Actitis empusa,birdsAustraliav6Goul,188477,148,48400726,landscape,270,https://bhl-open-data.s3.us-east-2.amazonaws.com/images/birdsAustraliav6Goul/birdsAustraliav6Goul_0148.jp2,https://www.biodiversitylibrary.org/page/48400726,sheet-birdsAustraliav6Goul-0148.jpg,crop-birdsAustraliav6Goul-0148.jpg,
VI,36,Australian Greenshank,Glottis glottoides,Glottis glottoides,birdsAustraliav6Goul,188477,152,48400730,landscape,270,https://bhl-open-data.s3.us-east-2.amazonaws.com/images/birdsAustraliav6Goul/birdsAustraliav6Goul_0152.jp2,https://www.biodiversitylibrary.org/page/48400730,sheet-birdsAustraliav6Goul-0152.jpg,crop-birdsAustraliav6Goul-0152.jpg,
VI,37,Marsh Sandpiper,Totanus stagnatilis,Totanus stagnatilis,birdsAustraliav6Goul,188477,156,48400734,landscape,270,https://bhl-open-data.s3.us-east-2.amazonaws.com/images/birdsAustraliav6Goul/birdsAustraliav6Goul_0156.jp2,https://www.biodiversitylibrary.org/page/48400734,sheet-birdsAustraliav6Goul-0156.jpg,crop-birdsAustraliav6Goul-0156.jpg,
VI,38,Grey-rumped Sandpiper,Totanus griseopygius,Totanus griseopygius,birdsAustraliav6Goul,188477,160,48400738,landscape,270,https://bhl-open-data.s3.us-east-2.amazonaws.com/images/birdsAustraliav6Goul/birdsAustraliav6Goul_0160.jp2,https://www.biodiversitylibrary.org/page/48400738,sheet-birdsAustraliav6Goul-0160.jpg,crop-birdsAustraliav6Goul-0160.jpg,
VI,39,Turnstone,Strepsilas interpres,Strepsilas interpres,birdsAustraliav6Goul,188477,164,48400742,landscape,270,https://bhl-open-data.s3.us-east-2.amazonaws.com/images/birdsAustraliav6Goul/birdsAustraliav6Goul_0164.jp2,https://www.biodiversitylibrary.org/page/48400742,sheet-birdsAustraliav6Goul-0164.jpg,crop-birdsAustraliav6Goul-0164.jpg,
VI,40,New Holland Snipe,Scolopax australis,Scolopax australis,birdsAustraliav6Goul,188477,168,48400746,landscape,270,https://bhl-open-data.s3.us-east-2.amazonaws.com/images/birdsAustraliav6Goul/birdsAustraliav6Goul_0168.jp2,https://www.biodiversitylibrary.org/page/48400746,sheet-birdsAustraliav6Goul-0168.jpg,crop-birdsAustraliav6Goul-0168.jpg,
VI,41,Australian Rhynchaea,Rhynchaea australis,Rhynchaea australis,birdsAustraliav6Goul,188477,172,48400750,landscape,270,https://bhl-open-data.s3.us-east-2.amazonaws.com/images/birdsAustraliav6Goul/birdsAustraliav6Goul_0172.jp2,https://www.biodiversitylibrary.org/page/48400750,sheet-birdsAustraliav6Goul-0172.jpg,crop-birdsAustraliav6Goul-0172.jpg,"not pinned in Featherframe: stood up and cut by the folio's rules, the crop not reviewed"
VI,42,Australian Curlew,Numenius australis,Numenius australis,birdsAustraliav6Goul,188477,176,48400754,landscape,270,https://bhl-open-data.s3.us-east-2.amazonaws.com/images/birdsAustraliav6Goul/birdsAustraliav6Goul_0176.jp2,https://www.biodiversitylibrary.org/page/48400754,sheet-birdsAustraliav6Goul-0176.jpg,crop-birdsAustraliav6Goul-0176.jpg,
VI,43,Australian Whimbrel,Numenius uropygialis,Numenius uropygialis,birdsAustraliav6Goul,188477,180,48400758,landscape,270,https://bhl-open-data.s3.us-east-2.amazonaws.com/images/birdsAustraliav6Goul/birdsAustraliav6Goul_0180.jp2,https://www.biodiversitylibrary.org/page/48400758,sheet-birdsAustraliav6Goul-0180.jpg,crop-birdsAustraliav6Goul-0180.jpg,
VI,44,Little Whimbrel,Numenius minutus,Numenius minutus,birdsAustraliav6Goul,188477,184,48400762,landscape,270,https://bhl-open-data.s3.us-east-2.amazonaws.com/images/birdsAustraliav6Goul/birdsAustraliav6Goul_0184.jp2,https://www.biodiversitylibrary.org/page/48400762,sheet-birdsAustraliav6Goul-0184.jpg,crop-birdsAustraliav6Goul-0184.jpg,
VI,45,Straw-necked Ibis,Geronticus spinicollis,Geronticus spinicollis,birdsAustraliav6Goul,188477,188,48400766,landscape,270,https://bhl-open-data.s3.us-east-2.amazonaws.com/images/birdsAustraliav6Goul/birdsAustraliav6Goul_0188.jp2,https://www.biodiversitylibrary.org/page/48400766,sheet-birdsAustraliav6Goul-0188.jpg,crop-birdsAustraliav6Goul-0188.jpg,"not pinned in Featherframe: stood up and cut by the folio's rules, the crop not reviewed"
VI,46,White Ibis,Threskiornis strictipennis,Threskiornis strictipennis,birdsAustraliav6Goul,188477,192,48400770,landscape,270,https://bhl-open-data.s3.us-east-2.amazonaws.com/images/birdsAustraliav6Goul/birdsAustraliav6Goul_0192.jp2,https://www.biodiversitylibrary.org/page/48400770,sheet-birdsAustraliav6Goul-0192.jpg,crop-birdsAustraliav6Goul-0192.jpg,
VI,47,Glossy Ibis,Falcinellus igneus,Falcinellus igneus,birdsAustraliav6Goul,188477,196,48400774,landscape,270,https://bhl-open-data.s3.us-east-2.amazonaws.com/images/birdsAustraliav6Goul/birdsAustraliav6Goul_0196.jp2,https://www.biodiversitylibrary.org/page/48400774,sheet-birdsAustraliav6Goul-0196.jpg,crop-birdsAustraliav6Goul-0196.jpg,
VI,48,Australian Crane,Grus australasianus,Grus australasianus,birdsAustraliav6Goul,188477,200,48400778,portrait,0,https://bhl-open-data.s3.us-east-2.amazonaws.com/images/birdsAustraliav6Goul/birdsAustraliav6Goul_0200.jp2,https://www.biodiversitylibrary.org/page/48400778,sheet-birdsAustraliav6Goul-0200.jpg,crop-birdsAustraliav6Goul-0200.jpg,
VI,49,Yellow-legged Spoonbill,Platalea flavipes,Platalea flavipes,birdsAustraliav6Goul,188477,204,48400782,portrait,0,https://bhl-open-data.s3.us-east-2.amazonaws.com/images/birdsAustraliav6Goul/birdsAustraliav6Goul_0204.jp2,https://www.biodiversitylibrary.org/page/48400782,sheet-birdsAustraliav6Goul-0204.jpg,crop-birdsAustraliav6Goul-0204.jpg,"not pinned in Featherframe: stood up and cut by the folio's rules, the crop not reviewed"
VI,50,Royal Spoonbill,Platalea regia,Platalea regia,birdsAustraliav6Goul,188477,208,48400786,portrait,0,https://bhl-open-data.s3.us-east-2.amazonaws.com/images/birdsAustraliav6Goul/birdsAustraliav6Goul_0208.jp2,https://www.biodiversitylibrary.org/page/48400786,sheet-birdsAustraliav6Goul-0208.jpg,crop-birdsAustraliav6Goul-0208.jpg,"not pinned in Featherframe: stood up and cut by the folio's rules, the crop not reviewed"
VI,51,Australian Mycteria,Mycteria australis,Mycteria australis,birdsAustraliav6Goul,188477,212,48400790,portrait,0,https://bhl-open-data.s3.us-east-2.amazonaws.com/images/birdsAustraliav6Goul/birdsAustraliav6Goul_0212.jp2,https://www.biodiversitylibrary.org/page/48400790,sheet-birdsAustraliav6Goul-0212.jpg,crop-birdsAustraliav6Goul-0212.jpg,"not pinned in Featherframe: stood up and cut by the folio's rules, the crop not reviewed"
VI,52,Pacific Heron,Ardea pacifica,Ardea pacifica,birdsAustraliav6Goul,188477,216,48400794,landscape,270,https://bhl-open-data.s3.us-east-2.amazonaws.com/images/birdsAustraliav6Goul/birdsAustraliav6Goul_0216.jp2,https://www.biodiversitylibrary.org/page/48400794,sheet-birdsAustraliav6Goul-0216.jpg,crop-birdsAustraliav6Goul-0216.jpg,"not pinned in Featherframe: stood up and cut by the folio's rules, the crop not reviewed"
VI,53,White-fronted Heron,Ardea Novae-Hollandiae,,birdsAustraliav6Goul,188477,220,48400798,landscape,270,https://bhl-open-data.s3.us-east-2.amazonaws.com/images/birdsAustraliav6Goul/birdsAustraliav6Goul_0220.jp2,https://www.biodiversitylibrary.org/page/48400798,sheet-birdsAustraliav6Goul-0220.jpg,crop-birdsAustraliav6Goul-0220.jpg,"caption lies in the binding gutter, not visible even at full resolution (checked); facing text leaf 221 opens ""ARDEA NOV A#=HOLLAN DIA, Lath. White-fronted Heron. Ardea No""; subject consistent"
VI,54,Great-billed Heron,Ardea rectirostris,Ardea rectirostris,birdsAustraliav6Goul,188477,224,48400802,portrait,0,https://bhl-open-data.s3.us-east-2.amazonaws.com/images/birdsAustraliav6Goul/birdsAustraliav6Goul_0224.jp2,https://www.biodiversitylibrary.org/page/48400802,sheet-birdsAustraliav6Goul-0224.jpg,crop-birdsAustraliav6Goul-0224.jpg,
VI,55,Great Grey Heron,Ardea leucophaea,Ardea leucophaea,birdsAustraliav6Goul,188477,228,48400806,portrait,0,https://bhl-open-data.s3.us-east-2.amazonaws.com/images/birdsAustraliav6Goul/birdsAustraliav6Goul_0228.jp2,https://www.biodiversitylibrary.org/page/48400806,sheet-birdsAustraliav6Goul-0228.jpg,crop-birdsAustraliav6Goul-0228.jpg,
VI,56,Australian Egret,Herodias syrmatophorus,Herodias syrmatophorus,birdsAustraliav6Goul,188477,232,48400810,landscape,270,https://bhl-open-data.s3.us-east-2.amazonaws.com/images/birdsAustraliav6Goul/birdsAustraliav6Goul_0232.jp2,https://www.biodiversitylibrary.org/page/48400810,sheet-birdsAustraliav6Goul-0232.jpg,crop-birdsAustraliav6Goul-0232.jpg,
VI,57,Plumed Egret,Herodias plumiferus,Herodias plumiferus,birdsAustraliav6Goul,188477,236,48400814,landscape,270,https://bhl-open-data.s3.us-east-2.amazonaws.com/images/birdsAustraliav6Goul/birdsAustraliav6Goul_0236.jp2,https://www.biodiversitylibrary.org/page/48400814,sheet-birdsAustraliav6Goul-0236.jpg,crop-birdsAustraliav6Goul-0236.jpg,
VI,58,Spotless Egret,Herodias immaculata,Herodias immaculata,birdsAustraliav6Goul,188477,240,48400818,landscape,270,https://bhl-open-data.s3.us-east-2.amazonaws.com/images/birdsAustraliav6Goul/birdsAustraliav6Goul_0240.jp2,https://www.biodiversitylibrary.org/page/48400818,sheet-birdsAustraliav6Goul-0240.jpg,crop-birdsAustraliav6Goul-0240.jpg,
VI,59,Sombre Egret,Herodias pannosus,,birdsAustraliav6Goul,188477,244,48400822,landscape,270,https://bhl-open-data.s3.us-east-2.amazonaws.com/images/birdsAustraliav6Goul/birdsAustraliav6Goul_0244.jp2,https://www.biodiversitylibrary.org/page/48400822,sheet-birdsAustraliav6Goul-0244.jpg,crop-birdsAustraliav6Goul-0244.jpg,"caption lies in the binding gutter, not visible even at full resolution (checked); facing text leaf 245 opens ""HERODIAS PANNOSUS. Sombre Egret. Herodias pannosus, Gould in""; subject consistent; not pinned in Featherframe: stood up and cut by the folio's rules, the crop not reviewed"
VI,60,Blue Reef Heron,Herodias jugularis,,birdsAustraliav6Goul,188477,248,48400826,landscape,270,https://bhl-open-data.s3.us-east-2.amazonaws.com/images/birdsAustraliav6Goul/birdsAustraliav6Goul_0248.jp2,https://www.biodiversitylibrary.org/page/48400826,sheet-birdsAustraliav6Goul-0248.jpg,crop-birdsAustraliav6Goul-0248.jpg,"caption lies in the binding gutter, not visible even at full resolution (checked); facing text leaf 249 opens ""HERODIAS JUGULARIS. Blue Reef Heron. Ardea jugularis, Forst.""; subject consistent; not pinned in Featherframe: stood up and cut by the folio's rules, the crop not reviewed"
VI,61,White Reef Heron,Herodias Greyi,Herodias Greyi,birdsAustraliav6Goul,188477,252,48400830,landscape,270,https://bhl-open-data.s3.us-east-2.amazonaws.com/images/birdsAustraliav6Goul/birdsAustraliav6Goul_0252.jp2,https://www.biodiversitylibrary.org/page/48400830,sheet-birdsAustraliav6Goul-0252.jpg,crop-birdsAustraliav6Goul-0252.jpg,
VI,62,Pied Egret,Herodias picata,,birdsAustraliav6Goul,188477,256,48400834,landscape,270,https://bhl-open-data.s3.us-east-2.amazonaws.com/images/birdsAustraliav6Goul/birdsAustraliav6Goul_0256.jp2,https://www.biodiversitylibrary.org/page/48400834,sheet-birdsAustraliav6Goul-0256.jpg,crop-birdsAustraliav6Goul-0256.jpg,"caption lies in the binding gutter, not visible even at full resolution (checked); facing text leaf 257 opens ""HERODIAS PICATA, Gow. Pied Egret. Ardea (Herodias) picata, G""; subject consistent; not pinned in Featherframe: stood up and cut by the folio's rules, the crop not reviewed"
VI,63,Nankeen Night Heron,Nycticorax caledonicus,Nycticorax caledonicus,birdsAustraliav6Goul,188477,260,48400838,landscape,270,https://bhl-open-data.s3.us-east-2.amazonaws.com/images/birdsAustraliav6Goul/birdsAustraliav6Goul_0260.jp2,https://www.biodiversitylibrary.org/page/48400838,sheet-birdsAustraliav6Goul-0260.jpg,crop-birdsAustraliav6Goul-0260.jpg,"not pinned in Featherframe: stood up and cut by the folio's rules, the crop not reviewed"
VI,64,Australian Bittern,Botaurus australis,Botaurus australis,birdsAustraliav6Goul,188477,264,48400842,landscape,270,https://bhl-open-data.s3.us-east-2.amazonaws.com/images/birdsAustraliav6Goul/birdsAustraliav6Goul_0264.jp2,https://www.biodiversitylibrary.org/page/48400842,sheet-birdsAustraliav6Goul-0264.jpg,crop-birdsAustraliav6Goul-0264.jpg,"not pinned in Featherframe: stood up and cut by the folio's rules, the crop not reviewed"
VI,65,Yellow-necked Bittern,Ardetta flavicollis,Ardetta flavicollis,birdsAustraliav6Goul,188477,268,48400846,landscape,270,https://bhl-open-data.s3.us-east-2.amazonaws.com/images/birdsAustraliav6Goul/birdsAustraliav6Goul_0268.jp2,https://www.biodiversitylibrary.org/page/48400846,sheet-birdsAustraliav6Goul-0268.jpg,crop-birdsAustraliav6Goul-0268.jpg,
VI,66,Thick-billed Green Bittern,Ardetta macrorhyncha,Ardetta macrorhyncha,birdsAustraliav6Goul,188477,272,48400850,landscape,270,https://bhl-open-data.s3.us-east-2.amazonaws.com/images/birdsAustraliav6Goul/birdsAustraliav6Goul_0272.jp2,https://www.biodiversitylibrary.org/page/48400850,sheet-birdsAustraliav6Goul-0272.jpg,crop-birdsAustraliav6Goul-0272.jpg,
VI,67,Little Grey Bittern,Ardetta stagnatilis,Ardetta stagnatilis,birdsAustraliav6Goul,188477,276,48400854,landscape,270,https://bhl-open-data.s3.us-east-2.amazonaws.com/images/birdsAustraliav6Goul/birdsAustraliav6Goul_0276.jp2,https://www.biodiversitylibrary.org/page/48400854,sheet-birdsAustraliav6Goul-0276.jpg,crop-birdsAustraliav6Goul-0276.jpg,"not pinned in Featherframe: stood up and cut by the folio's rules, the crop not reviewed"
VI,68,Minute Bittern,Ardetta pusilla,Ardetta pusilla,birdsAustraliav6Goul,188477,280,48400858,landscape,270,https://bhl-open-data.s3.us-east-2.amazonaws.com/images/birdsAustraliav6Goul/birdsAustraliav6Goul_0280.jp2,https://www.biodiversitylibrary.org/page/48400858,sheet-birdsAustraliav6Goul-0280.jpg,crop-birdsAustraliav6Goul-0280.jpg,
VI,69,Black-backed Porphyrio,Porphyrio melanotus,Porphyrio melanotus,birdsAustraliav6Goul,188477,284,48400862,landscape,270,https://bhl-open-data.s3.us-east-2.amazonaws.com/images/birdsAustraliav6Goul/birdsAustraliav6Goul_0284.jp2,https://www.biodiversitylibrary.org/page/48400862,sheet-birdsAustraliav6Goul-0284.jpg,crop-birdsAustraliav6Goul-0284.jpg,
VI,70,Azure-breasted Porphyrio,Porphyrio bellus,Porphyrio bellus,birdsAustraliav6Goul,188477,288,48400866,landscape,270,https://bhl-open-data.s3.us-east-2.amazonaws.com/images/birdsAustraliav6Goul/birdsAustraliav6Goul_0288.jp2,https://www.biodiversitylibrary.org/page/48400866,sheet-birdsAustraliav6Goul-0288.jpg,crop-birdsAustraliav6Goul-0288.jpg,"not pinned in Featherframe: stood up and cut by the folio's rules, the crop not reviewed"
VI,71,Mortier's Tribonyx,Tribonyx Mortierii,Tribonyx Mortierii,birdsAustraliav6Goul,188477,292,48400870,landscape,270,https://bhl-open-data.s3.us-east-2.amazonaws.com/images/birdsAustraliav6Goul/birdsAustraliav6Goul_0292.jp2,https://www.biodiversitylibrary.org/page/48400870,sheet-birdsAustraliav6Goul-0292.jpg,crop-birdsAustraliav6Goul-0292.jpg,
VI,72,Black-tailed Tribonyx,Tribonyx ventralis,Tribonyx ventralis,birdsAustraliav6Goul,188477,296,48400874,landscape,270,https://bhl-open-data.s3.us-east-2.amazonaws.com/images/birdsAustraliav6Goul/birdsAustraliav6Goul_0296.jp2,https://www.biodiversitylibrary.org/page/48400874,sheet-birdsAustraliav6Goul-0296.jpg,crop-birdsAustraliav6Goul-0296.jpg,
VI,73,Sombre Gallinule,Gallinula tenebrosa,Gallinula tenebrosa,birdsAustraliav6Goul,188477,300,48400878,landscape,270,https://bhl-open-data.s3.us-east-2.amazonaws.com/images/birdsAustraliav6Goul/birdsAustraliav6Goul_0300.jp2,https://www.biodiversitylibrary.org/page/48400878,sheet-birdsAustraliav6Goul-0300.jpg,crop-birdsAustraliav6Goul-0300.jpg,
VI,74,Australian Coot,Fulica australis,Fulica australis,birdsAustraliav6Goul,188477,304,48400882,landscape,270,https://bhl-open-data.s3.us-east-2.amazonaws.com/images/birdsAustraliav6Goul/birdsAustraliav6Goul_0304.jp2,https://www.biodiversitylibrary.org/page/48400882,sheet-birdsAustraliav6Goul-0304.jpg,crop-birdsAustraliav6Goul-0304.jpg,
VI,75,Gallinaceous Parra,Parra gallinacea,Parra gallinacea,birdsAustraliav6Goul,188477,308,48400886,landscape,270,https://bhl-open-data.s3.us-east-2.amazonaws.com/images/birdsAustraliav6Goul/birdsAustraliav6Goul_0308.jp2,https://www.biodiversitylibrary.org/page/48400886,sheet-birdsAustraliav6Goul-0308.jpg,crop-birdsAustraliav6Goul-0308.jpg,"not pinned in Featherframe: stood up and cut by the folio's rules, the crop not reviewed"
VI,76,Pectoral Rail,Rallus pectoralis,Rallus pectoralis,birdsAustraliav6Goul,188477,312,48400890,landscape,270,https://bhl-open-data.s3.us-east-2.amazonaws.com/images/birdsAustraliav6Goul/birdsAustraliav6Goul_0312.jp2,https://www.biodiversitylibrary.org/page/48400890,sheet-birdsAustraliav6Goul-0312.jpg,crop-birdsAustraliav6Goul-0312.jpg,
VI,77,Lewin's Water Rail,Rallus Lewinii,Rallus Lewinii,birdsAustraliav6Goul,188477,316,48400894,landscape,270,https://bhl-open-data.s3.us-east-2.amazonaws.com/images/birdsAustraliav6Goul/birdsAustraliav6Goul_0316.jp2,https://www.biodiversitylibrary.org/page/48400894,sheet-birdsAustraliav6Goul-0316.jpg,crop-birdsAustraliav6Goul-0316.jpg,
VI,78,Chestnut-bellied Rail,Eulabeornis castaneoventris,Eulabeornis castaneoventris,birdsAustraliav6Goul,188477,320,48400898,landscape,270,https://bhl-open-data.s3.us-east-2.amazonaws.com/images/birdsAustraliav6Goul/birdsAustraliav6Goul_0320.jp2,https://www.biodiversitylibrary.org/page/48400898,sheet-birdsAustraliav6Goul-0320.jpg,crop-birdsAustraliav6Goul-0320.jpg,"not pinned in Featherframe: stood up and cut by the folio's rules, the crop not reviewed"
VI,79,Spotted Water Crake,Porzana fluminea,Porzana fluminea,birdsAustraliav6Goul,188477,324,48400902,landscape,270,https://bhl-open-data.s3.us-east-2.amazonaws.com/images/birdsAustraliav6Goul/birdsAustraliav6Goul_0324.jp2,https://www.biodiversitylibrary.org/page/48400902,sheet-birdsAustraliav6Goul-0324.jpg,crop-birdsAustraliav6Goul-0324.jpg,"not pinned in Featherframe: stood up and cut by the folio's rules, the crop not reviewed"
VI,80,Water Crake,Porzana palustris,Porzana palustris,birdsAustraliav6Goul,188477,328,48400906,landscape,270,https://bhl-open-data.s3.us-east-2.amazonaws.com/images/birdsAustraliav6Goul/birdsAustraliav6Goul_0328.jp2,https://www.biodiversitylibrary.org/page/48400906,sheet-birdsAustraliav6Goul-0328.jpg,crop-birdsAustraliav6Goul-0328.jpg,
VI,81,White-eyebrowed Water Crake,Porzana leucophrys,Porzana leucophrys,birdsAustraliav6Goul,188477,332,48400910,landscape,270,https://bhl-open-data.s3.us-east-2.amazonaws.com/images/birdsAustraliav6Goul/birdsAustraliav6Goul_0332.jp2,https://www.biodiversitylibrary.org/page/48400910,sheet-birdsAustraliav6Goul-0332.jpg,crop-birdsAustraliav6Goul-0332.jpg,
VI,82,Spotless Gallinule,Porzana immaculata,Porzana immaculata,birdsAustraliav6Goul,188477,336,48400914,landscape,270,https://bhl-open-data.s3.us-east-2.amazonaws.com/images/birdsAustraliav6Goul/birdsAustraliav6Goul_0336.jp2,https://www.biodiversitylibrary.org/page/48400914,sheet-birdsAustraliav6Goul-0336.jpg,crop-birdsAustraliav6Goul-0336.jpg,
VII,1,Cereopsis Goose,Cereopsis Novae-Hollandiae,Cereopsis Novae-Hollandiae,birdsAustraliav7Goul,189241,12,48508776,landscape,270,https://bhl-open-data.s3.us-east-2.amazonaws.com/images/birdsAustraliav7Goul/birdsAustraliav7Goul_0012.jp2,https://www.biodiversitylibrary.org/page/48508776,sheet-birdsAustraliav7Goul-0012.jpg,crop-birdsAustraliav7Goul-0012.jpg,"not pinned in Featherframe: stood up and cut by the folio's rules, the crop not reviewed"
VII,2,Semipalmated Goose,Anseranas melanoleuca,,birdsAustraliav7Goul,189241,16,48508772,landscape,270,https://bhl-open-data.s3.us-east-2.amazonaws.com/images/birdsAustraliav7Goul/birdsAustraliav7Goul_0016.jp2,https://www.biodiversitylibrary.org/page/48508772,sheet-birdsAustraliav7Goul-0016.jpg,crop-birdsAustraliav7Goul-0016.jpg,"caption lies in the binding gutter, not visible even at full resolution (checked); facing text leaf 17 opens ""ANSERANAS MELANOLEUCA. Semipalmated Goose. Anas melanoleuca,""; subject consistent"
VII,3,Maned Goose,Bernicla jubata,Bernicla jubata,birdsAustraliav7Goul,189241,20,48508768,landscape,270,https://bhl-open-data.s3.us-east-2.amazonaws.com/images/birdsAustraliav7Goul/birdsAustraliav7Goul_0020.jp2,https://www.biodiversitylibrary.org/page/48508768,sheet-birdsAustraliav7Goul-0020.jpg,crop-birdsAustraliav7Goul-0020.jpg,
VII,4,Beautiful Pygmy Goose,Nettapus pulchellus,Nettapus pulchellus,birdsAustraliav7Goul,189241,24,48508764,landscape,270,https://bhl-open-data.s3.us-east-2.amazonaws.com/images/birdsAustraliav7Goul/birdsAustraliav7Goul_0024.jp2,https://www.biodiversitylibrary.org/page/48508764,sheet-birdsAustraliav7Goul-0024.jpg,crop-birdsAustraliav7Goul-0024.jpg,"not pinned in Featherframe: stood up and cut by the folio's rules, the crop not reviewed"
VII,5,Pygmy Goose,Nettapus coromandelianus,Nettapus coromandelianus,birdsAustraliav7Goul,189241,28,48508760,landscape,270,https://bhl-open-data.s3.us-east-2.amazonaws.com/images/birdsAustraliav7Goul/birdsAustraliav7Goul_0028.jp2,https://www.biodiversitylibrary.org/page/48508760,sheet-birdsAustraliav7Goul-0028.jpg,crop-birdsAustraliav7Goul-0028.jpg,
VII,6,Black Swan,Cygnus atratus,Cygnus atratus,birdsAustraliav7Goul,189241,32,48508756,landscape,270,https://bhl-open-data.s3.us-east-2.amazonaws.com/images/birdsAustraliav7Goul/birdsAustraliav7Goul_0032.jp2,https://www.biodiversitylibrary.org/page/48508756,sheet-birdsAustraliav7Goul-0032.jpg,crop-birdsAustraliav7Goul-0032.jpg,
VII,7,Chestnut-coloured Shieldrake,Casarca tadornoides,Casarca tadornoides,birdsAustraliav7Goul,189241,36,48508752,landscape,270,https://bhl-open-data.s3.us-east-2.amazonaws.com/images/birdsAustraliav7Goul/birdsAustraliav7Goul_0036.jp2,https://www.biodiversitylibrary.org/page/48508752,sheet-birdsAustraliav7Goul-0036.jpg,crop-birdsAustraliav7Goul-0036.jpg,
VII,8,Radjah Shieldrake,Tadorna radjah,,birdsAustraliav7Goul,189241,40,48508748,landscape,270,https://bhl-open-data.s3.us-east-2.amazonaws.com/images/birdsAustraliav7Goul/birdsAustraliav7Goul_0040.jp2,https://www.biodiversitylibrary.org/page/48508748,sheet-birdsAustraliav7Goul-0040.jpg,crop-birdsAustraliav7Goul-0040.jpg,"caption lies in the binding gutter, not visible even at full resolution (checked); facing text leaf 41 opens ""TADORNA RADJAH, fyton. Radjah Shieldrake. Anas Radjah, Duper""; subject consistent"
VII,9,Australian Wild Duck,Anas superciliosa,Anas superciliosa,birdsAustraliav7Goul,189241,44,48508744,landscape,270,https://bhl-open-data.s3.us-east-2.amazonaws.com/images/birdsAustraliav7Goul/birdsAustraliav7Goul_0044.jp2,https://www.biodiversitylibrary.org/page/48508744,sheet-birdsAustraliav7Goul-0044.jpg,crop-birdsAustraliav7Goul-0044.jpg,
VII,10,Freckled Duck,Anas naevosa,Anas naevosa,birdsAustraliav7Goul,189241,48,48508740,landscape,270,https://bhl-open-data.s3.us-east-2.amazonaws.com/images/birdsAustraliav7Goul/birdsAustraliav7Goul_0048.jp2,https://www.biodiversitylibrary.org/page/48508740,sheet-birdsAustraliav7Goul-0048.jpg,crop-birdsAustraliav7Goul-0048.jpg,"not pinned in Featherframe: stood up and cut by the folio's rules, the crop not reviewed"
VII,11,Chestnut-breasted Duck,Anas punctata,Anas punctata,birdsAustraliav7Goul,189241,52,48508736,landscape,270,https://bhl-open-data.s3.us-east-2.amazonaws.com/images/birdsAustraliav7Goul/birdsAustraliav7Goul_0052.jp2,https://www.biodiversitylibrary.org/page/48508736,sheet-birdsAustraliav7Goul-0052.jpg,crop-birdsAustraliav7Goul-0052.jpg,
VII,12,Australian Shoveller,Spatula rhynchotis,Spatula rhynchotis,birdsAustraliav7Goul,189241,56,48508704,landscape,270,https://bhl-open-data.s3.us-east-2.amazonaws.com/images/birdsAustraliav7Goul/birdsAustraliav7Goul_0056.jp2,https://www.biodiversitylibrary.org/page/48508704,sheet-birdsAustraliav7Goul-0056.jpg,crop-birdsAustraliav7Goul-0056.jpg,"not pinned in Featherframe: stood up and cut by the folio's rules, the crop not reviewed"
VII,13,Membranaceous Duck,Malacorhynchus membranaceus,Malacorhynchus membranaceus,birdsAustraliav7Goul,189241,60,48508708,landscape,270,https://bhl-open-data.s3.us-east-2.amazonaws.com/images/birdsAustraliav7Goul/birdsAustraliav7Goul_0060.jp2,https://www.biodiversitylibrary.org/page/48508708,sheet-birdsAustraliav7Goul-0060.jpg,crop-birdsAustraliav7Goul-0060.jpg,
VII,14,Whistling Duck,Dendrocygna arcuata,,birdsAustraliav7Goul,189241,64,48508712,landscape,270,https://bhl-open-data.s3.us-east-2.amazonaws.com/images/birdsAustraliav7Goul/birdsAustraliav7Goul_0064.jp2,https://www.biodiversitylibrary.org/page/48508712,sheet-birdsAustraliav7Goul-0064.jpg,crop-birdsAustraliav7Goul-0064.jpg,"caption lies in the binding gutter, not visible even at full resolution (checked); facing text leaf 65 opens ""DENDROCYGNA ARCUATA. Whistling Duck. Anas arcuata, Cuv., Hor""; subject consistent"
VII,15,Eyton's Duck,Leptotarsis Eytoni,Leptotarsis Eytoni,birdsAustraliav7Goul,189241,68,48508716,landscape,270,https://bhl-open-data.s3.us-east-2.amazonaws.com/images/birdsAustraliav7Goul/birdsAustraliav7Goul_0068.jp2,https://www.biodiversitylibrary.org/page/48508716,sheet-birdsAustraliav7Goul-0068.jpg,crop-birdsAustraliav7Goul-0068.jpg,
VII,16,White-eyed Duck,Nyroca australis,Nyroca australis,birdsAustraliav7Goul,189241,72,48508720,landscape,270,https://bhl-open-data.s3.us-east-2.amazonaws.com/images/birdsAustraliav7Goul/birdsAustraliav7Goul_0072.jp2,https://www.biodiversitylibrary.org/page/48508720,sheet-birdsAustraliav7Goul-0072.jpg,crop-birdsAustraliav7Goul-0072.jpg,"not pinned in Featherframe: stood up and cut by the folio's rules, the crop not reviewed"
VII,17,Blue-billed Duck,Erismatura australis,Erismatura australis,birdsAustraliav7Goul,189241,76,48508724,landscape,270,https://bhl-open-data.s3.us-east-2.amazonaws.com/images/birdsAustraliav7Goul/birdsAustraliav7Goul_0076.jp2,https://www.biodiversitylibrary.org/page/48508724,sheet-birdsAustraliav7Goul-0076.jpg,crop-birdsAustraliav7Goul-0076.jpg,"not pinned in Featherframe: stood up and cut by the folio's rules, the crop not reviewed"
VII,18,Musk Duck,Biziura lobata,,birdsAustraliav7Goul,189241,80,48508728,landscape,270,https://bhl-open-data.s3.us-east-2.amazonaws.com/images/birdsAustraliav7Goul/birdsAustraliav7Goul_0080.jp2,https://www.biodiversitylibrary.org/page/48508728,sheet-birdsAustraliav7Goul-0080.jpg,crop-birdsAustraliav7Goul-0080.jpg,"caption lies in the binding gutter, not visible even at full resolution (checked); facing text leaf 81 opens ""BIZIURA LOBATA. Musk-Duck. Anas lobata, Shaw, Nat. Misc., pl""; subject consistent"
VII,19,Pacific Gull,Larus pacificus,Larus pacificus,birdsAustraliav7Goul,189241,84,48508732,landscape,270,https://bhl-open-data.s3.us-east-2.amazonaws.com/images/birdsAustraliav7Goul/birdsAustraliav7Goul_0084.jp2,https://www.biodiversitylibrary.org/page/48508732,sheet-birdsAustraliav7Goul-0084.jpg,crop-birdsAustraliav7Goul-0084.jpg,"not pinned in Featherframe: stood up and cut by the folio's rules, the crop not reviewed"
VII,20,Jameson's Gull,Xema Jamesonii,Xema Jamesonii,birdsAustraliav7Goul,189241,88,48508789,landscape,270,https://bhl-open-data.s3.us-east-2.amazonaws.com/images/birdsAustraliav7Goul/birdsAustraliav7Goul_0088.jp2,https://www.biodiversitylibrary.org/page/48508789,sheet-birdsAustraliav7Goul-0088.jpg,crop-birdsAustraliav7Goul-0088.jpg,
VII,21,Skua Gull,Lestris catarractes,Lestris catarrhactes,birdsAustraliav7Goul,189241,92,48508793,landscape,270,https://bhl-open-data.s3.us-east-2.amazonaws.com/images/birdsAustraliav7Goul/birdsAustraliav7Goul_0092.jp2,https://www.biodiversitylibrary.org/page/48508793,sheet-birdsAustraliav7Goul-0092.jpg,crop-birdsAustraliav7Goul-0092.jpg,"not pinned in Featherframe: stood up and cut by the folio's rules, the crop not reviewed"
VII,22,Powerful Tern,Sylochelidon strenuus,Sylochelidon strenuus,birdsAustraliav7Goul,189241,96,48508797,landscape,270,https://bhl-open-data.s3.us-east-2.amazonaws.com/images/birdsAustraliav7Goul/birdsAustraliav7Goul_0096.jp2,https://www.biodiversitylibrary.org/page/48508797,sheet-birdsAustraliav7Goul-0096.jpg,crop-birdsAustraliav7Goul-0096.jpg,
VII,23,Torres' Straits Tern,Thalasseus pelecanoides,Thalasseus pelecanoides,birdsAustraliav7Goul,189241,100,48508801,landscape,270,https://bhl-open-data.s3.us-east-2.amazonaws.com/images/birdsAustraliav7Goul/birdsAustraliav7Goul_0100.jp2,https://www.biodiversitylibrary.org/page/48508801,sheet-birdsAustraliav7Goul-0100.jpg,crop-birdsAustraliav7Goul-0100.jpg,
VII,24,Bass's Straits Tern,Thalasseus poliocercus,Thalasseus poliocercus,birdsAustraliav7Goul,189241,104,48508805,landscape,270,https://bhl-open-data.s3.us-east-2.amazonaws.com/images/birdsAustraliav7Goul/birdsAustraliav7Goul_0104.jp2,https://www.biodiversitylibrary.org/page/48508805,sheet-birdsAustraliav7Goul-0104.jpg,crop-birdsAustraliav7Goul-0104.jpg,"not pinned in Featherframe: stood up and cut by the folio's rules, the crop not reviewed"
VII,25,Torres' Tern,Thalasseus Torresii,Thalasseus Torresii,birdsAustraliav7Goul,189241,108,48508809,landscape,270,https://bhl-open-data.s3.us-east-2.amazonaws.com/images/birdsAustraliav7Goul/birdsAustraliav7Goul_0108.jp2,https://www.biodiversitylibrary.org/page/48508809,sheet-birdsAustraliav7Goul-0108.jpg,crop-birdsAustraliav7Goul-0108.jpg,
VII,26,Black-billed Tern,Sterna melanorhyncha,Sterna melanorhyncha,birdsAustraliav7Goul,189241,112,48508813,landscape,270,https://bhl-open-data.s3.us-east-2.amazonaws.com/images/birdsAustraliav7Goul/birdsAustraliav7Goul_0112.jp2,https://www.biodiversitylibrary.org/page/48508813,sheet-birdsAustraliav7Goul-0112.jpg,crop-birdsAustraliav7Goul-0112.jpg,
VII,27,Graceful Tern,Sterna gracilis,Sterna gracilis,birdsAustraliav7Goul,189241,116,48508817,landscape,270,https://bhl-open-data.s3.us-east-2.amazonaws.com/images/birdsAustraliav7Goul/birdsAustraliav7Goul_0116.jp2,https://www.biodiversitylibrary.org/page/48508817,sheet-birdsAustraliav7Goul-0116.jpg,crop-birdsAustraliav7Goul-0116.jpg,
VII,28,Black-naped Tern,Sterna melanauchen,Sterna melanauchen,birdsAustraliav7Goul,189241,120,48508821,landscape,270,https://bhl-open-data.s3.us-east-2.amazonaws.com/images/birdsAustraliav7Goul/birdsAustraliav7Goul_0120.jp2,https://www.biodiversitylibrary.org/page/48508821,sheet-birdsAustraliav7Goul-0120.jpg,crop-birdsAustraliav7Goul-0120.jpg,
VII,29,Australian Little Tern,Sternula nereis,Sternula nereis,birdsAustraliav7Goul,189241,124,48508825,landscape,270,https://bhl-open-data.s3.us-east-2.amazonaws.com/images/birdsAustraliav7Goul/birdsAustraliav7Goul_0124.jp2,https://www.biodiversitylibrary.org/page/48508825,sheet-birdsAustraliav7Goul-0124.jpg,crop-birdsAustraliav7Goul-0124.jpg,"not pinned in Featherframe: stood up and cut by the folio's rules, the crop not reviewed"
VII,30,White Tern,Gygis candida,Gygis candida,birdsAustraliav7Goul,189241,128,48508829,landscape,270,https://bhl-open-data.s3.us-east-2.amazonaws.com/images/birdsAustraliav7Goul/birdsAustraliav7Goul_0128.jp2,https://www.biodiversitylibrary.org/page/48508829,sheet-birdsAustraliav7Goul-0128.jpg,crop-birdsAustraliav7Goul-0128.jpg,
VII,31,Marsh Tern,Hydrochelidon fluviatilis,Hydrochelidon fluviatilis,birdsAustraliav7Goul,189241,132,48508833,landscape,270,https://bhl-open-data.s3.us-east-2.amazonaws.com/images/birdsAustraliav7Goul/birdsAustraliav7Goul_0132.jp2,https://www.biodiversitylibrary.org/page/48508833,sheet-birdsAustraliav7Goul-0132.jpg,crop-birdsAustraliav7Goul-0132.jpg,
VII,32,Sooty Tern,Onychoprion fuliginosus,Onychoprion fuliginosus,birdsAustraliav7Goul,189241,136,48508837,landscape,270,https://bhl-open-data.s3.us-east-2.amazonaws.com/images/birdsAustraliav7Goul/birdsAustraliav7Goul_0136.jp2,https://www.biodiversitylibrary.org/page/48508837,sheet-birdsAustraliav7Goul-0136.jpg,crop-birdsAustraliav7Goul-0136.jpg,
VII,33,Panayan Tern,Onychoprion panaya,Onychoprion panaya,birdsAustraliav7Goul,189241,140,48508841,landscape,270,https://bhl-open-data.s3.us-east-2.amazonaws.com/images/birdsAustraliav7Goul/birdsAustraliav7Goul_0140.jp2,https://www.biodiversitylibrary.org/page/48508841,sheet-birdsAustraliav7Goul-0140.jpg,crop-birdsAustraliav7Goul-0140.jpg,
VII,34,Noddy Tern,Anous stolidus,Anous stolidus,birdsAustraliav7Goul,189241,144,48508845,landscape,270,https://bhl-open-data.s3.us-east-2.amazonaws.com/images/birdsAustraliav7Goul/birdsAustraliav7Goul_0144.jp2,https://www.biodiversitylibrary.org/page/48508845,sheet-birdsAustraliav7Goul-0144.jpg,crop-birdsAustraliav7Goul-0144.jpg,
VII,35,Lesser Noddy,Anous melanops,Anous melanops,birdsAustraliav7Goul,189241,148,48508849,landscape,270,https://bhl-open-data.s3.us-east-2.amazonaws.com/images/birdsAustraliav7Goul/birdsAustraliav7Goul_0148.jp2,https://www.biodiversitylibrary.org/page/48508849,sheet-birdsAustraliav7Goul-0148.jpg,crop-birdsAustraliav7Goul-0148.jpg,
VII,36,White-capped Tern,Anous leucocapillus,Anous leucocapillus,birdsAustraliav7Goul,189241,152,48508853,landscape,270,https://bhl-open-data.s3.us-east-2.amazonaws.com/images/birdsAustraliav7Goul/birdsAustraliav7Goul_0152.jp2,https://www.biodiversitylibrary.org/page/48508853,sheet-birdsAustraliav7Goul-0152.jpg,crop-birdsAustraliav7Goul-0152.jpg,
VII,37,Grey Noddy,Anous cinereus,Anous cinereus,birdsAustraliav7Goul,189241,156,48508857,landscape,270,https://bhl-open-data.s3.us-east-2.amazonaws.com/images/birdsAustraliav7Goul/birdsAustraliav7Goul_0156.jp2,https://www.biodiversitylibrary.org/page/48508857,sheet-birdsAustraliav7Goul-0156.jpg,crop-birdsAustraliav7Goul-0156.jpg,"not pinned in Featherframe: stood up and cut by the folio's rules, the crop not reviewed"
VII,38,Wandering Albatros,Diomedea exulans,Diomedea exulans,birdsAustraliav7Goul,189241,160,48508861,landscape,270,https://bhl-open-data.s3.us-east-2.amazonaws.com/images/birdsAustraliav7Goul/birdsAustraliav7Goul_0160.jp2,https://www.biodiversitylibrary.org/page/48508861,sheet-birdsAustraliav7Goul-0160.jpg,crop-birdsAustraliav7Goul-0160.jpg,
VII,39,Short-tailed Albatros,Diomedea brachyura,,birdsAustraliav7Goul,189241,164,48508865,landscape,270,https://bhl-open-data.s3.us-east-2.amazonaws.com/images/birdsAustraliav7Goul/birdsAustraliav7Goul_0164.jp2,https://www.biodiversitylibrary.org/page/48508865,sheet-birdsAustraliav7Goul-0164.jpg,crop-birdsAustraliav7Goul-0164.jpg,"caption lies in the binding gutter, not visible even at full resolution (checked); facing text leaf 165 opens ""DIOMEDEA BRACHYURA, Temm. Short-tailed Albatros. . Diomedea ""; subject consistent; not pinned in Featherframe: stood up and cut by the folio's rules, the crop not reviewed"
VII,40,Cautious Albatros,Diomedea cauta,Diomedea cauta,birdsAustraliav7Goul,189241,168,48508869,landscape,270,https://bhl-open-data.s3.us-east-2.amazonaws.com/images/birdsAustraliav7Goul/birdsAustraliav7Goul_0168.jp2,https://www.biodiversitylibrary.org/page/48508869,sheet-birdsAustraliav7Goul-0168.jpg,crop-birdsAustraliav7Goul-0168.jpg,"not pinned in Featherframe: stood up and cut by the folio's rules, the crop not reviewed"
VII,41,Culminated Albatros,Diomedea culminata,Diomedea culminata,birdsAustraliav7Goul,189241,172,48508873,landscape,270,https://bhl-open-data.s3.us-east-2.amazonaws.com/images/birdsAustraliav7Goul/birdsAustraliav7Goul_0172.jp2,https://www.biodiversitylibrary.org/page/48508873,sheet-birdsAustraliav7Goul-0172.jpg,crop-birdsAustraliav7Goul-0172.jpg,"not pinned in Featherframe: stood up and cut by the folio's rules, the crop not reviewed"
VII,42,Yellow-billed Albatros,Diomedea chlororhynchos,,birdsAustraliav7Goul,189241,176,48508877,landscape,270,https://bhl-open-data.s3.us-east-2.amazonaws.com/images/birdsAustraliav7Goul/birdsAustraliav7Goul_0176.jp2,https://www.biodiversitylibrary.org/page/48508877,sheet-birdsAustraliav7Goul-0176.jpg,crop-birdsAustraliav7Goul-0176.jpg,"caption lies in the binding gutter, not visible even at full resolution (checked); facing text leaf 177 opens ""DIOMEDEA CHLORORHYNCHOS, Lath. Yellow-billed Albatros. Diome""; subject consistent; not pinned in Featherframe: stood up and cut by the folio's rules, the crop not reviewed"
VII,43,Black-eyebrowed Albatros,Diomedea melanophrys,,birdsAustraliav7Goul,189241,180,48508881,landscape,270,https://bhl-open-data.s3.us-east-2.amazonaws.com/images/birdsAustraliav7Goul/birdsAustraliav7Goul_0180.jp2,https://www.biodiversitylibrary.org/page/48508881,sheet-birdsAustraliav7Goul-0180.jpg,crop-birdsAustraliav7Goul-0180.jpg,"caption lies in the binding gutter, not visible even at full resolution (checked); facing text leaf 181 opens ""DIOMEDEA MELANOPHRYS, Tem. Black-eyebrowed Albatros. Diomede""; subject consistent"
VII,44,Sooty Albatros,Diomedea fuliginosa,Diomedea fuliginosa,birdsAustraliav7Goul,189241,184,48508885,landscape,270,https://bhl-open-data.s3.us-east-2.amazonaws.com/images/birdsAustraliav7Goul/birdsAustraliav7Goul_0184.jp2,https://www.biodiversitylibrary.org/page/48508885,sheet-birdsAustraliav7Goul-0184.jpg,crop-birdsAustraliav7Goul-0184.jpg,"not pinned in Featherframe: stood up and cut by the folio's rules, the crop not reviewed"
VII,45,Giant Petrel,Procellaria gigantea,Procellaria gigantea,birdsAustraliav7Goul,189241,188,48508889,landscape,270,https://bhl-open-data.s3.us-east-2.amazonaws.com/images/birdsAustraliav7Goul/birdsAustraliav7Goul_0188.jp2,https://www.biodiversitylibrary.org/page/48508889,sheet-birdsAustraliav7Goul-0188.jpg,crop-birdsAustraliav7Goul-0188.jpg,"not pinned in Featherframe: stood up and cut by the folio's rules, the crop not reviewed"
VII,46,Spectacled Petrel,Procellaria conspicillata,,birdsAustraliav7Goul,189241,192,48508893,landscape,270,https://bhl-open-data.s3.us-east-2.amazonaws.com/images/birdsAustraliav7Goul/birdsAustraliav7Goul_0192.jp2,https://www.biodiversitylibrary.org/page/48508893,sheet-birdsAustraliav7Goul-0192.jpg,crop-birdsAustraliav7Goul-0192.jpg,"caption lies in the binding gutter, not visible even at full resolution (checked); facing text leaf 193 opens ""PROCELLARIA CONSPICILLATA, Gouwia. Spectacled Petrel. Procel""; subject consistent; not pinned in Featherframe: stood up and cut by the folio's rules, the crop not reviewed"
VII,47,Great Grey Petrel,Procellaria hasitata,Procellaria hasitata,birdsAustraliav7Goul,189241,196,48508897,landscape,270,https://bhl-open-data.s3.us-east-2.amazonaws.com/images/birdsAustraliav7Goul/birdsAustraliav7Goul_0196.jp2,https://www.biodiversitylibrary.org/page/48508897,sheet-birdsAustraliav7Goul-0196.jpg,crop-birdsAustraliav7Goul-0196.jpg,"not pinned in Featherframe: stood up and cut by the folio's rules, the crop not reviewed"
VII,48,Silvery Grey Petrel,Procellaria glacialoides,Procellaria glacialoides,birdsAustraliav7Goul,189241,200,48508901,landscape,270,https://bhl-open-data.s3.us-east-2.amazonaws.com/images/birdsAustraliav7Goul/birdsAustraliav7Goul_0200.jp2,https://www.biodiversitylibrary.org/page/48508901,sheet-birdsAustraliav7Goul-0200.jpg,crop-birdsAustraliav7Goul-0200.jpg,"not pinned in Featherframe: stood up and cut by the folio's rules, the crop not reviewed"
VII,49,White-headed Petrel,Procellaria Lessonii,Procellaria Lessonii,birdsAustraliav7Goul,189241,204,48508905,landscape,270,https://bhl-open-data.s3.us-east-2.amazonaws.com/images/birdsAustraliav7Goul/birdsAustraliav7Goul_0204.jp2,https://www.biodiversitylibrary.org/page/48508905,sheet-birdsAustraliav7Goul-0204.jpg,crop-birdsAustraliav7Goul-0204.jpg,"not pinned in Featherframe: stood up and cut by the folio's rules, the crop not reviewed"
VII,50,Soft-plumaged Petrel,Procellaria mollis,Procellaria mollis,birdsAustraliav7Goul,189241,208,48508909,landscape,270,https://bhl-open-data.s3.us-east-2.amazonaws.com/images/birdsAustraliav7Goul/birdsAustraliav7Goul_0208.jp2,https://www.biodiversitylibrary.org/page/48508909,sheet-birdsAustraliav7Goul-0208.jpg,crop-birdsAustraliav7Goul-0208.jpg,"not pinned in Featherframe: stood up and cut by the folio's rules, the crop not reviewed"
VII,51,Cook's Petrel,Procellaria Cookii,Procellaria Cookii,birdsAustraliav7Goul,189241,212,48508913,landscape,270,https://bhl-open-data.s3.us-east-2.amazonaws.com/images/birdsAustraliav7Goul/birdsAustraliav7Goul_0212.jp2,https://www.biodiversitylibrary.org/page/48508913,sheet-birdsAustraliav7Goul-0212.jpg,crop-birdsAustraliav7Goul-0212.jpg,"not pinned in Featherframe: stood up and cut by the folio's rules, the crop not reviewed"
VII,52,Blue Petrel,Procellaria coerulea,Procellaria coerulea,birdsAustraliav7Goul,189241,216,48508917,landscape,270,https://bhl-open-data.s3.us-east-2.amazonaws.com/images/birdsAustraliav7Goul/birdsAustraliav7Goul_0216.jp2,https://www.biodiversitylibrary.org/page/48508917,sheet-birdsAustraliav7Goul-0216.jpg,crop-birdsAustraliav7Goul-0216.jpg,"not pinned in Featherframe: stood up and cut by the folio's rules, the crop not reviewed"
VII,53,Cape Petrel,Daption capensis,Daption capensis,birdsAustraliav7Goul,189241,220,48508921,landscape,270,https://bhl-open-data.s3.us-east-2.amazonaws.com/images/birdsAustraliav7Goul/birdsAustraliav7Goul_0220.jp2,https://www.biodiversitylibrary.org/page/48508921,sheet-birdsAustraliav7Goul-0220.jpg,crop-birdsAustraliav7Goul-0220.jpg,
VII,54,Dove-like Prion,Prion turtur,,birdsAustraliav7Goul,189241,224,48508925,landscape,270,https://bhl-open-data.s3.us-east-2.amazonaws.com/images/birdsAustraliav7Goul/birdsAustraliav7Goul_0224.jp2,https://www.biodiversitylibrary.org/page/48508925,sheet-birdsAustraliav7Goul-0224.jpg,crop-birdsAustraliav7Goul-0224.jpg,"caption lies in the binding gutter, not visible even at full resolution (checked); facing text leaf 225 opens ""PRION TURTUR. Dove-like Prion. Procellaria Turtur, Banks’s D""; subject consistent; not pinned in Featherframe: stood up and cut by the folio's rules, the crop not reviewed"
VII,55,Broad-billed Prion,Prion vittatus,Prion vittatus,birdsAustraliav7Goul,189241,228,48508929,landscape,270,https://bhl-open-data.s3.us-east-2.amazonaws.com/images/birdsAustraliav7Goul/birdsAustraliav7Goul_0228.jp2,https://www.biodiversitylibrary.org/page/48508929,sheet-birdsAustraliav7Goul-0228.jpg,crop-birdsAustraliav7Goul-0228.jpg,"not pinned in Featherframe: stood up and cut by the folio's rules, the crop not reviewed"
VII,56,Short-tailed Petrel,Puffinus brevicaudus,Puffinus brevicaudus,birdsAustraliav7Goul,189241,232,48508933,landscape,270,https://bhl-open-data.s3.us-east-2.amazonaws.com/images/birdsAustraliav7Goul/birdsAustraliav7Goul_0232.jp2,https://www.biodiversitylibrary.org/page/48508933,sheet-birdsAustraliav7Goul-0232.jpg,crop-birdsAustraliav7Goul-0232.jpg,
VII,57,Fleshy-footed Petrel,Puffinus carneipes,Puffinus carneipes,birdsAustraliav7Goul,189241,236,48508937,landscape,270,https://bhl-open-data.s3.us-east-2.amazonaws.com/images/birdsAustraliav7Goul/birdsAustraliav7Goul_0236.jp2,https://www.biodiversitylibrary.org/page/48508937,sheet-birdsAustraliav7Goul-0236.jpg,crop-birdsAustraliav7Goul-0236.jpg,
VII,58,Wedge-tailed Petrel,Puffinus sphenurus,Puffinus sphenurus,birdsAustraliav7Goul,189241,240,48508941,landscape,270,https://bhl-open-data.s3.us-east-2.amazonaws.com/images/birdsAustraliav7Goul/birdsAustraliav7Goul_0240.jp2,https://www.biodiversitylibrary.org/page/48508941,sheet-birdsAustraliav7Goul-0240.jpg,crop-birdsAustraliav7Goul-0240.jpg,
VII,59,Allied Petrel,Puffinus assimilis,Puffinus assimilis,birdsAustraliav7Goul,189241,244,48508945,landscape,270,https://bhl-open-data.s3.us-east-2.amazonaws.com/images/birdsAustraliav7Goul/birdsAustraliav7Goul_0244.jp2,https://www.biodiversitylibrary.org/page/48508945,sheet-birdsAustraliav7Goul-0244.jpg,crop-birdsAustraliav7Goul-0244.jpg,"not pinned in Featherframe: stood up and cut by the folio's rules, the crop not reviewed"
VII,60,Diving Petrel,Puffinuria urinatrix,Puffinuria urinatrix,birdsAustraliav7Goul,189241,248,48508949,landscape,270,https://bhl-open-data.s3.us-east-2.amazonaws.com/images/birdsAustraliav7Goul/birdsAustraliav7Goul_0248.jp2,https://www.biodiversitylibrary.org/page/48508949,sheet-birdsAustraliav7Goul-0248.jpg,crop-birdsAustraliav7Goul-0248.jpg,"not pinned in Featherframe: stood up and cut by the folio's rules, the crop not reviewed"
VII,61,White-faced Storm Petrel,Thalassidroma marina,Thalassidroma marina,birdsAustraliav7Goul,189241,252,48508953,landscape,270,https://bhl-open-data.s3.us-east-2.amazonaws.com/images/birdsAustraliav7Goul/birdsAustraliav7Goul_0252.jp2,https://www.biodiversitylibrary.org/page/48508953,sheet-birdsAustraliav7Goul-0252.jpg,crop-birdsAustraliav7Goul-0252.jpg,"not pinned in Featherframe: stood up and cut by the folio's rules, the crop not reviewed"
VII,62,Black-bellied Storm Petrel,Thalassidroma melanogaster,Thalassidroma melanogaster,birdsAustraliav7Goul,189241,256,48508957,landscape,270,https://bhl-open-data.s3.us-east-2.amazonaws.com/images/birdsAustraliav7Goul/birdsAustraliav7Goul_0256.jp2,https://www.biodiversitylibrary.org/page/48508957,sheet-birdsAustraliav7Goul-0256.jpg,crop-birdsAustraliav7Goul-0256.jpg,"not pinned in Featherframe: stood up and cut by the folio's rules, the crop not reviewed"
VII,63,White-bellied Storm Petrel,Thalassidroma leucogaster,Thalassidroma leucogaster,birdsAustraliav7Goul,189241,260,48508961,landscape,270,https://bhl-open-data.s3.us-east-2.amazonaws.com/images/birdsAustraliav7Goul/birdsAustraliav7Goul_0260.jp2,https://www.biodiversitylibrary.org/page/48508961,sheet-birdsAustraliav7Goul-0260.jpg,crop-birdsAustraliav7Goul-0260.jpg,"not pinned in Featherframe: stood up and cut by the folio's rules, the crop not reviewed"
VII,64,Grey-backed Storm Petrel,Thalassidroma nereis,Thalassidroma nereis,birdsAustraliav7Goul,189241,264,48508965,landscape,270,https://bhl-open-data.s3.us-east-2.amazonaws.com/images/birdsAustraliav7Goul/birdsAustraliav7Goul_0264.jp2,https://www.biodiversitylibrary.org/page/48508965,sheet-birdsAustraliav7Goul-0264.jpg,crop-birdsAustraliav7Goul-0264.jpg,"not pinned in Featherframe: stood up and cut by the folio's rules, the crop not reviewed"
VII,65,Wilson's Storm Petrel,Thalassidroma Wilsonii,Thalassidroma Wilsonii,birdsAustraliav7Goul,189241,268,48508969,landscape,270,https://bhl-open-data.s3.us-east-2.amazonaws.com/images/birdsAustraliav7Goul/birdsAustraliav7Goul_0268.jp2,https://www.biodiversitylibrary.org/page/48508969,sheet-birdsAustraliav7Goul-0268.jpg,crop-birdsAustraliav7Goul-0268.jpg,"not pinned in Featherframe: stood up and cut by the folio's rules, the crop not reviewed"
VII,66,Australian Cormorant,Phalacrocorax carboides,Phalacrocorax carboides,birdsAustraliav7Goul,189241,272,48508973,landscape,270,https://bhl-open-data.s3.us-east-2.amazonaws.com/images/birdsAustraliav7Goul/birdsAustraliav7Goul_0272.jp2,https://www.biodiversitylibrary.org/page/48508973,sheet-birdsAustraliav7Goul-0272.jpg,crop-birdsAustraliav7Goul-0272.jpg,
VII,67,Groove-billed Cormorant,Phalacrocorax sulcirostris,Phalacrocorax sulcirostris,birdsAustraliav7Goul,189241,276,48508977,landscape,270,https://bhl-open-data.s3.us-east-2.amazonaws.com/images/birdsAustraliav7Goul/birdsAustraliav7Goul_0276.jp2,https://www.biodiversitylibrary.org/page/48508977,sheet-birdsAustraliav7Goul-0276.jpg,crop-birdsAustraliav7Goul-0276.jpg,"not pinned in Featherframe: stood up and cut by the folio's rules, the crop not reviewed"
VII,68,Pied Cormorant,Phalacrocorax hypoleucus,Phalacrocorax hypoleucus,birdsAustraliav7Goul,189241,280,48508981,landscape,270,https://bhl-open-data.s3.us-east-2.amazonaws.com/images/birdsAustraliav7Goul/birdsAustraliav7Goul_0280.jp2,https://www.biodiversitylibrary.org/page/48508981,sheet-birdsAustraliav7Goul-0280.jpg,crop-birdsAustraliav7Goul-0280.jpg,"not pinned in Featherframe: stood up and cut by the folio's rules, the crop not reviewed"
VII,69,White-breasted Cormorant,Phalacrocorax leucogaster,,birdsAustraliav7Goul,189241,284,48508985,landscape,270,https://bhl-open-data.s3.us-east-2.amazonaws.com/images/birdsAustraliav7Goul/birdsAustraliav7Goul_0284.jp2,https://www.biodiversitylibrary.org/page/48508985,sheet-birdsAustraliav7Goul-0284.jpg,crop-birdsAustraliav7Goul-0284.jpg,"caption lies in the binding gutter, not visible even at full resolution (checked); facing text leaf 285 opens ""PHALACROCORAX LEUCOGASTER, Gowa White-breasted Cormorant. Ph""; subject consistent; not pinned in Featherframe: stood up and cut by the folio's rules, the crop not reviewed"
VII,70,Pied Cormorant,Phalacrocorax melanoleucus,Phalacrocorax melanoleucus,birdsAustraliav7Goul,189241,288,48508989,landscape,270,https://bhl-open-data.s3.us-east-2.amazonaws.com/images/birdsAustraliav7Goul/birdsAustraliav7Goul_0288.jp2,https://www.biodiversitylibrary.org/page/48508989,sheet-birdsAustraliav7Goul-0288.jpg,crop-birdsAustraliav7Goul-0288.jpg,"not pinned in Featherframe: stood up and cut by the folio's rules, the crop not reviewed"
VII,71,Spotted Cormorant,Phalacrocorax punctatus,Phalacrocorax punctatus,birdsAustraliav7Goul,189241,292,48508993,landscape,270,https://bhl-open-data.s3.us-east-2.amazonaws.com/images/birdsAustraliav7Goul/birdsAustraliav7Goul_0292.jp2,https://www.biodiversitylibrary.org/page/48508993,sheet-birdsAustraliav7Goul-0292.jpg,crop-birdsAustraliav7Goul-0292.jpg,"not pinned in Featherframe: stood up and cut by the folio's rules, the crop not reviewed"
VII,72,Small Frigate Bird,Attagen Ariel,Attagen Ariel,birdsAustraliav7Goul,189241,296,48508997,landscape,270,https://bhl-open-data.s3.us-east-2.amazonaws.com/images/birdsAustraliav7Goul/birdsAustraliav7Goul_0296.jp2,https://www.biodiversitylibrary.org/page/48508997,sheet-birdsAustraliav7Goul-0296.jpg,crop-birdsAustraliav7Goul-0296.jpg,
VII,73,Red-tailed Tropic Bird,Phaeton phoenicurus,Phaeton phoenicurus,birdsAustraliav7Goul,189241,300,48509001,landscape,270,https://bhl-open-data.s3.us-east-2.amazonaws.com/images/birdsAustraliav7Goul/birdsAustraliav7Goul_0300.jp2,https://www.biodiversitylibrary.org/page/48509001,sheet-birdsAustraliav7Goul-0300.jpg,crop-birdsAustraliav7Goul-0300.jpg,
VII,74,Australian Pelican,Pelecanus conspicillatus,,birdsAustraliav7Goul,189241,304,48509005,landscape,270,https://bhl-open-data.s3.us-east-2.amazonaws.com/images/birdsAustraliav7Goul/birdsAustraliav7Goul_0304.jp2,https://www.biodiversitylibrary.org/page/48509005,sheet-birdsAustraliav7Goul-0304.jpg,crop-birdsAustraliav7Goul-0304.jpg,"caption lies in the binding gutter, not visible even at full resolution (checked); facing text leaf 305 opens ""PELECANUS CONSPICILLATUS, Tenm. Australian Pelican. Pelecanu""; subject consistent"
VII,75,New Holland Darter,Plotus Novae-Hollandiae,,birdsAustraliav7Goul,189241,308,48509009,landscape,270,https://bhl-open-data.s3.us-east-2.amazonaws.com/images/birdsAustraliav7Goul/birdsAustraliav7Goul_0308.jp2,https://www.biodiversitylibrary.org/page/48509009,sheet-birdsAustraliav7Goul-0308.jpg,crop-birdsAustraliav7Goul-0308.jpg,"caption lies in the binding gutter, not visible even at full resolution (checked); facing text leaf 309 opens ""PLOTUS NOV A=HOLLANDIAL, Gowa. New Holland Darter. Plotus No""; subject consistent"
VII,76,Australian Gannet,Sula australis,Sula australis,birdsAustraliav7Goul,189241,312,48509013,landscape,270,https://bhl-open-data.s3.us-east-2.amazonaws.com/images/birdsAustraliav7Goul/birdsAustraliav7Goul_0312.jp2,https://www.biodiversitylibrary.org/page/48509013,sheet-birdsAustraliav7Goul-0312.jpg,crop-birdsAustraliav7Goul-0312.jpg,"not pinned in Featherframe: stood up and cut by the folio's rules, the crop not reviewed"
VII,77,Masked Gannet,Sula personata,Sula personata,birdsAustraliav7Goul,189241,316,48509017,landscape,270,https://bhl-open-data.s3.us-east-2.amazonaws.com/images/birdsAustraliav7Goul/birdsAustraliav7Goul_0316.jp2,https://www.biodiversitylibrary.org/page/48509017,sheet-birdsAustraliav7Goul-0316.jpg,crop-birdsAustraliav7Goul-0316.jpg,
VII,78,Brown Gannet,Sula fusca,Sula fusca,birdsAustraliav7Goul,189241,320,48509021,landscape,270,https://bhl-open-data.s3.us-east-2.amazonaws.com/images/birdsAustraliav7Goul/birdsAustraliav7Goul_0320.jp2,https://www.biodiversitylibrary.org/page/48509021,sheet-birdsAustraliav7Goul-0320.jpg,crop-birdsAustraliav7Goul-0320.jpg,
VII,79,Red-legged Gannet,Sula piscator,Sula fiber / piscator,birdsAustraliav7Goul,189241,324,48509025,landscape,270,https://bhl-open-data.s3.us-east-2.amazonaws.com/images/birdsAustraliav7Goul/birdsAustraliav7Goul_0324.jp2,https://www.biodiversitylibrary.org/page/48509025,sheet-birdsAustraliav7Goul-0324.jpg,crop-birdsAustraliav7Goul-0324.jpg,
VII,80,Australian Tippet Grebe,Podiceps australis,Podiceps australis,birdsAustraliav7Goul,189241,328,48509029,landscape,270,https://bhl-open-data.s3.us-east-2.amazonaws.com/images/birdsAustraliav7Goul/birdsAustraliav7Goul_0328.jp2,https://www.biodiversitylibrary.org/page/48509029,sheet-birdsAustraliav7Goul-0328.jpg,crop-birdsAustraliav7Goul-0328.jpg,
VII,81,Black-throated Grebe,Podiceps gularis,Podiceps gularis,birdsAustraliav7Goul,189241,332,48509033,landscape,270,https://bhl-open-data.s3.us-east-2.amazonaws.com/images/birdsAustraliav7Goul/birdsAustraliav7Goul_0332.jp2,https://www.biodiversitylibrary.org/page/48509033,sheet-birdsAustraliav7Goul-0332.jpg,crop-birdsAustraliav7Goul-0332.jpg,
VII,82,Hoary-headed Grebe,Podiceps poliocephalus,Podiceps poliocephalus,birdsAustraliav7Goul,189241,336,48509037,landscape,270,https://bhl-open-data.s3.us-east-2.amazonaws.com/images/birdsAustraliav7Goul/birdsAustraliav7Goul_0336.jp2,https://www.biodiversitylibrary.org/page/48509037,sheet-birdsAustraliav7Goul-0336.jpg,crop-birdsAustraliav7Goul-0336.jpg,"not pinned in Featherframe: stood up and cut by the folio's rules, the crop not reviewed"
VII,83,Crested Penguin,Eudyptes chrysocome,Eudyptes chrysocome,birdsAustraliav7Goul,189241,340,48509041,landscape,270,https://bhl-open-data.s3.us-east-2.amazonaws.com/images/birdsAustraliav7Goul/birdsAustraliav7Goul_0340.jp2,https://www.biodiversitylibrary.org/page/48509041,sheet-birdsAustraliav7Goul-0340.jpg,crop-birdsAustraliav7Goul-0340.jpg,"not pinned in Featherframe: stood up and cut by the folio's rules, the crop not reviewed"
VII,84,Little Penguin,Spheniscus minor,Spheniscus minor,birdsAustraliav7Goul,189241,344,48509045,landscape,270,https://bhl-open-data.s3.us-east-2.amazonaws.com/images/birdsAustraliav7Goul/birdsAustraliav7Goul_0344.jp2,https://www.biodiversitylibrary.org/page/48509045,sheet-birdsAustraliav7Goul-0344.jpg,crop-birdsAustraliav7Goul-0344.jpg,
VII,85,Fairy Penguin,Spheniscus undina,Spheniscus undina,birdsAustraliav7Goul,189241,348,48509049,landscape,270,https://bhl-open-data.s3.us-east-2.amazonaws.com/images/birdsAustraliav7Goul/birdsAustraliav7Goul_0348.jp2,https://www.biodiversitylibrary.org/page/48509049,sheet-birdsAustraliav7Goul-0348.jpg,crop-birdsAustraliav7Goul-0348.jpg,"not pinned in Featherframe: stood up and cut by the folio's rules, the crop not reviewed"
Supp,1,Grass-Owl,Strix candida,Strix candida,birdsAustraliasSuppGoul,189274,16,48517361,portrait,0,https://bhl-open-data.s3.us-east-2.amazonaws.com/images/birdsAustraliasSuppGoul/birdsAustraliasSuppGoul_0016.jp2,https://www.biodiversitylibrary.org/page/48517361,sheet-birdsAustraliasSuppGoul-0016.jpg,crop-birdsAustraliasSuppGoul-0016.jpg,"not pinned in Featherframe: stood up and cut by the folio's rules, the crop not reviewed"
Supp,2,Wekau,Sceloglaux albifacies,Sceloglaux albifacies,birdsAustraliasSuppGoul,189274,20,48517357,portrait,0,https://bhl-open-data.s3.us-east-2.amazonaws.com/images/birdsAustraliasSuppGoul/birdsAustraliasSuppGoul_0020.jp2,https://www.biodiversitylibrary.org/page/48517357,sheet-birdsAustraliasSuppGoul-0020.jpg,crop-birdsAustraliasSuppGoul-0020.jpg,"not pinned in Featherframe: stood up and cut by the folio's rules, the crop not reviewed"
Supp,3,Papuan Podargus,Podargus papuensis,Podargus papuensis,birdsAustraliasSuppGoul,189274,24,48517353,portrait,0,https://bhl-open-data.s3.us-east-2.amazonaws.com/images/birdsAustraliasSuppGoul/birdsAustraliasSuppGoul_0024.jp2,https://www.biodiversitylibrary.org/page/48517353,sheet-birdsAustraliasSuppGoul-0024.jpg,crop-birdsAustraliasSuppGoul-0024.jpg,"not pinned in Featherframe: stood up and cut by the folio's rules, the crop not reviewed"
Supp,4,Marbled Podargus,Podargus marmoratus,Podargus marmoratus,birdsAustraliasSuppGoul,189274,28,48517349,portrait,0,https://bhl-open-data.s3.us-east-2.amazonaws.com/images/birdsAustraliasSuppGoul/birdsAustraliasSuppGoul_0028.jp2,https://www.biodiversitylibrary.org/page/48517349,sheet-birdsAustraliasSuppGoul-0028.jpg,crop-birdsAustraliasSuppGoul-0028.jpg,"not pinned in Featherframe: stood up and cut by the folio's rules, the crop not reviewed"
Supp,5,Yellow-billed Kingfisher,Halcyon flavirostris,Halcyon flavirostris,birdsAustraliasSuppGoul,189274,32,48517345,portrait,0,https://bhl-open-data.s3.us-east-2.amazonaws.com/images/birdsAustraliasSuppGoul/birdsAustraliasSuppGoul_0032.jp2,https://www.biodiversitylibrary.org/page/48517345,sheet-birdsAustraliasSuppGoul-0032.jpg,crop-birdsAustraliasSuppGoul-0032.jpg,
Supp,6,White-tailed Tanysiptera,Tanysiptera Sylvia,Tanysiptera Sylvia,birdsAustraliasSuppGoul,189274,36,48517341,portrait,0,https://bhl-open-data.s3.us-east-2.amazonaws.com/images/birdsAustraliasSuppGoul/birdsAustraliasSuppGoul_0036.jp2,https://www.biodiversitylibrary.org/page/48517341,sheet-birdsAustraliasSuppGoul-0036.jpg,crop-birdsAustraliasSuppGoul-0036.jpg,
Supp,7,Black-faced Wood-Swallow,Artamus melanops,Artamus melanops,birdsAustraliasSuppGoul,189274,40,48517337,portrait,0,https://bhl-open-data.s3.us-east-2.amazonaws.com/images/birdsAustraliasSuppGoul/birdsAustraliasSuppGoul_0040.jp2,https://www.biodiversitylibrary.org/page/48517337,sheet-birdsAustraliasSuppGoul-0040.jpg,crop-birdsAustraliasSuppGoul-0040.jpg,"not pinned in Featherframe: stood up and cut by the folio's rules, the crop not reviewed"
Supp,8,Yellow-rumped Pardalote,Pardalotus xanthopygius,Pardalotus xanthopygius,birdsAustraliasSuppGoul,189274,44,48517333,portrait,0,https://bhl-open-data.s3.us-east-2.amazonaws.com/images/birdsAustraliasSuppGoul/birdsAustraliasSuppGoul_0044.jp2,https://www.biodiversitylibrary.org/page/48517333,sheet-birdsAustraliasSuppGoul-0044.jpg,crop-birdsAustraliasSuppGoul-0044.jpg,"not pinned in Featherframe: stood up and cut by the folio's rules, the crop not reviewed"
Supp,9,Keraudren's Crow-Shrike,Manucodia Keraudreni,Manucodia Keraudreni,birdsAustraliasSuppGoul,189274,48,48517329,portrait,0,https://bhl-open-data.s3.us-east-2.amazonaws.com/images/birdsAustraliasSuppGoul/birdsAustraliasSuppGoul_0048.jp2,https://www.biodiversitylibrary.org/page/48517329,sheet-birdsAustraliasSuppGoul-0048.jpg,crop-birdsAustraliasSuppGoul-0048.jpg,
Supp,10,Kaup's Flycatcher,Arses Kaupi,Arses Kaupi,birdsAustraliasSuppGoul,189274,52,48517325,portrait,0,https://bhl-open-data.s3.us-east-2.amazonaws.com/images/birdsAustraliasSuppGoul/birdsAustraliasSuppGoul_0052.jp2,https://www.biodiversitylibrary.org/page/48517325,sheet-birdsAustraliasSuppGoul-0052.jpg,crop-birdsAustraliasSuppGoul-0052.jpg,"not pinned in Featherframe: stood up and cut by the folio's rules, the crop not reviewed"
Supp,11,Yellow-breasted Flycatcher,Machaerirhynchus flaviventer,Machaerirhynchus flaviventer,birdsAustraliasSuppGoul,189274,56,48517293,portrait,0,https://bhl-open-data.s3.us-east-2.amazonaws.com/images/birdsAustraliasSuppGoul/birdsAustraliasSuppGoul_0056.jp2,https://www.biodiversitylibrary.org/page/48517293,sheet-birdsAustraliasSuppGoul-0056.jpg,crop-birdsAustraliasSuppGoul-0056.jpg,
Supp,12,White-eared Flycatcher,Monarcha leucotis,Monarcha leucotis,birdsAustraliasSuppGoul,189274,60,48517297,portrait,0,https://bhl-open-data.s3.us-east-2.amazonaws.com/images/birdsAustraliasSuppGoul/birdsAustraliasSuppGoul_0060.jp2,https://www.biodiversitylibrary.org/page/48517297,sheet-birdsAustraliasSuppGoul-0060.jpg,crop-birdsAustraliasSuppGoul-0060.jpg,
Supp,13,White-bellied Flycatcher,Monarcha albiventris,Monarcha albiventris,birdsAustraliasSuppGoul,189274,64,48517301,portrait,0,https://bhl-open-data.s3.us-east-2.amazonaws.com/images/birdsAustraliasSuppGoul/birdsAustraliasSuppGoul_0064.jp2,https://www.biodiversitylibrary.org/page/48517301,sheet-birdsAustraliasSuppGoul-0064.jpg,crop-birdsAustraliasSuppGoul-0064.jpg,"not pinned in Featherframe: stood up and cut by the folio's rules, the crop not reviewed"
Supp,14,Masked Gerygone,Gerygone personata,Gerygone personata,birdsAustraliasSuppGoul,189274,68,48517305,portrait,0,https://bhl-open-data.s3.us-east-2.amazonaws.com/images/birdsAustraliasSuppGoul/birdsAustraliasSuppGoul_0068.jp2,https://www.biodiversitylibrary.org/page/48517305,sheet-birdsAustraliasSuppGoul-0068.jpg,crop-birdsAustraliasSuppGoul-0068.jpg,
Supp,15,Buff-sided Robin,Petroica cerviniventris,Petroica cerviniventris,birdsAustraliasSuppGoul,189274,72,48517309,portrait,0,https://bhl-open-data.s3.us-east-2.amazonaws.com/images/birdsAustraliasSuppGoul/birdsAustraliasSuppGoul_0072.jp2,https://www.biodiversitylibrary.org/page/48517309,sheet-birdsAustraliasSuppGoul-0072.jpg,crop-birdsAustraliasSuppGoul-0072.jpg,"not pinned in Featherframe: stood up and cut by the folio's rules, the crop not reviewed"
Supp,16,Eastern Scrub-Robin,Drymodes superciliaris,Drymodes superciliaris,birdsAustraliasSuppGoul,189274,76,48517313,portrait,0,https://bhl-open-data.s3.us-east-2.amazonaws.com/images/birdsAustraliasSuppGoul/birdsAustraliasSuppGoul_0076.jp2,https://www.biodiversitylibrary.org/page/48517313,sheet-birdsAustraliasSuppGoul-0076.jpg,crop-birdsAustraliasSuppGoul-0076.jpg,"not pinned in Featherframe: stood up and cut by the folio's rules, the crop not reviewed"
Supp,17,Large-headed Robin,Eopsaltria capito,Eopsaltria capito,birdsAustraliasSuppGoul,189274,80,48517317,portrait,0,https://bhl-open-data.s3.us-east-2.amazonaws.com/images/birdsAustraliasSuppGoul/birdsAustraliasSuppGoul_0080.jp2,https://www.biodiversitylibrary.org/page/48517317,sheet-birdsAustraliasSuppGoul-0080.jpg,crop-birdsAustraliasSuppGoul-0080.jpg,
Supp,18,White-tailed Robin,Eopsaltria leucura,Eopsaltria leucura,birdsAustraliasSuppGoul,189274,84,48517321,portrait,0,https://bhl-open-data.s3.us-east-2.amazonaws.com/images/birdsAustraliasSuppGoul/birdsAustraliasSuppGoul_0084.jp2,https://www.biodiversitylibrary.org/page/48517321,sheet-birdsAustraliasSuppGoul-0084.jpg,crop-birdsAustraliasSuppGoul-0084.jpg,"not pinned in Featherframe: stood up and cut by the folio's rules, the crop not reviewed"
Supp,19,Albert Lyre-Bird,Menura Alberti,Menura Alberti,birdsAustraliasSuppGoul,189274,88,48517378,portrait,0,https://bhl-open-data.s3.us-east-2.amazonaws.com/images/birdsAustraliasSuppGoul/birdsAustraliasSuppGoul_0088.jp2,https://www.biodiversitylibrary.org/page/48517378,sheet-birdsAustraliasSuppGoul-0088.jpg,crop-birdsAustraliasSuppGoul-0088.jpg,
Supp,20,Crowned Wren,Malurus coronatus,Malurus coronatus,birdsAustraliasSuppGoul,189274,92,48517382,portrait,0,https://bhl-open-data.s3.us-east-2.amazonaws.com/images/birdsAustraliasSuppGoul/birdsAustraliasSuppGoul_0092.jp2,https://www.biodiversitylibrary.org/page/48517382,sheet-birdsAustraliasSuppGoul-0092.jpg,crop-birdsAustraliasSuppGoul-0092.jpg,"not pinned in Featherframe: stood up and cut by the folio's rules, the crop not reviewed"
Supp,21,Lovely Wren,Malurus amabilis,Malurus amabilis,birdsAustraliasSuppGoul,189274,96,48517386,portrait,0,https://bhl-open-data.s3.us-east-2.amazonaws.com/images/birdsAustraliasSuppGoul/birdsAustraliasSuppGoul_0096.jp2,https://www.biodiversitylibrary.org/page/48517386,sheet-birdsAustraliasSuppGoul-0096.jpg,crop-birdsAustraliasSuppGoul-0096.jpg,
Supp,22,Fawn-breasted Superb Warbler,Malurus hypoleucus,Malurus hypoleucus,birdsAustraliasSuppGoul,189274,100,48517390,portrait,0,https://bhl-open-data.s3.us-east-2.amazonaws.com/images/birdsAustraliasSuppGoul/birdsAustraliasSuppGoul_0100.jp2,https://www.biodiversitylibrary.org/page/48517390,sheet-birdsAustraliasSuppGoul-0100.jpg,crop-birdsAustraliasSuppGoul-0100.jpg,"not pinned in Featherframe: stood up and cut by the folio's rules, the crop not reviewed"
Supp,23,Turquoisine Superb Warbler,Malurus callainus,Malurus callainus,birdsAustraliasSuppGoul,189274,104,48517394,portrait,0,https://bhl-open-data.s3.us-east-2.amazonaws.com/images/birdsAustraliasSuppGoul/birdsAustraliasSuppGoul_0104.jp2,https://www.biodiversitylibrary.org/page/48517394,sheet-birdsAustraliasSuppGoul-0104.jpg,crop-birdsAustraliasSuppGoul-0104.jpg,"not pinned in Featherframe: stood up and cut by the folio's rules, the crop not reviewed"
Supp,24,White-backed Superb Warbler,Malurus leuconotus,Malurus leuconotus,birdsAustraliasSuppGoul,189274,108,48517398,portrait,0,https://bhl-open-data.s3.us-east-2.amazonaws.com/images/birdsAustraliasSuppGoul/birdsAustraliasSuppGoul_0108.jp2,https://www.biodiversitylibrary.org/page/48517398,sheet-birdsAustraliasSuppGoul-0108.jpg,crop-birdsAustraliasSuppGoul-0108.jpg,"not pinned in Featherframe: stood up and cut by the folio's rules, the crop not reviewed"
Supp,25,Rufous-headed Bristle-Bird,Sphenura Broadbenti,Sphenura Broadbenti,birdsAustraliasSuppGoul,189274,112,48517402,portrait,0,https://bhl-open-data.s3.us-east-2.amazonaws.com/images/birdsAustraliasSuppGoul/birdsAustraliasSuppGoul_0112.jp2,https://www.biodiversitylibrary.org/page/48517402,sheet-birdsAustraliasSuppGoul-0112.jpg,crop-birdsAustraliasSuppGoul-0112.jpg,
Supp,26,Rufescent Scrub-Bird,Atrichia rufescens,Atrichia rufescens,birdsAustraliasSuppGoul,189274,116,48517406,portrait,0,https://bhl-open-data.s3.us-east-2.amazonaws.com/images/birdsAustraliasSuppGoul/birdsAustraliasSuppGoul_0116.jp2,https://www.biodiversitylibrary.org/page/48517406,sheet-birdsAustraliasSuppGoul-0116.jpg,crop-birdsAustraliasSuppGoul-0116.jpg,
Supp,27,Downy Pycnoptilus,Pycnoptilus floccosus,Pycnoptilus floccosus,birdsAustraliasSuppGoul,189274,120,48517410,portrait,0,https://bhl-open-data.s3.us-east-2.amazonaws.com/images/birdsAustraliasSuppGoul/birdsAustraliasSuppGoul_0120.jp2,https://www.biodiversitylibrary.org/page/48517410,sheet-birdsAustraliasSuppGoul-0120.jpg,crop-birdsAustraliasSuppGoul-0120.jpg,
Supp,28,Great Acanthiza,Acanthiza magna,Acanthiza magna,birdsAustraliasSuppGoul,189274,124,48517414,portrait,0,https://bhl-open-data.s3.us-east-2.amazonaws.com/images/birdsAustraliasSuppGoul/birdsAustraliasSuppGoul_0124.jp2,https://www.biodiversitylibrary.org/page/48517414,sheet-birdsAustraliasSuppGoul-0124.jpg,crop-birdsAustraliasSuppGoul-0124.jpg,"not pinned in Featherframe: stood up and cut by the folio's rules, the crop not reviewed"
Supp,29,Macklot's Pitta,Pitta Mackloti,Pitta Mackloti,birdsAustraliasSuppGoul,189274,128,48517418,portrait,0,https://bhl-open-data.s3.us-east-2.amazonaws.com/images/birdsAustraliasSuppGoul/birdsAustraliasSuppGoul_0128.jp2,https://www.biodiversitylibrary.org/page/48517418,sheet-birdsAustraliasSuppGoul-0128.jpg,crop-birdsAustraliasSuppGoul-0128.jpg,
Supp,30,Grey-headed Blackbird,Merula poliocephala,Merula poliocephala,birdsAustraliasSuppGoul,189274,132,48517422,portrait,0,https://bhl-open-data.s3.us-east-2.amazonaws.com/images/birdsAustraliasSuppGoul/birdsAustraliasSuppGoul_0132.jp2,https://www.biodiversitylibrary.org/page/48517422,sheet-birdsAustraliasSuppGoul-0132.jpg,crop-birdsAustraliasSuppGoul-0132.jpg,
Supp,31,Vinous-tinted Blackbird,Merula vinitincta,Merula vinitincta,birdsAustraliasSuppGoul,189274,136,48517426,portrait,0,https://bhl-open-data.s3.us-east-2.amazonaws.com/images/birdsAustraliasSuppGoul/birdsAustraliasSuppGoul_0136.jp2,https://www.biodiversitylibrary.org/page/48517426,sheet-birdsAustraliasSuppGoul-0136.jpg,crop-birdsAustraliasSuppGoul-0136.jpg,"not pinned in Featherframe: stood up and cut by the folio's rules, the crop not reviewed"
Supp,32,Chestnut-breasted Ground-Thrush,Cinclosoma castaneothorax,Cinclosoma castaneothorax,birdsAustraliasSuppGoul,189274,140,48517430,portrait,0,https://bhl-open-data.s3.us-east-2.amazonaws.com/images/birdsAustraliasSuppGoul/birdsAustraliasSuppGoul_0140.jp2,https://www.biodiversitylibrary.org/page/48517430,sheet-birdsAustraliasSuppGoul-0140.jpg,crop-birdsAustraliasSuppGoul-0140.jpg,
Supp,33,Shining Aplonis,Aplonis metallica,Aplonis metallica,birdsAustraliasSuppGoul,189274,144,48517434,portrait,0,https://bhl-open-data.s3.us-east-2.amazonaws.com/images/birdsAustraliasSuppGoul/birdsAustraliasSuppGoul_0144.jp2,https://www.biodiversitylibrary.org/page/48517434,sheet-birdsAustraliasSuppGoul-0144.jpg,crop-birdsAustraliasSuppGoul-0144.jpg,
Supp,34,Rawnsley's Bower-bird,Ptilonorhynchus Rawnsleyi,Ptilonorhynchus Rawnsleyi,birdsAustraliasSuppGoul,189274,148,48517438,portrait,0,https://bhl-open-data.s3.us-east-2.amazonaws.com/images/birdsAustraliasSuppGoul/birdsAustraliasSuppGoul_0148.jp2,https://www.biodiversitylibrary.org/page/48517438,sheet-birdsAustraliasSuppGoul-0148.jpg,crop-birdsAustraliasSuppGoul-0148.jpg,"not pinned in Featherframe: stood up and cut by the folio's rules, the crop not reviewed"
Supp,35,Guttated Bower-bird,Chlamydera guttata,Chlamydera guttata,birdsAustraliasSuppGoul,189274,152,48517442,portrait,0,https://bhl-open-data.s3.us-east-2.amazonaws.com/images/birdsAustraliasSuppGoul/birdsAustraliasSuppGoul_0152.jp2,https://www.biodiversitylibrary.org/page/48517442,sheet-birdsAustraliasSuppGoul-0152.jpg,crop-birdsAustraliasSuppGoul-0152.jpg,"not pinned in Featherframe: stood up and cut by the folio's rules, the crop not reviewed"
Supp,36,Fawn-breasted Bower-bird,Chlamydera cerviniventris,Chlamydera cerviniventris,birdsAustraliasSuppGoul,189274,156,48517446,portrait,0,https://bhl-open-data.s3.us-east-2.amazonaws.com/images/birdsAustraliasSuppGoul/birdsAustraliasSuppGoul_0156.jp2,https://www.biodiversitylibrary.org/page/48517446,sheet-birdsAustraliasSuppGoul-0156.jpg,crop-birdsAustraliasSuppGoul-0156.jpg,"not pinned in Featherframe: stood up and cut by the folio's rules, the crop not reviewed"
Supp,37,Yellow-bellied Sphecotheres,Sphecotheres flaviventris,Sphecotheres flaviventris,birdsAustraliasSuppGoul,189274,160,48517450,portrait,0,https://bhl-open-data.s3.us-east-2.amazonaws.com/images/birdsAustraliasSuppGoul/birdsAustraliasSuppGoul_0160.jp2,https://www.biodiversitylibrary.org/page/48517450,sheet-birdsAustraliasSuppGoul-0160.jpg,crop-birdsAustraliasSuppGoul-0160.jpg,"not pinned in Featherframe: stood up and cut by the folio's rules, the crop not reviewed"
Supp,38,Chestnut-crowned Pomatorhinus,Pomatorhinus ruficeps,Pomatorhinus ruficeps,birdsAustraliasSuppGoul,189274,164,48517454,portrait,0,https://bhl-open-data.s3.us-east-2.amazonaws.com/images/birdsAustraliasSuppGoul/birdsAustraliasSuppGoul_0164.jp2,https://www.biodiversitylibrary.org/page/48517454,sheet-birdsAustraliasSuppGoul-0164.jpg,crop-birdsAustraliasSuppGoul-0164.jpg,
Supp,39,Helmeted Honey-eater,Ptilotis cassidix,Ptilotis cassidix,birdsAustraliasSuppGoul,189274,166,48517456,portrait,0,https://bhl-open-data.s3.us-east-2.amazonaws.com/images/birdsAustraliasSuppGoul/birdsAustraliasSuppGoul_0166.jp2,https://www.biodiversitylibrary.org/page/48517456,sheet-birdsAustraliasSuppGoul-0166.jpg,crop-birdsAustraliasSuppGoul-0166.jpg,"not pinned in Featherframe: stood up and cut by the folio's rules, the crop not reviewed"
Supp,40,Fasciated Honey-eater,Ptilotis fasciogularis,Ptilotis fasciogularis,birdsAustraliasSuppGoul,189274,170,48517460,portrait,0,https://bhl-open-data.s3.us-east-2.amazonaws.com/images/birdsAustraliasSuppGoul/birdsAustraliasSuppGoul_0170.jp2,https://www.biodiversitylibrary.org/page/48517460,sheet-birdsAustraliasSuppGoul-0170.jpg,crop-birdsAustraliasSuppGoul-0170.jpg,
Supp,41,Yellow-spotted Honey-eater,Ptilotis notata,Ptilotis notata,birdsAustraliasSuppGoul,189274,174,48517464,portrait,0,https://bhl-open-data.s3.us-east-2.amazonaws.com/images/birdsAustraliasSuppGoul/birdsAustraliasSuppGoul_0174.jp2,https://www.biodiversitylibrary.org/page/48517464,sheet-birdsAustraliasSuppGoul-0174.jpg,crop-birdsAustraliasSuppGoul-0174.jpg,
Supp,42,Streaked Honey-eater,Ptilotis filigera,Ptilotis filigera,birdsAustraliasSuppGoul,189274,178,48517468,portrait,0,https://bhl-open-data.s3.us-east-2.amazonaws.com/images/birdsAustraliasSuppGoul/birdsAustraliasSuppGoul_0178.jp2,https://www.biodiversitylibrary.org/page/48517468,sheet-birdsAustraliasSuppGoul-0178.jpg,crop-birdsAustraliasSuppGoul-0178.jpg,"not pinned in Featherframe: stood up and cut by the folio's rules, the crop not reviewed"
Supp,43,Cockerell's Honey-eater,Ptilotis Cockerelli,Ptilotis Cockerelli,birdsAustraliasSuppGoul,189274,182,48517472,portrait,0,https://bhl-open-data.s3.us-east-2.amazonaws.com/images/birdsAustraliasSuppGoul/birdsAustraliasSuppGoul_0182.jp2,https://www.biodiversitylibrary.org/page/48517472,sheet-birdsAustraliasSuppGoul-0182.jpg,crop-birdsAustraliasSuppGoul-0182.jpg,"not pinned in Featherframe: stood up and cut by the folio's rules, the crop not reviewed"
Supp,44,Helmeted Friar-bird,Tropidorhynchus buceroides,Tropidorhynchus buceroides,birdsAustraliasSuppGoul,189274,186,48517476,portrait,0,https://bhl-open-data.s3.us-east-2.amazonaws.com/images/birdsAustraliasSuppGoul/birdsAustraliasSuppGoul_0186.jp2,https://www.biodiversitylibrary.org/page/48517476,sheet-birdsAustraliasSuppGoul-0186.jpg,crop-birdsAustraliasSuppGoul-0186.jpg,
Supp,45,Australian Sun-bird,Nectarinia australis,Nectarinia australis,birdsAustraliasSuppGoul,189274,190,48517480,portrait,0,https://bhl-open-data.s3.us-east-2.amazonaws.com/images/birdsAustraliasSuppGoul/birdsAustraliasSuppGoul_0190.jp2,https://www.biodiversitylibrary.org/page/48517480,sheet-birdsAustraliasSuppGoul-0190.jpg,crop-birdsAustraliasSuppGoul-0190.jpg,
Supp,46,White-breasted Zosterops,Zosterops albogularis,Zosterops albogularis,birdsAustraliasSuppGoul,189274,194,48517484,portrait,0,https://bhl-open-data.s3.us-east-2.amazonaws.com/images/birdsAustraliasSuppGoul/birdsAustraliasSuppGoul_0194.jp2,https://www.biodiversitylibrary.org/page/48517484,sheet-birdsAustraliasSuppGoul-0194.jpg,crop-birdsAustraliasSuppGoul-0194.jpg,"not pinned in Featherframe: stood up and cut by the folio's rules, the crop not reviewed"
Supp,47,Slender-billed Zosterops,Zosterops tenuirostris,Zosterops tenuirostris,birdsAustraliasSuppGoul,189274,198,48517488,portrait,0,https://bhl-open-data.s3.us-east-2.amazonaws.com/images/birdsAustraliasSuppGoul/birdsAustraliasSuppGoul_0198.jp2,https://www.biodiversitylibrary.org/page/48517488,sheet-birdsAustraliasSuppGoul-0198.jpg,crop-birdsAustraliasSuppGoul-0198.jpg,"not pinned in Featherframe: stood up and cut by the folio's rules, the crop not reviewed"
Supp,48,Robust Zosterops,Zosterops strenuus,Zosterops strenuus,birdsAustraliasSuppGoul,189274,202,48517492,portrait,0,https://bhl-open-data.s3.us-east-2.amazonaws.com/images/birdsAustraliasSuppGoul/birdsAustraliasSuppGoul_0202.jp2,https://www.biodiversitylibrary.org/page/48517492,sheet-birdsAustraliasSuppGoul-0202.jpg,crop-birdsAustraliasSuppGoul-0202.jpg,"not pinned in Featherframe: stood up and cut by the folio's rules, the crop not reviewed"
Supp,49,Grey-breasted Zosterops,Zosterops tephropleurus,Zosterops tephropleurus,birdsAustraliasSuppGoul,189274,206,48517496,portrait,0,https://bhl-open-data.s3.us-east-2.amazonaws.com/images/birdsAustraliasSuppGoul/birdsAustraliasSuppGoul_0206.jp2,https://www.biodiversitylibrary.org/page/48517496,sheet-birdsAustraliasSuppGoul-0206.jpg,crop-birdsAustraliasSuppGoul-0206.jpg,"not pinned in Featherframe: stood up and cut by the folio's rules, the crop not reviewed"
Supp,50,Victoria Rifle-bird,Ptiloris Victoriae,Ptiloris Victoriae,birdsAustraliasSuppGoul,189274,210,48517500,portrait,0,https://bhl-open-data.s3.us-east-2.amazonaws.com/images/birdsAustraliasSuppGoul/birdsAustraliasSuppGoul_0210.jp2,https://www.biodiversitylibrary.org/page/48517500,sheet-birdsAustraliasSuppGoul-0210.jpg,crop-birdsAustraliasSuppGoul-0210.jpg,
Supp,51,Magnificent Rifle-bird,Ptiloris magnifica,Ptiloris magnificus,birdsAustraliasSuppGoul,189274,214,48517504,portrait,0,https://bhl-open-data.s3.us-east-2.amazonaws.com/images/birdsAustraliasSuppGoul/birdsAustraliasSuppGoul_0214.jp2,https://www.biodiversitylibrary.org/page/48517504,sheet-birdsAustraliasSuppGoul-0214.jpg,crop-birdsAustraliasSuppGoul-0214.jpg,
Supp,52,Standard-Wing,Semioptera Wallacei,Semioptera Wallacei,birdsAustraliasSuppGoul,189274,218,48517508,portrait,0,https://bhl-open-data.s3.us-east-2.amazonaws.com/images/birdsAustraliasSuppGoul/birdsAustraliasSuppGoul_0218.jp2,https://www.biodiversitylibrary.org/page/48517508,sheet-birdsAustraliasSuppGoul-0218.jpg,crop-birdsAustraliasSuppGoul-0218.jpg,
Supp,53,Spalding's Orthonyx,Orthonyx Spaldingi,Orthonyx Spaldingi,birdsAustraliasSuppGoul,189274,222,48517512,portrait,0,https://bhl-open-data.s3.us-east-2.amazonaws.com/images/birdsAustraliasSuppGoul/birdsAustraliasSuppGoul_0222.jp2,https://www.biodiversitylibrary.org/page/48517512,sheet-birdsAustraliasSuppGoul-0222.jpg,crop-birdsAustraliasSuppGoul-0222.jpg,
Supp,54,Striated Sittella,Sittella striata,Sittella striata,birdsAustraliasSuppGoul,189274,226,48517516,portrait,0,https://bhl-open-data.s3.us-east-2.amazonaws.com/images/birdsAustraliasSuppGoul/birdsAustraliasSuppGoul_0226.jp2,https://www.biodiversitylibrary.org/page/48517516,sheet-birdsAustraliasSuppGoul-0226.jpg,crop-birdsAustraliasSuppGoul-0226.jpg,"not pinned in Featherframe: stood up and cut by the folio's rules, the crop not reviewed"
Supp,55,Chestnut-breasted Cuckoo,Cacomantis castaneiventris,Cacomantis castaneiventris,birdsAustraliasSuppGoul,189274,230,48517520,portrait,0,https://bhl-open-data.s3.us-east-2.amazonaws.com/images/birdsAustraliasSuppGoul/birdsAustraliasSuppGoul_0230.jp2,https://www.biodiversitylibrary.org/page/48517520,sheet-birdsAustraliasSuppGoul-0230.jpg,crop-birdsAustraliasSuppGoul-0230.jpg,
Supp,56,Little Cuckoo,Chrysococcyx minutillus,Chrysococcyx minutillus,birdsAustraliasSuppGoul,189274,234,48517524,portrait,0,https://bhl-open-data.s3.us-east-2.amazonaws.com/images/birdsAustraliasSuppGoul/birdsAustraliasSuppGoul_0234.jp2,https://www.biodiversitylibrary.org/page/48517524,sheet-birdsAustraliasSuppGoul-0234.jpg,crop-birdsAustraliasSuppGoul-0234.jpg,
Supp,57,Kakapo,Strigops habroptilus,Strigops habroptilus,birdsAustraliasSuppGoul,189274,238,48517528,portrait,0,https://bhl-open-data.s3.us-east-2.amazonaws.com/images/birdsAustraliasSuppGoul/birdsAustraliasSuppGoul_0238.jp2,https://www.biodiversitylibrary.org/page/48517528,sheet-birdsAustraliasSuppGoul-0238.jpg,crop-birdsAustraliasSuppGoul-0238.jpg,"not pinned in Featherframe: stood up and cut by the folio's rules, the crop not reviewed"
Supp,58,Ka-ka Parrot,Nestor hypopolius,Nestor hypopolius,birdsAustraliasSuppGoul,189274,244,48517534,portrait,0,https://bhl-open-data.s3.us-east-2.amazonaws.com/images/birdsAustraliasSuppGoul/birdsAustraliasSuppGoul_0244.jp2,https://www.biodiversitylibrary.org/page/48517534,sheet-birdsAustraliasSuppGoul-0244.jpg,crop-birdsAustraliasSuppGoul-0244.jpg,
Supp,59,Prince of Essling's Parrot,Nestor Esslingii,Nestor Esslingii,birdsAustraliasSuppGoul,189274,248,48517538,portrait,0,https://bhl-open-data.s3.us-east-2.amazonaws.com/images/birdsAustraliasSuppGoul/birdsAustraliasSuppGoul_0248.jp2,https://www.biodiversitylibrary.org/page/48517538,sheet-birdsAustraliasSuppGoul-0248.jpg,crop-birdsAustraliasSuppGoul-0248.jpg,"not pinned in Featherframe: stood up and cut by the folio's rules, the crop not reviewed"
Supp,60,Kea Parrot,Nestor notabilis,Nestor notabilis,birdsAustraliasSuppGoul,189274,252,48517542,portrait,0,https://bhl-open-data.s3.us-east-2.amazonaws.com/images/birdsAustraliasSuppGoul/birdsAustraliasSuppGoul_0252.jp2,https://www.biodiversitylibrary.org/page/48517542,sheet-birdsAustraliasSuppGoul-0252.jpg,crop-birdsAustraliasSuppGoul-0252.jpg,"not pinned in Featherframe: stood up and cut by the folio's rules, the crop not reviewed"
Supp,61,Great Palm-Cockatoo,Microglossus aterrimus,Microglossus aterrimus,birdsAustraliasSuppGoul,189274,256,48517546,portrait,0,https://bhl-open-data.s3.us-east-2.amazonaws.com/images/birdsAustraliasSuppGoul/birdsAustraliasSuppGoul_0256.jp2,https://www.biodiversitylibrary.org/page/48517546,sheet-birdsAustraliasSuppGoul-0256.jpg,crop-birdsAustraliasSuppGoul-0256.jpg,
Supp,62,The Princess of Wales's Parrakeet,Polytelis Alexandrae,Polytelis Alexandrae,birdsAustraliasSuppGoul,189274,260,48517550,portrait,0,https://bhl-open-data.s3.us-east-2.amazonaws.com/images/birdsAustraliasSuppGoul/birdsAustraliasSuppGoul_0260.jp2,https://www.biodiversitylibrary.org/page/48517550,sheet-birdsAustraliasSuppGoul-0260.jpg,crop-birdsAustraliasSuppGoul-0260.jpg,"not pinned in Featherframe: stood up and cut by the folio's rules, the crop not reviewed"
Supp,63,Blue-cheeked Parrakeet,Platycercus cyanogenys,Platycercus cyanogenys,birdsAustraliasSuppGoul,189274,264,48517554,portrait,0,https://bhl-open-data.s3.us-east-2.amazonaws.com/images/birdsAustraliasSuppGoul/birdsAustraliasSuppGoul_0264.jp2,https://www.biodiversitylibrary.org/page/48517554,sheet-birdsAustraliasSuppGoul-0264.jpg,crop-birdsAustraliasSuppGoul-0264.jpg,"not pinned in Featherframe: stood up and cut by the folio's rules, the crop not reviewed"
Supp,64,Golden-backed Parrakeet,Psephotus chrysopterygius,Psephotus chrysopterygius,birdsAustraliasSuppGoul,189274,268,48517558,portrait,0,https://bhl-open-data.s3.us-east-2.amazonaws.com/images/birdsAustraliasSuppGoul/birdsAustraliasSuppGoul_0268.jp2,https://www.biodiversitylibrary.org/page/48517558,sheet-birdsAustraliasSuppGoul-0268.jpg,crop-birdsAustraliasSuppGoul-0268.jpg,"not pinned in Featherframe: stood up and cut by the folio's rules, the crop not reviewed"
Supp,65,Coxen's Parrakeet,Cyclopsitta Coxeni,Cyclopsitta Coxeni,birdsAustraliasSuppGoul,189274,272,48517562,portrait,0,https://bhl-open-data.s3.us-east-2.amazonaws.com/images/birdsAustraliasSuppGoul/birdsAustraliasSuppGoul_0272.jp2,https://www.biodiversitylibrary.org/page/48517562,sheet-birdsAustraliasSuppGoul-0272.jpg,crop-birdsAustraliasSuppGoul-0272.jpg,"not pinned in Featherframe: stood up and cut by the folio's rules, the crop not reviewed"
Supp,66,Nocturnal Ground-Parrakeet,Geopsittacus occidentalis,Geopsittacus occidentalis,birdsAustraliasSuppGoul,189274,276,48517566,landscape,270,https://bhl-open-data.s3.us-east-2.amazonaws.com/images/birdsAustraliasSuppGoul/birdsAustraliasSuppGoul_0276.jp2,https://www.biodiversitylibrary.org/page/48517566,sheet-birdsAustraliasSuppGoul-0276.jpg,crop-birdsAustraliasSuppGoul-0276.jpg,"not pinned in Featherframe: stood up and cut by the folio's rules, the crop not reviewed"
Supp,67,Allied Fruit-Pigeon,Carpophaga assimilis,Carpophaga assimilis,birdsAustraliasSuppGoul,189274,280,48517570,portrait,0,https://bhl-open-data.s3.us-east-2.amazonaws.com/images/birdsAustraliasSuppGoul/birdsAustraliasSuppGoul_0280.jp2,https://www.biodiversitylibrary.org/page/48517570,sheet-birdsAustraliasSuppGoul-0280.jpg,crop-birdsAustraliasSuppGoul-0280.jpg,"not pinned in Featherframe: stood up and cut by the folio's rules, the crop not reviewed"
Supp,68,Rust-coloured Bronzewing,Lophophaps ferruginea,Lophophaps ferruginea,birdsAustraliasSuppGoul,189274,284,48517574,portrait,0,https://bhl-open-data.s3.us-east-2.amazonaws.com/images/birdsAustraliasSuppGoul/birdsAustraliasSuppGoul_0284.jp2,https://www.biodiversitylibrary.org/page/48517574,sheet-birdsAustraliasSuppGoul-0284.jpg,crop-birdsAustraliasSuppGoul-0284.jpg,"not pinned in Featherframe: stood up and cut by the folio's rules, the crop not reviewed"
Supp,69,White-bellied Bronzewing,Lophophaps leucogaster,Lophophaps leucogaster,birdsAustraliasSuppGoul,189274,288,48517578,portrait,0,https://bhl-open-data.s3.us-east-2.amazonaws.com/images/birdsAustraliasSuppGoul/birdsAustraliasSuppGoul_0288.jp2,https://www.biodiversitylibrary.org/page/48517578,sheet-birdsAustraliasSuppGoul-0288.jpg,crop-birdsAustraliasSuppGoul-0288.jpg,"not pinned in Featherframe: stood up and cut by the folio's rules, the crop not reviewed"
Supp,70,"Australian Cassowary (two heads, natural size)",Casuarius australis,Casuarius australis,birdsAustraliasSuppGoul,189274,292,48517582,portrait,0,https://bhl-open-data.s3.us-east-2.amazonaws.com/images/birdsAustraliasSuppGoul/birdsAustraliasSuppGoul_0292.jp2,https://www.biodiversitylibrary.org/page/48517582,sheet-birdsAustraliasSuppGoul-0292.jpg,crop-birdsAustraliasSuppGoul-0292.jpg,
Supp,71,Australian Cassowary (whole figure),Casuarius australis,Casuarius australis,birdsAustraliasSuppGoul,189274,295,48517585,landscape,90,https://bhl-open-data.s3.us-east-2.amazonaws.com/images/birdsAustraliasSuppGoul/birdsAustraliasSuppGoul_0295.jp2,https://www.biodiversitylibrary.org/page/48517585,sheet-birdsAustraliasSuppGoul-0295.jpg,crop-birdsAustraliasSuppGoul-0295.jpg,"not pinned in Featherframe: stood up and cut by the folio's rules, the crop not reviewed"
Supp,72,"Bennett's Cassowary (two heads, nat. size)",Casuarius Bennetti,Casuarius Bennetti,birdsAustraliasSuppGoul,189274,298,48517588,portrait,0,https://bhl-open-data.s3.us-east-2.amazonaws.com/images/birdsAustraliasSuppGoul/birdsAustraliasSuppGoul_0298.jp2,https://www.biodiversitylibrary.org/page/48517588,sheet-birdsAustraliasSuppGoul-0298.jpg,crop-birdsAustraliasSuppGoul-0298.jpg,"not pinned in Featherframe: stood up and cut by the folio's rules, the crop not reviewed"
Supp,73,Bennett's Cassowary (whole figure),Casuarius Bennetti,Casuarius Bennetti,birdsAustraliasSuppGoul,189274,301,48517591,landscape,90,https://bhl-open-data.s3.us-east-2.amazonaws.com/images/birdsAustraliasSuppGoul/birdsAustraliasSuppGoul_0301.jp2,https://www.biodiversitylibrary.org/page/48517591,sheet-birdsAustraliasSuppGoul-0301.jpg,crop-birdsAustraliasSuppGoul-0301.jpg,"not pinned in Featherframe: stood up and cut by the folio's rules, the crop not reviewed"
Supp,74,"One-carunculated Cassowary (head and feet, nat. size)",Casuarius uniappendiculatus,Casuarius uniappendiculatus,birdsAustraliasSuppGoul,189274,304,48517594,portrait,0,https://bhl-open-data.s3.us-east-2.amazonaws.com/images/birdsAustraliasSuppGoul/birdsAustraliasSuppGoul_0304.jp2,https://www.biodiversitylibrary.org/page/48517594,sheet-birdsAustraliasSuppGoul-0304.jpg,crop-birdsAustraliasSuppGoul-0304.jpg,"not pinned in Featherframe: stood up and cut by the folio's rules, the crop not reviewed"
Supp,75,One-carunculated Cassowary (whole fig.),Casuarius uniappendiculatus,Casuarius uniappendiculatus,birdsAustraliasSuppGoul,189274,307,48517597,landscape,90,https://bhl-open-data.s3.us-east-2.amazonaws.com/images/birdsAustraliasSuppGoul/birdsAustraliasSuppGoul_0307.jp2,https://www.biodiversitylibrary.org/page/48517597,sheet-birdsAustraliasSuppGoul-0307.jpg,crop-birdsAustraliasSuppGoul-0307.jpg,"not pinned in Featherframe: stood up and cut by the folio's rules, the crop not reviewed"
Supp,76,Notornis,Notornis Mantelli,Notornis Mantelli,birdsAustraliasSuppGoul,189274,311,48517601,portrait,0,https://bhl-open-data.s3.us-east-2.amazonaws.com/images/birdsAustraliasSuppGoul/birdsAustraliasSuppGoul_0311.jp2,https://www.biodiversitylibrary.org/page/48517601,sheet-birdsAustraliasSuppGoul-0311.jpg,crop-birdsAustraliasSuppGoul-0311.jpg,"a fold-out, bound folded; not pinned in Featherframe: stood up and cut by the folio's rules, the crop not reviewed"
Supp,77,Bartram's Sandpiper,Actiturus Bartramius,Actiturus Bartramius,birdsAustraliasSuppGoul,189274,316,48517606,landscape,270,https://bhl-open-data.s3.us-east-2.amazonaws.com/images/birdsAustraliasSuppGoul/birdsAustraliasSuppGoul_0316.jp2,https://www.biodiversitylibrary.org/page/48517606,sheet-birdsAustraliasSuppGoul-0316.jpg,crop-birdsAustraliasSuppGoul-0316.jpg,
Supp,78,Red-necked Rail,Rallina tricolor,Rallina tricolor,birdsAustraliasSuppGoul,189274,320,48517610,landscape,270,https://bhl-open-data.s3.us-east-2.amazonaws.com/images/birdsAustraliasSuppGoul/birdsAustraliasSuppGoul_0320.jp2,https://www.biodiversitylibrary.org/page/48517610,sheet-birdsAustraliasSuppGoul-0320.jpg,crop-birdsAustraliasSuppGoul-0320.jpg,
Supp,79,Rufous-vented Gallinule,Gallinula ruficrissa,Gallinula ruficrissa,birdsAustraliasSuppGoul,189274,324,48517614,landscape,270,https://bhl-open-data.s3.us-east-2.amazonaws.com/images/birdsAustraliasSuppGoul/birdsAustraliasSuppGoul_0324.jp2,https://www.biodiversitylibrary.org/page/48517614,sheet-birdsAustraliasSuppGoul-0324.jpg,crop-birdsAustraliasSuppGoul-0324.jpg,
Supp,80,Variegated Shoveller,Spatula variegata,Spatula variegata,birdsAustraliasSuppGoul,189274,328,48517618,landscape,270,https://bhl-open-data.s3.us-east-2.amazonaws.com/images/birdsAustraliasSuppGoul/birdsAustraliasSuppGoul_0328.jp2,https://www.biodiversitylibrary.org/page/48517618,sheet-birdsAustraliasSuppGoul-0328.jpg,crop-birdsAustraliasSuppGoul-0328.jpg,"not pinned in Featherframe: stood up and cut by the folio's rules, the crop not reviewed"
Supp,81,Great-footed Tern,Gelochelidon macrotarsa,Gelochelidon macrotarsa,birdsAustraliasSuppGoul,189274,332,48517622,landscape,270,https://bhl-open-data.s3.us-east-2.amazonaws.com/images/birdsAustraliasSuppGoul/birdsAustraliasSuppGoul_0332.jp2,https://www.biodiversitylibrary.org/page/48517622,sheet-birdsAustraliasSuppGoul-0332.jpg,crop-birdsAustraliasSuppGoul-0332.jpg,
