volume,plate,figure,printed_name,printed_latin,scientific,common,ebird_code,taxonomy,wikidata,gbif,avibase,birdnet_label,form,confidence,caption_checked,reason,sources
I,1,,Wedge-tailed Eagle,Aquila fucosa,Aquila audax,Wedge-tailed Eagle,weteag1,eBird/Clements 2025,Q752465,5229181,5E574D70AC136CC1,,,high,yes,Aquila fucosa Cuvier = Wedge-tailed Eagle; not in BirdNET,List of Plates (vol. I); engraved caption on the leaf; Gould's text and synonymy; crosswalk
I,2,,Little Australian Eagle,Aquila Morphnoides,Hieraaetus morphnoides,Little Eagle,liteag1,eBird/Clements 2025,Q27074631,2480684,1117758C10E72439,,,high,yes,Little Eagle; not in BirdNET,List of Plates (vol. I); engraved caption on the leaf; Gould's text and synonymy; crosswalk
I,3,,White-bellied Sea Eagle,Ichthyiaetus leucogaster,Icthyophaga leucogaster,White-bellied Sea-Eagle,wbseag1,eBird/Clements 2025,Q45974,2480455,94383EEF1D9DD75A,Haliaeetus leucogaster_White-bellied Sea-Eagle,,high,yes,"Gould's Ichthyiaetus leucogaster = White-bellied Sea-Eagle, Icthyophaga leucogaster; eBird 2025 moved it from Haliaeetus to Icthyophaga.",List of Plates (vol. I); engraved caption on the leaf; Gould's text and synonymy; crosswalk; pinned in Featherframe (gould_australia.yaml)
I,4,,White-breasted Sea Eagle,Haliaster leucosternus,Haliastur indus,Brahminy Kite,brakit1,eBird/Clements 2025,Q645755,2480437,D89A9DC9963D5DDC,Haliastur indus_Brahminy Kite,subspecies,high,yes,"Gould's Haliaster leucosternus = the Australasian race girrenera of Brahminy Kite, Haliastur indus.",List of Plates (vol. I); engraved caption on the leaf; Gould's text and synonymy; crosswalk; pinned in Featherframe (gould_australia.yaml)
I,5,,Whistling Eagle,Haliaster sphenurus,Haliastur sphenurus,Whistling Kite,whikit1,eBird/Clements 2025,Q606512,2480438,FEDDD1F2CDC5FBC5,Haliastur sphenurus_Whistling Kite,,high,yes,Whistling Kite,List of Plates (vol. I); engraved caption on the leaf; Gould's text and synonymy; crosswalk; pinned in Featherframe (gould_australia.yaml)
I,6,,White-headed Osprey,Pandion leucocephalus,Pandion haliaetus,Osprey,osprey,eBird/Clements 2025,Q25332,2480726,5BCF1891777ED3D3,Pandion haliaetus_Osprey,subspecies,high,yes,"Gould's Pandion leucocephalus = Eastern Osprey, P. haliaetus cristatus, which eBird keeps in Osprey as the group Osprey (Australasian).",List of Plates (vol. I); engraved caption on the leaf; Gould's text and synonymy; crosswalk; pinned in Featherframe (gould_australia.yaml)
I,7,,Grey Falcon,Falco hypoleucus,Falco hypoleucos,Gray Falcon,gryfal1,eBird/Clements 2025,Q576912,2481044,121657ABAAB8FF6C,,,high,yes,Grey Falcon; not in BirdNET,List of Plates (vol. I); engraved caption on the leaf; Gould's text and synonymy; crosswalk
I,8,,Black-cheeked Falcon,Falco melanogenys,Falco peregrinus,Peregrine Falcon,perfal,eBird/Clements 2025,Q30535,2481047,C7F1C08CB3F7F2DA,Falco peregrinus_Peregrine Falcon,subspecies,high,yes,Gould's Falco melanogenys = the Australian race macropus of Peregrine Falcon.,List of Plates (vol. I); engraved caption on the leaf; Gould's text and synonymy; crosswalk; pinned in Featherframe (gould_australia.yaml)
I,9,,Black Falcon,Falco subniger,Falco subniger,Black Falcon,blafal1,eBird/Clements 2025,Q286194,2481020,00BBD4CF0553CB3D,,,high,yes,Black Falcon; not in BirdNET,List of Plates (vol. I); engraved caption on the leaf; Gould's text and synonymy; crosswalk
I,10,,White-fronted Falcon,Falco frontatus,Falco longipennis,Australian Hobby,aushob1,eBird/Clements 2025,Q665642,2481027,B72DDBE4282B0610,,,high,yes,frontatus Gould = Australian Hobby; not in BirdNET,List of Plates (vol. I); engraved caption on the leaf; Gould's text and synonymy; crosswalk
I,11,,Brown Hawk,Ieracidea Berigora,Falco berigora,Brown Falcon,brofal1,eBird/Clements 2025,Q605547,2481059,9F5AA09D9FE2C13C,Falco berigora_Brown Falcon,,high,yes,Ieracidea = Falco,List of Plates (vol. I); engraved caption on the leaf; Gould's text and synonymy; crosswalk; pinned in Featherframe (gould_australia.yaml)
I,12,,Western Brown Hawk,Ieracidea occidentalis,Falco berigora,Brown Falcon,brofal1,eBird/Clements 2025,Q605547,2481059,9F5AA09D9FE2C13C,Falco berigora_Brown Falcon,,high,yes,occidentalis Gould = W race of Brown Falcon,List of Plates (vol. I); engraved caption on the leaf; Gould's text and synonymy; crosswalk
I,13,,Nankeen Kestril,Tinnunculus Cenchroides,Falco cenchroides,Nankeen Kestrel,auskes1,eBird/Clements 2025,Q782104,2481009,,,,high,yes,Nankeen Kestrel; not in BirdNET,List of Plates (vol. I); engraved caption on the leaf; Gould's text and synonymy; crosswalk
I,14,,New Holland Goshawk,Astur Novae-Hollandiae,Tachyspiza novaehollandiae,Gray Goshawk,grygos1,eBird/Clements 2025,Q938996,2480629,CFB9E213A27D0DCE,Accipiter novaehollandiae_Gray Goshawk,,high,yes,"Grey Goshawk, grey morph",List of Plates (vol. I); engraved caption on the leaf; Gould's text and synonymy; crosswalk; pinned in Featherframe (gould_australia.yaml)
I,15,,White Goshawk,Astur (albino),Tachyspiza novaehollandiae,Gray Goshawk,grygos1,eBird/Clements 2025,Q938996,2480629,CFB9E213A27D0DCE,Accipiter novaehollandiae_Gray Goshawk,variant,high,yes,"Gould's 'White Goshawk' is the white morph of the Grey Goshawk, Tachyspiza novaehollandiae.",List of Plates (vol. I); engraved caption on the leaf; Gould's text and synonymy; crosswalk
I,16,,Radiated Goshawk,Astur radiatus,Erythrotriorchis radiatus,Red Goshawk,redgos1,eBird/Clements 2025,Q1262861,2480459,235CF06AE7A1E9A8,,,high,yes,Red Goshawk; not in BirdNET,List of Plates (vol. I); engraved caption on the leaf; Gould's text and synonymy; crosswalk
I,17,,Australian Goshawk,Astur approximans,Tachyspiza fasciata,Brown Goshawk,brogos1,eBird/Clements 2025,Q114715,2480626,8257AE54E56538E3,Accipiter fasciatus_Brown Goshawk,,high,yes,approximans Vig&Horsf = Brown Goshawk,List of Plates (vol. I); engraved caption on the leaf; Gould's text and synonymy; crosswalk; pinned in Featherframe (gould_australia.yaml)
I,18,,West Australian Goshawk,Astur cruentus,Tachyspiza fasciata,Brown Goshawk,brogos1,eBird/Clements 2025,Q114715,2480626,8257AE54E56538E3,Accipiter fasciatus_Brown Goshawk,,high,yes,cruentus Gould = SW Australian Brown Goshawk,List of Plates (vol. I); engraved caption on the leaf; Gould's text and synonymy; crosswalk
I,19,,Collared Sparrow Hawk,Accipiter torquatus,Tachyspiza cirrocephala,Collared Sparrowhawk,colspa1,eBird/Clements 2025,Q114170,2480601,21957C9584734C7A,Accipiter cirrocephalus_Collared Sparrowhawk,,high,yes,torquatus Cuvier = Collared Sparrowhawk,List of Plates (vol. I); engraved caption on the leaf; Gould's text and synonymy; crosswalk; pinned in Featherframe (gould_australia.yaml)
I,20,,Black-breasted Buzzard,Buteo melanosternon,Hamirostra melanosternon,Black-breasted Kite,bkbkit1,eBird/Clements 2025,Q998652,2480473,2775A1ED16269C5D,,,high,yes,Black-breasted Buzzard; not in BirdNET,List of Plates (vol. I); engraved caption on the leaf; Gould's text and synonymy; crosswalk
I,21,,Allied Kite,Milvus affinis,Milvus migrans,Black Kite,blakit1,eBird/Clements 2025,Q80362,5229167,C1C255AA01C58664,Milvus migrans_Black Kite,subspecies,high,yes,"Gould's Milvus affinis = Black Kite, Milvus migrans affinis, the Australasian race.",List of Plates (vol. I); engraved caption on the leaf; Gould's text and synonymy; crosswalk; pinned in Featherframe (gould_australia.yaml)
I,22,,Square-tailed Kite,Milvus isurus,Lophoictinia isura,Square-tailed Kite,sqtkit1,eBird/Clements 2025,Q1118561,2480643,E5D782FB70F1809F,,,high,yes,Square-tailed Kite; not in BirdNET,List of Plates (vol. I); engraved caption on the leaf; Gould's text and synonymy; crosswalk
I,23,,Black-shouldered Kite,Elanus axillaris,Elanus axillaris,Black-shouldered Kite,auskit1,eBird/Clements 2025,Q594328,2480369,67E74DD0BE9B257F,,,high,yes,Black-shouldered Kite (Australian); not in BirdNET (E. caeruleus is a different species),List of Plates (vol. I); engraved caption on the leaf; Gould's text and synonymy; crosswalk
I,24,,Letter-winged Kite,Elanus scriptus,Elanus scriptus,Letter-winged Kite,lewkit1,eBird/Clements 2025,Q269284,2480371,468F7841C0AC3AD5,,,high,yes,Letter-winged Kite; not in BirdNET,List of Plates (vol. I); engraved caption on the leaf; Gould's text and synonymy; crosswalk
I,25,,Crested Hawk,Lepidogenys subcristatus,Aviceda subcristata,Pacific Baza,pacbaz1,eBird/Clements 2025,Q653972,2480707,010AC9945B51D324,Aviceda subcristata_Pacific Baza,,high,yes,Pacific Baza,List of Plates (vol. I); engraved caption on the leaf; Gould's text and synonymy; crosswalk; pinned in Featherframe (gould_australia.yaml)
I,26,,Allied Harrier,Circus assimilis,Circus approximans,Swamp Harrier,swahar1,eBird/Clements 2025,Q605827,5229172,1ACF5A6EA3C82C25,Circus approximans_Swamp Harrier,,high,yes,TRAP: Gould misapplied assimilis J&S to the Swamp Harrier (text: 'resembles the Marsh Harrier'; Circus gouldi Bp. is the new name for it),List of Plates (vol. I); engraved caption on the leaf; Gould's text and synonymy; crosswalk; pinned in Featherframe (gould_australia.yaml)
I,27,,Jardine’s Harrier,Circus Jardinii,Circus assimilis,Spotted Harrier,spohar1,eBird/Clements 2025,Q964377,5229176,811762D23CC0F003,,,high,yes,jardinii Gould = Spotted Harrier (true C. assimilis); not in BirdNET,List of Plates (vol. I); engraved caption on the leaf; Gould's text and synonymy; crosswalk
I,28,,Chestnut-faced Owl,Strix castanops,Tyto novaehollandiae,Australian Masked-Owl,aumowl1,eBird/Clements 2025,Q781909,5232413,6E574A8D0A8546CB,Tyto novaehollandiae_Australian Masked-Owl,subspecies,high,yes,"Gould's Strix castanops = Tasmanian Masked-Owl, Tyto novaehollandiae castanops.",List of Plates (vol. I); engraved caption on the leaf; Gould's text and synonymy; crosswalk; pinned in Featherframe (gould_australia.yaml)
I,29,,Masked Barn Owl,Strix personata,Tyto novaehollandiae,Australian Masked-Owl,aumowl1,eBird/Clements 2025,Q781909,5232413,6E574A8D0A8546CB,Tyto novaehollandiae_Australian Masked-Owl,,high,yes,personata = Australian Masked-Owl,List of Plates (vol. I); engraved caption on the leaf; Gould's text and synonymy; crosswalk
I,30,,Sooty Owl,Strix tenebricosus,Tyto tenebricosa,Sooty Owl,sooowl1,eBird/Clements 2025,Q1268348,5232358,9900ACA980028539,Tyto tenebricosa_Sooty Owl,,high,yes,Sooty Owl,List of Plates (vol. I); engraved caption on the leaf; Gould's text and synonymy; crosswalk; pinned in Featherframe (gould_australia.yaml)
I,31,,Delicate Owl,Strix delicatulus,Tyto javanica,Eastern Barn Owl,eabowl1,eBird/Clements 2025,Q30588297,5789316,9E668317A0504D2B,Tyto alba_Barn Owl,subspecies,high,yes,"Gould's Strix delicatulus = Eastern Barn Owl, Tyto javanica delicatula, the Australian race.",List of Plates (vol. I); engraved caption on the leaf; Gould's text and synonymy; crosswalk; pinned in Featherframe (gould_australia.yaml)
I,32,,Boobook Owl,Athene Boobook,Ninox boobook,Australian Boobook,souboo8,eBird/Clements 2025,Q3342037,2497828,,Ninox boobook_Southern Boobook,,high,yes,Southern Boobook (Clements: Australian Boobook),List of Plates (vol. I); engraved caption on the leaf; Gould's text and synonymy; crosswalk; pinned in Featherframe (gould_australia.yaml)
I,33,,Spotted Owl,Athene maculata,Ninox leucopsis,Tasmanian Boobook,souboo3,eBird/Clements 2025,Q21087251,,,Ninox novaeseelandiae_Morepork,,high,yes,"Gould drew the plate from a live pair kept at Hobart: small, dark, heavily white-spotted boobooks with yellow eyes, the Tasmanian Boobook. eBird has split it since 2022. BirdNET still keeps it inside Morepork.",List of Plates (vol. I); engraved caption on the leaf; Gould's text and synonymy; the plate
I,34,,Winking Owl,Athene connivens,Ninox connivens,Barking Owl,barowl1,eBird/Clements 2025,Q1059545,2497798,E7FB486F22543EF9,Ninox connivens_Barking Owl,,high,yes,Barking Owl,List of Plates (vol. I); engraved caption on the leaf; Gould's text and synonymy; crosswalk; pinned in Featherframe (gould_australia.yaml)
I,35,,Powerful Owl,Athene strenua,Ninox strenua,Powerful Owl,powowl1,eBird/Clements 2025,Q370297,2497827,2DF7793A341CF7C9,Ninox strenua_Powerful Owl,,high,yes,Powerful Owl,List of Plates (vol. I); engraved caption on the leaf; Gould's text and synonymy; crosswalk; pinned in Featherframe (gould_australia.yaml)
I,36,,Rufous Owl,Athene rufa,Ninox rufa,Rufous Owl,rufowl2,eBird/Clements 2025,Q373033,2497792,0A4EC595481997BD,,,high,yes,Rufous Owl; not in BirdNET,List of Plates (vol. I); engraved caption on the leaf; Gould's text and synonymy; crosswalk
II,1,,Owlet Nightjar,Aegotheles Novae-Hollandiae,Aegotheles cristatus,Australian Owlet-nightjar,auonig1,eBird/Clements 2025,Q781928,2496782,175A7534149FDC90,Aegotheles cristatus_Australian Owlet-nightjar,,high,yes,novaehollandiae = Australian Owlet-nightjar,List of Plates (vol. II); engraved caption on the leaf; Gould's text and synonymy; crosswalk; pinned in Featherframe (gould_australia.yaml)
II,2,,White-bellied Owlet Nightjar,Aegotheles leucogaster,Aegotheles cristatus,Australian Owlet-nightjar,auonig1,eBird/Clements 2025,Q781928,2496782,175A7534149FDC90,Aegotheles cristatus_Australian Owlet-nightjar,,high,yes,leucogaster = inland race,List of Plates (vol. II); engraved caption on the leaf; Gould's text and synonymy; crosswalk
II,3,,Tawny-shouldered Podargus,Podargus humeralis,Podargus strigoides,Tawny Frogmouth,tawfro1,eBird/Clements 2025,Q788512,2497109,8500F1302409AD32,Podargus strigoides_Tawny Frogmouth,,high,yes,humeralis = Tawny Frogmouth,List of Plates (vol. II); engraved caption on the leaf; Gould's text and synonymy; crosswalk; pinned in Featherframe (gould_australia.yaml)
II,4,,Cuvier’s Podargus,Podargus Cuvieri,Podargus strigoides,Tawny Frogmouth,tawfro1,eBird/Clements 2025,Q788512,2497109,8500F1302409AD32,Podargus strigoides_Tawny Frogmouth,,high,yes,cuvieri = Tasmanian/SE Tawny Frogmouth,List of Plates (vol. II); engraved caption on the leaf; Gould's text and synonymy; crosswalk
II,5,,Moth-plumaged Podargus,Podargus Phalaenoides,Podargus strigoides,Tawny Frogmouth,tawfro1,eBird/Clements 2025,Q788512,2497109,8500F1302409AD32,Podargus strigoides_Tawny Frogmouth,subspecies,high,yes,Gould's Podargus phalaenoides = the northern race phalaenoides of Tawny Frogmouth.,List of Plates (vol. II); engraved caption on the leaf; Gould's text and synonymy; crosswalk
II,6,,Plumed Podargus,Podargus plumiferus,Podargus ocellatus,Marbled Frogmouth,marfro1,eBird/Clements 2025,Q261612,9347681,A9003A7BBC4AEE30,Podargus ocellatus_Marbled Frogmouth,subspecies,high,yes,"Gould's Podargus plumiferus = Plumed Frogmouth, Podargus ocellatus plumiferus, which eBird keeps in Marbled Frogmouth as a group.",List of Plates (vol. II); engraved caption on the leaf; Gould's text and synonymy; crosswalk; pinned in Featherframe (gould_australia.yaml)
II,7,,White-throated Goat-sucker,Eurostopodus albogularis,Eurostopodus mystacalis,White-throated Nightjar,whtnig3,eBird/Clements 2025,Q1273088,2497101,8A6C3156485A01B0,Eurostopodus mystacalis_White-throated Nightjar,,high,yes,albogularis = White-throated Nightjar,List of Plates (vol. II); engraved caption on the leaf; Gould's text and synonymy; crosswalk; pinned in Featherframe (gould_australia.yaml)
II,8,,Spotted Goat-sucker,Eurostopodus guttatus,Eurostopodus argus,Spotted Nightjar,sponig1,eBird/Clements 2025,Q837198,2497091,28BD3EB7C0896C98,Eurostopodus argus_Spotted Nightjar,,high,yes,guttatus = Spotted Nightjar,List of Plates (vol. II); engraved caption on the leaf; Gould's text and synonymy; crosswalk; pinned in Featherframe (gould_australia.yaml)
II,9,,Large-tailed Goat-sucker,Caprimulgus macrurus,Caprimulgus macrurus,Large-tailed Nightjar,latnig2,eBird/Clements 2025,Q31941,2496890,04DDADF0515EECDA,Caprimulgus macrurus_Large-tailed Nightjar,,high,yes,Large-tailed Nightjar,List of Plates (vol. II); engraved caption on the leaf; Gould's text and synonymy; crosswalk; pinned in Featherframe (gould_australia.yaml)
II,10,,Australian Spine-tailed Swallow,Acanthylis caudacuta,Hirundapus caudacutus,White-throated Needletail,whtnee,eBird/Clements 2025,Q31769,2477130,EA55CA2791012786,Hirundapus caudacutus_White-throated Needletail,,high,yes,White-throated Needletail,List of Plates (vol. II); engraved caption on the leaf; Gould's text and synonymy; crosswalk; pinned in Featherframe (gould_australia.yaml)
II,11,,Australian Swift,Cypselus Australis,Apus pacificus,Pacific Swift,fotswi,eBird/Clements 2025,Q31866,5228670,E23EBEFB47EB1EB0,Apus pacificus_Pacific Swift,,high,yes,Cypselus australis Gould = Pacific Swift,List of Plates (vol. II); engraved caption on the leaf; Gould's text and synonymy; crosswalk; pinned in Featherframe (gould_australia.yaml)
II,12,,White-breasted Swallow,Atticora leucosternon,Cheramoeca leucosterna,White-backed Swallow,whbswa3,eBird/Clements 2025,Q2525796,4846788,,,,high,yes,White-backed Swallow; not in BirdNET,List of Plates (vol. II); engraved caption on the leaf; Gould's text and synonymy; crosswalk
II,13,,Welcome Swallow,Hirundo neoxena,Hirundo neoxena,Welcome Swallow,welswa1,eBird/Clements 2025,Q938692,5230789,F8F6B79557EFD5FA,Hirundo neoxena_Welcome Swallow,,high,yes,Welcome Swallow,List of Plates (vol. II); engraved caption on the leaf; Gould's text and synonymy; crosswalk; pinned in Featherframe (gould_australia.yaml)
II,14,,Tree Martin,Collocalia arborea,Petrochelidon nigricans,Tree Martin,tremar2,eBird/Clements 2025,Q2668013,6094910,CF1BEA6BD9E9F98C,Petrochelidon nigricans_Tree Martin,,high,yes,Tree Martin,List of Plates (vol. II); engraved caption on the leaf; Gould's text and synonymy; crosswalk; pinned in Featherframe (gould_australia.yaml)
II,15,,Fairy Martin,Collocalia Ariel,Petrochelidon ariel,Fairy Martin,faimar2,eBird/Clements 2025,Q2225257,4846800,7FB743966F7573BB,Petrochelidon ariel_Fairy Martin,,high,yes,Fairy Martin,List of Plates (vol. II); engraved caption on the leaf; Gould's text and synonymy; crosswalk; pinned in Featherframe (gould_australia.yaml)
II,16,,Australian Bee-eater,Merops ornatus,Merops ornatus,Rainbow Bee-eater,rabeat1,eBird/Clements 2025,Q833979,2475422,3EDF8B55F09854A3,Merops ornatus_Rainbow Bee-eater,,high,yes,Rainbow Bee-eater,List of Plates (vol. II); engraved caption on the leaf; Gould's text and synonymy; crosswalk; pinned in Featherframe (gould_australia.yaml)
II,17,,Australian Roller,Eurystomus Australis,Eurystomus orientalis,Dollarbird,dollar1,eBird/Clements 2025,Q44109,5228280,924BAB9CF551E030,Eurystomus orientalis_Dollarbird,subspecies,high,yes,"Swainson's Eurystomus australis = Dollarbird, E. orientalis pacificus, the Australian race.",List of Plates (vol. II); engraved caption on the leaf; Gould's text and synonymy; crosswalk; pinned in Featherframe (gould_australia.yaml)
II,18,,Great Brown Kingfisher,Dacelo gigantea,Dacelo novaeguineae,Laughing Kookaburra,laukoo1,eBird/Clements 2025,Q824974,2475648,94AF4A470D4C6319,Dacelo novaeguineae_Laughing Kookaburra,,high,yes,gigantea = Laughing Kookaburra,List of Plates (vol. II); engraved caption on the leaf; Gould's text and synonymy; crosswalk; pinned in Featherframe (gould_australia.yaml)
II,19,,Leach’s Kingfisher,Dacelo Leachii,Dacelo leachii,Blue-winged Kookaburra,blwkoo1,eBird/Clements 2025,Q854856,2475654,6F0C3A53E589B886,Dacelo leachii_Blue-winged Kookaburra,,high,yes,Blue-winged Kookaburra,List of Plates (vol. II); engraved caption on the leaf; Gould's text and synonymy; crosswalk; pinned in Featherframe (gould_australia.yaml)
II,20,,Fawn-breasted Kingfisher,Dacelo cervina,Dacelo leachii,Blue-winged Kookaburra,blwkoo1,eBird/Clements 2025,Q854856,2475654,6F0C3A53E589B886,Dacelo leachii_Blue-winged Kookaburra,subspecies,high,yes,Gould's Dacelo cervina = the NT race cervina of Blue-winged Kookaburra.,List of Plates (vol. II); engraved caption on the leaf; Gould's text and synonymy; crosswalk
II,21,,Sacred Halcyon,Halcyon sanctus,Todiramphus sanctus,Sacred Kingfisher,sackin1,eBird/Clements 2025,Q31998,2475802,0B89BFD78DF51530,Todiramphus sanctus_Sacred Kingfisher,,high,yes,Sacred Kingfisher,List of Plates (vol. II); engraved caption on the leaf; Gould's text and synonymy; crosswalk; pinned in Featherframe (gould_australia.yaml)
II,22,,Red-backed Halcyon,Halcyon pyrrhopygia,Todiramphus pyrrhopygius,Red-backed Kingfisher,rebkin2,eBird/Clements 2025,Q931023,2475733,F103AAE16D092DA4,,,high,yes,Red-backed Kingfisher; not in BirdNET,List of Plates (vol. II); engraved caption on the leaf; Gould's text and synonymy; crosswalk
II,23,,Sordid Halcyon,Halcyon sordidus,Todiramphus sordidus,Torresian Kingfisher,colkin9,eBird/Clements 2025,Q22286625,8010240,,Todiramphus sordidus_Torresian Kingfisher,,high,yes,Torresian Kingfisher (split from Collared in BirdNET),List of Plates (vol. II); engraved caption on the leaf; Gould's text and synonymy; crosswalk; pinned in Featherframe (gould_australia.yaml)
II,24,,MacLeay’s Halcyon,Halcyon MacLeayii,Todiramphus macleayii,Forest Kingfisher,forkin1,eBird/Clements 2025,Q1263887,2475735,31B7FC1191ECFB44,Todiramphus macleayii_Forest Kingfisher,,high,yes,Forest Kingfisher,List of Plates (vol. II); engraved caption on the leaf; Gould's text and synonymy; crosswalk; pinned in Featherframe (gould_australia.yaml)
II,25,,Azure Kingfisher,Alcyone azurea,Ceyx azureus,Azure Kingfisher,azukin1,eBird/Clements 2025,Q22662094,7342322,AC4118FAD2F319D0,Ceyx azureus_Azure Kingfisher,,high,yes,Azure Kingfisher,List of Plates (vol. II); engraved caption on the leaf; Gould's text and synonymy; crosswalk; pinned in Featherframe (gould_australia.yaml)
II,26,,Little Kingfisher,Alcyone pusilla,Ceyx pusillus,Little Kingfisher,litkin1,eBird/Clements 2025,Q22662112,7342300,9F840FEA001B1C35,,,high,yes,Little Kingfisher; not in BirdNET,List of Plates (vol. II); engraved caption on the leaf; Gould's text and synonymy; crosswalk
II,27,,Wood Swallow,Artamus sordidus,Artamus cyanopterus,Dusky Woodswallow,duswoo1,eBird/Clements 2025,Q601632,5230392,0DA479A10C356455,Artamus cyanopterus_Dusky Woodswallow,,high,yes,sordidus = Dusky Woodswallow,List of Plates (vol. II); engraved caption on the leaf; Gould's text and synonymy; crosswalk; pinned in Featherframe (gould_australia.yaml)
II,28,,Little Wood Swallow,Artamus minor,Artamus minor,Little Woodswallow,litwoo4,eBird/Clements 2025,Q267580,5230391,CEB500D2B60ED666,,,high,yes,Little Woodswallow; not in BirdNET,List of Plates (vol. II); engraved caption on the leaf; Gould's text and synonymy; crosswalk
II,29,,Grey-breasted Wood Swallow,Artamus cinereus,Artamus cinereus,Black-faced Woodswallow,blfwoo1,eBird/Clements 2025,Q795089,5230399,DD4B0562F1889B31,Artamus cinereus_Black-faced Woodswallow,,high,yes,Black-faced Woodswallow,List of Plates (vol. II); engraved caption on the leaf; Gould's text and synonymy; crosswalk; pinned in Featherframe (gould_australia.yaml)
II,30,,White-vented Wood Swallow,Artamus albiventris,Artamus cinereus,Black-faced Woodswallow,blfwoo1,eBird/Clements 2025,Q795089,5230399,DD4B0562F1889B31,Artamus cinereus_Black-faced Woodswallow,subspecies,high,yes,"Gould's Artamus albiventris (Darling Downs, white under tail-coverts) = the white-vented eastern Queensland race of Black-faced Woodswallow, now named inkermani.",List of Plates (vol. II); engraved caption on the leaf; Gould's text and synonymy; crosswalk
II,31,,Masked Wood Swallow,Artamus personatus,Artamus personatus,Masked Woodswallow,maswoo1,eBird/Clements 2025,Q649084,5230393,92A5A04D006A2FF3,Artamus personatus_Masked Woodswallow,,high,yes,Masked Woodswallow,List of Plates (vol. II); engraved caption on the leaf; Gould's text and synonymy; crosswalk; pinned in Featherframe (gould_australia.yaml)
II,32,,White-eyebrowed Wood Swallow,Artamus superciliosus,Artamus superciliosus,White-browed Woodswallow,whbwoo5,eBird/Clements 2025,Q900393,5230390,FC26F2A3CD5FFC75,Artamus superciliosus_White-browed Woodswallow,,high,yes,White-browed Woodswallow,List of Plates (vol. II); engraved caption on the leaf; Gould's text and synonymy; crosswalk; pinned in Featherframe (gould_australia.yaml)
II,33,,White-rumped Wood Swallow,Artamus leucopygialis,Artamus leucorynchus,White-breasted Woodswallow,whbwoo4,eBird/Clements 2025,Q795046,8117515,05793C3ECB9CDC3D,Artamus leucorynchus_White-breasted Woodswallow,subspecies,high,yes,Gould's Artamus leucopygialis = the Australian race leucopygialis of White-breasted Woodswallow.,List of Plates (vol. II); engraved caption on the leaf; Gould's text and synonymy; crosswalk; pinned in Featherframe (gould_australia.yaml)
II,34,,Swallow Dicæum,Dicaeum hirundinaceum,Dicaeum hirundinaceum,Mistletoebird,mistle1,eBird/Clements 2025,Q538383,2484700,8E5F469E25ABE4AB,Dicaeum hirundinaceum_Mistletoebird,,high,yes,Mistletoebird,List of Plates (vol. II); engraved caption on the leaf; Gould's text and synonymy; crosswalk; pinned in Featherframe (gould_australia.yaml)
II,35,,Spotted Pardalote,Pardalotus punctatus,Pardalotus punctatus,Spotted Pardalote,spopar1,eBird/Clements 2025,Q573169,2486622,,Pardalotus punctatus_Spotted Pardalote,,high,yes,Spotted Pardalote,List of Plates (vol. II); engraved caption on the leaf; Gould's text and synonymy; crosswalk; pinned in Featherframe (gould_australia.yaml)
II,36,,Red-lored Pardalote,Pardalotus rubricatus,Pardalotus rubricatus,Red-browed Pardalote,rebpar6,eBird/Clements 2025,Q2628826,2486623,,Pardalotus rubricatus_Red-browed Pardalote,,high,yes,Red-browed Pardalote,List of Plates (vol. II); engraved caption on the leaf; Gould's text and synonymy; crosswalk; pinned in Featherframe (gould_australia.yaml)
II,37,,Forty-spotted Pardalote,Pardalotus quadragintus,Pardalotus quadragintus,Forty-spotted Pardalote,fospar1,eBird/Clements 2025,Q939963,2486620,,,,high,yes,Forty-spotted Pardalote; not in BirdNET,List of Plates (vol. II); engraved caption on the leaf; Gould's text and synonymy; crosswalk
II,38,,Striated Pardalote,Pardalotus striatus,Pardalotus striatus,Striated Pardalote,strpar1,eBird/Clements 2025,Q609285,2486621,747BFF64096CE70D,Pardalotus striatus_Striated Pardalote,subspecies,high,yes,"Gould's Striated Pardalote is the mainland bird with a red wing spot (his synonym ornatus Temminck; Swan River and NSW skins), the races ornatus and substriatus; the Tasmanian nominate is his affinis (II.39).",List of Plates (vol. II); engraved caption on the leaf; Gould's text and synonymy; crosswalk; pinned in Featherframe (gould_australia.yaml)
II,39,,Allied Pardalote,Pardalotus affinis,Pardalotus striatus,Striated Pardalote,strpar1,eBird/Clements 2025,Q609285,2486621,747BFF64096CE70D,Pardalotus striatus_Striated Pardalote,,high,yes,affinis = race of Striated Pardalote,List of Plates (vol. II); engraved caption on the leaf; Gould's text and synonymy; crosswalk
II,40,,Black-headed Pardalote,Pardalotus melanocephalus,Pardalotus striatus,Striated Pardalote,strpar1,eBird/Clements 2025,Q609285,2486621,747BFF64096CE70D,Pardalotus striatus_Striated Pardalote,subspecies,high,yes,Gould's Pardalotus melanocephalus = the black-headed east-Queensland race of Striated Pardalote.,List of Plates (vol. II); engraved caption on the leaf; Gould's text and synonymy; crosswalk
II,41,,Yellow-rumped Pardalote,Pardalotus uropygialis,Pardalotus striatus,Striated Pardalote,strpar1,eBird/Clements 2025,Q609285,2486621,747BFF64096CE70D,Pardalotus striatus_Striated Pardalote,subspecies,high,yes,Gould's Pardalotus uropygialis = the northern race uropygialis of Striated Pardalote.,List of Plates (vol. II); engraved caption on the leaf; Gould's text and synonymy; crosswalk
II,42,,Great Crow-Shrike,Strepera graculina,Strepera graculina,Pied Currawong,piecur1,eBird/Clements 2025,Q966961,2489448,B39778F8AB95CC41,Strepera graculina_Pied Currawong,,high,yes,Pied Currawong,List of Plates (vol. II); engraved caption on the leaf; Gould's text and synonymy; crosswalk; pinned in Featherframe (gould_australia.yaml)
II,43,,Sooty Crow-Shrike,Strepera fuliginosa,Strepera fuliginosa,Black Currawong,blacur2,eBird/Clements 2025,Q1586211,2489447,7FF38E732C0FF0B6,Strepera fuliginosa_Black Currawong,,high,yes,Black Currawong,List of Plates (vol. II); engraved caption on the leaf; Gould's text and synonymy; crosswalk; pinned in Featherframe (gould_australia.yaml)
II,44,,Hill Crow-Shrike,Strepera arguta,Strepera versicolor,Gray Currawong,grycur1,eBird/Clements 2025,Q745796,2489446,B7717F2A21DBFEFB,Strepera versicolor_Gray Currawong,subspecies,high,yes,"Gould's Strepera arguta = Clinking Currawong, the Tasmanian race arguta of Grey Currawong.",List of Plates (vol. II); engraved caption on the leaf; Gould's text and synonymy; crosswalk; pinned in Featherframe (gould_australia.yaml)
II,45,,Grey Crow-Shrike,Strepera Anaphonensis,Strepera versicolor,Gray Currawong,grycur1,eBird/Clements 2025,Q745796,2489446,B7717F2A21DBFEFB,Strepera versicolor_Gray Currawong,,high,yes,anaphonensis = Grey Currawong,List of Plates (vol. II); engraved caption on the leaf; Gould's text and synonymy; crosswalk
II,46,,Piping Crow-Shrike,Gymnorhina Tibicen,Gymnorhina tibicen,Australian Magpie,ausmag2,eBird/Clements 2025,Q1140949,2489450,3CE2F51F02451B42,Gymnorhina tibicen_Australian Magpie,,high,yes,Australian Magpie,List of Plates (vol. II); engraved caption on the leaf; Gould's text and synonymy; crosswalk; pinned in Featherframe (gould_australia.yaml)
II,47,,White-backed Crow-Shrike,Gymnorhina leuconota,Gymnorhina tibicen,Australian Magpie,ausmag2,eBird/Clements 2025,Q1140949,2489450,3CE2F51F02451B42,Gymnorhina tibicen_Australian Magpie,subspecies,high,yes,"Gould's Gymnorhina leuconota (South Australia, Port Phillip) = the white-backed southern races of Australian Magpie, now telonocua and tyrannica.",List of Plates (vol. II); engraved caption on the leaf; Gould's text and synonymy; crosswalk
II,48,,Tasmanian Crow-Shrike,Gymnorhina organicum,Gymnorhina tibicen,Australian Magpie,ausmag2,eBird/Clements 2025,Q1140949,2489450,3CE2F51F02451B42,Gymnorhina tibicen_Australian Magpie,subspecies,high,yes,Gould's Gymnorhina organicum (his earlier Cracticus hypoleucus) = the Tasmanian race hypoleuca of Australian Magpie.,List of Plates (vol. II); engraved caption on the leaf; Gould's text and synonymy; crosswalk
II,49,,Black-throated Crow-Shrike,Cracticus nigrogularis,Cracticus nigrogularis,Pied Butcherbird,piebut1,eBird/Clements 2025,Q1301153,2489439,B731E46975ED3C7B,Cracticus nigrogularis_Pied Butcherbird,,high,yes,Pied Butcherbird,List of Plates (vol. II); engraved caption on the leaf; Gould's text and synonymy; crosswalk; pinned in Featherframe (gould_australia.yaml)
II,50,,Pied Crow-Shrike,Cracticus picatus,Cracticus nigrogularis,Pied Butcherbird,piebut1,eBird/Clements 2025,Q1301153,2489439,B731E46975ED3C7B,Cracticus nigrogularis_Pied Butcherbird,subspecies,high,yes,Gould's Cracticus picatus = the north-western race picatus of Pied Butcherbird.,List of Plates (vol. II); engraved caption on the leaf; Gould's text and synonymy; crosswalk
II,51,,Silvery-backed Butcher-Bird,Cracticus argenteus,Cracticus argenteus,Silver-backed Butcherbird,sibbut1,eBird/Clements 2025,Q4355051,,,Cracticus torquatus_Gray Butcherbird,,high,yes,"Silver-backed Butcherbird; IOC splits, BirdNET/Clements 2021 lump in Grey Butcherbird",List of Plates (vol. II); engraved caption on the leaf; Gould's text and synonymy; crosswalk; pinned in Featherframe (gould_australia.yaml)
II,52,,Butcher-Bird,Cracticus destructor,Cracticus torquatus,Gray Butcherbird,grybut1,eBird/Clements 2025,Q974220,2489440,8B42677C5CDC6C48,Cracticus torquatus_Gray Butcherbird,,high,yes,destructor = Grey Butcherbird,List of Plates (vol. II); engraved caption on the leaf; Gould's text and synonymy; crosswalk
II,53,,Quoy’s Crow-Shrike,Cracticus Quoyii,Melloria quoyi,Black Butcherbird,blabut1,eBird/Clements 2025,Q27907725,9273800,6AEC3F15F48AE3EE,Cracticus quoyi_Black Butcherbird,,high,yes,Black Butcherbird,List of Plates (vol. II); engraved caption on the leaf; Gould's text and synonymy; crosswalk; pinned in Featherframe (gould_australia.yaml)
II,54,,Pied Grallina,Grallina Australis,Grallina cyanoleuca,Magpie-lark,maglar1,eBird/Clements 2025,Q1190650,2486655,40BC6550C36A11BA,Grallina cyanoleuca_Magpie-lark,,high,yes,australis = Magpie-lark,List of Plates (vol. II); engraved caption on the leaf; Gould's text and synonymy; crosswalk; pinned in Featherframe (gould_australia.yaml)
II,55,,Black-faced Graucalus,Graucalus melanops,Coracina novaehollandiae,Black-faced Cuckooshrike,bkfcus1,eBird/Clements 2025,Q1067835,2486761,3B2EE2D4B3CE0028,Coracina novaehollandiae_Black-faced Cuckooshrike,subspecies,high,yes,"Graucalus melanops (Latham), Gould's NSW bird = the mainland race melanops of Black-faced Cuckooshrike.",List of Plates (vol. II); engraved caption on the leaf; Gould's text and synonymy; crosswalk; pinned in Featherframe (gould_australia.yaml)
II,56,,Varied Graucalus,Graucalus mentalis,Coracina papuensis,White-bellied Cuckooshrike,whbcus1,eBird/Clements 2025,Q1083108,2486777,FFB094BE0FD33B96,Coracina papuensis_White-bellied Cuckooshrike,subspecies,high,yes,"Graucalus mentalis V&H = the SE Australian race robusta of White-bellied Cuckooshrike (Gould cites Latham's Lanius robustus). The plate shows the pale morph with black lores and the dark-headed morph, which Gould took for the young.",List of Plates (vol. II); engraved caption on the leaf; Gould's text and synonymy; the plate
II,57,,White-bellied Graucalus,Graucalus hypoleucus,Coracina papuensis,White-bellied Cuckooshrike,whbcus1,eBird/Clements 2025,Q1083108,2486777,FFB094BE0FD33B96,Coracina papuensis_White-bellied Cuckooshrike,subspecies,high,yes,Gould's Graucalus hypoleucus = the northern race hypoleuca of White-bellied Cuckooshrike.,List of Plates (vol. II); engraved caption on the leaf; Gould's text and synonymy; crosswalk; pinned in Featherframe (gould_australia.yaml)
II,58,,Swainson’s Graucalus,Graucalus Swainsonii,Coracina lineata,Barred Cuckooshrike,yeecus1,eBird/Clements 2025,Q2667574,2486752,37E84A15B50D0E52,Coracina lineata_Barred Cuckooshrike,,high,yes,"swainsonii Gould, new name for Ceblepyris lineatus Swainson (barred breast) = Barred Cuckooshrike",List of Plates (vol. II); engraved caption on the leaf; Gould's text and synonymy; crosswalk; pinned in Featherframe (gould_australia.yaml)
II,59,,Ground Graucalus,Pteropodocys Phasianella,Coracina maxima,Ground Cuckooshrike,grocus1,eBird/Clements 2025,Q1006071,2486755,69C99EC0A6331835,,,high,yes,Ground Cuckooshrike; not in BirdNET,List of Plates (vol. II); engraved caption on the leaf; Gould's text and synonymy; crosswalk
II,60,,Jardine’s Campephaga,Campephaga Jardinii,Edolisoma tenuirostre,Sahul Cicadabird,cicada1,eBird/Clements 2025,Q10757981,8187559,DB4BDABEDE8065DA,Edolisoma tenuirostre_Common Cicadabird,,high,yes,"Campephaga jardinii Rüppell, with Gould's synonym Graucalus tenuirostris Jardine, = Sahul Cicadabird, Edolisoma tenuirostre, the bird formerly called Common Cicadabird.",List of Plates (vol. II); engraved caption on the leaf; Gould's text and synonymy; crosswalk; pinned in Featherframe (gould_australia.yaml)
II,61,,Northern Campephaga,Campephaga Karu,Lalage leucomela,Varied Triller,vartri1,eBird/Clements 2025,Q3119545,5230458,8D0358C76808B6F5,Lalage leucomela_Varied Triller,subspecies,high,yes,"Gould's Port Essington birds, which he referred to Lesson's Lanius karu with doubt, are the NT race rufiventris of Varied Triller; Lesson's karu is the New Ireland race.",List of Plates (vol. II); engraved caption on the leaf; Gould's text and synonymy; crosswalk
II,62,,Black and White Campephaga,Campephaga leucomela,Lalage leucomela,Varied Triller,vartri1,eBird/Clements 2025,Q3119545,5230458,8D0358C76808B6F5,Lalage leucomela_Varied Triller,,high,yes,Varied Triller,List of Plates (vol. II); engraved caption on the leaf; Gould's text and synonymy; crosswalk; pinned in Featherframe (gould_australia.yaml)
II,63,,White-shouldered Campephaga,Campephaga humeralis,Lalage tricolor,White-winged Triller,whwtri1,eBird/Clements 2025,Q3083824,5230457,DFD1EAF6A07779F0,Lalage tricolor_White-winged Triller,,high,yes,humeralis Gould = White-winged Triller,List of Plates (vol. II); engraved caption on the leaf; Gould's text and synonymy; crosswalk; pinned in Featherframe (gould_australia.yaml)
II,64,,Guttural Pachycephala,Pachycephala gutturalis,Pachycephala pectoralis,Golden Whistler,y01193,eBird/Clements 2025,Q1584926,5959188,,Pachycephala pectoralis_Golden Whistler,,high,yes,"Turdus gutturalis Latham = Golden Whistler; the plate shows the black-hooded, white-throated yellow male and the grey female. Gould's synonymy also takes in the western fuliginosa, but eBird 2025 keeps Western Whistler in Golden Whistler, so the species is the same either way.",List of Plates (vol. II); engraved caption on the leaf; Gould's text and synonymy; the plate
II,65,,Grey-tailed Pachycephala,Pachycephala glaucura,Pachycephala pectoralis,Golden Whistler,y01193,eBird/Clements 2025,Q1584926,5959188,,Pachycephala pectoralis_Golden Whistler,subspecies,high,yes,Gould's Pachycephala glaucura = the Tasmanian race glaucura of Golden Whistler.,List of Plates (vol. II); engraved caption on the leaf; Gould's text and synonymy; crosswalk; pinned in Featherframe (gould_australia.yaml)
II,66,,Black-tailed Pachycephala,Pachycephala melanura,Pachycephala melanura,Black-tailed Whistler,bltwhi1,eBird/Clements 2025,Q3116418,5959174,4A2D482EECCF35B5,,,high,yes,Mangrove Golden Whistler; not in BirdNET,List of Plates (vol. II); engraved caption on the leaf; Gould's text and synonymy; crosswalk
II,67,,Banded Thick-head,Pachycephala pectoralis,Pachycephala rufiventris,Rufous Whistler,rufwhi1,eBird/Clements 2025,Q3180293,5959190,62C9367FF68C8C90,Pachycephala rufiventris_Rufous Whistler,,high,yes,"TRAP: Gould's 'P. pectoralis, Banded Thick-head' is Latham's Muscicapa pectoralis = Rufous Whistler (orange-brown belly, black band); binomial now = Golden Whistler",List of Plates (vol. II); engraved caption on the leaf; Gould's text and synonymy; crosswalk; pinned in Featherframe (gould_australia.yaml)
II,68,,Lunated Pachycephala,Pachycephala falcata,Pachycephala rufiventris,Rufous Whistler,rufwhi1,eBird/Clements 2025,Q3180293,5959190,62C9367FF68C8C90,Pachycephala rufiventris_Rufous Whistler,subspecies,high,yes,Gould's Pachycephala falcata = the north-western race falcata of Rufous Whistler.,List of Plates (vol. II); engraved caption on the leaf; Gould's text and synonymy; crosswalk
II,69,,Shrike-like Pachycephala,Pachycephala Lanoides,Pachycephala lanioides,White-breasted Whistler,whbwhi2,eBird/Clements 2025,Q3231542,5959173,,Pachycephala lanioides_White-breasted Whistler,,high,yes,White-breasted Whistler,List of Plates (vol. II); engraved caption on the leaf; Gould's text and synonymy; crosswalk; pinned in Featherframe (gould_australia.yaml)
II,70,,Red-throated Pachycephala,Pachycephala rufogularis,Pachycephala rufogularis,Red-lored Whistler,relwhi1,eBird/Clements 2025,Q3115143,5959179,112C6BA3D43C8C9A,,,high,yes,Red-lored Whistler; not in BirdNET,List of Plates (vol. II); engraved caption on the leaf; Gould's text and synonymy; crosswalk
II,71,,Gilbert’s Pachycephala,Pachycephala Gilbertii,Pachycephala inornata,Gilbert's Whistler,gilwhi1,eBird/Clements 2025,Q1301161,5959161,631D64E039A98BD2,Pachycephala inornata_Gilbert's Whistler,,high,yes,gilbertii = Gilbert's Whistler,List of Plates (vol. II); engraved caption on the leaf; Gould's text and synonymy; crosswalk; pinned in Featherframe (gould_australia.yaml)
II,72,,Plain-coloured Pachycephala,Pachycephala simplex,Pachycephala simplex,Gray Whistler,grywhi2,eBird/Clements 2025,Q1092678,5959192,6C7C4C9854D1BB54,Pachycephala simplex_Gray Whistler,,high,yes,Grey Whistler,List of Plates (vol. II); engraved caption on the leaf; Gould's text and synonymy; crosswalk; pinned in Featherframe (gould_australia.yaml)
II,73,,Olivaceous Pachycephala,Pachycephala olivacea,Pachycephala olivacea,Olive Whistler,oliwhi1,eBird/Clements 2025,Q3115163,5959175,AB08B1DE98E02B5B,Pachycephala olivacea_Olive Whistler,,high,yes,Olive Whistler,List of Plates (vol. II); engraved caption on the leaf; Gould's text and synonymy; crosswalk; pinned in Featherframe (gould_australia.yaml)
II,74,,Harmonious Colluricincla,Colluricincla harmonica,Colluricincla harmonica,Gray Shrikethrush,grysht1,eBird/Clements 2025,Q605763,2482357,AD4D85BBF4C62281,Colluricincla harmonica_Gray Shrikethrush,,high,yes,Grey Shrikethrush,List of Plates (vol. II); engraved caption on the leaf; Gould's text and synonymy; crosswalk; pinned in Featherframe (gould_australia.yaml)
II,75,,Buff-bellied Colluricincla,Colluricincla rufiventris,Colluricincla harmonica,Gray Shrikethrush,grysht1,eBird/Clements 2025,Q605763,2482357,AD4D85BBF4C62281,Colluricincla harmonica_Gray Shrikethrush,subspecies,high,yes,Gould's Colluricincla rufiventris = the western race rufiventris of Grey Shrikethrush.,List of Plates (vol. II); engraved caption on the leaf; Gould's text and synonymy; crosswalk
II,76,,Brown Colluricincla,Colluricincla brunnea,Colluricincla harmonica,Gray Shrikethrush,grysht1,eBird/Clements 2025,Q605763,2482357,AD4D85BBF4C62281,Colluricincla harmonica_Gray Shrikethrush,subspecies,high,yes,Gould's Colluricincla brunnea = the northern race brunnea of Grey Shrikethrush.,List of Plates (vol. II); engraved caption on the leaf; Gould's text and synonymy; crosswalk
II,77,,Selby’s Colluricincla,Colluricincla Selbii,Colluricincla harmonica,Gray Shrikethrush,grysht1,eBird/Clements 2025,Q605763,2482357,AD4D85BBF4C62281,Colluricincla harmonica_Gray Shrikethrush,subspecies,high,yes,"Jardine's Colluricincla selbii, Gould's Tasmanian 'Whistling Dick' (syn. strigata Swainson) = the Tasmanian race strigata of Grey Shrikethrush.",List of Plates (vol. II); engraved caption on the leaf; Gould's text and synonymy; crosswalk
II,78,,Little Colluricincla,Colluricincla parvula,Colluricincla megarhyncha,Little Shrikethrush,litshr31,eBird/Clements 2025,Q3182125,2482354,,Colluricincla megarhyncha_Arafura Shrikethrush,subspecies,high,yes,Gould's Colluricincla parvula = the north-western race parvula of Little Shrikethrush.,List of Plates (vol. II); engraved caption on the leaf; Gould's text and synonymy; crosswalk; pinned in Featherframe (gould_australia.yaml)
II,79,,Frontal Shrike-Tit,Falcunculus frontatus,Falcunculus frontatus,Eastern Shrike-tit,cresht1,eBird/Clements 2025,Q1304974,2482606,,Falcunculus frontatus_Crested Shrike-tit,,high,yes,frontatus = Eastern Shrike-tit; Clements splits Crested Shrike-tit; BirdNET lumps,List of Plates (vol. II); engraved caption on the leaf; Gould's text and synonymy; crosswalk; pinned in Featherframe (gould_australia.yaml)
II,80,,White-bellied Shrike-Tit,Falcunculus leucogaster,Falcunculus leucogaster,Western Shrike-tit,cresht2,eBird/Clements 2025,Q21263724,4846562,E3B00D11DBC33D32,Falcunculus frontatus_Crested Shrike-tit,,high,yes,"leucogaster Gould (Swan River, white abdomen) = Western Shrike-tit; Clements splits Crested Shrike-tit; BirdNET lumps",List of Plates (vol. II); engraved caption on the leaf; Gould's text and synonymy; crosswalk
II,81,,Crested Oreoïca,Oreoica gutturalis,Oreoica gutturalis,Crested Bellbird,crebel1,eBird/Clements 2025,Q1840756,5229497,588549DAB13F4EFB,Oreoica gutturalis_Crested Bellbird,,high,yes,Crested Bellbird,List of Plates (vol. II); engraved caption on the leaf; Gould's text and synonymy; crosswalk; pinned in Featherframe (gould_australia.yaml)
II,82,,Spangled Drongo,Dicrurus bracteatus,Dicrurus bracteatus,Spangled Drongo,spadro1,eBird/Clements 2025,Q1002070,2493965,FEB566B5EA3A31BE,Dicrurus bracteatus_Spangled Drongo,,high,yes,Spangled Drongo,List of Plates (vol. II); engraved caption on the leaf; Gould's text and synonymy; crosswalk; pinned in Featherframe (gould_australia.yaml)
II,83,,White-shafted Fantail,Rhipidura albiscapa,Rhipidura albiscapa,Gray Fantail,gryfan1,eBird/Clements 2025,Q2225293,9283578,,Rhipidura albiscapa_Gray Fantail,,high,yes,Grey Fantail,List of Plates (vol. II); engraved caption on the leaf; Gould's text and synonymy; crosswalk; pinned in Featherframe (gould_australia.yaml)
II,84,,Rufous-fronted Fantail,Rhipidura rufifrons,Rhipidura rufifrons,Australian Rufous Fantail,ruffan13,eBird/Clements 2025,Q941590,5231742,731A6E5CCAACA855,Rhipidura rufifrons_Rufous Fantail,,high,yes,Rufous Fantail,List of Plates (vol. II); engraved caption on the leaf; Gould's text and synonymy; crosswalk; pinned in Featherframe (gould_australia.yaml)
II,85,,Northern Fantail,Rhipidura isura,Rhipidura rufiventris,Northern Fantail,norfan1,eBird/Clements 2025,Q2224767,5231729,C37229FF804F14AC,Rhipidura rufiventris_Northern Fantail,subspecies,high,yes,Gould's Rhipidura isura = the Australian race isura of Northern Fantail.,List of Plates (vol. II); engraved caption on the leaf; Gould's text and synonymy; crosswalk; pinned in Featherframe (gould_australia.yaml)
II,86,,Black Fantailed Flycatcher,Rhipidura Motacilloides,Rhipidura leucophrys,Willie-wagtail,wilwag1,eBird/Clements 2025,Q642235,5231722,F65B55BD3C8ADA8F,Rhipidura leucophrys_Willie-wagtail,,high,yes,motacilloides = Willie-wagtail,List of Plates (vol. II); engraved caption on the leaf; Gould's text and synonymy; crosswalk; pinned in Featherframe (gould_australia.yaml)
II,87,,Restless Flycatcher,Seisura inquieta,Myiagra inquieta,Restless Flycatcher,resfly1,eBird/Clements 2025,Q650334,2486651,F61C41E3A3BE0269,Myiagra inquieta_Restless Flycatcher,,high,yes,Restless Flycatcher,List of Plates (vol. II); engraved caption on the leaf; Gould's text and synonymy; crosswalk; pinned in Featherframe (gould_australia.yaml)
II,88,,Blue Shining Flycatcher,Piezorhynchus nitidus,Myiagra alecto,Shining Flycatcher,shifly1,eBird/Clements 2025,Q1305018,2486642,CE626FAD9066606D,Myiagra alecto_Shining Flycatcher,subspecies,high,yes,Gould's Piezorhynchus nitidus from Port Essington = the north Australian race melvillensis of Shining Flycatcher; the nominate alecto is Moluccan.,List of Plates (vol. II); engraved caption on the leaf; Gould's text and synonymy; crosswalk; pinned in Featherframe (gould_australia.yaml)
II,89,,Plumbeous Flycatcher,Myiagra plumbea,Myiagra rubecula,Leaden Flycatcher,leafly2,eBird/Clements 2025,Q3314834,2486638,,Myiagra rubecula_Leaden Flycatcher,,high,yes,plumbea = Leaden Flycatcher,List of Plates (vol. II); engraved caption on the leaf; Gould's text and synonymy; crosswalk; pinned in Featherframe (gould_australia.yaml)
II,90,,Pretty Flycatcher,Myiagra concinna,Myiagra rubecula,Leaden Flycatcher,leafly2,eBird/Clements 2025,Q3314834,2486638,,Myiagra rubecula_Leaden Flycatcher,subspecies,high,yes,Gould's Myiagra concinna = the northern race concinna of Leaden Flycatcher.,List of Plates (vol. II); engraved caption on the leaf; Gould's text and synonymy; crosswalk
II,91,,Shining Flycatcher,Myiagra nitida,Myiagra cyanoleuca,Satin Flycatcher,satfly1,eBird/Clements 2025,Q1590333,2486637,,Myiagra cyanoleuca_Satin Flycatcher,,high,yes,"TRAP: Myiagra nitida Gould ('Satin Sparrow' of Tasmania) = Satin Flycatcher, not the Shining Flycatcher of today",List of Plates (vol. II); engraved caption on the leaf; Gould's text and synonymy; crosswalk; pinned in Featherframe (gould_australia.yaml)
II,92,,Broad-billed Flycatcher,Myiagra latirostris,Myiagra ruficollis,Broad-billed Flycatcher,brbfly1,eBird/Clements 2025,Q2225125,2486646,,Myiagra ruficollis_Broad-billed Flycatcher,subspecies,high,yes,"Gould's Myiagra latirostris (north coast, Port Essington) = the Australian and New Guinea race mimikae of Broad-billed Flycatcher; the nominate ruficollis is Lesser Sundan.",List of Plates (vol. II); engraved caption on the leaf; Gould's text and synonymy; crosswalk; pinned in Featherframe (gould_australia.yaml)
II,93,,Great-winged Micrœca,Microeca macroptera,Microeca fascinans,Jacky-winter,jacwin1,eBird/Clements 2025,Q1033170,2489296,C5A5486E9954A2FC,Microeca fascinans_Jacky-winter,,high,yes,macroptera = Jacky Winter,List of Plates (vol. II); engraved caption on the leaf; Gould's text and synonymy; crosswalk; pinned in Featherframe (gould_australia.yaml)
II,94,,Yellow-bellied Micrœca,Microeca flavigaster,Microeca flavigaster,Lemon-bellied Flyrobin,lebfly3,eBird/Clements 2025,Q426685,2489293,42231432767FAB86,Microeca flavigaster_Lemon-bellied Flycatcher,,high,yes,Lemon-bellied Flycatcher,List of Plates (vol. II); engraved caption on the leaf; Gould's text and synonymy; crosswalk; pinned in Featherframe (gould_australia.yaml)
II,95,,Carinated Flycatcher,Monarcha carinata,Monarcha melanopsis,Black-faced Monarch,blfmon1,eBird/Clements 2025,Q1308775,5230438,,Monarcha melanopsis_Black-faced Monarch,,high,yes,carinata = Black-faced Monarch,List of Plates (vol. II); engraved caption on the leaf; Gould's text and synonymy; crosswalk; pinned in Featherframe (gould_australia.yaml)
II,96,,Black-fronted Flycatcher,Monarcha trivirgata,Symposiachrus trivirgatus,Australian Spectacled Monarch,spemon1,eBird/Clements 2025,Q840107,7342258,FDE2DC2E08C0FA2F,Symposiachrus trivirgatus_Spectacled Monarch,,high,yes,Spectacled Monarch,List of Plates (vol. II); engraved caption on the leaf; Gould's text and synonymy; crosswalk; pinned in Featherframe (gould_australia.yaml)
II,97,,White-throated Gerygone,Gerygone albogularis,Gerygone olivacea,White-throated Gerygone,whtger1,eBird/Clements 2025,Q1301115,2486553,4744C788ACC92380,Gerygone olivacea_White-throated Gerygone,,high,yes,albogularis = White-throated Gerygone,List of Plates (vol. II); engraved caption on the leaf; Gould's text and synonymy; crosswalk; pinned in Featherframe (gould_australia.yaml)
II,98,,Fuscous Gerygone,Gerygone fuscus,Gerygone mouki,Brown Gerygone,broger1,eBird/Clements 2025,Q533527,2486566,8A475492F0051DE6,Gerygone mouki_Brown Gerygone,,judged,yes,"Gould's name and description (tail 'white at the base') are the Western Gerygone's, but both figures are Brown Gerygones: a brown tail base, black band and white tip spots, a rufous-buff rump, flanks and vent, and a short white brow, with none of the white tail base that II.99 shows. His NSW brushes and Hunter River nest are the Brown's (race richmondi), and Sharpe cites this plate for eastern birds he describes the same way.","List of Plates (vol. II); engraved caption on the leaf; Gould's text; the plate, against II.99; Sharpe, Cat. Birds BM iv: 223"
II,99,,Western Gerygone,Gerygone culicivorus,Gerygone fusca,Western Gerygone,wesger1,eBird/Clements 2025,Q1313727,2486563,0EF82B71B47FE733,Gerygone fusca_Western Gerygone,,high,yes,culicivorus = SW WA Western Gerygone,List of Plates (vol. II); engraved caption on the leaf; Gould's text and synonymy; crosswalk
II,100,,Great-billed Gerygone,Gerygone magnirostris,Gerygone magnirostris,Large-billed Gerygone,labger1,eBird/Clements 2025,Q909180,2486552,EB1F5A1C9401A2EC,Gerygone magnirostris_Large-billed Gerygone,,high,yes,Large-billed Gerygone,List of Plates (vol. II); engraved caption on the leaf; Gould's text and synonymy; crosswalk; pinned in Featherframe (gould_australia.yaml)
II,101,,Buff-breasted Gerygone,Gerygone laevigaster,Gerygone levigaster,Mangrove Gerygone,manger1,eBird/Clements 2025,Q647354,2486565,1B655B31C5B91697,Gerygone levigaster_Mangrove Gerygone,,high,yes,Mangrove Gerygone,List of Plates (vol. II); engraved caption on the leaf; Gould's text and synonymy; crosswalk; pinned in Featherframe (gould_australia.yaml)
II,102,,Green-backed Gerygone,Gerygone chloronotus,Gerygone chloronota,Green-backed Gerygone,gnbger1,eBird/Clements 2025,Q1302004,7341355,7C18F120A2317B05,Gerygone chloronota_Green-backed Gerygone,,high,yes,Green-backed Gerygone,List of Plates (vol. II); engraved caption on the leaf; Gould's text and synonymy; crosswalk; pinned in Featherframe (gould_australia.yaml)
II,103,,Short-billed Smicrornis,Smicrornis brevirostris,Smicrornis brevirostris,Weebill,weebil1,eBird/Clements 2025,Q1300169,2486541,4568006A43DB0FAC,Smicrornis brevirostris_Weebill,,high,yes,Weebill,List of Plates (vol. II); engraved caption on the leaf; Gould's text and synonymy; crosswalk; pinned in Featherframe (gould_australia.yaml)
II,104,,Yellow-tinted Smicrornis,Smicrornis flavescens,Smicrornis brevirostris,Weebill,weebil1,eBird/Clements 2025,Q1300169,2486541,4568006A43DB0FAC,Smicrornis brevirostris_Weebill,subspecies,high,yes,Gould's Smicrornis flavescens = the northern race flavescens of Weebill.,List of Plates (vol. II); engraved caption on the leaf; Gould's text and synonymy; crosswalk
III,1,,Pink-breasted Wood-robin,Erythrodryas rhodinogaster,Petroica rodinogaster,Pink Robin,pinrob1,eBird/Clements 2025,Q1067859,2489314,517E978AB1E09EF5,Petroica rodinogaster_Pink Robin,,high,yes,Erythrodryas rhodinogaster = Pink Robin,List of Plates (vol. III); engraved caption on the leaf; Gould's text and synonymy; crosswalk; pinned in Featherframe (gould_australia.yaml)
III,2,,Rose-breasted Wood-robin,Erythrodryas rosea,Petroica rosea,Rose Robin,rosrob1,eBird/Clements 2025,Q1061885,2489320,8CB75D9344BE81B2,Petroica rosea_Rose Robin,,high,yes,Rose Robin,List of Plates (vol. III); engraved caption on the leaf; Gould's text and synonymy; crosswalk; pinned in Featherframe (gould_australia.yaml)
III,3,,Scarlet-breasted Robin,Petroica multicolor,Petroica boodang,Scarlet Robin,scarob2,eBird/Clements 2025,Q1589606,7341308,082099D1B396839E,Petroica boodang_Scarlet Robin,,high,yes,Gould's 'multicolor' figure is the Australian Scarlet Robin (Gmelin's multicolor is the Norfolk bird); BirdNET splits boodang,List of Plates (vol. III); engraved caption on the leaf; Gould's text and synonymy; crosswalk; pinned in Featherframe (gould_australia.yaml)
III,4,,Norfolk Island Robin,Petroica erythrogastra,Petroica multicolor,Norfolk Robin,pacrob2,eBird/Clements 2025,Q948764,2489315,,,,high,yes,"erythrogastra, Norfolk Island Robin = Norfolk Robin; not in BirdNET (P. pusilla Pacific Robin is the split-off rest)",List of Plates (vol. III); engraved caption on the leaf; Gould's text and synonymy; crosswalk
III,5,,Red-capped Robin,Petroica Goodenovii,Petroica goodenovii,Red-capped Robin,recrob1,eBird/Clements 2025,Q1083073,2489322,A70DE4FC3405913C,Petroica goodenovii_Red-capped Robin,,high,yes,Red-capped Robin,List of Plates (vol. III); engraved caption on the leaf; Gould's text and synonymy; crosswalk; pinned in Featherframe (gould_australia.yaml)
III,6,,Flame-breasted Robin,Petroica phoenicea,Petroica phoenicea,Flame Robin,flarob1,eBird/Clements 2025,Q931191,2489321,D37665040975209B,Petroica phoenicea_Flame Robin,,high,yes,Flame Robin,List of Plates (vol. III); engraved caption on the leaf; Gould's text and synonymy; crosswalk; pinned in Featherframe (gould_australia.yaml)
III,7,,Pied Robin,Petroica bicolor,Melanodryas cucullata,Hooded Robin,hoorob1,eBird/Clements 2025,Q1585970,2489290,547BFE9C7DDFA661,Melanodryas cucullata_Hooded Robin,,high,yes,Petroica bicolor = Hooded Robin,List of Plates (vol. III); engraved caption on the leaf; Gould's text and synonymy; crosswalk; pinned in Featherframe (gould_australia.yaml)
III,8,,Dusky Robin,Petroica fusca,Melanodryas vittata,Dusky Robin,dusrob1,eBird/Clements 2025,Q1300151,2489289,F3FC656C79ECF369,Melanodryas vittata_Dusky Robin,,high,yes,Petroica fusca Gould (Tasmania) = Dusky Robin,List of Plates (vol. III); engraved caption on the leaf; Gould's text and synonymy; crosswalk; pinned in Featherframe (gould_australia.yaml)
III,9,,White-eyebrowed Robin,Petroica superciliosa,Poecilodryas superciliosa,White-browed Robin,whbrob2,eBird/Clements 2025,Q1587866,2489274,EFB4440EA3CFD37E,,,high,yes,White-browed Robin; not in BirdNET,List of Plates (vol. III); engraved caption on the leaf; Gould's text and synonymy; crosswalk
III,10,,Scrub Robin,Drymodes brunneopygia,Drymodes brunneopygia,Southern Scrub-Robin,sosrob1,eBird/Clements 2025,Q1587849,2489278,0608D05C5A09E035,Drymodes brunneopygia_Southern Scrub-Robin,,high,yes,Southern Scrub-Robin,List of Plates (vol. III); engraved caption on the leaf; Gould's text and synonymy; crosswalk; pinned in Featherframe (gould_australia.yaml)
III,11,,Yellow-breasted Robin,Eöpsaltria Australis,Eopsaltria australis,Eastern Yellow Robin,yelrob1,eBird/Clements 2025,Q1082147,2489301,,Eopsaltria australis_Eastern Yellow Robin,,high,yes,Eastern Yellow Robin,List of Plates (vol. III); engraved caption on the leaf; Gould's text and synonymy; crosswalk; pinned in Featherframe (gould_australia.yaml)
III,12,,Grey-breasted Robin,Eöpsaltria griseogularis,Eopsaltria griseogularis,Western Yellow Robin,gybrob1,eBird/Clements 2025,Q989986,2489305,6BD534AC84F41F43,,,high,yes,Western Yellow Robin; not in BirdNET,List of Plates (vol. III); engraved caption on the leaf; Gould's text and synonymy; crosswalk
III,13,,White-bellied Robin,Eöpsaltria leucogaster,Eopsaltria georgiana,White-breasted Robin,whbrob1,eBird/Clements 2025,Q116147,2489302,,,,high,yes,leucogaster Gould = White-breasted Robin; not in BirdNET,List of Plates (vol. III); engraved caption on the leaf; Gould's text and synonymy; crosswalk
III,14,,Lyre-Bird,Menura superba,Menura novaehollandiae,Superb Lyrebird,suplyr1,eBird/Clements 2025,Q757013,2488980,952F56822FA3776E,Menura novaehollandiae_Superb Lyrebird,,high,yes,superba = Superb Lyrebird,List of Plates (vol. III); engraved caption on the leaf; Gould's text and synonymy; crosswalk; pinned in Featherframe (gould_australia.yaml)
III,15,,Coach-whip Bird,Psophodes crepitans,Psophodes olivaceus,Eastern Whipbird,easwhi1,eBird/Clements 2025,Q898027,2495057,79107CE605306299,Psophodes olivaceus_Eastern Whipbird,,high,yes,crepitans = Eastern Whipbird,List of Plates (vol. III); engraved caption on the leaf; Gould's text and synonymy; crosswalk; pinned in Featherframe (gould_australia.yaml)
III,16,,Black-throated Psophodes,Psophodes nigrogularis,Psophodes nigrogularis,Western Whipbird,weswhi1,eBird/Clements 2025,Q1922967,2495056,,Psophodes nigrogularis_Western Whipbird,,high,yes,Western Whipbird,List of Plates (vol. III); engraved caption on the leaf; Gould's text and synonymy; crosswalk; pinned in Featherframe (gould_australia.yaml)
III,17,,Crested Wedge-bill,Sphenostoma cristata,Psophodes cristatus,Chirruping Wedgebill,chiwed2,eBird/Clements 2025,Q2224336,2495058,,Psophodes cristatus_Chirruping Wedgebill,,high,yes,Sphenostoma cristatum Gould = Chirruping Wedgebill,List of Plates (vol. III); engraved caption on the leaf; Gould's text and synonymy; crosswalk; pinned in Featherframe (gould_australia.yaml)
III,18,,Blue Wren,Malurus cyaneus,Malurus cyaneus,Superb Fairywren,supfai1,eBird/Clements 2025,Q420813,2487516,DAC72D0793DE01AD,Malurus cyaneus_Superb Fairywren,,high,yes,Superb Fairywren,List of Plates (vol. III); engraved caption on the leaf; Gould's text and synonymy; crosswalk; pinned in Featherframe (gould_australia.yaml)
III,19,,Long-tailed Wren,Malurus longicaudus,Malurus cyaneus,Superb Fairywren,supfai1,eBird/Clements 2025,Q420813,2487516,DAC72D0793DE01AD,Malurus cyaneus_Superb Fairywren,,high,yes,longicaudus = Tasmanian Superb Fairywren,List of Plates (vol. III); engraved caption on the leaf; Gould's text and synonymy; crosswalk
III,20,,Black-backed Wren,Malurus melanotus,Malurus splendens,Splendid Fairywren,splfai1,eBird/Clements 2025,Q850528,2487511,391EA6CB4F70C90F,Malurus splendens_Splendid Fairywren,subspecies,high,yes,Gould's Malurus melanotus = the black-backed eastern race melanotus of Splendid Fairywren.,List of Plates (vol. III); engraved caption on the leaf; Gould's text and synonymy; crosswalk
III,21,,Banded Wren,Malurus splendens,Malurus splendens,Splendid Fairywren,splfai1,eBird/Clements 2025,Q850528,2487511,391EA6CB4F70C90F,Malurus splendens_Splendid Fairywren,,high,yes,Splendid Fairywren,List of Plates (vol. III); engraved caption on the leaf; Gould's text and synonymy; crosswalk; pinned in Featherframe (gould_australia.yaml)
III,22,,Graceful Wren,Malurus elegans,Malurus elegans,Red-winged Fairywren,rewfai1,eBird/Clements 2025,Q1055856,2487506,378EF7E46545C8C7,Malurus elegans_Red-winged Fairywren,,high,yes,Red-winged Fairywren,List of Plates (vol. III); engraved caption on the leaf; Gould's text and synonymy; crosswalk; pinned in Featherframe (gould_australia.yaml)
III,23,,Beautiful Wren,Malurus pulcherrimus,Malurus pulcherrimus,Blue-breasted Fairywren,blbfai1,eBird/Clements 2025,Q1063995,2487501,41FCF19991F5F981,,,high,yes,Blue-breasted Fairywren; not in BirdNET,List of Plates (vol. III); engraved caption on the leaf; Gould's text and synonymy; crosswalk
III,24,,Lambert’s Wren,Malurus Lamberti,Malurus lamberti,Variegated Fairywren,varfai5,eBird/Clements 2025,Q1164379,2487495,468816FA,Malurus lamberti_Variegated Fairywren,,high,yes,Variegated Fairywren (nominate E Aus form),List of Plates (vol. III); engraved caption on the leaf; Gould's text and synonymy; crosswalk; pinned in Featherframe (gould_australia.yaml)
III,25,,White-winged Wren,Malurus leucopterus,Malurus leucopterus,White-winged Fairywren,whwfai1,eBird/Clements 2025,Q933383,2487507,09FF44CFB5A4B9CA,Malurus leucopterus_White-winged Fairywren,,high,yes,White-winged Fairywren,List of Plates (vol. III); engraved caption on the leaf; Gould's text and synonymy; crosswalk; pinned in Featherframe (gould_australia.yaml)
III,26,,Black-headed Wren,Malurus melanocephalus,Malurus melanocephalus,Red-backed Fairywren,rebfai1,eBird/Clements 2025,Q420379,2487524,0E9290F832ABE7A1,Malurus melanocephalus_Red-backed Fairywren,,high,yes,Red-backed Fairywren,List of Plates (vol. III); engraved caption on the leaf; Gould's text and synonymy; crosswalk; pinned in Featherframe (gould_australia.yaml)
III,27,,Brown’s Wren,Malurus Brownii,Malurus melanocephalus,Red-backed Fairywren,rebfai1,eBird/Clements 2025,Q420379,2487524,0E9290F832ABE7A1,Malurus melanocephalus_Red-backed Fairywren,,high,yes,brownii V&H = Red-backed Fairywren,List of Plates (vol. III); engraved caption on the leaf; Gould's text and synonymy; crosswalk
III,28,,Textile Wren,Amytis textilis,Amytornis modestus,Thick-billed Grasswren,thbgra4,eBird/Clements 2025,Q12253402,,C2A97FCD87183B90,,,high,yes,"Gould saw the Textile Wren only on the plains of the Lower Namoi, NSW, where he 'killed and dissected many examples', and the plate's male and female are those birds: the extinct NSW race inexpectatus of the Thick-billed Grasswren. Quoy and Gaimard's textilis, from Western Australia, is the Western Grasswren.","List of Plates (vol. III); engraved caption on the leaf; Gould's text; NSW Threatened Species Scientific Committee, A. m. inexpectatus determination (2020); Black 2016, Bull. BOC 136; IOC 15.1"
III,29,,Striated Wren,Amytis striatus,Amytornis striatus,Striated Grasswren,strgra2,eBird/Clements 2025,Q765964,2487541,,,,high,yes,Striated Grasswren; not in BirdNET,List of Plates (vol. III); engraved caption on the leaf; Gould's text and synonymy; crosswalk
III,30,,Large-tailed Wren,Amytis macrourus,Amytornis textilis,Western Grasswren,thbgra1,eBird/Clements 2025,Q1210117,2487550,EB36428AD97A7F58,,subspecies,high,yes,Gould's Amytis macrourus (Gilbert's two birds from the interior of Western Australia) = the extinct race macrourus of Western Grasswren.,List of Plates (vol. III); engraved caption on the leaf; Gould's text and synonymy; crosswalk
III,31,,Emu Wren,Stipiturus malachurus,Stipiturus malachurus,Southern Emuwren,souemu1,eBird/Clements 2025,Q254351,2487565,5C9D20AA0157B634,Stipiturus malachurus_Southern Emuwren,,high,yes,Southern Emuwren,List of Plates (vol. III); engraved caption on the leaf; Gould's text and synonymy; crosswalk; pinned in Featherframe (gould_australia.yaml)
III,32,,Bristle-Bird,Dasyornis Australis,Dasyornis brachypterus,Eastern Bristlebird,easbri1,eBird/Clements 2025,Q3016885,5230413,A9C5800555AD9FA1,Dasyornis brachypterus_Eastern Bristlebird,,high,yes,Dasyornis australis = Eastern Bristlebird,List of Plates (vol. III); engraved caption on the leaf; Gould's text and synonymy; crosswalk; pinned in Featherframe (gould_australia.yaml)
III,33,,Long-billed Bristle-Bird,Dasyornis longirostris,Dasyornis longirostris,Western Bristlebird,wesbri1,eBird/Clements 2025,Q1067146,5230414,8710A7E56B3BEAF2,Dasyornis longirostris_Western Bristlebird,,high,yes,Western Bristlebird,List of Plates (vol. III); engraved caption on the leaf; Gould's text and synonymy; crosswalk; pinned in Featherframe (gould_australia.yaml)
III,34,,Noisy Brush-bird,Atrichia clamosa,Atrichornis clamosus,Noisy Scrub-bird,nosbir1,eBird/Clements 2025,Q935356,2495098,D3A5B3171909EBB1,Atrichornis clamosus_Noisy Scrub-bird,,high,yes,Noisy Scrub-bird,List of Plates (vol. III); engraved caption on the leaf; Gould's text and synonymy; crosswalk; pinned in Featherframe (gould_australia.yaml)
III,35,,Tawny Sphenœacus,Sphenoeacus galactotes,Cincloramphus timoriensis,Tawny Grassbird,tawgra3,eBird/Clements 2025,Q1591347,9787200,55BCBFAFE7888569,Cincloramphus timoriensis_Tawny Grassbird,,high,yes,Sphenoeacus galactotes = Tawny Grassbird,List of Plates (vol. III); engraved caption on the leaf; Gould's text and synonymy; crosswalk; pinned in Featherframe (gould_australia.yaml)
III,36,,Grass-loving Sphenœacus,Sphenoeacus gramineus,Poodytes gramineus,Little Grassbird,litgra1,eBird/Clements 2025,Q28856991,5231388,297C0D493BACFD92,Poodytes gramineus_Little Grassbird,,high,yes,Little Grassbird,List of Plates (vol. III); engraved caption on the leaf; Gould's text and synonymy; crosswalk; pinned in Featherframe (gould_australia.yaml)
III,37,,Reed Warbler,Acrocephalus Australis,Acrocephalus australis,Australian Reed Warbler,aurwar1,eBird/Clements 2025,Q1258056,5231325,BE5B70083567059A,Acrocephalus australis_Australian Reed Warbler,,high,yes,Australian Reed Warbler,List of Plates (vol. III); engraved caption on the leaf; Gould's text and synonymy; crosswalk; pinned in Featherframe (gould_australia.yaml)
III,38,,Long-billed Reed Warbler,Acrocephalus longirostris,Acrocephalus australis,Australian Reed Warbler,aurwar1,eBird/Clements 2025,Q1258056,5231325,BE5B70083567059A,Acrocephalus australis_Australian Reed Warbler,subspecies,high,yes,Gould's Calamoherpe longirostris (Perth reed-beds) = the Western Australian race gouldi of Australian Reed Warbler.,List of Plates (vol. III); engraved caption on the leaf; Gould's text and synonymy; crosswalk
III,39,,Red-rumped Wren,Hylacola pyrrhopygia,Hylacola pyrrhopygia,Chestnut-rumped Heathwren,chrhea1,eBird/Clements 2025,Q27075266,4846335,61C34487ED62CE97,,,high,yes,Chestnut-rumped Heathwren; not in BirdNET,List of Plates (vol. III); engraved caption on the leaf; Gould's text and synonymy; crosswalk
III,40,,Cautious Wren,Hylacola cauta,Hylacola cauta,Shy Heathwren,shyhea1,eBird/Clements 2025,Q27075267,4846336,6F9A44BCD87F486C,Hylacola cauta_Shy Heathwren,,high,yes,Shy Heathwren,List of Plates (vol. III); engraved caption on the leaf; Gould's text and synonymy; crosswalk; pinned in Featherframe (gould_australia.yaml)
III,41,,Great Warbler,Cysticola magna,Cisticola chiniana,Rattling Cisticola,ratcis1,eBird/Clements 2025,Q2225630,7340518,,Cisticola chiniana_Rattling Cisticola,subspecies,high,yes,"Gould's synonymy makes magna his Cysticola campestris (PZS 1845), the name of the Natal race of Rattling Cisticola, C. c. campestris. Strickland's single specimen had no locality and came in a 'general collection of Australian birds'. Sharpe (Cat. Birds BM vii) lists campestris and this plate under C. chiniana. It is an African bird.","List of Plates (vol. III); engraved caption on the leaf; Gould's text and synonymy; Sharpe, Cat. Birds BM vii; the plate"
III,42,,Exile Warbler,Cysticola exilis,Cisticola exilis,Golden-headed Cisticola,gohcis1,eBird/Clements 2025,Q795503,2492836,7CB5F8B89DB62D7B,Cisticola exilis_Golden-headed Cisticola,,high,yes,Golden-headed Cisticola,List of Plates (vol. III); engraved caption on the leaf; Gould's text and synonymy; crosswalk; pinned in Featherframe (gould_australia.yaml)
III,43,,Lineated Warbler,Cysticola lineocapilla,Cisticola exilis,Golden-headed Cisticola,gohcis1,eBird/Clements 2025,Q795503,2492836,7CB5F8B89DB62D7B,Cisticola exilis_Golden-headed Cisticola,subspecies,high,yes,Gould's Cysticola lineocapilla = the north-western race lineocapilla of Golden-headed Cisticola.,List of Plates (vol. III); engraved caption on the leaf; Gould's text and synonymy; crosswalk
III,44,,Square-tailed Warbler,Cysticola isura,Cisticola exilis,Golden-headed Cisticola,gohcis1,eBird/Clements 2025,Q795503,2492836,7CB5F8B89DB62D7B,Cisticola exilis_Golden-headed Cisticola,variant,high,yes,"Cysticola isura Gould (Liverpool Plains, Port Phillip; streaked crown, short square tail) is a Golden-headed Cisticola in streaked-crowned dress, which Gould suspected; a plumage state, not a taxon.","List of Plates (vol. III); engraved caption on the leaf; Gould's text and synonymy; Sharpe, Cat. Birds BM vii; the plate"
III,45,,Rufous-headed Warbler,Cysticola ruficeps,Cisticola exilis,Golden-headed Cisticola,gohcis1,eBird/Clements 2025,Q795503,2492836,7CB5F8B89DB62D7B,Cisticola exilis_Golden-headed Cisticola,variant,high,yes,"Cysticola ruficeps Gould (uniform rufous-fawn head; Liverpool Plains, Port Phillip, north coast) is the breeding male of the Golden-headed Cisticola, a plumage Gould took for a species.",List of Plates (vol. III); engraved caption on the leaf; Gould's text and synonymy; the plate
III,46,,Yellow-throated Sericornis,Sericornis citreogularis,Neosericornis citreogularis,Yellow-throated Scrubwren,yetscr1,eBird/Clements 2025,Q62454902,2486597,D51A7B9AE741EEB2,Sericornis citreogularis_Yellow-throated Scrubwren,,high,yes,Yellow-throated Scrubwren,List of Plates (vol. III); engraved caption on the leaf; Gould's text and synonymy; crosswalk; pinned in Featherframe (gould_australia.yaml)
III,47,,Sombre-coloured Sericornis,Sericornis humilis,Sericornis humilis,Tasmanian Scrubwren,tasscr1,eBird/Clements 2025,Q2223774,2486606,C9FE7134BECA24A2,Sericornis humilis_Tasmanian Scrubwren,,high,yes,Tasmanian Scrubwren,List of Plates (vol. III); engraved caption on the leaf; Gould's text and synonymy; crosswalk; pinned in Featherframe (gould_australia.yaml)
III,48,,Allied Sericornis,Sericornis osculans,Sericornis frontalis,White-browed Scrubwren,whbscr1,eBird/Clements 2025,Q997723,2486602,3E73B90778758708,Sericornis frontalis_White-browed Scrubwren,pre-split,judged,yes,"Gould's osculans from South Australia rests on intergrades between the Mt Lofty race rosinae, which eBird 2025 keeps in White-browed Scrubwren, and mellori of the Spotted Scrubwren (Schodde & Mason 1999). The plate's birds fall between the two, with throats streaked black but chest and flanks plain and no white tail tips, so it stands for the White-browed Scrubwren as it was before the split.","List of Plates (vol. III); engraved caption on the leaf; Gould's text; the plate, against III.49 and III.51; Dickinson & Christidis, H&M4 ii (2014), after Schodde & Mason 1999; Birds of the World"
III,49,,White-fronted Sericornis,Sericornis frontalis,Sericornis frontalis,White-browed Scrubwren,whbscr1,eBird/Clements 2025,Q997723,2486602,3E73B90778758708,Sericornis frontalis_White-browed Scrubwren,,high,yes,White-browed Scrubwren,List of Plates (vol. III); engraved caption on the leaf; Gould's text and synonymy; crosswalk; pinned in Featherframe (gould_australia.yaml)
III,50,,Buff-breasted Sericornis,Sericornis laevigaster,Sericornis frontalis,White-browed Scrubwren,whbscr1,eBird/Clements 2025,Q997723,2486602,3E73B90778758708,Sericornis frontalis_White-browed Scrubwren,subspecies,high,yes,"Gould's Sericornis laevigaster = Buff-breasted Scrubwren, the east-Queensland race of White-browed Scrubwren.",List of Plates (vol. III); engraved caption on the leaf; Gould's text and synonymy; crosswalk
III,51,,Spotted Sericornis,Sericornis maculatus,Sericornis maculatus,Spotted Scrubwren,whbscr3,eBird/Clements 2025,Q26934344,9090438,3F3B5BC60E6139DF,Sericornis frontalis_White-browed Scrubwren,,high,yes,maculatus Gould = Spotted Scrubwren; eBird 2025 splits it from White-browed Scrubwren; BirdNET lumps in White-browed Scrubwren,List of Plates (vol. III); engraved caption on the leaf; Gould's text and synonymy; crosswalk
III,52,,Large-billed Sericornis,Sericornis magnirostris,Sericornis magnirostra,Large-billed Scrubwren,labscr2,eBird/Clements 2025,Q2223735,7341498,6ECFB133EF2E60C6,Sericornis magnirostra_Large-billed Scrubwren,,high,yes,Large-billed Scrubwren,List of Plates (vol. III); engraved caption on the leaf; Gould's text and synonymy; crosswalk; pinned in Featherframe (gould_australia.yaml)
III,53,,Little Brown Acanthiza,Acanthiza pusilla,Acanthiza pusilla,Brown Thornbill,brotho1,eBird/Clements 2025,Q264390,5230402,8F6C8E9EC201F6D5,Acanthiza pusilla_Brown Thornbill,,high,yes,Brown Thornbill,List of Plates (vol. III); engraved caption on the leaf; Gould's text and synonymy; crosswalk; pinned in Featherframe (gould_australia.yaml)
III,54,,Tasmanian Acanthiza,Acanthiza Diemenensis,Acanthiza pusilla,Brown Thornbill,brotho1,eBird/Clements 2025,Q264390,5230402,8F6C8E9EC201F6D5,Acanthiza pusilla_Brown Thornbill,subspecies,high,yes,Gould's Acanthiza diemenensis = the Tasmanian race diemenensis of Brown Thornbill; the Tasmanian Thornbill is his ewingii (III.55).,List of Plates (vol. III); engraved caption on the leaf; Gould's text and synonymy; crosswalk
III,55,,Ewing’s Acanthiza,Acanthiza Ewingii,Acanthiza ewingii,Tasmanian Thornbill,tastho1,eBird/Clements 2025,Q481672,5230404,14B9284755AAB3CF,Acanthiza ewingii_Tasmanian Thornbill,,high,yes,Tasmanian Thornbill,List of Plates (vol. III); engraved caption on the leaf; Gould's text and synonymy; crosswalk; pinned in Featherframe (gould_australia.yaml)
III,56,,Chestnut-rumped Acanthiza,Acanthiza uropygialis,Acanthiza uropygialis,Chestnut-rumped Thornbill,chrtho1,eBird/Clements 2025,Q1300729,5230403,27F7E242B91684D2,Acanthiza uropygialis_Chestnut-rumped Thornbill,,high,yes,Chestnut-rumped Thornbill,List of Plates (vol. III); engraved caption on the leaf; Gould's text and synonymy; crosswalk; pinned in Featherframe (gould_australia.yaml)
III,57,,Western Acanthiza,Acanthiza apicalis,Acanthiza apicalis,Inland Thornbill,inltho1,eBird/Clements 2025,Q1301452,7341406,4413633D7302ECEE,Acanthiza apicalis_Inland Thornbill,,high,yes,Inland Thornbill,List of Plates (vol. III); engraved caption on the leaf; Gould's text and synonymy; crosswalk; pinned in Featherframe (gould_australia.yaml)
III,58,,Red-rumped Acanthiza,Acanthiza pyrrhopygia,Acanthiza apicalis,Inland Thornbill,inltho1,eBird/Clements 2025,Q1301452,7341406,4413633D7302ECEE,Acanthiza apicalis_Inland Thornbill,,high,yes,"pyrrhopygia Gould (Murray belts) = Inland Thornbill: rufous rump, a white-tipped tail cocked over the back, a throat scalloped black and reddish-brown irides. Gould compares it most nearly with apicalis. Chestnut-rumped has a pale eye and plain throat.",List of Plates (vol. III); engraved caption on the leaf; Gould's text and synonymy; the plate
III,59,,Plain-coloured Acanthiza,Acanthiza inornata,Acanthiza inornata,Western Thornbill,westho1,eBird/Clements 2025,Q1318200,5230408,6601168A1B3CCECF,Acanthiza inornata_Western Thornbill,,high,yes,Western Thornbill,List of Plates (vol. III); engraved caption on the leaf; Gould's text and synonymy; crosswalk; pinned in Featherframe (gould_australia.yaml)
III,60,,Little Acanthiza,Acanthiza nana,Acanthiza nana,Yellow Thornbill,yeltho1,eBird/Clements 2025,Q927380,5230410,D6D77AFA8F88D1EE,Acanthiza nana_Yellow Thornbill,,high,yes,Yellow Thornbill,List of Plates (vol. III); engraved caption on the leaf; Gould's text and synonymy; crosswalk; pinned in Featherframe (gould_australia.yaml)
III,61,,Striated Acanthiza,Acanthiza lineata,Acanthiza lineata,Striated Thornbill,strtho1,eBird/Clements 2025,Q1301469,5230401,D0A0845AEB53B7CE,Acanthiza lineata_Striated Thornbill,,high,yes,Striated Thornbill,List of Plates (vol. III); engraved caption on the leaf; Gould's text and synonymy; crosswalk; pinned in Featherframe (gould_australia.yaml)
III,62,,Regulus-like Acanthiza,Acanthiza Reguloides,Acanthiza reguloides,Buff-rumped Thornbill,burtho1,eBird/Clements 2025,Q1301064,5230407,7B1144C85E6A53B9,Acanthiza reguloides_Buff-rumped Thornbill,,high,yes,Buff-rumped Thornbill,List of Plates (vol. III); engraved caption on the leaf; Gould's text and synonymy; crosswalk; pinned in Featherframe (gould_australia.yaml)
III,63,,Yellow-rumped Acanthiza,Acanthiza chrysorrhoea,Acanthiza chrysorrhoa,Yellow-rumped Thornbill,yertho1,eBird/Clements 2025,Q1300214,5230400,B1B0E34392DDCE8B,Acanthiza chrysorrhoa_Yellow-rumped Thornbill,,high,yes,Yellow-rumped Thornbill,List of Plates (vol. III); engraved caption on the leaf; Gould's text and synonymy; crosswalk; pinned in Featherframe (gould_australia.yaml)
III,64,,White-fronted Ephthianura,Ephthianura albifrons,Epthianura albifrons,White-fronted Chat,whfcha1,eBird/Clements 2025,Q941879,2487110,54C1FDE5D8CB60AA,,,high,yes,White-fronted Chat; not in BirdNET,List of Plates (vol. III); engraved caption on the leaf; Gould's text and synonymy; crosswalk
III,65,,Orange-fronted Ephthianura,Ephthianura aurifrons,Epthianura aurifrons,Orange Chat,oracha1,eBird/Clements 2025,Q255183,2487108,,,,high,yes,Orange Chat; not in BirdNET,List of Plates (vol. III); engraved caption on the leaf; Gould's text and synonymy; crosswalk
III,66,,Tri-coloured Ephthianura,Ephthianura tricolor,Epthianura tricolor,Crimson Chat,cricha1,eBird/Clements 2025,Q1059525,2487109,6A8D3C1E2C7B2D3B,Epthianura tricolor_Crimson Chat,,high,yes,Crimson Chat,List of Plates (vol. III); engraved caption on the leaf; Gould's text and synonymy; crosswalk; pinned in Featherframe (gould_australia.yaml)
III,67,,White-faced Xerophila,Xerophila leucopsis,Aphelocephala leucopsis,Southern Whiteface,souwhi1,eBird/Clements 2025,Q1301085,2486544,AAEA810D8B5C64A5,Aphelocephala leucopsis_Southern Whiteface,,high,yes,Southern Whiteface,List of Plates (vol. III); engraved caption on the leaf; Gould's text and synonymy; crosswalk; pinned in Featherframe (gould_australia.yaml)
III,68,,Brown Red-throat,Pyrrholaemus brunneus,Pyrrholaemus brunneus,Redthroat,redthr1,eBird/Clements 2025,Q1310023,2486589,,Pyrrholaemus brunneus_Redthroat,,high,yes,Redthroat,List of Plates (vol. III); engraved caption on the leaf; Gould's text and synonymy; crosswalk; pinned in Featherframe (gould_australia.yaml)
III,69,,Rock-Warbler,Origma rubricata,Origma solitaria,Rockwarbler,rocwar1,eBird/Clements 2025,Q1587691,2486593,C2591EC18FA76F28,,,high,yes,rubricata = Rockwarbler; not in BirdNET,List of Plates (vol. III); engraved caption on the leaf; Gould's text and synonymy; crosswalk
III,70,,Striated Reed-Lark,Calamanthus fuliginosus,Calamanthus fuliginosus,Striated Fieldwren,strfie1,eBird/Clements 2025,Q1310968,2486611,,Calamanthus fuliginosus_Striated Fieldwren,,high,yes,Striated Fieldwren,List of Plates (vol. III); engraved caption on the leaf; Gould's text and synonymy; crosswalk; pinned in Featherframe (gould_australia.yaml)
III,71,,Field Reed-Lark,Calamanthus campestris,Calamanthus campestris,Rufous Fieldwren,ruffie2,eBird/Clements 2025,Q1309980,2486612,,,,high,yes,Rufous Fieldwren; not in BirdNET,List of Plates (vol. III); engraved caption on the leaf; Gould's text and synonymy; crosswalk
III,72,,Little Chthonicola,Chthonicola minima,Pyrrholaemus sagittatus,Speckled Warbler,spewar3,eBird/Clements 2025,Q602401,4846358,,Pyrrholaemus sagittatus_Speckled Warbler,,high,yes,Chthonicola minima = Speckled Warbler,List of Plates (vol. III); engraved caption on the leaf; Gould's text and synonymy; crosswalk; pinned in Featherframe (gould_australia.yaml)
III,73,,Australian Pipit,Anthus Australis,Anthus australis,Australian Pipit,auspip2,eBird/Clements 2025,Q3389034,4845761,E353F8BDCE85AA4E,Anthus novaeseelandiae_Australasian Pipit,,high,yes,Australian Pipit; BirdNET lumps in Australasian Pipit,List of Plates (vol. III); engraved caption on the leaf; Gould's text and synonymy; crosswalk; pinned in Featherframe (gould_australia.yaml)
III,74,,Brown Cincloramphus,Cincloramphus cruralis,Cincloramphus cruralis,Brown Songlark,broson1,eBird/Clements 2025,Q2225404,5817098,E4A62726FBB17E9E,Cincloramphus cruralis_Brown Songlark,,high,yes,Brown Songlark,List of Plates (vol. III); engraved caption on the leaf; Gould's text and synonymy; crosswalk; pinned in Featherframe (gould_australia.yaml)
III,75,,Black-breasted Cincloramphus,Cincloramphus cantillans,Cincloramphus cruralis,Brown Songlark,broson1,eBird/Clements 2025,Q2225404,5817098,E4A62726FBB17E9E,Cincloramphus cruralis_Brown Songlark,variant,high,yes,"Cincloramphus cantillans Gould is the Brown Songlark: his figured Port Phillip birds are males in black-breasted summer dress and a female, smaller than his NSW cruralis.",List of Plates (vol. III); engraved caption on the leaf; Gould's text and synonymy; crosswalk
III,76,,Rufous-tinted Cincloramphus,Cincloramphus rufescens,Cincloramphus mathewsi,Rufous Songlark,rufson1,eBird/Clements 2025,Q1591354,7660361,D6C5E52E1415B8AB,Cincloramphus mathewsi_Rufous Songlark,,high,yes,rufescens = Rufous Songlark,List of Plates (vol. III); engraved caption on the leaf; Gould's text and synonymy; crosswalk; pinned in Featherframe (gould_australia.yaml)
III,77,,Horsfield’s Mirafra,Mirafra Horsfieldii,Mirafra javanica,Singing Bushlark,sinbus6,eBird/Clements 2025,Q1083050,2490585,5BFC242DE6E8C7E6,Mirafra javanica_Australasian Bushlark,subspecies,high,yes,Gould's Mirafra horsfieldii = the eastern Australian race horsfieldii of Singing Bushlark.,List of Plates (vol. III); engraved caption on the leaf; Gould's text and synonymy; crosswalk; pinned in Featherframe (gould_australia.yaml)
III,78,,Fire-tailed Finch,Estrelda bella,Stagonopleura bella,Beautiful Firetail,beafir1,eBird/Clements 2025,Q1092100,2493731,82ABFD7FC7FDD142,Stagonopleura bella_Beautiful Firetail,,high,yes,Beautiful Firetail,List of Plates (vol. III); engraved caption on the leaf; Gould's text and synonymy; crosswalk; pinned in Featherframe (gould_australia.yaml)
III,79,,Red-eared Finch,Estrelda oculea,Stagonopleura oculata,Red-eared Firetail,reefir1,eBird/Clements 2025,Q1302526,2493732,AA0BCF4A7A3422A0,,,high,yes,Red-eared Firetail; not in BirdNET,List of Plates (vol. III); engraved caption on the leaf; Gould's text and synonymy; crosswalk
III,80,,Bicheno’s Finch,Estrelda Bichenovii,Stizoptera bichenovii,Double-barred Finch,dobfin1,eBird/Clements 2025,Q927133,2493634,,Stizoptera bichenovii_Double-barred Finch,,high,yes,Double-barred Finch,List of Plates (vol. III); engraved caption on the leaf; Gould's text and synonymy; crosswalk; pinned in Featherframe (gould_australia.yaml)
III,81,,Black-rumped Finch,Estrelda annulosa,Stizoptera bichenovii,Double-barred Finch,dobfin1,eBird/Clements 2025,Q927133,2493634,,Stizoptera bichenovii_Double-barred Finch,subspecies,high,yes,Gould's Estrelda annulosa = the black-rumped northern race annulosa of Double-barred Finch.,List of Plates (vol. III); engraved caption on the leaf; Gould's text and synonymy; crosswalk
III,82,,Red-eyebrowed Finch,Estrelda temporalis,Neochmia temporalis,Red-browed Firetail,rebfir1,eBird/Clements 2025,Q693154,2493737,4359B5033F02EB92,Neochmia temporalis_Red-browed Firetail,,high,yes,Red-browed Firetail,List of Plates (vol. III); engraved caption on the leaf; Gould's text and synonymy; crosswalk; pinned in Featherframe (gould_australia.yaml)
III,83,,Crimson Finch,Estrelda Phaeton,Neochmia phaeton,Crimson Finch,crifin1,eBird/Clements 2025,Q1087738,2493738,F8A8E284C3404C59,Neochmia phaeton_Crimson Finch,,high,yes,Crimson Finch,List of Plates (vol. III); engraved caption on the leaf; Gould's text and synonymy; crosswalk; pinned in Featherframe (gould_australia.yaml)
III,84,,Red-tailed Finch,Estrelda ruficauda,Emblema ruficauda,Star Finch,stafin1,eBird/Clements 2025,Q138011744,2493739,FC54497E5829087B,,,high,yes,Star Finch; not in BirdNET,List of Plates (vol. III); engraved caption on the leaf; Gould's text and synonymy; crosswalk
III,85,,Plain-coloured Finch,Amadina modesta,Emblema modestum,Plum-headed Finch,plhfin1,eBird/Clements 2025,Q138020531,2493740,80FEE3DC7BA0CE6C,,,high,yes,Plum-headed Finch; not in BirdNET,List of Plates (vol. III); engraved caption on the leaf; Gould's text and synonymy; crosswalk
III,86,,Spotted-sided Finch,Amadina Lathamii,Stagonopleura guttata,Diamond Firetail,diafir1,eBird/Clements 2025,Q1208585,2493733,00AF5DA11F1AF4C7,,,high,yes,lathamii = Diamond Firetail; not in BirdNET,List of Plates (vol. III); engraved caption on the leaf; Gould's text and synonymy; crosswalk
III,87,,Chestnut-eared Finch,Amadina castanotis,Taeniopygia guttata,Zebra Finch,zebfin2,eBird/Clements 2025,Q331065,2493633,C532D642209C9DF7,Taeniopygia guttata_Zebra Finch,subspecies,high,yes,"Gould's Amadina castanotis = the Australian race castanotis of Zebra Finch, which eBird 2025 keeps in Zebra Finch.",List of Plates (vol. III); engraved caption on the leaf; Gould's text and synonymy; crosswalk; pinned in Featherframe (gould_australia.yaml)
III,88,,Gouldian Finch,Amadina Gouldiae,Chloebia gouldiae,Gouldian Finch,goufin3,eBird/Clements 2025,Q752146,5789080,886A8AB70ABE8AD0,,,high,yes,Gouldian Finch; not in BirdNET,List of Plates (vol. III); engraved caption on the leaf; Gould's text and synonymy; crosswalk
III,89,,Beautiful Grass Finch,Poephila mirabilis,Chloebia gouldiae,Gouldian Finch,goufin3,eBird/Clements 2025,Q752146,5789080,886A8AB70ABE8AD0,,variant,high,yes,"Poephila mirabilis Hombron & Jacquinot is the red-headed morph of the Gouldian Finch, Chloebia gouldiae.",List of Plates (vol. III); engraved caption on the leaf; Gould's text and synonymy; crosswalk
III,90,,Long-tailed Grass Finch,Poephila acuticauda,Poephila acuticauda,Long-tailed Finch,lotfin1,eBird/Clements 2025,Q978619,5231425,1C1BB52BA8B273D5,,,high,yes,Long-tailed Finch; not in BirdNET,List of Plates (vol. III); engraved caption on the leaf; Gould's text and synonymy; crosswalk
III,91,,Masked Grass Finch,Poephila personata,Poephila personata,Masked Finch,masfin1,eBird/Clements 2025,Q516793,5231423,6642D95D534720EF,,,high,yes,Masked Finch; not in BirdNET,List of Plates (vol. III); engraved caption on the leaf; Gould's text and synonymy; crosswalk
III,92,,White-eared Grass Finch,Poephila leucotis,Poephila personata,Masked Finch,masfin1,eBird/Clements 2025,Q516793,5231423,6642D95D534720EF,,subspecies,high,yes,Gould's Poephila leucotis = the Cape York race leucotis of Masked Finch.,List of Plates (vol. III); engraved caption on the leaf; Gould's text and synonymy; crosswalk
III,93,,Banded Grass Finch,Poephila cincta,Poephila cincta,Black-throated Finch,bltfin1,eBird/Clements 2025,Q767084,5231424,72840F177B3A5AA2,,,high,yes,Black-throated Finch; not in BirdNET,List of Plates (vol. III); engraved caption on the leaf; Gould's text and synonymy; crosswalk
III,94,,Chestnut-breasted Finch,Donacola castaneothorax,Lonchura castaneothorax,Chestnut-breasted Munia,chbmun1,eBird/Clements 2025,Q790687,2493615,468F5860138D1FF6,Lonchura castaneothorax_Chestnut-breasted Munia,,high,yes,Chestnut-breasted Munia,List of Plates (vol. III); engraved caption on the leaf; Gould's text and synonymy; crosswalk; pinned in Featherframe (gould_australia.yaml)
III,95,,White-breasted Finch,Donacola pectoralis,Heteromunia pectoralis,Pictorella Munia,picmun1,eBird/Clements 2025,Q997562,2493649,E6B72B68DBDE3994,,,high,yes,Pictorella Munia; not in BirdNET,List of Plates (vol. III); engraved caption on the leaf; Gould's text and synonymy; crosswalk
III,96,,Yellow-rumped Finch,Donacola flaviprymna,Lonchura flaviprymna,Yellow-rumped Munia,yermun1,eBird/Clements 2025,Q1302506,2493630,E3DD5ABD82DFC7E9,,,high,yes,Yellow-rumped Munia; not in BirdNET,List of Plates (vol. III); engraved caption on the leaf; Gould's text and synonymy; crosswalk
III,97,,Painted Finch,Emblema picta,Emblema pictum,Painted Firetail,paifir1,eBird/Clements 2025,Q1000977,5231426,AA669EFC297C79EE,,,high,yes,Painted Firetail; not in BirdNET,List of Plates (vol. III); engraved caption on the leaf; Gould's text and synonymy; crosswalk
IV,1,,Noisy Pitta,Pitta strepitans,Pitta versicolor,Noisy Pitta,noipit1,eBird/Clements 2025,Q605526,2489546,1A23027EB5B7F072,Pitta versicolor_Noisy Pitta,,high,yes,strepitans = Noisy Pitta,List of Plates (vol. IV); engraved caption on the leaf; Gould's text and synonymy; crosswalk; pinned in Featherframe (gould_australia.yaml)
IV,2,,Vigors’ Pitta,Pitta Vigorsii,Pitta vigorsii,Banda Sea Pitta,elepit6,eBird/Clements 2025,Q41014187,9165461,,,,high,yes,"Pitta vigorsii Gould, from one Linnean Society skin with no locality, is the type of the Banda Sea Pitta. eBird 2025 splits it from Elegant Pitta. The figure has the white throat and the thin grey-green stripe from the nostrils round the crown.",List of Plates (vol. IV); engraved caption on the leaf; Gould's text and synonymy; the plate
IV,3,,Rainbow Pitta,Pitta Iris,Pitta iris,Rainbow Pitta,raipit1,eBird/Clements 2025,Q262493,2489554,91D7118729751991,,,high,yes,Rainbow Pitta; not in BirdNET,List of Plates (vol. IV); engraved caption on the leaf; Gould's text and synonymy; crosswalk
IV,4,,Spotted Ground-Thrush,Cinclosoma punctatum,Cinclosoma punctatum,Spotted Quail-thrush,spqthr1,eBird/Clements 2025,Q1305650,2495063,074664712550DFE6,Cinclosoma punctatum_Spotted Quail-thrush,,high,yes,Spotted Quail-thrush,List of Plates (vol. IV); engraved caption on the leaf; Gould's text and synonymy; crosswalk; pinned in Featherframe (gould_australia.yaml)
IV,5,,Chestnut-backed Ground-Thrush,Cinclosoma castanotus,Cinclosoma castanotum,Chestnut Quail-thrush,chequt1,eBird/Clements 2025,Q27075283,7341076,602C7CA70398A46A,,,high,yes,Chestnut Quail-thrush; not in BirdNET,List of Plates (vol. IV); engraved caption on the leaf; Gould's text and synonymy; crosswalk
IV,6,,Cinnamon-coloured Cinclosoma,Cinclosoma cinnamomeus,Cinclosoma cinnamomeum,Cinnamon Quail-thrush,ciqthr1,eBird/Clements 2025,Q1306508,2495065,BA3865DD41240136,,,high,yes,Cinnamon Quail-thrush; not in BirdNET,List of Plates (vol. IV); engraved caption on the leaf; Gould's text and synonymy; crosswalk
IV,7,,Mountain Thrush,Oreocincla lunulata,Zoothera lunulata,Bassian Thrush,oltthr1,eBird/Clements 2025,Q368710,2490897,34226B9DF98FACA5,Zoothera lunulata_Bassian Thrush,,high,yes,TRAP: Oreocincla lunulata 'Mountain Thrush' = Bassian Thrush; draft's Turdus plebejus is the Central American Mountain Thrush,List of Plates (vol. IV); engraved caption on the leaf; Gould's text and synonymy; crosswalk; pinned in Featherframe (gould_australia.yaml)
IV,8,,Spotted Bower-Bird,Chlamydera maculata,Chlamydera maculata,Spotted Bowerbird,spobow1,eBird/Clements 2025,Q934147,2494820,2F763AC693DFE10E,Chlamydera maculata_Spotted Bowerbird,,high,yes,Spotted Bowerbird,List of Plates (vol. IV); engraved caption on the leaf; Gould's text and synonymy; crosswalk
IV,9,,Great Bower-Bird,Chlamydera nuchalis,Chlamydera nuchalis,Great Bowerbird,grebow1,eBird/Clements 2025,Q1077705,2494825,0F4DA8F3F7DEB379,Chlamydera nuchalis_Great Bowerbird,,high,yes,Great Bowerbird,List of Plates (vol. IV); engraved caption on the leaf; Gould's text and synonymy; crosswalk; pinned in Featherframe (gould_australia.yaml)
IV,10,,Satin Bower-Bird,Ptilonorhynchus holosericeus,Ptilonorhynchus violaceus,Satin Bowerbird,satbow1,eBird/Clements 2025,Q585670,5231665,5CF4CE65C81103B7,Ptilonorhynchus violaceus_Satin Bowerbird,,high,yes,holosericeus = Satin Bowerbird,List of Plates (vol. IV); engraved caption on the leaf; Gould's text and synonymy; crosswalk
IV,11,,Cat Bird,Ptilonorhynchus Smithii,Ailuroedus crassirostris,Green Catbird,grecat1,eBird/Clements 2025,Q1190005,2494800,E4883000B48982AE,Ailuroedus crassirostris_Green Catbird,,high,yes,Ptilonorhynchus smithii = Green Catbird,List of Plates (vol. IV); engraved caption on the leaf; Gould's text and synonymy; crosswalk; pinned in Featherframe (gould_australia.yaml)
IV,12,,Regent Bird,Sericulus chrysocephalus,Sericulus chrysocephalus,Regent Bowerbird,regbow1,eBird/Clements 2025,Q853470,2494814,64F67694C0438F02,,,high,yes,Regent Bowerbird; not in BirdNET,List of Plates (vol. IV); engraved caption on the leaf; Gould's text and synonymy; crosswalk
IV,13,,New South Wales Oriole,Oriolus viridis,Oriolus sagittatus,Olive-backed Oriole,olbori1,eBird/Clements 2025,Q1591161,2488959,068516BB33E7967E,Oriolus sagittatus_Olive-backed Oriole,,high,yes,viridis = Olive-backed Oriole,List of Plates (vol. IV); engraved caption on the leaf; Gould's text and synonymy; crosswalk; pinned in Featherframe (gould_australia.yaml)
IV,14,,Crescent-marked Oriole,Oriolus flavo-cinctus,Oriolus flavocinctus,Green Oriole,greori1,eBird/Clements 2025,Q603910,2488973,37DF1792702A4B8F,Oriolus flavocinctus_Green Oriole,,high,yes,Green Oriole,List of Plates (vol. IV); engraved caption on the leaf; Gould's text and synonymy; crosswalk; pinned in Featherframe (gould_australia.yaml)
IV,15,,Australian Sphecotheres,Sphecotheres Australis,Sphecotheres vieilloti,Australasian Figbird,ausfig1,eBird/Clements 2025,Q1588820,7340924,,Sphecotheres vieilloti_Australasian Figbird,,high,yes,australis = Australasian Figbird,List of Plates (vol. IV); engraved caption on the leaf; Gould's text and synonymy; crosswalk; pinned in Featherframe (gould_australia.yaml)
IV,16,,White-winged Chough,Corcorax leucopterus,Corcorax melanorhamphos,White-winged Chough,whwcho1,eBird/Clements 2025,Q971196,5845081,D7FD304672C53542,Corcorax melanorhamphos_White-winged Chough,,high,yes,leucopterus = White-winged Chough,List of Plates (vol. IV); engraved caption on the leaf; Gould's text and synonymy; crosswalk; pinned in Featherframe (gould_australia.yaml)
IV,17,,Grey Struthidea,Struthidea cinerea,Struthidea cinerea,Apostlebird,apostl1,eBird/Clements 2025,Q1049598,2494854,5811EC08B69173C1,Struthidea cinerea_Apostlebird,,high,yes,Apostlebird,List of Plates (vol. IV); engraved caption on the leaf; Gould's text and synonymy; crosswalk; pinned in Featherframe (gould_australia.yaml)
IV,18,,White-eyed Crow,Corvus Coronoides,Corvus tasmanicus,Forest Raven,forrav1,eBird/Clements 2025,Q1299780,2482522,E247310C6D9588EC,Corvus tasmanicus_Forest Raven,,judged,yes,"Gould's Corvus coronoides covered every Australian corvid, but he writes that the plate represents a male killed in Van Diemen's Land, where the Forest Raven is the only corvid, and the figure's massive, deep bill is the Forest Raven's. Its throat hackle is a ruff of pointed feathers, not the Australian Raven's long beard, and Forest Ravens have hackles too, so the drawing does not outweigh the specimen's stated locality.",List of Plates (vol. IV); engraved caption on the leaf; Gould's text; the plate; sources/doubtful-decisions.csv
IV,19,,Gould’s Neomorpha,Neomorpha Gouldii,Heteralocha acutirostris,Huia,huia1,eBird/Clements 2025,Q285008,2484498,,,,high,yes,Neomorpha gouldii = Huia (extinct); not in BirdNET,List of Plates (vol. IV); engraved caption on the leaf; Gould's text and synonymy; crosswalk
IV,20,,Temporal Pomatorhinus,Pomatorhinus temporalis,Pomatostomus temporalis,Gray-crowned Babbler,gycbab1,eBird/Clements 2025,Q903035,2492269,B783AA95BBE71F78,Pomatostomus temporalis_Gray-crowned Babbler,,high,yes,Grey-crowned Babbler,List of Plates (vol. IV); engraved caption on the leaf; Gould's text and synonymy; crosswalk; pinned in Featherframe (gould_australia.yaml)
IV,21,,Red-breasted Pomatorhinus,Pomatorhinus rubeculus,Pomatostomus temporalis,Gray-crowned Babbler,gycbab1,eBird/Clements 2025,Q903035,2492269,B783AA95BBE71F78,Pomatostomus temporalis_Gray-crowned Babbler,subspecies,high,yes,"Gould's Pomatorhinus rubeculus, of northern Australia (Cobourg Peninsula), = the red-breasted northern race rubeculus of Gray-crowned Babbler.",List of Plates (vol. IV); engraved caption on the leaf; Gould's text and synonymy; crosswalk
IV,22,,White-eyebrowed Pomatorhinus,Pomatorhinus superciliosus,Pomatostomus superciliosus,White-browed Babbler,whbbab3,eBird/Clements 2025,Q537408,2492266,F21DB41DB02FF15A,Pomatostomus superciliosus_White-browed Babbler,,high,yes,White-browed Babbler,List of Plates (vol. IV); engraved caption on the leaf; Gould's text and synonymy; crosswalk; pinned in Featherframe (gould_australia.yaml)
IV,23,,New Holland Honey-eater,Meliphaga Novae-Hollandiae,Phylidonyris novaehollandiae,New Holland Honeyeater,nehhon2,eBird/Clements 2025,Q380225,2487015,DF9A1A25DF97BDB8,Phylidonyris novaehollandiae_New Holland Honeyeater,,high,yes,New Holland Honeyeater,List of Plates (vol. IV); engraved caption on the leaf; Gould's text and synonymy; crosswalk; pinned in Featherframe (gould_australia.yaml)
IV,24,,Long-billed Honey-eater,Meliphaga longirostris,Phylidonyris novaehollandiae,New Holland Honeyeater,nehhon2,eBird/Clements 2025,Q380225,2487015,DF9A1A25DF97BDB8,Phylidonyris novaehollandiae_New Holland Honeyeater,subspecies,high,yes,"Gould's Meliphaga longirostris, of Western Australia, = the SW race longirostris of New Holland Honeyeater.",List of Plates (vol. IV); engraved caption on the leaf; Gould's text and synonymy; crosswalk
IV,25,,White-cheeked Honey-eater,Meliphaga sericea,Phylidonyris niger,White-cheeked Honeyeater,whchon2,eBird/Clements 2025,Q1310316,2487006,F7513719CE199195,Phylidonyris niger_White-cheeked Honeyeater,,high,yes,sericea = White-cheeked Honeyeater,List of Plates (vol. IV); engraved caption on the leaf; Gould's text and synonymy; crosswalk; pinned in Featherframe (gould_australia.yaml)
IV,26,,Moustached Honey-eater,Meliphaga mystacalis,Phylidonyris niger,White-cheeked Honeyeater,whchon2,eBird/Clements 2025,Q1310316,2487006,F7513719CE199195,Phylidonyris niger_White-cheeked Honeyeater,subspecies,high,yes,"Gould's Meliphaga mystacalis, of Swan River, = the WA race gouldii of White-cheeked Honeyeater.",List of Plates (vol. IV); engraved caption on the leaf; Gould's text and synonymy; crosswalk
IV,27,,Tasmanian Honey-eater,Meliphaga Australasiana,Phylidonyris pyrrhopterus,Crescent Honeyeater,crehon2,eBird/Clements 2025,Q1300521,2487011,220D80CB889163FC,Phylidonyris pyrrhopterus_Crescent Honeyeater,,high,yes,australasiana = Crescent Honeyeater,List of Plates (vol. IV); engraved caption on the leaf; Gould's text and synonymy; crosswalk; pinned in Featherframe (gould_australia.yaml)
IV,28,,Fulvous-fronted Honey-eater,Glyciphila fulvifrons,Gliciphila melanops,Tawny-crowned Honeyeater,tachon1,eBird/Clements 2025,Q775477,2487161,AD945C6ECD84F40B,Gliciphila melanops_Tawny-crowned Honeyeater,,high,yes,fulvifrons = Tawny-crowned Honeyeater,List of Plates (vol. IV); engraved caption on the leaf; Gould's text and synonymy; crosswalk; pinned in Featherframe (gould_australia.yaml)
IV,29,,White-fronted Honey-eater,Glyciphila albifrons,Purnella albifrons,White-fronted Honeyeater,whfhon1,eBird/Clements 2025,Q589593,6094315,D1C0ED04C99C2135,Purnella albifrons_White-fronted Honeyeater,,high,yes,White-fronted Honeyeater,List of Plates (vol. IV); engraved caption on the leaf; Gould's text and synonymy; crosswalk; pinned in Featherframe (gould_australia.yaml)
IV,30,,Fasciated Honey-eater,Glyciphila fasciata,Ramsayornis fasciatus,Bar-breasted Honeyeater,babhon1,eBird/Clements 2025,Q910315,2486878,0ECD9105F00D7F6B,,,high,yes,Bar-breasted Honeyeater; not in BirdNET,List of Plates (vol. IV); engraved caption on the leaf; Gould's text and synonymy; crosswalk
IV,31,,Brown Honey-eater,Glyciphila ocularis,Lichmera indistincta,Brown Honeyeater,brohon1,eBird/Clements 2025,Q790624,2487341,7CF36CE07942A2F4,Lichmera indistincta_Brown Honeyeater,subspecies,high,yes,Gould's Glyciphila ocularis = Brown Honeyeater; his name is now the eastern Australian race ocularis.,List of Plates (vol. IV); engraved caption on the leaf; Gould's text and synonymy; crosswalk; pinned in Featherframe (gould_australia.yaml)
IV,32,,Yellow-eared Honey-eater,Ptilotis chrysotis,Meliphaga lewinii,Lewin's Honeyeater,lewhon1,eBird/Clements 2025,Q657063,2486847,1EDA991AEBC7D97D,Meliphaga lewinii_Lewin's Honeyeater,,high,yes,Ptilotis chrysotis = Lewin's Honeyeater,List of Plates (vol. IV); engraved caption on the leaf; Gould's text and synonymy; crosswalk; pinned in Featherframe (gould_australia.yaml)
IV,33,,Singing Honey-eater,Ptilotis sonorus,Gavicalis virescens,Singing Honeyeater,sinhon1,eBird/Clements 2025,Q27075251,7379258,ADF91F6088C8201F,Gavicalis virescens_Singing Honeyeater,subspecies,high,yes,Gould's Ptilotis sonorus = Singing Honeyeater; his name is now its SE Australian race sonorus.,List of Plates (vol. IV); engraved caption on the leaf; Gould's text and synonymy; crosswalk; pinned in Featherframe (gould_australia.yaml)
IV,34,,Varied Honey-eater,Ptilotis versicolor,Gavicalis versicolor,Varied Honeyeater,varhon1,eBird/Clements 2025,Q27075246,8323479,3C570F2E34611F85,,,high,yes,Varied Honeyeater; not in BirdNET,List of Plates (vol. IV); engraved caption on the leaf; Gould's text and synonymy; crosswalk
IV,35,,Yellow-throated Honey-eater,Ptilotis flavigula,Nesoptilotis flavicollis,Yellow-throated Honeyeater,yethon1,eBird/Clements 2025,Q1314908,4845479,CAD275574DDF9E18,Nesoptilotis flavicollis_Yellow-throated Honeyeater,,high,yes,flavigula = Yellow-throated Honeyeater,List of Plates (vol. IV); engraved caption on the leaf; Gould's text and synonymy; crosswalk; pinned in Featherframe (gould_australia.yaml)
IV,36,,White-eared Honey-eater,Ptilotis leucotis,Nesoptilotis leucotis,White-eared Honeyeater,whehon1,eBird/Clements 2025,Q27075225,7945392,6897E78D122E5D6F,Nesoptilotis leucotis_White-eared Honeyeater,,high,yes,White-eared Honeyeater,List of Plates (vol. IV); engraved caption on the leaf; Gould's text and synonymy; crosswalk; pinned in Featherframe (gould_australia.yaml)
IV,37,,Yellow-tufted Honey-eater,Ptilotis auricomis,Lichenostomus melanops,Yellow-tufted Honeyeater,yethon3,eBird/Clements 2025,Q3179459,2486903,,Lichenostomus melanops_Yellow-tufted Honeyeater,,high,yes,auricomis = Yellow-tufted Honeyeater,List of Plates (vol. IV); engraved caption on the leaf; Gould's text and synonymy; crosswalk; pinned in Featherframe (gould_australia.yaml)
IV,38,,Wattle-cheeked Honey-eater,Ptilotis cratitius,Lichenostomus cratitius,Purple-gaped Honeyeater,pughon1,eBird/Clements 2025,Q854690,2486880,,Lichenostomus cratitius_Purple-gaped Honeyeater,,high,yes,Purple-gaped Honeyeater,List of Plates (vol. IV); engraved caption on the leaf; Gould's text and synonymy; crosswalk; pinned in Featherframe (gould_australia.yaml)
IV,39,,Graceful Honey-eater,Ptilotis ornatus,Ptilotula ornata,Yellow-plumed Honeyeater,yephon1,eBird/Clements 2025,Q27075260,7823655,E03A81FFFB97A884,Ptilotula ornata_Yellow-plumed Honeyeater,,high,yes,Yellow-plumed Honeyeater,List of Plates (vol. IV); engraved caption on the leaf; Gould's text and synonymy; crosswalk; pinned in Featherframe (gould_australia.yaml)
IV,40,,Plumed Honey-eater,Ptilotis plumulus,Ptilotula plumula,Gray-fronted Honeyeater,gyfhon1,eBird/Clements 2025,Q27075257,7951024,699EC869A1BA5C85,,,high,yes,Grey-fronted Honeyeater; not in BirdNET,List of Plates (vol. IV); engraved caption on the leaf; Gould's text and synonymy; crosswalk
IV,41,,Yellow-tinted Honey-eater,Ptilotis flavescens,Ptilotula flavescens,Yellow-tinted Honeyeater,yethon2,eBird/Clements 2025,Q27075252,8246128,479EEC1668C6150F,,,high,yes,Yellow-tinted Honeyeater; not in BirdNET,List of Plates (vol. IV); engraved caption on the leaf; Gould's text and synonymy; crosswalk
IV,42,,Yellow Honey-eater,Ptilotis flava,Stomiopera flava,Yellow Honeyeater,yelhon1,eBird/Clements 2025,Q27075242,8141498,6482984657D53903,,,high,yes,Yellow Honeyeater; not in BirdNET,List of Plates (vol. IV); engraved caption on the leaf; Gould's text and synonymy; crosswalk
IV,43,,White-plumed Honey-eater,Ptilotis penicillatus,Ptilotula penicillata,White-plumed Honeyeater,whphon1,eBird/Clements 2025,Q27075261,7878644,CE7BDFB9D061E80F,Ptilotula penicillata_White-plumed Honeyeater,,high,yes,White-plumed Honeyeater,List of Plates (vol. IV); engraved caption on the leaf; Gould's text and synonymy; crosswalk; pinned in Featherframe (gould_australia.yaml)
IV,44,,Fuscous Honey-eater,Ptilotis fusca,Ptilotula fusca,Fuscous Honeyeater,fushon1,eBird/Clements 2025,Q27075255,7868408,34CC9FA88D6BE5E0,Ptilotula fusca_Fuscous Honeyeater,,high,yes,Fuscous Honeyeater,List of Plates (vol. IV); engraved caption on the leaf; Gould's text and synonymy; crosswalk; pinned in Featherframe (gould_australia.yaml)
IV,45,,Yellow-faced Honey-eater,Ptilotis chrysops,Caligavis chrysops,Yellow-faced Honeyeater,yefhon1,eBird/Clements 2025,Q27075233,8197121,C6170551BD95ECFB,Caligavis chrysops_Yellow-faced Honeyeater,,high,yes,Yellow-faced Honeyeater,List of Plates (vol. IV); engraved caption on the leaf; Gould's text and synonymy; crosswalk; pinned in Featherframe (gould_australia.yaml)
IV,46,,Uniform Honey-eater,Ptilotis unicolor,Stomiopera unicolor,White-gaped Honeyeater,whghon1,eBird/Clements 2025,Q27075238,7465536,EC322B71D40D309E,Stomiopera unicolor_White-gaped Honeyeater,,high,yes,White-gaped Honeyeater,List of Plates (vol. IV); engraved caption on the leaf; Gould's text and synonymy; crosswalk; pinned in Featherframe (gould_australia.yaml)
IV,47,,Lanceolate Honey-eater,Plectorhyncha lanceolata,Plectorhyncha lanceolata,Striped Honeyeater,strhon1,eBird/Clements 2025,Q1093917,2487236,37E7828E4AF343CB,Plectorhyncha lanceolata_Striped Honeyeater,,high,yes,Striped Honeyeater,List of Plates (vol. IV); engraved caption on the leaf; Gould's text and synonymy; crosswalk; pinned in Featherframe (gould_australia.yaml)
IV,48,,Warty-faced Honey-eater,Zanthomyza Phrygia,Anthochaera phrygia,Regent Honeyeater,reghon1,eBird/Clements 2025,Q277355,6094180,1C525B4A4806AEB6,Anthochaera phrygia_Regent Honeyeater,,high,yes,Zanthomyza = Regent Honeyeater,List of Plates (vol. IV); engraved caption on the leaf; Gould's text and synonymy; crosswalk; pinned in Featherframe (gould_australia.yaml)
IV,49,,Pied Honey-eater,Melicophila picata,Certhionyx variegatus,Pied Honeyeater,piehon1,eBird/Clements 2025,Q900384,2486989,D6C393ECAFF518E7,Certhionyx variegatus_Pied Honeyeater,,high,yes,Melicophila picata = Pied Honeyeater,List of Plates (vol. IV); engraved caption on the leaf; Gould's text and synonymy; crosswalk; pinned in Featherframe (gould_australia.yaml)
IV,50,,Painted Honey-eater,Entomophila picta,Grantiella picta,Painted Honeyeater,paihon1,eBird/Clements 2025,Q590704,2487132,56DDD0967C9EA91A,Grantiella picta_Painted Honeyeater,,high,yes,Painted Honeyeater,List of Plates (vol. IV); engraved caption on the leaf; Gould's text and synonymy; crosswalk; pinned in Featherframe (gould_australia.yaml)
IV,51,,White-throated Honey-eater,Entomophila albogularis,Conopophila albogularis,Rufous-banded Honeyeater,rubhon2,eBird/Clements 2025,Q915993,2486946,F2B727430171F629,Conopophila albogularis_Rufous-banded Honeyeater,,high,yes,"TRAP: Entomophila albogularis Gould 'White-throated Honey-eater' = Rufous-banded Honeyeater, not Melithreptus albogularis (plate IV.74)",List of Plates (vol. IV); engraved caption on the leaf; Gould's text and synonymy; crosswalk; pinned in Featherframe (gould_australia.yaml)
IV,52,,Red-throated Honey-eater,Entomophila rufogularis,Conopophila rufogularis,Rufous-throated Honeyeater,ruthon1,eBird/Clements 2025,Q910797,2486944,D06D43691E692E38,,,high,yes,Rufous-throated Honeyeater; not in BirdNET,List of Plates (vol. IV); engraved caption on the leaf; Gould's text and synonymy; crosswalk
IV,53,,Spiny-cheeked Honey-eater,Acanthogenys rufogularis,Acanthagenys rufogularis,Spiny-cheeked Honeyeater,spchon1,eBird/Clements 2025,Q1082895,2487054,BFB1C22E3E0ED8C7,Acanthagenys rufogularis_Spiny-cheeked Honeyeater,,high,yes,Spiny-cheeked Honeyeater,List of Plates (vol. IV); engraved caption on the leaf; Gould's text and synonymy; crosswalk; pinned in Featherframe (gould_australia.yaml)
IV,54,,Great Wattled Honey-eater,Anthochaera inauris,Anthochaera paradoxa,Yellow Wattlebird,yelwat1,eBird/Clements 2025,Q226136,2487141,3A72B910B2911D69,Anthochaera paradoxa_Yellow Wattlebird,,high,yes,inauris = Yellow Wattlebird,List of Plates (vol. IV); engraved caption on the leaf; Gould's text and synonymy; crosswalk; pinned in Featherframe (gould_australia.yaml)
IV,55,,Wattled Honey-eater,Anthochaera carunculata,Anthochaera carunculata,Red Wattlebird,redwat1,eBird/Clements 2025,Q607540,2487144,F8C0016A748A6CAD,Anthochaera carunculata_Red Wattlebird,,high,yes,Red Wattlebird,List of Plates (vol. IV); engraved caption on the leaf; Gould's text and synonymy; crosswalk; pinned in Featherframe (gould_australia.yaml)
IV,56,,Brush Wattle-Bird,Anthochaera mellivora,Anthochaera chrysoptera,Little Wattlebird,bruwat1,eBird/Clements 2025,Q1588271,2487149,4D80389DFE71F964,Anthochaera chrysoptera_Little Wattlebird,,high,yes,mellivora = Little (Brush) Wattlebird,List of Plates (vol. IV); engraved caption on the leaf; Gould's text and synonymy; crosswalk; pinned in Featherframe (gould_australia.yaml)
IV,57,,Lunulated Wattle-Bird,Anthochaera lunulata,Anthochaera lunulata,Western Wattlebird,litwat1,eBird/Clements 2025,Q3178448,2487148,629C561298AE7AF6,Anthochaera lunulata_Western Wattlebird,,high,yes,Western Wattlebird,List of Plates (vol. IV); engraved caption on the leaf; Gould's text and synonymy; crosswalk; pinned in Featherframe (gould_australia.yaml)
IV,58,,Friar-Bird,Tropidorhynchus corniculatus,Philemon corniculatus,Noisy Friarbird,noifri1,eBird/Clements 2025,Q739101,2487086,6AD860B6C7BA1359,Philemon corniculatus_Noisy Friarbird,,high,yes,Noisy Friarbird,List of Plates (vol. IV); engraved caption on the leaf; Gould's text and synonymy; crosswalk; pinned in Featherframe (gould_australia.yaml)
IV,59,,Silvery-crowned Friar-Bird,Tropidorhynchus argenticeps,Philemon argenticeps,Silver-crowned Friarbird,sicfri1,eBird/Clements 2025,Q582770,2487094,540426259B1B5BE0,,,high,yes,Silver-crowned Friarbird; not in BirdNET,List of Plates (vol. IV); engraved caption on the leaf; Gould's text and synonymy; crosswalk
IV,60,,Yellow-throated Friar-Bird,Tropidorhynchus citreogularis,Philemon citreogularis,Little Friarbird,litfri1,eBird/Clements 2025,Q2024733,2487057,A8A2AE868DE3A436,Philemon citreogularis_Little Friarbird,,high,yes,Little Friarbird,List of Plates (vol. IV); engraved caption on the leaf; Gould's text and synonymy; crosswalk; pinned in Featherframe (gould_australia.yaml)
IV,61,,Slender-billed Spine-bill,Acanthorhynchus tenuirostris,Acanthorhynchus tenuirostris,Eastern Spinebill,easspi1,eBird/Clements 2025,Q3284298,5230466,,Acanthorhynchus tenuirostris_Eastern Spinebill,,high,yes,Eastern Spinebill,List of Plates (vol. IV); engraved caption on the leaf; Gould's text and synonymy; crosswalk; pinned in Featherframe (gould_australia.yaml)
IV,62,,White-eyebrowed Spine-bill,Acanthorhynchus superciliosus,Acanthorhynchus superciliosus,Western Spinebill,wesspi1,eBird/Clements 2025,Q1300481,5230471,,Acanthorhynchus superciliosus_Western Spinebill,,high,yes,Western Spinebill,List of Plates (vol. IV); engraved caption on the leaf; Gould's text and synonymy; crosswalk; pinned in Featherframe (gould_australia.yaml)
IV,63,,Sanguineous Honey-eater,Myzomela sanguineolenta,Myzomela sanguinolenta,Scarlet Myzomela,scamyz1,eBird/Clements 2025,Q941582,2487319,,Myzomela sanguinolenta_Scarlet Myzomela,,high,yes,Scarlet Myzomela,List of Plates (vol. IV); engraved caption on the leaf; Gould's text and synonymy; crosswalk; pinned in Featherframe (gould_australia.yaml)
IV,64,,Red-headed Honey-eater,Myzomela erythrocephala,Myzomela erythrocephala,Red-headed Myzomela,rehmyz1,eBird/Clements 2025,Q644100,2487294,CEE16E7084210273,Myzomela erythrocephala_Red-headed Myzomela,,high,yes,Red-headed Myzomela,List of Plates (vol. IV); engraved caption on the leaf; Gould's text and synonymy; crosswalk; pinned in Featherframe (gould_australia.yaml)
IV,65,,Banded Honey-eater,Myzomela pectoralis,Cissomela pectoralis,Banded Honeyeater,banhon1,eBird/Clements 2025,Q572777,6093507,C86D00F0EDECE115,,,high,yes,Banded Honeyeater; not in BirdNET,List of Plates (vol. IV); engraved caption on the leaf; Gould's text and synonymy; crosswalk
IV,66,,Black Honey-eater,Myzomela nigra,Sugomel nigrum,Black Honeyeater,blahon1,eBird/Clements 2025,Q62506253,6094093,772E19B8E89CE02B,Sugomel nigrum_Black Honeyeater,,high,yes,Black Honeyeater,List of Plates (vol. IV); engraved caption on the leaf; Gould's text and synonymy; crosswalk; pinned in Featherframe (gould_australia.yaml)
IV,67,,Obscure Honey-eater,Myzomela obscura,Myzomela obscura,Dusky Myzomela,dusmyz5,eBird/Clements 2025,Q604518,9359990,,Myzomela obscura_Dusky Myzomela,,high,yes,Dusky Myzomela,List of Plates (vol. IV); engraved caption on the leaf; Gould's text and synonymy; crosswalk; pinned in Featherframe (gould_australia.yaml)
IV,68,,Blue-faced Entomyza,Entomyza cyanotis,Entomyzon cyanotis,Blue-faced Honeyeater,blfhon1,eBird/Clements 2025,Q774382,2487049,3EB7F778B96C5E00,Entomyzon cyanotis_Blue-faced Honeyeater,,high,yes,Blue-faced Honeyeater,List of Plates (vol. IV); engraved caption on the leaf; Gould's text and synonymy; crosswalk; pinned in Featherframe (gould_australia.yaml)
IV,69,,White-pinioned Honey-eater,Entomyza albipennis,Entomyzon cyanotis,Blue-faced Honeyeater,blfhon1,eBird/Clements 2025,Q774382,2487049,3EB7F778B96C5E00,Entomyzon cyanotis_Blue-faced Honeyeater,subspecies,high,yes,"Gould's Entomyza albipennis, of Port Essington, = the northern race albipennis of Blue-faced Honeyeater.",List of Plates (vol. IV); engraved caption on the leaf; Gould's text and synonymy; crosswalk
IV,70,,Strong-billed Honey-eater,Melithreptus validirostris,Melithreptus validirostris,Strong-billed Honeyeater,stbhon2,eBird/Clements 2025,Q1591323,5230477,4464B512BCA6B030,Melithreptus validirostris_Strong-billed Honeyeater,,high,yes,Strong-billed Honeyeater,List of Plates (vol. IV); engraved caption on the leaf; Gould's text and synonymy; crosswalk; pinned in Featherframe (gould_australia.yaml)
IV,71,,Black-throated Honey-eater,Melithreptus gularis,Melithreptus gularis,Black-chinned Honeyeater,blchon2,eBird/Clements 2025,Q1591333,5230478,A64689F91F18885E,Melithreptus gularis_Black-chinned Honeyeater,,high,yes,Black-chinned Honeyeater,List of Plates (vol. IV); engraved caption on the leaf; Gould's text and synonymy; crosswalk; pinned in Featherframe (gould_australia.yaml)
IV,72,,Lunulated Honey-eater,Melithreptus lunulatus,Melithreptus lunatus,White-naped Honeyeater,whnhon2,eBird/Clements 2025,Q741249,5230482,E4C4AC3179986357,Melithreptus lunatus_White-naped Honeyeater,,high,yes,lunulatus = White-naped Honeyeater,List of Plates (vol. IV); engraved caption on the leaf; Gould's text and synonymy; crosswalk; pinned in Featherframe (gould_australia.yaml)
IV,73,,Swan River Honey-eater,Melithreptus chloropsis,Melithreptus chloropsis,Gilbert's Honeyeater,whnhon3,eBird/Clements 2025,Q3011446,6101039,8D2780B99C9B80B0,Melithreptus chloropsis_Gilbert's Honeyeater,,high,yes,Gilbert's Honeyeater,List of Plates (vol. IV); engraved caption on the leaf; Gould's text and synonymy; crosswalk; pinned in Featherframe (gould_australia.yaml)
IV,74,,White-throated Honey-eater,Melithreptus albogularis,Melithreptus albogularis,White-throated Honeyeater,whthon1,eBird/Clements 2025,Q281744,5230492,650D1F07DC6E3354,Melithreptus albogularis_White-throated Honeyeater,,high,yes,White-throated Honeyeater,List of Plates (vol. IV); engraved caption on the leaf; Gould's text and synonymy; crosswalk; pinned in Featherframe (gould_australia.yaml)
IV,75,,Black-headed Honey-eater,Melithreptus melanocephalus,Melithreptus affinis,Black-headed Honeyeater,blhhon1,eBird/Clements 2025,Q383776,5230491,C976BB5572AD26AA,Melithreptus affinis_Black-headed Honeyeater,,high,yes,Gould's melanocephalus = Black-headed Honeyeater (Tasmania),List of Plates (vol. IV); engraved caption on the leaf; Gould's text and synonymy; crosswalk; pinned in Featherframe (gould_australia.yaml)
IV,76,,Garrulous Honey-eater,Myzantha garrula,Manorina melanocephala,Noisy Miner,noimin1,eBird/Clements 2025,Q998616,2487365,585D688F5707A00E,Manorina melanocephala_Noisy Miner,,high,yes,garrula = Noisy Miner,List of Plates (vol. IV); engraved caption on the leaf; Gould's text and synonymy; crosswalk; pinned in Featherframe (gould_australia.yaml)
IV,77,,Sombre Honey-eater,Myzantha obscura,Manorina flavigula,Yellow-throated Miner,yetmin1,eBird/Clements 2025,Q1078213,2487370,,Manorina flavigula_Yellow-throated Miner,subspecies,high,yes,"Gould's Myzantha obscura, of Swan River and SW Australia, = the dark-rumped SW race obscura of Yellow-throated Miner.",List of Plates (vol. IV); engraved caption on the leaf; Gould's text and synonymy; crosswalk
IV,78,,Luteous Honey-eater,Myzantha lutea,Manorina flavigula,Yellow-throated Miner,yetmin1,eBird/Clements 2025,Q1078213,2487370,,Manorina flavigula_Yellow-throated Miner,subspecies,high,yes,"Gould's Myzantha lutea, from the north-west coast, = the NW race lutea of Yellow-throated Miner.",List of Plates (vol. IV); engraved caption on the leaf; Gould's text and synonymy; crosswalk
IV,79,,Yellow-throated Miner,Myzantha flavigula,Manorina flavigula,Yellow-throated Miner,yetmin1,eBird/Clements 2025,Q1078213,2487370,,Manorina flavigula_Yellow-throated Miner,,high,yes,Yellow-throated Miner,List of Plates (vol. IV); engraved caption on the leaf; Gould's text and synonymy; crosswalk; pinned in Featherframe (gould_australia.yaml)
IV,80,,Australian Bell-Bird,Myzantha melanophrys,Manorina melanophrys,Bell Miner,belmin1,eBird/Clements 2025,Q3179448,2487364,,Manorina melanophrys_Bell Miner,,high,no,Bell Miner,List of Plates (vol. IV); Gould's text and synonymy; crosswalk; pinned in Featherframe (gould_australia.yaml)
IV,81,,Grey-backed Zosterops,Zosterops dorsalis,Zosterops lateralis,Silvereye,silver3,eBird/Clements 2025,Q313394,2489396,27A57A03744EB709,Zosterops lateralis_Silvereye,,high,yes,dorsalis = Silvereye,List of Plates (vol. IV); engraved caption on the leaf; Gould's text and synonymy; crosswalk; pinned in Featherframe (gould_australia.yaml)
IV,82,,Green-backed Zosterops,Zosterops chloronotus,Zosterops lateralis,Silvereye,silver3,eBird/Clements 2025,Q313394,2489396,27A57A03744EB709,Zosterops lateralis_Silvereye,subspecies,high,yes,"Gould's Zosterops chloronotus, of the west coast, = the West Australian race chloronotus of Silvereye.",List of Plates (vol. IV); engraved caption on the leaf; Gould's text and synonymy; crosswalk
IV,83,,Yellow Zosterops,Zosterops luteus,Zosterops luteus,Australian Yellow White-eye,ayweye3,eBird/Clements 2025,Q2226191,2489373,5A75FDA4E34C58E8,Zosterops luteus_Australian Yellow White-eye,,high,yes,Australian Yellow White-eye,List of Plates (vol. IV); engraved caption on the leaf; Gould's text and synonymy; crosswalk; pinned in Featherframe (gould_australia.yaml)
IV,84,,Australian Cuckoo,Cuculus optatus,Cuculus optatus,Oriental Cuckoo,oricuc2,eBird/Clements 2025,Q1266506,5231898,,Cuculus optatus_Oriental Cuckoo,,high,yes,Oriental Cuckoo,List of Plates (vol. IV); engraved caption on the leaf; Gould's text and synonymy; crosswalk; pinned in Featherframe (gould_australia.yaml)
IV,85,,Unadorned Cuckoo,Cuculus inornatus,Heteroscenes pallidus,Pallid Cuckoo,palcuc1,eBird/Clements 2025,Q1119575,5231917,,Cacomantis pallidus_Pallid Cuckoo,,high,yes,Cuculus inornatus V&H = Pallid Cuckoo,List of Plates (vol. IV); engraved caption on the leaf; Gould's text and synonymy; crosswalk; pinned in Featherframe (gould_australia.yaml)
IV,86,,Ash-coloured Cuckoo,Cuculus cineraceus,Cacomantis flabelliformis,Fan-tailed Cuckoo,fatcuc1,eBird/Clements 2025,Q2736303,2496258,D86848D4B69F92FA,Cacomantis flabelliformis_Fan-tailed Cuckoo,,high,yes,cineraceus = Fan-tailed Cuckoo,List of Plates (vol. IV); engraved caption on the leaf; Gould's text and synonymy; crosswalk; pinned in Featherframe (gould_australia.yaml)
IV,87,,Brush Cuckoo,Cuculus insperatus,Cacomantis variolosus,Sahul Brush Cuckoo,brucuc3,eBird/Clements 2025,Q769564,2496264,,Cacomantis variolosus_Brush Cuckoo,,high,yes,insperatus = Brush Cuckoo,List of Plates (vol. IV); engraved caption on the leaf; Gould's text and synonymy; crosswalk; pinned in Featherframe (gould_australia.yaml)
IV,88,,Black-eared Cuckoo,Chalcites osculans,Chalcites osculans,Black-eared Cuckoo,blecuc1,eBird/Clements 2025,Q1267359,2496331,,Chrysococcyx osculans_Black-eared Cuckoo,,high,yes,Black-eared Cuckoo,List of Plates (vol. IV); engraved caption on the leaf; Gould's text and synonymy; crosswalk; pinned in Featherframe (gould_australia.yaml)
IV,89,,Shining Cuckoo,Chrysococcyx lucidus,Chalcites lucidus,Shining Bronze-Cuckoo,shbcuc1,eBird/Clements 2025,Q28108978,2496325,1926839510D8C228,Chrysococcyx lucidus_Shining Bronze-Cuckoo,,high,yes,Shining Bronze-Cuckoo,List of Plates (vol. IV); engraved caption on the leaf; Gould's text and synonymy; crosswalk; pinned in Featherframe (gould_australia.yaml)
IV,90,,Channel-Bill,Scythrops Novae-Hollandiae,Scythrops novaehollandiae,Channel-billed Cuckoo,chbcuc2,eBird/Clements 2025,Q616692,2496204,D9638667C2360B03,Scythrops novaehollandiae_Channel-billed Cuckoo,,high,yes,Channel-billed Cuckoo,List of Plates (vol. IV); engraved caption on the leaf; Gould's text and synonymy; crosswalk; pinned in Featherframe (gould_australia.yaml)
IV,91,,Flinders’s Cuckoo,Eudynamys Flindersii,Eudynamys orientalis,Pacific Koel,asikoe3,eBird/Clements 2025,Q781915,4848207,A9881D272702116E,Eudynamys orientalis_Pacific Koel,subspecies,high,yes,"Gould's Eudynamys flindersii, with Latham's cyanocephalus in his synonymy, = the Australian race cyanocephalus of Pacific Koel.",List of Plates (vol. IV); engraved caption on the leaf; Gould's text and synonymy; crosswalk; pinned in Featherframe (gould_australia.yaml)
IV,92,,Pheasant Cuckoo,Centropus Phasianus,Centropus phasianinus,Pheasant Coucal,phecou2,eBird/Clements 2025,Q369680,5231941,1C899F959E813FC8,Centropus phasianinus_Pheasant Coucal,,high,yes,Pheasant Coucal,List of Plates (vol. IV); engraved caption on the leaf; Gould's text and synonymy; crosswalk; pinned in Featherframe (gould_australia.yaml)
IV,93,,Brown Tree-Creeper,Climacteris scandens,Climacteris picumnus,Brown Treecreeper,brotre2,eBird/Clements 2025,Q790587,2494126,B3CBAA5C4065C04F,Climacteris picumnus_Brown Treecreeper,,high,yes,Gould's scandens = Brown Treecreeper,List of Plates (vol. IV); engraved caption on the leaf; Gould's text and synonymy; crosswalk; pinned in Featherframe (gould_australia.yaml)
IV,94,,Rufous Tree-Creeper,Climacteris rufa,Climacteris rufus,Rufous Treecreeper,ruftre3,eBird/Clements 2025,Q1303348,2494133,,,,high,yes,Rufous Treecreeper; not in BirdNET,List of Plates (vol. IV); engraved caption on the leaf; Gould's text and synonymy; crosswalk
IV,95,,Red-eyebrowed Tree-Creeper,Climacteris erythrops,Climacteris erythrops,Red-browed Treecreeper,rebtre1,eBird/Clements 2025,Q941792,2494121,DC00AA1671C6BFD7,,,high,yes,Red-browed Treecreeper; not in BirdNET,List of Plates (vol. IV); engraved caption on the leaf; Gould's text and synonymy; crosswalk
IV,96,,Black-backed Tree-Creeper,Climacteris melanotus,Climacteris picumnus,Brown Treecreeper,brotre2,eBird/Clements 2025,Q790587,2494126,B3CBAA5C4065C04F,Climacteris picumnus_Brown Treecreeper,subspecies,high,yes,"Gould's Climacteris melanotus, killed by Gilbert on the east side of the Gulf of Carpentaria, = the Cape York race melanotus of Brown Treecreeper.",List of Plates (vol. IV); engraved caption on the leaf; Gould's text and synonymy; crosswalk
IV,97,,Black-tailed Tree-Creeper,Climacteris melanura,Climacteris melanurus,Black-tailed Treecreeper,bkttre1,eBird/Clements 2025,Q1301745,2494122,49F0A05BDD25025F,,,high,yes,Black-tailed Treecreeper; not in BirdNET,List of Plates (vol. IV); engraved caption on the leaf; Gould's text and synonymy; crosswalk
IV,98,,White-throated Tree-Creeper,Climacteris picumnus,Cormobates leucophaea,White-throated Treecreeper,whttre3,eBird/Clements 2025,Q303172,2494108,5E624A97E3EC0F52,Cormobates leucophaea_White-throated Treecreeper,,high,yes,TRAP: Gould misapplied Climacteris picumnus to the White-throated Treecreeper; the binomial now names the Brown Treecreeper (IV.93),List of Plates (vol. IV); engraved caption on the leaf; Gould's text and synonymy; crosswalk; pinned in Featherframe (gould_australia.yaml)
IV,99,,Spine-tailed Orthonyx,Orthonyx spinicaudus,Orthonyx temminckii,Australian Logrunner,soulog1,eBird/Clements 2025,Q901556,2490707,C6BB3E172440778A,Orthonyx temminckii_Australian Logrunner,,high,yes,spinicaudus = Australian Logrunner,List of Plates (vol. IV); engraved caption on the leaf; Gould's text and synonymy; crosswalk; pinned in Featherframe (gould_australia.yaml)
IV,100,,Rifle Bird,Ptiloris paradiseus,Ptiloris paradiseus,Paradise Riflebird,parrif1,eBird/Clements 2025,Q1194025,2494898,,Ptiloris paradiseus_Paradise Riflebird,,high,yes,Paradise Riflebird,List of Plates (vol. IV); engraved caption on the leaf; Gould's text and synonymy; crosswalk; pinned in Featherframe (gould_australia.yaml)
IV,101,,Orange-winged Sittella,Sittella chrysoptera,Daphoenositta chrysoptera,Varied Sittella,varsit8,eBird/Clements 2025,Q1589525,2487489,99536A00380435B4,Daphoenositta chrysoptera_Varied Sittella,,high,yes,Varied Sittella (orange-winged form),List of Plates (vol. IV); engraved caption on the leaf; Gould's text and synonymy; crosswalk; pinned in Featherframe (gould_australia.yaml)
IV,102,,White-headed Sittella,Sittella leucocephala,Daphoenositta chrysoptera,Varied Sittella,varsit8,eBird/Clements 2025,Q1589525,2487489,99536A00380435B4,Daphoenositta chrysoptera_Varied Sittella,subspecies,high,yes,"Gould's Sittella leucocephala, from Moreton Bay and Peak Range, = the white-headed race leucocephala of Varied Sittella.",List of Plates (vol. IV); engraved caption on the leaf; Gould's text and synonymy; crosswalk
IV,103,,White-winged Sittella,Sittella leucoptera,Daphoenositta chrysoptera,Varied Sittella,varsit8,eBird/Clements 2025,Q1589525,2487489,99536A00380435B4,Daphoenositta chrysoptera_Varied Sittella,subspecies,high,yes,"Gould's Sittella leucoptera, of the Cobourg Peninsula, = the white-winged northern race leucoptera of Varied Sittella.",List of Plates (vol. IV); engraved caption on the leaf; Gould's text and synonymy; crosswalk
IV,104,,Black-capped Sittella,Sittella pileata,Daphoenositta chrysoptera,Varied Sittella,varsit8,eBird/Clements 2025,Q1589525,2487489,99536A00380435B4,Daphoenositta chrysoptera_Varied Sittella,subspecies,high,yes,"Gould's Sittella pileata, of SW Australia, = the black-capped race pileata of Varied Sittella.",List of Plates (vol. IV); engraved caption on the leaf; Gould's text and synonymy; crosswalk
V,1,,Crested Cockatoo,Cacatua galerita,Cacatua galerita,Sulphur-crested Cockatoo,succoc,eBird/Clements 2025,Q207107,2479888,0F1858D522F4A06C,Cacatua galerita_Sulphur-crested Cockatoo,,high,yes,Sulphur-crested Cockatoo,List of Plates (vol. V); engraved caption on the leaf; Gould's text and synonymy; crosswalk; pinned in Featherframe (gould_australia.yaml)
V,2,,Leadbeater’s Cockatoo,Cacatua Leadbeateri,Cacatua leadbeateri,Pink Cockatoo,pincoc1,eBird/Clements 2025,Q644135,2479878,E39FD99C0B686D68,Lophochroa leadbeateri_Pink Cockatoo,,high,yes,Pink (Major Mitchell's) Cockatoo,List of Plates (vol. V); engraved caption on the leaf; Gould's text and synonymy; crosswalk; pinned in Featherframe (gould_australia.yaml)
V,3,,Blood-stained Cockatoo,Cacatua sanguinea,Cacatua sanguinea,Little Corella,litcor2,eBird/Clements 2025,Q748939,2479871,5F5EBCF50911EF52,Cacatua sanguinea_Little Corella,,high,yes,Little Corella,List of Plates (vol. V); engraved caption on the leaf; Gould's text and synonymy; crosswalk; pinned in Featherframe (gould_australia.yaml)
V,4,,Rose-breasted Cockatoo,Cacatua Eos,Eolophus roseicapilla,Galah,galah,eBird/Clements 2025,Q1253755,2479598,155F5285693BF58B,Eolophus roseicapilla_Galah,,high,yes,Cacatua eos = Galah,List of Plates (vol. V); engraved caption on the leaf; Gould's text and synonymy; crosswalk; pinned in Featherframe (gould_australia.yaml)
V,5,,Long-billed Cockatoo,Licmetis nasicus,Cacatua tenuirostris,Long-billed Corella,lobcor1,eBird/Clements 2025,Q845964,2479899,F2A2FB6A910FE3C8,Cacatua tenuirostris_Long-billed Corella,,high,yes,Licmetis nasicus = Long-billed Corella,List of Plates (vol. V); engraved caption on the leaf; Gould's text and synonymy; crosswalk; pinned in Featherframe (gould_australia.yaml)
V,6,,Philip Island Parrot,Nestor productus,Nestor productus,Norfolk Island Kaka,noikak1,eBird/Clements 2025,Q379051,2479592,,,,high,yes,Norfolk Kaka (extinct); not in BirdNET,List of Plates (vol. V); engraved caption on the leaf; Gould's text and synonymy; crosswalk
V,7,,Banksian Cockatoo,Calyptorhynchus Banksii,Calyptorhynchus banksii,Red-tailed Black-Cockatoo,rtbcoc1,eBird/Clements 2025,Q638242,2480108,122372C72FAA08FC,Calyptorhynchus banksii_Red-tailed Black-Cockatoo,,high,yes,Red-tailed Black-Cockatoo,List of Plates (vol. V); engraved caption on the leaf; Gould's text and synonymy; crosswalk; pinned in Featherframe (gould_australia.yaml)
V,8,,Great-billed Black Cockatoo,Calyptorhynchus macrorhynchus,Calyptorhynchus banksii,Red-tailed Black-Cockatoo,rtbcoc1,eBird/Clements 2025,Q638242,2480108,122372C72FAA08FC,Calyptorhynchus banksii_Red-tailed Black-Cockatoo,subspecies,high,yes,"Gould's Calyptorhynchus macrorhynchus, from Port Essington, = the northern race macrorhynchus of Red-tailed Black-Cockatoo.",List of Plates (vol. V); engraved caption on the leaf; Gould's text and synonymy; crosswalk
V,9,,Western Black Cockatoo,Calyptorhynchus naso,Calyptorhynchus banksii,Red-tailed Black-Cockatoo,rtbcoc1,eBird/Clements 2025,Q638242,2480108,122372C72FAA08FC,Calyptorhynchus banksii_Red-tailed Black-Cockatoo,subspecies,high,yes,"Gould's Calyptorhynchus naso, of Western Australia, = the SW forest race naso of Red-tailed Black-Cockatoo.",List of Plates (vol. V); engraved caption on the leaf; Gould's text and synonymy; crosswalk
V,10,,Leach’s Cockatoo,Calyptorhynchus Leachii,Calyptorhynchus lathami,Glossy Black-Cockatoo,glbcoc1,eBird/Clements 2025,Q790668,2480104,D090A8A4A7716960,Calyptorhynchus lathami_Glossy Black-Cockatoo,,high,yes,"leachii as Gould used it is the Glossy Black-Cockatoo. He describes the 'least' species with a swollen bill, feeding only on Casuarina seed, and his synonymy includes Temminck's cookii and solandri. The plate shows crestless brown heads, a bulbous bill and the yellow-patched female on Allocasuarina.",List of Plates (vol. V); engraved caption on the leaf; Gould's text and synonymy; the plate
V,11,,Funereal Cockatoo,Calyptorhynchus funereus,Zanda funerea,Yellow-tailed Black-Cockatoo,ytbcoc1,eBird/Clements 2025,Q28107872,10759934,E6DFA7077084129A,Calyptorhynchus funereus_Yellow-tailed Black-Cockatoo,,high,yes,Yellow-tailed Black-Cockatoo,List of Plates (vol. V); engraved caption on the leaf; Gould's text and synonymy; crosswalk; pinned in Featherframe (gould_australia.yaml)
V,12,,Yellow-eared Black Cockatoo,Calyptorhynchus xanthonotus,Zanda funerea,Yellow-tailed Black-Cockatoo,ytbcoc1,eBird/Clements 2025,Q28107872,10759934,E6DFA7077084129A,Calyptorhynchus funereus_Yellow-tailed Black-Cockatoo,subspecies,high,yes,"Gould's Calyptorhynchus xanthonotus, of Van Diemen's Land and South Australia, = the southern race xanthanota of Yellow-tailed Black-Cockatoo.",List of Plates (vol. V); engraved caption on the leaf; Gould's text and synonymy; crosswalk
V,13,,Baudin’s Cockatoo,Calyptorhynchus Baudinii,,,,,,,,,,low,yes,"Baudin's or Carnaby's Black-Cockatoo? The length of the upper mandible decides: Baudin's is long, narrow and projects well past the lower, Carnaby's is short and broad. The figure's head is turned and the bill foreshortened. Gould's name is Lear's baudinii, but his Swan River birds 'mainly subsist' on Banksia, shown on the plate, which is Carnaby's food.",List of Plates (vol. V); engraved caption on the leaf; Gould's text and synonymy; the plate
V,14,,Gang-gang Cockatoo,Callocephalon galeatum,Callocephalon fimbriatum,Gang-gang Cockatoo,gagcoc1,eBird/Clements 2025,Q748861,2480030,49394DD2D0DE2E08,Callocephalon fimbriatum_Gang-gang Cockatoo,,high,yes,galeatum = Gang-gang Cockatoo,List of Plates (vol. V); engraved caption on the leaf; Gould's text and synonymy; crosswalk; pinned in Featherframe (gould_australia.yaml)
V,15,,Barraband’s Parrakeet,Polytelis Barrabandi,Polytelis swainsonii,Superb Parrot,suppar1,eBird/Clements 2025,Q934542,2479501,CF255B3FAD4D1F4E,Polytelis swainsonii_Superb Parrot,,high,yes,barrabandi = Superb Parrot,List of Plates (vol. V); engraved caption on the leaf; Gould's text and synonymy; crosswalk; pinned in Featherframe (gould_australia.yaml)
V,16,,Black-tailed Parrakeet,Polytelis melanura,Polytelis anthopeplus,Regent Parrot,regpar1,eBird/Clements 2025,Q550091,2479498,6F2B75C016D260D1,Polytelis anthopeplus_Regent Parrot,,high,yes,melanura = Regent Parrot,List of Plates (vol. V); engraved caption on the leaf; Gould's text and synonymy; crosswalk; pinned in Featherframe (gould_australia.yaml)
V,17,,King Lory,Aprosmictus scapulatus,Alisterus scapularis,Australian King-Parrot,aukpar1,eBird/Clements 2025,Q114477,2479925,29DB03099675080B,Alisterus scapularis_Australian King-Parrot,,high,yes,Aprosmictus scapulatus = Australian King-Parrot,List of Plates (vol. V); engraved caption on the leaf; Gould's text and synonymy; crosswalk; pinned in Featherframe (gould_australia.yaml)
V,18,,Red-winged Lory,Aprosmictus erythropterus,Aprosmictus erythropterus,Red-winged Parrot,rewpar1,eBird/Clements 2025,Q934646,2479862,BB1F4BB83322CED8,Aprosmictus erythropterus_Red-winged Parrot,,high,yes,Red-winged Parrot,List of Plates (vol. V); engraved caption on the leaf; Gould's text and synonymy; crosswalk; pinned in Featherframe (gould_australia.yaml)
V,19,,Yellow-collared Parrakeet,Platycercus semitorquatus,Barnardius zonarius,Australian Ringneck,polpar1,eBird/Clements 2025,Q913626,2479720,821BF2D70FF94B3E,Barnardius zonarius_Australian Ringneck,subspecies,high,yes,"Gould's Platycercus semitorquatus, the Swan River 'Twenty-eight', = the race semitorquatus of Australian Ringneck.",List of Plates (vol. V); engraved caption on the leaf; Gould's text and synonymy; crosswalk; pinned in Featherframe (gould_australia.yaml)
V,20,,Bauer’s Parrakeet,Platycercus Baueri,Barnardius zonarius,Australian Ringneck,polpar1,eBird/Clements 2025,Q913626,2479720,821BF2D70FF94B3E,Barnardius zonarius_Australian Ringneck,,high,yes,baueri = nominate Port Lincoln race of Australian Ringneck,List of Plates (vol. V); engraved caption on the leaf; Gould's text and synonymy; crosswalk
V,21,,Barnard’s Parrakeet,Platycercus Barnardi,Barnardius zonarius,Australian Ringneck,polpar1,eBird/Clements 2025,Q913626,2479720,821BF2D70FF94B3E,Barnardius zonarius_Australian Ringneck,subspecies,high,yes,"Gould's Platycercus barnardi = the Mallee Ringneck, race barnardi of Australian Ringneck.",List of Plates (vol. V); engraved caption on the leaf; Gould's text and synonymy; crosswalk
V,22,,Adelaide Parrakeet,Platycercus Adelaidiae,Platycercus elegans,Crimson Rosella,criros2,eBird/Clements 2025,Q53731,2479311,AC26C1C1,Platycercus elegans_Crimson Rosella,subspecies,high,yes,"Gould's Platycercus adelaidiae, of Adelaide, = the Adelaide race adelaidae of Crimson Rosella.",List of Plates (vol. V); engraved caption on the leaf; Gould's text and synonymy; crosswalk; pinned in Featherframe (gould_australia.yaml)
V,23,,Pennant’s Parrakeet,Platycercus Pennantii,Platycercus elegans,Crimson Rosella,criros2,eBird/Clements 2025,Q53731,2479311,AC26C1C1,Platycercus elegans_Crimson Rosella,,high,yes,pennantii = Crimson Rosella,List of Plates (vol. V); engraved caption on the leaf; Gould's text and synonymy; crosswalk
V,24,,Yellow-bellied Parrakeet,Platycercus flaviventris,Platycercus caledonicus,Green Rosella,greros2,eBird/Clements 2025,Q1259396,2479326,DCC3878A15ADD08A,Platycercus caledonicus_Green Rosella,,high,yes,flaviventris = Green Rosella,List of Plates (vol. V); engraved caption on the leaf; Gould's text and synonymy; crosswalk; pinned in Featherframe (gould_australia.yaml)
V,25,,Yellow-rumped Parrakeet,Platycercus flaveolus,Platycercus elegans,Crimson Rosella,criros2,eBird/Clements 2025,Q53731,2479311,AC26C1C1,Platycercus elegans_Crimson Rosella,subspecies,high,yes,"Gould's Platycercus flaveolus, of the Lachlan and Darling, = the Yellow Rosella, race flaveolus of Crimson Rosella.",List of Plates (vol. V); engraved caption on the leaf; Gould's text and synonymy; crosswalk
V,26,,Pale-headed Parrakeet,Platycercus palliceps,Platycercus adscitus,Pale-headed Rosella,pahros1,eBird/Clements 2025,Q882015,2479308,CEF31CF5531DE186,Platycercus adscitus_Pale-headed Rosella,subspecies,high,yes,"Vigors's Platycercus palliceps, all of Gould's birds from Moreton Bay, = the southern race palliceps of Pale-headed Rosella.",List of Plates (vol. V); engraved caption on the leaf; Gould's text and synonymy; crosswalk; pinned in Featherframe (gould_australia.yaml)
V,27,,Rose-hill Parrakeet,Platycercus eximius,Platycercus eximius,Eastern Rosella,easros1,eBird/Clements 2025,Q827866,2479329,69F0C9FFDEF57EA2,Platycercus eximius_Eastern Rosella,,high,yes,Eastern Rosella,List of Plates (vol. V); engraved caption on the leaf; Gould's text and synonymy; crosswalk; pinned in Featherframe (gould_australia.yaml)
V,28,,Splendid Parrakeet,Platycercus splendidus,Platycercus eximius,Eastern Rosella,easros1,eBird/Clements 2025,Q827866,2479329,69F0C9FFDEF57EA2,Platycercus eximius_Eastern Rosella,subspecies,high,yes,"splendidus Gould (north of the Darling Downs; golden-margined back, verditer rump) = the golden-mantled northern Eastern Rosella. Gould's name is preoccupied by Shaw's splendidus, which is why the race is now elecica.","List of Plates (vol. V); engraved caption on the leaf; Gould's text and synonymy; Sharpe, Cat. Birds BM xx; the plate"
V,29,,The Earl of Derby’s Parrakeet,Platycercus icterotis,Platycercus icterotis,Western Rosella,wesros1,eBird/Clements 2025,Q1261450,2479320,D514DE803714B1E2,,,high,yes,Western Rosella; not in BirdNET,List of Plates (vol. V); engraved caption on the leaf; Gould's text and synonymy; crosswalk
V,30,,Fiery Parrakeet,Platycercus ignitus,,,,,,,,,,low,yes,"Is ignitus an aberrant red Eastern Rosella or an Eastern x Crimson hybrid? Leadbeater's single Moreton Bay bird (ex-ZSL, now NHMUK) would decide. The figure has white cheeks (Eastern), but its red rump, wholly red underparts and white wing bands fit neither species.",List of Plates (vol. V); engraved caption on the leaf; Gould's text and synonymy; the plate
V,31,,Brown’s Parrakeet,Platycercus Brownii,Platycercus venustus,Northern Rosella,norros1,eBird/Clements 2025,Q991297,2479323,4BEAE23B635A35FB,,,high,yes,brownii = Northern Rosella; not in BirdNET,List of Plates (vol. V); engraved caption on the leaf; Gould's text and synonymy; crosswalk
V,32,,Red-capped Parrakeet,Platycercus pileatus,Purpureicephalus spurius,Red-capped Parrot,recpar1,eBird/Clements 2025,Q1272788,2479363,,Purpureicephalus spurius_Red-capped Parrot,,high,yes,pileatus = Red-capped Parrot,List of Plates (vol. V); engraved caption on the leaf; Gould's text and synonymy; crosswalk; pinned in Featherframe (gould_australia.yaml)
V,33,,Crimson-bellied Parrakeet,Psephotus haematogaster,Northiella haematogaster,Greater Bluebonnet,bluebo1,eBird/Clements 2025,Q886498,2479053,15C4E8FA63797769,Northiella haematogaster_Greater Bluebonnet,,high,yes,Bluebonnet,List of Plates (vol. V); engraved caption on the leaf; Gould's text and synonymy; crosswalk; pinned in Featherframe (gould_australia.yaml)
V,34,,Beautiful Parrakeet,Psephotus pulcherrimus,Psephotellus pulcherrimus,Paradise Parrot,parpar2,eBird/Clements 2025,Q27075029,4851322,ECBBD3D5BFB930DE,,,high,yes,Paradise Parrot (extinct); not in BirdNET,List of Plates (vol. V); engraved caption on the leaf; Gould's text and synonymy; crosswalk
V,35,,Many-coloured Parrakeet,Psephotus multicolor,Psephotellus varius,Mulga Parrot,mulpar1,eBird/Clements 2025,Q27075022,9203640,E3EDF6CC0D5CF2A1,Psephotus varius_Mulga Parrot,,high,yes,multicolor = Mulga Parrot; BirdNET files it as Psephotus varius,List of Plates (vol. V); engraved caption on the leaf; Gould's text and synonymy; crosswalk; pinned in Featherframe (gould_australia.yaml)
V,36,,Red-backed Parrakeet,Psephotus haematonotus,Psephotus haematonotus,Red-rumped Parrot,rerpar1,eBird/Clements 2025,Q927398,2480089,D50BD34B79DBEFB6,Psephotus haematonotus_Red-rumped Parrot,,high,yes,Red-rumped Parrot,List of Plates (vol. V); engraved caption on the leaf; Gould's text and synonymy; crosswalk; pinned in Featherframe (gould_australia.yaml)
V,37,,Blue-banded Grass-Parrakeet,Euphema chrysostoma,Neophema chrysostoma,Blue-winged Parrot,blwpar3,eBird/Clements 2025,Q238835,2479513,DEEC38A7C41B6557,,,high,yes,Blue-winged Parrot; not in BirdNET,List of Plates (vol. V); engraved caption on the leaf; Gould's text and synonymy; crosswalk
V,38,,Elegant Grass-Parrakeet,Euphema elegans,Neophema elegans,Elegant Parrot,elepar1,eBird/Clements 2025,Q570795,2479505,9E8F1FEBED37C891,,,high,yes,Elegant Parrot; not in BirdNET,List of Plates (vol. V); engraved caption on the leaf; Gould's text and synonymy; crosswalk
V,39,,Orange-bellied Grass-Parrakeet,Euphema aurantia,Neophema chrysogaster,Orange-bellied Parrot,orbpar1,eBird/Clements 2025,Q1071681,2479508,7FB356E8E21E5294,,,high,yes,aurantia = Orange-bellied Parrot; not in BirdNET,List of Plates (vol. V); engraved caption on the leaf; Gould's text and synonymy; crosswalk
V,40,,Rock Grass-Parrakeet,Euphema petrophila,Neophema petrophila,Rock Parrot,rocpar1,eBird/Clements 2025,Q1125779,2479510,,,,high,yes,Rock Parrot; not in BirdNET,List of Plates (vol. V); engraved caption on the leaf; Gould's text and synonymy; crosswalk
V,41,,Chestnut-shouldered Grass-Parrakeet,Euphema pulchella,Neophema pulchella,Turquoise Parrot,turpar1,eBird/Clements 2025,Q1048869,2479509,6F2C5E7BA095D493,Neophema pulchella_Turquoise Parrot,,high,yes,Turquoise Parrot,List of Plates (vol. V); engraved caption on the leaf; Gould's text and synonymy; crosswalk; pinned in Featherframe (gould_australia.yaml)
V,42,,Splendid Grass-Parrakeet,Euphema splendida,Neophema splendida,Scarlet-chested Parrot,sccpar1,eBird/Clements 2025,Q1048794,2479504,E26391B5DD649160,,,high,yes,Scarlet-chested Parrot; not in BirdNET,List of Plates (vol. V); engraved caption on the leaf; Gould's text and synonymy; crosswalk
V,43,,Bourke’s Grass-Parrakeet,Euphema Bourkii,Neopsephotus bourkii,Bourke's Parrot,boupar2,eBird/Clements 2025,Q848617,2479795,3CB1B8E8367125DD,,,high,yes,Bourke's Parrot; not in BirdNET,List of Plates (vol. V); engraved caption on the leaf; Gould's text and synonymy; crosswalk
V,44,,Warbling Grass-Parrakeet,Melopsittacus undulatus,Melopsittacus undulatus,Budgerigar,budger,eBird/Clements 2025,Q121221,2479798,D17D101A132D3FB2,Melopsittacus undulatus_Budgerigar,,high,yes,Budgerigar,List of Plates (vol. V); engraved caption on the leaf; Gould's text and synonymy; crosswalk; pinned in Featherframe (gould_australia.yaml)
V,45,,Cockatoo Parrakeet,Nymphicus Novae-Hollandiae,Nymphicus hollandicus,Cockatiel,cockat,eBird/Clements 2025,Q514809,2479977,FDAEA60A5681B51F,Nymphicus hollandicus_Cockatiel,,high,yes,Cockatiel,List of Plates (vol. V); engraved caption on the leaf; Gould's text and synonymy; crosswalk; pinned in Featherframe (gould_australia.yaml)
V,46,,Ground Parrakeet,Pezoporus formosus,Pezoporus wallicus,Ground Parrot,gropar1,eBird/Clements 2025,Q889662,2479462,89FD19C81FD8A8B3,Pezoporus wallicus_Ground Parrot,,high,yes,formosus = Eastern Ground Parrot,List of Plates (vol. V); engraved caption on the leaf; Gould's text and synonymy; crosswalk; pinned in Featherframe (gould_australia.yaml)
V,47,,Swift Lorikeet,Lathamus discolor,Lathamus discolor,Swift Parrot,swipar1,eBird/Clements 2025,Q1260561,2480052,F5E8A0CEB4D2CC74,Lathamus discolor_Swift Parrot,,high,yes,Swift Parrot,List of Plates (vol. V); engraved caption on the leaf; Gould's text and synonymy; crosswalk; pinned in Featherframe (gould_australia.yaml)
V,48,,Swainson's Lorikeet,Trichoglossus Swainsonii,Trichoglossus moluccanus,Rainbow Lorikeet,railor5,eBird/Clements 2025,Q1809222,,DF6532E2F61B151D,Trichoglossus moluccanus_Rainbow Lorikeet,,high,yes,swainsonii = Rainbow Lorikeet (BirdNET splits moluccanus from Coconut),List of Plates (vol. V); engraved caption on the leaf; Gould's text and synonymy; crosswalk; pinned in Featherframe (gould_australia.yaml)
V,49,,Red-collared Lorikeet,Trichoglossus rubritorquis,Trichoglossus rubritorquis,Red-collared Lorikeet,railor7,eBird/Clements 2025,Q1049668,2479674,71B42AA4700B7699,Trichoglossus rubritorquis_Red-collared Lorikeet,,high,yes,Red-collared Lorikeet,List of Plates (vol. V); engraved caption on the leaf; Gould's text and synonymy; crosswalk; pinned in Featherframe (gould_australia.yaml)
V,50,,Scaly-breasted Lorikeet,Trichoglossus chlorolepidotus,Trichoglossus chlorolepidotus,Scaly-breasted Lorikeet,scblor1,eBird/Clements 2025,Q258168,2479704,4B0E14DBE6160C12,Trichoglossus chlorolepidotus_Scaly-breasted Lorikeet,,high,yes,Scaly-breasted Lorikeet,List of Plates (vol. V); engraved caption on the leaf; Gould's text and synonymy; crosswalk; pinned in Featherframe (gould_australia.yaml)
V,51,,Varied Lorikeet,Trichoglossus versicolor,Psitteuteles versicolor,Varied Lorikeet,varlor1,eBird/Clements 2025,Q999627,2479459,C18EB75EA7BE424E,,,high,yes,Varied Lorikeet; not in BirdNET,List of Plates (vol. V); engraved caption on the leaf; Gould's text and synonymy; crosswalk
V,52,,Musky Lorikeet,Trichoglossus concinnus,Trichoglossus concinnus,Musk Lorikeet,muslor1,eBird/Clements 2025,Q608087,2480170,BE39F927CF635A20,Glossopsitta concinna_Musk Lorikeet,,high,yes,Musk Lorikeet,List of Plates (vol. V); engraved caption on the leaf; Gould's text and synonymy; crosswalk; pinned in Featherframe (gould_australia.yaml)
V,53,,Porphyry-crowned Lorikeet,Trichoglossus porphyrocephalus,Psitteuteles porphyrocephalus,Purple-crowned Lorikeet,puclor1,eBird/Clements 2025,Q785007,2480169,9689E669087D0A7E,Parvipsitta porphyrocephala_Purple-crowned Lorikeet,,high,yes,Purple-crowned Lorikeet,List of Plates (vol. V); engraved caption on the leaf; Gould's text and synonymy; crosswalk; pinned in Featherframe (gould_australia.yaml)
V,54,,Little Lorikeet,Trichoglossus pusillus,Psitteuteles pusillus,Little Lorikeet,litlor1,eBird/Clements 2025,Q244259,2480168,,Parvipsitta pusilla_Little Lorikeet,,high,yes,Little Lorikeet,List of Plates (vol. V); engraved caption on the leaf; Gould's text and synonymy; crosswalk; pinned in Featherframe (gould_australia.yaml)
V,55,,Swainson’s Fruit Pigeon,Ptilinopus Swainsonii,Ptilinopus regina,Rose-crowned Fruit-Dove,rcfdov1,eBird/Clements 2025,Q1585789,2495614,3EC888E41BA5036B,Ptilinopus regina_Rose-crowned Fruit-Dove,,high,yes,swainsonii = Rose-crowned Fruit-Dove,List of Plates (vol. V); engraved caption on the leaf; Gould's text and synonymy; crosswalk; pinned in Featherframe (gould_australia.yaml)
V,56,,Ewing’s Fruit Pigeon,Ptilinopus Ewingii,Ptilinopus regina,Rose-crowned Fruit-Dove,rcfdov1,eBird/Clements 2025,Q1585789,2495614,3EC888E41BA5036B,Ptilinopus regina_Rose-crowned Fruit-Dove,subspecies,high,yes,"Gould's Ptilinopus ewingii, of the Cobourg Peninsula, = the northern race ewingii of Rose-crowned Fruit-Dove.",List of Plates (vol. V); engraved caption on the leaf; Gould's text and synonymy; crosswalk
V,57,,Superb Fruit Pigeon,Ptilinopus superbus,Ptilinopus superbus,Superb Fruit-Dove,sufdov1,eBird/Clements 2025,Q277782,2495594,D3E75FB4A99AAFFA,Ptilinopus superbus_Superb Fruit-Dove,,high,yes,Superb Fruit-Dove,List of Plates (vol. V); engraved caption on the leaf; Gould's text and synonymy; crosswalk; pinned in Featherframe (gould_australia.yaml)
V,58,,Magnificent Fruit Pigeon,Carpophaga magnifica,Megaloprepia magnifica,Wompoo Fruit-Dove,wofdov1,eBird/Clements 2025,Q239801,2495643,1A279952CBA4F77E,Ptilinopus magnificus_Wompoo Fruit-Dove,,high,yes,Carpophaga magnifica = Wompoo Fruit-Dove,List of Plates (vol. V); engraved caption on the leaf; Gould's text and synonymy; crosswalk; pinned in Featherframe (gould_australia.yaml)
V,59,,White-headed Fruit Pigeon,Carpophaga leucomela,Columba leucomela,White-headed Pigeon,whhpig1,eBird/Clements 2025,Q937794,5231823,8F3CF81A2314DA00,,,high,yes,White-headed Pigeon; not in BirdNET,List of Plates (vol. V); engraved caption on the leaf; Gould's text and synonymy; crosswalk
V,60,,Torres Strait Fruit Pigeon,Carpophaga luctuosa,Ducula spilorrhoa,Torresian Imperial-Pigeon,torimp1,eBird/Clements 2025,Q1265995,2496003,A251CB8FEF768A43,Ducula spilorrhoa_Torresian Imperial-Pigeon,,high,yes,TRAP: Gould's 'Carpophaga luctuosa' is the Torresian Imperial-Pigeon; Temminck's luctuosa is the Sulawesi White Imperial-Pigeon,List of Plates (vol. V); engraved caption on the leaf; Gould's text and synonymy; crosswalk; pinned in Featherframe (gould_australia.yaml)
V,61,,Top-Knot Pigeon,Lopholaimus Antarcticus,Lopholaimus antarcticus,Topknot Pigeon,toppig1,eBird/Clements 2025,Q1071722,5231890,B6416BD3BA80E1F6,,,high,yes,Topknot Pigeon; not in BirdNET,List of Plates (vol. V); engraved caption on the leaf; Gould's text and synonymy; crosswalk
V,62,,Little Green Pigeon,Chalcophaps chrysochlora,Chalcophaps longirostris,Pacific Emerald Dove,emedov3,eBird/Clements 2025,Q2984173,6101221,826A97427363A854,Chalcophaps longirostris_Pacific Emerald Dove,subspecies,high,yes,"Gould's Chalcophaps chrysochlora, drawn from New South Wales birds, = the E Australian race rogersi of Pacific Emerald Dove.",List of Plates (vol. V); engraved caption on the leaf; Gould's text and synonymy; crosswalk; pinned in Featherframe (gould_australia.yaml)
V,63,,Wonga-wonga Pigeon,Leucosarcia picata,Leucosarcia melanoleuca,Wonga Pigeon,wonpig1,eBird/Clements 2025,Q221071,2495910,E91C72D9D9D189FB,Leucosarcia melanoleuca_Wonga Pigeon,,high,yes,picata = Wonga Pigeon,List of Plates (vol. V); engraved caption on the leaf; Gould's text and synonymy; crosswalk; pinned in Featherframe (gould_australia.yaml)
V,64,,Bronze-winged Pigeon,Peristera chalcoptera,Phaps chalcoptera,Common Bronzewing,combro1,eBird/Clements 2025,Q928398,2495195,8D30DDA6F6A6FD09,Phaps chalcoptera_Common Bronzewing,,high,yes,Common Bronzewing,List of Plates (vol. V); engraved caption on the leaf; Gould's text and synonymy; crosswalk; pinned in Featherframe (gould_australia.yaml)
V,65,,Brush Bronze-winged Pigeon,Peristera elegans,Phaps elegans,Brush Bronzewing,brubro1,eBird/Clements 2025,Q913892,2495197,020BE54687C5615A,Phaps elegans_Brush Bronzewing,,high,yes,Brush Bronzewing,List of Plates (vol. V); engraved caption on the leaf; Gould's text and synonymy; crosswalk; pinned in Featherframe (gould_australia.yaml)
V,66,,Harlequin Bronzewing,Peristera histrionica,Phaps histrionica,Flock Bronzewing,flobro1,eBird/Clements 2025,Q1268584,2495196,9560088EEECABE8B,,,high,yes,Flock Bronzewing; not in BirdNET,List of Plates (vol. V); engraved caption on the leaf; Gould's text and synonymy; crosswalk
V,67,,Partridge Bronze-wing,Geophaps scripta,Geophaps scripta,Squatter Pigeon,squpig1,eBird/Clements 2025,Q998864,2495391,AD62DDA506EC1318,,,high,yes,Squatter Pigeon; not in BirdNET,List of Plates (vol. V); engraved caption on the leaf; Gould's text and synonymy; crosswalk
V,68,,Smith’s Partridge Bronze-wing,Geophaps Smithii,Geophaps smithii,Partridge Pigeon,parpig1,eBird/Clements 2025,Q1247251,2495400,888803D1B09825A2,,,high,yes,Partridge Pigeon; not in BirdNET,List of Plates (vol. V); engraved caption on the leaf; Gould's text and synonymy; crosswalk
V,69,,Plumed Partridge Bronze-wing,Geophaps plumifera,Geophaps plumifera,Spinifex Pigeon,spipig2,eBird/Clements 2025,Q1187577,2495395,FFEE836B3BEF1400,,,high,yes,Spinifex Pigeon; not in BirdNET,List of Plates (vol. V); engraved caption on the leaf; Gould's text and synonymy; crosswalk
V,70,,Crested Pigeon,Ocyphaps Lophotes,Ocyphaps lophotes,Crested Pigeon,crepig1,eBird/Clements 2025,Q167857,2495190,245D312AD11EABBA,Ocyphaps lophotes_Crested Pigeon,,high,yes,Crested Pigeon,List of Plates (vol. V); engraved caption on the leaf; Gould's text and synonymy; crosswalk; pinned in Featherframe (gould_australia.yaml)
V,71,,White-quilled Rock Dove,Petrophassa albipennis,Petrophassa albipennis,White-quilled Rock-Pigeon,wqrpig1,eBird/Clements 2025,Q1259271,2496039,5AC3491A3C6BAB6A,,,high,yes,White-quilled Rock-Pigeon; not in BirdNET,List of Plates (vol. V); engraved caption on the leaf; Gould's text and synonymy; crosswalk
V,72,,Barred-shouldered Ground Dove,Geopelia humeralis,Geopelia humeralis,Bar-shouldered Dove,basdov1,eBird/Clements 2025,Q1267629,2495487,A39F91F007221637,Geopelia humeralis_Bar-shouldered Dove,,high,yes,Bar-shouldered Dove,List of Plates (vol. V); engraved caption on the leaf; Gould's text and synonymy; crosswalk; pinned in Featherframe (gould_australia.yaml)
V,73,,Peaceful Ground Dove,Geopelia tranquilla,Geopelia placida,Peaceful Dove,peadov1,eBird/Clements 2025,Q650277,2495495,8DF7FC3F4E0CA0D4,Geopelia placida_Peaceful Dove,,high,yes,tranquilla = Peaceful Dove,List of Plates (vol. V); engraved caption on the leaf; Gould's text and synonymy; crosswalk; pinned in Featherframe (gould_australia.yaml)
V,74,,Graceful Ground Dove,Geopelia cuneata,Geopelia cuneata,Diamond Dove,diadov1,eBird/Clements 2025,Q58904,2495494,4A80DFC5FBC54A4B,,,high,yes,Diamond Dove; not in BirdNET,List of Plates (vol. V); engraved caption on the leaf; Gould's text and synonymy; crosswalk
V,75,,Pheasant-tailed Pigeon,Macropygia Phasianella,Macropygia phasianella,Brown Cuckoo-Dove,brcdov1,eBird/Clements 2025,Q628225,2496178,1CFF2F57787B00B6,Macropygia phasianella_Brown Cuckoo-Dove,,high,yes,Brown Cuckoo-Dove,List of Plates (vol. V); engraved caption on the leaf; Gould's text and synonymy; crosswalk; pinned in Featherframe (gould_australia.yaml)
V,76,,Gnathodon,Gnathodon strigirostris,Didunculus strigirostris,Tooth-billed Pigeon,tobpig1,eBird/Clements 2025,Q144053,5231894,987DE55EDE81CF91,,,high,yes,Tooth-billed Pigeon (Samoa); not in BirdNET,List of Plates (vol. V); engraved caption on the leaf; Gould's text and synonymy; crosswalk
V,77,,Wattled Talegalla,Talegalla Lathami,Alectura lathami,Australian Brushturkey,ausbrt1,eBird/Clements 2025,Q632066,5229426,6BD20F58A143D7D0,Alectura lathami_Australian Brushturkey,,high,yes,Talegalla lathami = Australian Brushturkey,List of Plates (vol. V); engraved caption on the leaf; Gould's text and synonymy; crosswalk; pinned in Featherframe (gould_australia.yaml)
V,78,,Ocellated Leipoa,Leipoa ocellata,Leipoa ocellata,Malleefowl,mallee1,eBird/Clements 2025,Q901228,2482152,BE7FA4651093E668,,,high,yes,Malleefowl; not in BirdNET,List of Plates (vol. V); engraved caption on the leaf; Gould's text and synonymy; crosswalk
V,79,,Mound-raising Megapode,Megapodius Tumulus,Megapodius reinwardt,Orange-footed Megapode,orfscr1,eBird/Clements 2025,Q1047217,2482118,73651931C30C043E,Megapodius reinwardt_Orange-footed Scrubfowl,subspecies,high,no,"Gould's Megapodius tumulus, of the Cobourg Peninsula, = the N Australian race tumulus of Orange-footed Megapode.",List of Plates (vol. V); Gould's text and synonymy; crosswalk; pinned in Featherframe (gould_australia.yaml)
V,80,,Collared Plain Wanderer,Pedionomus torquatus,Pedionomus torquatus,Plains-wanderer,plawan1,eBird/Clements 2025,Q665606,5229423,1CE50BE8AEE27AAA,,,high,yes,Plains-wanderer; not in BirdNET,List of Plates (vol. V); engraved caption on the leaf; Gould's text and synonymy; crosswalk
V,81,,Black-breasted Hemipode,Hemipodius melanogaster,Turnix melanogaster,Black-breasted Buttonquail,blbbut2,eBird/Clements 2025,Q1267269,2474966,DE127941C7D2D66D,,,high,yes,Black-breasted Buttonquail; not in BirdNET,List of Plates (vol. V); engraved caption on the leaf; Gould's text and synonymy; crosswalk
V,82,,Varied Hemipode,Hemipodius varius,Turnix varius,Painted Buttonquail,paibut,eBird/Clements 2025,Q663363,2474976,AC18D7C47F7036C8,Turnix varius_Painted Buttonquail,,high,yes,Painted Buttonquail,List of Plates (vol. V); engraved caption on the leaf; Gould's text and synonymy; crosswalk; pinned in Featherframe (gould_australia.yaml)
V,83,,Sparkling Hemipode,Hemipodius scintillans,Turnix varius,Painted Buttonquail,paibut,eBird/Clements 2025,Q663363,2474976,AC18D7C47F7036C8,Turnix varius_Painted Buttonquail,subspecies,high,yes,"Gould's Hemipodius scintillans, of the Houtman Abrolhos, = the Abrolhos race scintillans of Painted Buttonquail.",List of Plates (vol. V); engraved caption on the leaf; Gould's text and synonymy; crosswalk
V,84,,Black-backed Hemipode,Hemipodius melanotus,Turnix maculosus,Red-backed Buttonquail,rebbut2,eBird/Clements 2025,Q2560908,2475017,32878BDD9614A86F,Turnix maculosus_Red-backed Buttonquail,subspecies,high,yes,"Hemipodius melanotus Gould (Moreton Bay) is the E Australian race of Red-backed Buttonquail; Ogilvie-Grant lists the plate under Turnix maculosa. The figures have a chestnut hindneck, buff wing coverts with black spots and black-spotted buff sides.","List of Plates (vol. V); engraved caption on the leaf; Gould's text and synonymy; Sharpe, Cat. Birds BM xxii; the plate"
V,85,,Chestnut-backed Hemipode,Hemipodius castanotus,Turnix castanotus,Chestnut-backed Buttonquail,chbbut2,eBird/Clements 2025,Q1270026,2475033,46184F93B290165E,,,high,yes,Chestnut-backed Buttonquail; not in BirdNET,List of Plates (vol. V); engraved caption on the leaf; Gould's text and synonymy; crosswalk
V,86,,Red-chested Hemipode,Hemipodius pyrrhothorax,Turnix pyrrhothorax,Red-chested Buttonquail,recbut1,eBird/Clements 2025,Q750944,2474967,E58A7C971E68BA36,,,high,yes,Red-chested Buttonquail; not in BirdNET,List of Plates (vol. V); engraved caption on the leaf; Gould's text and synonymy; crosswalk
V,87,,Swift-flying Hemipode,Hemipodius velox,Turnix velox,Little Buttonquail,litbut1,eBird/Clements 2025,Q385972,2475016,640EA20814748369,,,high,yes,Little Buttonquail; not in BirdNET,List of Plates (vol. V); engraved caption on the leaf; Gould's text and synonymy; crosswalk
V,88,,Pectoral Quail,Coturnix pectoralis,Coturnix pectoralis,Stubble Quail,stuqua1,eBird/Clements 2025,Q739982,2474127,98984CAD4C432E69,Coturnix pectoralis_Stubble Quail,,high,yes,Stubble Quail,List of Plates (vol. V); engraved caption on the leaf; Gould's text and synonymy; crosswalk; pinned in Featherframe (gould_australia.yaml)
V,89,,Australian Partridge,Synoicus Australis,Synoicus ypsilophorus,Brown Quail,broqua1,eBird/Clements 2025,Q28065529,2474153,E8718E9B15ADA38F,Synoicus ypsilophorus_Brown Quail,subspecies,high,yes,"Latham's Perdix australis, Gould's mainland Australian Partridge, = the mainland race australis of Brown Quail.",List of Plates (vol. V); engraved caption on the leaf; Gould's text and synonymy; crosswalk; pinned in Featherframe (gould_australia.yaml)
V,90,,Van Diemen’s Land Partridge,Synoicus Diemenensis,Synoicus ypsilophorus,Brown Quail,broqua1,eBird/Clements 2025,Q28065529,2474153,E8718E9B15ADA38F,Synoicus ypsilophorus_Brown Quail,,high,yes,diemenensis = Tasmanian Brown Quail,List of Plates (vol. V); engraved caption on the leaf; Gould's text and synonymy; crosswalk
V,91,,Sombre Partridge,Synoicus sordidus,Synoicus ypsilophorus,Brown Quail,broqua1,eBird/Clements 2025,Q28065529,2474153,E8718E9B15ADA38F,Synoicus ypsilophorus_Brown Quail,subspecies,high,yes,"Synoicus sordidus Gould (two South Australian skins; dark, with blue-grey shaft stripes) is the southern Brown Quail. Ogilvie-Grant lists it under Synoecus australis.","List of Plates (vol. V); engraved caption on the leaf; Gould's text and synonymy; Sharpe, Cat. Birds BM xxii; the plate"
V,92,,Chinese Quail,Synoicus Chinensis,Synoicus chinensis,Blue-breasted Quail,blbqua1,eBird/Clements 2025,Q27043839,8082581,C2579CCB48D8AF6F,Synoicus chinensis_Blue-breasted Quail,,high,yes,"King Quail (BirdNET Blue-breasted Quail, lumped)",List of Plates (vol. V); engraved caption on the leaf; Gould's text and synonymy; crosswalk; pinned in Featherframe (gould_australia.yaml)
VI,1,,The Emu,Dromaius Novae-Hollandiae,Dromaius novaehollandiae,Emu,emu1,eBird/Clements 2025,Q93208,2495134,FD2456D503016C33,,,high,yes,Emu; not in BirdNET,List of Plates (vol. VI); engraved caption on the leaf; Gould's text and synonymy; crosswalk
VI,2,,Kiwi-kiwi,Apteryx australis,,,,,,,,,,low,yes,"North Island Brown Kiwi or Southern Brown Kiwi (tokoeka)? The two skins figured were given to the Zoological Society by the New Zealand Company, without locality. The plate's soft brown streaked birds could be either. Where the skins came from would decide: Wellington or New Plymouth means A. mantelli, Nelson or the south A. australis.",List of Plates (vol. VI); engraved caption on the leaf; Gould's text and synonymy; the plate
VI,3,,Owen's Apteryx,Apteryx Owenii,Apteryx owenii,Little Spotted Kiwi,liskiw1,eBird/Clements 2025,Q244197,2495142,187706CF92320BD8,,,high,yes,Little Spotted Kiwi; not in BirdNET,List of Plates (vol. VI); engraved caption on the leaf; Gould's text and synonymy; crosswalk
VI,4,,Australian Bustard,Otis australasianus,Ardeotis australis,Australian Bustard,ausbus1,eBird/Clements 2025,Q764510,2474903,5D1DFB965C739F5D,,,high,yes,Australian Bustard; not in BirdNET,List of Plates (vol. VI); engraved caption on the leaf; Gould's text and synonymy; crosswalk
VI,5,,Southern Stone-Plover,Oedicnemus grallarius,Burhinus grallarius,Bush Thick-knee,butkne1,eBird/Clements 2025,Q1260615,2482098,C61A821BCD383448,Burhinus grallarius_Bush Thick-knee,,high,yes,Bush Thick-knee,List of Plates (vol. VI); engraved caption on the leaf; Gould's text and synonymy; crosswalk; pinned in Featherframe (gould_australia.yaml)
VI,6,,Large-billed Plover,Esacus magnirostris,Esacus magnirostris,Beach Thick-knee,beathk1,eBird/Clements 2025,Q339273,2482091,0CD2083B5ED35660,Esacus magnirostris_Beach Thick-knee,,high,yes,Beach Thick-knee,List of Plates (vol. VI); engraved caption on the leaf; Gould's text and synonymy; crosswalk; pinned in Featherframe (gould_australia.yaml)
VI,7,,White-breasted Oyster-catcher,Haematopus longirostris,Haematopus longirostris,Pied Oystercatcher,pieoys1,eBird/Clements 2025,Q781876,2480261,D828B84DC5372B2C,Haematopus longirostris_Pied Oystercatcher,,high,yes,Pied Oystercatcher,List of Plates (vol. VI); engraved caption on the leaf; Gould's text and synonymy; crosswalk; pinned in Featherframe (gould_australia.yaml)
VI,8,,Sooty Oyster-catcher,Haematopus fuliginosus,Haematopus fuliginosus,Sooty Oystercatcher,soooys1,eBird/Clements 2025,Q1006679,2480271,D89E4A2CAA155B78,Haematopus fuliginosus_Sooty Oystercatcher,,high,yes,Sooty Oystercatcher,List of Plates (vol. VI); engraved caption on the leaf; Gould's text and synonymy; crosswalk; pinned in Featherframe (gould_australia.yaml)
VI,9,,Wattled Pewit,Lobivanellus lobatus,Vanellus miles,Masked Lapwing,maslap1,eBird/Clements 2025,Q839366,5229134,B326F8393820FEA4,Vanellus miles_Masked Lapwing,subspecies,high,no,"Gould's Lobivanellus lobatus (Latham's Tringa lobata) is the southern, black-shouldered Masked Lapwing, the race V. m. novaehollandiae.",List of Plates (vol. VI); Gould's text and synonymy; crosswalk
VI,10,,Masked Pewit,Lobivanellus personatus,Vanellus miles,Masked Lapwing,maslap1,eBird/Clements 2025,Q839366,5229134,B326F8393820FEA4,Vanellus miles_Masked Lapwing,,high,yes,personatus = Masked Lapwing (N form),List of Plates (vol. VI); engraved caption on the leaf; Gould's text and synonymy; crosswalk; pinned in Featherframe (gould_australia.yaml)
VI,11,,Black-breasted Pewit,Sarciophorus pectoralis,Vanellus tricolor,Banded Lapwing,banlap1,eBird/Clements 2025,Q1269071,5229135,581FD9E849586092,Vanellus tricolor_Banded Lapwing,,high,yes,Sarciophorus pectoralis = Banded Lapwing,List of Plates (vol. VI); engraved caption on the leaf; Gould's text and synonymy; crosswalk; pinned in Featherframe (gould_australia.yaml)
VI,12,,Grey Plover,Squatarola helvetica,Pluvialis squatarola,Black-bellied Plover,bkbplo,eBird/Clements 2025,Q18835,2480327,27903EF7E618A6A2,Pluvialis squatarola_Black-bellied Plover,,high,yes,helvetica = Grey (Black-bellied) Plover,List of Plates (vol. VI); engraved caption on the leaf; Gould's text and synonymy; crosswalk; pinned in Featherframe (gould_australia.yaml)
VI,13,,Australian Golden Plover,Charadrius xanthocheilus,Pluvialis fulva,Pacific Golden-Plover,pagplo,eBird/Clements 2025,Q18865,2480331,07C11CF340D2017A,Pluvialis fulva_Pacific Golden-Plover,,high,yes,xanthocheilus = Pacific Golden-Plover,List of Plates (vol. VI); engraved caption on the leaf; Gould's text and synonymy; crosswalk; pinned in Featherframe (gould_australia.yaml)
VI,14,,Brown Plover,Charadrius veredus,Anarhynchus veredus,Oriental Plover,oriplo1,eBird/Clements 2025,Q1259404,2480309,02091964A47E998B,Charadrius veredus_Oriental Plover,,high,yes,Oriental Plover,List of Plates (vol. VI); engraved caption on the leaf; Gould's text and synonymy; crosswalk; pinned in Featherframe (gould_australia.yaml)
VI,15,,Australian Dottrel,Eudromias australis,Peltohyas australis,Inland Dotterel,inldot2,eBird/Clements 2025,Q1124403,2480338,C1DC658FF498BC38,,,high,yes,Inland Dotterel; not in BirdNET,List of Plates (vol. VI); engraved caption on the leaf; Gould's text and synonymy; crosswalk
VI,16,,Double-banded Dottrel,Hiaticula bicincta,Anarhynchus bicinctus,Double-banded Plover,dobplo1,eBird/Clements 2025,Q1242812,2480294,79420720E1A827CB,Charadrius bicinctus_Double-banded Plover,,high,yes,Double-banded Plover,List of Plates (vol. VI); engraved caption on the leaf; Gould's text and synonymy; crosswalk; pinned in Featherframe (gould_australia.yaml)
VI,17,,Red-capped Dottrel,Hiaticula ruficapilla,Anarhynchus ruficapillus,Red-capped Plover,recplo1,eBird/Clements 2025,Q256011,2480307,1EDCA97878EF2ADD,,,high,yes,Red-capped Plover; not in BirdNET,List of Plates (vol. VI); engraved caption on the leaf; Gould's text and synonymy; crosswalk
VI,18,,Hooded Dottrel,Hiaticula monacha,Thinornis cucullatus,Hooded Plover,hooplo2,eBird/Clements 2025,Q10825107,6095501,37C6EE3578D023D7,,,high,yes,monacha = Hooded Plover; not in BirdNET,List of Plates (vol. VI); engraved caption on the leaf; Gould's text and synonymy; crosswalk
VI,19,"left, larger",Allied Dottrel,Hiaticula inornata,Anarhynchus leschenaultii,Greater Sand-Plover,grsplo,eBird/Clements 2025,Q18857,2480297,98B9C10B606A4FF1,Charadrius leschenaultii_Greater Sand-Plover,,high,yes,"The larger, longer-billed, longer-legged left figure is a winter Greater Sand-Plover. Sharpe (Cat. Birds BM xxiv) puts 'pl. 19, large figure' in Ochthodromus geoffroyi. Gould's 'sexes a third different in size' was two species.","List of Plates (vol. VI); engraved caption on the leaf; Gould's text and synonymy; Sharpe, Cat. Birds BM xxiv; the plate"
VI,19,"right, smaller",Allied Dottrel,Hiaticula inornata,Anarhynchus mongolus,Siberian Sand-Plover,lessap2,eBird/Clements 2025,Q305255,9722670,66DA1FB3,Charadrius mongolus_Lesser Sand-Plover,,judged,yes,"The smaller, short-billed right figure is Sharpe's 'right-hand figure' under Ochthodromus mongolus. Port Essington and Torres Strait birds are the Siberian group; the Tibetan group rarely reaches Australia. Winter plumage alone would not separate them.","List of Plates (vol. VI); engraved caption on the leaf; Gould's text and synonymy; Sharpe, Cat. Birds BM xxiv; the plate"
VI,20,,Black-fronted Dottrel,Hiaticula nigrifrons,Thinornis melanops,Black-fronted Dotterel,blfdot1,eBird/Clements 2025,Q726726,2480342,124EBA0DD1117BE8,Elseyornis melanops_Black-fronted Dotterel,,high,yes,nigrifrons = Black-fronted Dotterel,List of Plates (vol. VI); engraved caption on the leaf; Gould's text and synonymy; crosswalk; pinned in Featherframe (gould_australia.yaml)
VI,21,,Banded Red Knee,Erythrogonys cinctus,Erythrogonys cinctus,Red-kneed Dotterel,rekdot1,eBird/Clements 2025,Q1269003,2480212,A358D6BF3A81FDE5,,,high,yes,Red-kneed Dotterel; not in BirdNET,List of Plates (vol. VI); engraved caption on the leaf; Gould's text and synonymy; crosswalk
VI,22,,Australian Pratincole,Glareola grallaria,Glareola isabella,Australian Pratincole,auspra1,eBird/Clements 2025,Q1073618,2480749,5B08743F8122B4CB,,,high,yes,grallaria = Australian Pratincole; not in BirdNET,List of Plates (vol. VI); engraved caption on the leaf; Gould's text and synonymy; crosswalk
VI,23,,Oriental Pratincole,Glareola orientalis,Glareola maldivarum,Oriental Pratincole,oripra,eBird/Clements 2025,Q116708,2480759,3222F80FA99A55A7,Glareola maldivarum_Oriental Pratincole,,high,yes,orientalis = Oriental Pratincole,List of Plates (vol. VI); engraved caption on the leaf; Gould's text and synonymy; crosswalk; pinned in Featherframe (gould_australia.yaml)
VI,24,,White-headed Stilt,Himantopus leucocephalus,Himantopus leucocephalus,Pied Stilt,piesti1,eBird/Clements 2025,Q18844,5229124,C2830C86727884E3,Himantopus leucocephalus_Pied Stilt,,high,yes,Pied Stilt,List of Plates (vol. VI); engraved caption on the leaf; Gould's text and synonymy; crosswalk; pinned in Featherframe (gould_australia.yaml)
VI,25,,New Zealand Stilt,Himantopus Novae-Zelandiae,Himantopus novaezelandiae,Black Stilt,blasti1,eBird/Clements 2025,Q686269,5229125,C26304D6CC0AA676,,,high,no,Black Stilt; not in BirdNET,List of Plates (vol. VI); Gould's text and synonymy; crosswalk
VI,26,,Banded Stilt,Cladorhynchus pectoralis,Cladorhynchus leucocephalus,Banded Stilt,bansti1,eBird/Clements 2025,Q385881,2480216,9A90A865F31A933A,,,high,no,pectoralis = Banded Stilt; not in BirdNET,List of Plates (vol. VI); Gould's text and synonymy; crosswalk
VI,27,,Red-necked Avocet,Recurvirostra rubricollis,Recurvirostra novaehollandiae,Red-necked Avocet,renavo1,eBird/Clements 2025,Q691946,2480257,DDFB54DBA9427387,,,high,yes,rubricollis = Red-necked Avocet; not in BirdNET,List of Plates (vol. VI); engraved caption on the leaf; Gould's text and synonymy; crosswalk
VI,28,,Black-tailed Godwit,Limosa melanuroides,Limosa limosa,Black-tailed Godwit,bktgod,eBird/Clements 2025,Q18841,2481685,454B5CD5F5285B77,Limosa limosa_Black-tailed Godwit,subspecies,high,yes,"Gould's Limosa melanuroides is the eastern race of Black-tailed Godwit, L. l. melanuroides.",List of Plates (vol. VI); engraved caption on the leaf; Gould's text and synonymy; crosswalk; pinned in Featherframe (gould_australia.yaml)
VI,29,,Barred-rumped Godwit,Limosa uropygialis,Limosa lapponica,Bar-tailed Godwit,batgod,eBird/Clements 2025,Q18864,2481681,9A684C997C1AF1BA,Limosa lapponica_Bar-tailed Godwit,subspecies,high,yes,"Gould's Limosa uropygialis is the eastern Bar-tailed Godwit, now in L. lapponica baueri (eBird's Siberian group).",List of Plates (vol. VI); engraved caption on the leaf; Gould's text and synonymy; crosswalk; pinned in Featherframe (gould_australia.yaml)
VI,30,,Australian Tringa,Schoeniclus australis,Calidris acuminata,Sharp-tailed Sandpiper,shtsan,eBird/Clements 2025,Q753760,2481769,A0A67A811E53D89F,Calidris acuminata_Sharp-tailed Sandpiper,,high,yes,Schoeniclus australis = Sharp-tailed Sandpiper,List of Plates (vol. VI); engraved caption on the leaf; Gould's text and synonymy; crosswalk; pinned in Featherframe (gould_australia.yaml)
VI,31,,Little Sandpiper,Schoeniclus albescens,Calidris ruficollis,Red-necked Stint,rensti,eBird/Clements 2025,Q18860,2481746,BBDF2F1BAC640E4D,Calidris ruficollis_Red-necked Stint,,high,yes,albescens = Red-necked Stint,List of Plates (vol. VI); engraved caption on the leaf; Gould's text and synonymy; crosswalk; pinned in Featherframe (gould_australia.yaml)
VI,32,,Curlew Sandpiper,Schoeniclus subarquatus,Calidris ferruginea,Curlew Sandpiper,cursan,eBird/Clements 2025,Q62345,2481741,143A681C9BCE9A20,Calidris ferruginea_Curlew Sandpiper,,high,yes,subarquatus = Curlew Sandpiper,List of Plates (vol. VI); engraved caption on the leaf; Gould's text and synonymy; crosswalk; pinned in Featherframe (gould_australia.yaml)
VI,33,,Great Sandpiper,Schoeniclus magnus,Calidris tenuirostris,Great Knot,grekno,eBird/Clements 2025,Q18876,2481768,09C51FA9A4E5C3E8,Calidris tenuirostris_Great Knot,,high,yes,Schoeniclus magnus Gould = Great Knot,List of Plates (vol. VI); engraved caption on the leaf; Gould's text and synonymy; crosswalk; pinned in Featherframe (gould_australia.yaml)
VI,34,,Terek Godwit,Terekia cinerea,Xenus cinereus,Terek Sandpiper,tersan,eBird/Clements 2025,Q18856,2481703,6D5992EEE12070E8,Xenus cinereus_Terek Sandpiper,,high,yes,Terek Sandpiper,List of Plates (vol. VI); engraved caption on the leaf; Gould's text and synonymy; crosswalk; pinned in Featherframe (gould_australia.yaml)
VI,35,,Fairy Sandpiper,Actitis empusa,Actitis hypoleucos,Common Sandpiper,comsan,eBird/Clements 2025,Q18850,2481800,8548B07ECA48773F,Actitis hypoleucos_Common Sandpiper,,high,yes,empusa Gould = Common Sandpiper,List of Plates (vol. VI); engraved caption on the leaf; Gould's text and synonymy; crosswalk; pinned in Featherframe (gould_australia.yaml)
VI,36,,Australian Greenshank,Glottis glottoides,Tringa nebularia,Common Greenshank,comgre,eBird/Clements 2025,Q18840,2481726,18B415D28BBF934C,Tringa nebularia_Common Greenshank,,high,yes,glottoides = Common Greenshank,List of Plates (vol. VI); engraved caption on the leaf; Gould's text and synonymy; crosswalk; pinned in Featherframe (gould_australia.yaml)
VI,37,,Marsh Sandpiper,Totanus stagnatilis,Tringa stagnatilis,Marsh Sandpiper,marsan,eBird/Clements 2025,Q28355,2481719,15CF9352AD0E92DF,Tringa stagnatilis_Marsh Sandpiper,,high,yes,Marsh Sandpiper,List of Plates (vol. VI); engraved caption on the leaf; Gould's text and synonymy; crosswalk; pinned in Featherframe (gould_australia.yaml)
VI,38,,Grey-rumped Sandpiper,Totanus griseopygius,Tringa brevipes,Gray-tailed Tattler,gyttat1,eBird/Clements 2025,Q11848755,2481722,29256A389375B43E,Tringa brevipes_Gray-tailed Tattler,,high,yes,griseopygius = Grey-tailed Tattler,List of Plates (vol. VI); engraved caption on the leaf; Gould's text and synonymy; crosswalk; pinned in Featherframe (gould_australia.yaml)
VI,39,,Turnstone,Strepsilas interpres,Arenaria interpres,Ruddy Turnstone,rudtur,eBird/Clements 2025,Q26892,2481776,DC3050A9771F2CE9,Arenaria interpres_Ruddy Turnstone,,high,yes,Ruddy Turnstone,List of Plates (vol. VI); engraved caption on the leaf; Gould's text and synonymy; crosswalk; pinned in Featherframe (gould_australia.yaml)
VI,40,,New Holland Snipe,Scolopax australis,Gallinago hardwickii,Latham's Snipe,latsni1,eBird/Clements 2025,Q941289,2481830,C9B4E3D558B1FDC8,Gallinago hardwickii_Latham's Snipe,,high,yes,Scolopax australis = Latham's Snipe,List of Plates (vol. VI); engraved caption on the leaf; Gould's text and synonymy; crosswalk; pinned in Featherframe (gould_australia.yaml)
VI,41,,Australian Rhynchaea,Rhynchaea australis,Rostratula australis,Australian Painted-Snipe,auspas1,eBird/Clements 2025,Q1270108,4849640,8CB3B2194395E24F,,,high,yes,"Australian Painted-snipe; BirdNET has only Greater Painted-snipe (R. benghalensis), a split sister",List of Plates (vol. VI); engraved caption on the leaf; Gould's text and synonymy; crosswalk
VI,42,,Australian Curlew,Numenius australis,Numenius madagascariensis,Far Eastern Curlew,faecur,eBird/Clements 2025,Q76496,2481791,DAF8F22BD6A6C662,Numenius madagascariensis_Far Eastern Curlew,,high,yes,australis = Far Eastern Curlew,List of Plates (vol. VI); engraved caption on the leaf; Gould's text and synonymy; crosswalk; pinned in Featherframe (gould_australia.yaml)
VI,43,,Australian Whimbrel,Numenius uropygialis,Numenius phaeopus,Eurasian Whimbrel,whimbr5,eBird/Clements 2025,Q18858,2481784,082F3A63,Numenius phaeopus_Whimbrel,subspecies,high,yes,"Gould's Numenius uropygialis is the East Asian Whimbrel, N. phaeopus variegatus, which eBird 2025 keeps in Eurasian Whimbrel after splitting off the Hudsonian.",List of Plates (vol. VI); engraved caption on the leaf; Gould's text and synonymy; crosswalk; pinned in Featherframe (gould_australia.yaml)
VI,44,,Little Whimbrel,Numenius minutus,Numenius minutus,Little Curlew,litcur,eBird/Clements 2025,Q76569,2481782,C00E1EB8C00BCC31,Numenius minutus_Little Curlew,,high,yes,Little Curlew,List of Plates (vol. VI); engraved caption on the leaf; Gould's text and synonymy; crosswalk; pinned in Featherframe (gould_australia.yaml)
VI,45,,Straw-necked Ibis,Geronticus spinicollis,Threskiornis spinicollis,Straw-necked Ibis,stnibi1,eBird/Clements 2025,Q902906,2480766,073C56D1B3048B07,,,high,yes,Straw-necked Ibis; not in BirdNET,List of Plates (vol. VI); engraved caption on the leaf; Gould's text and synonymy; crosswalk
VI,46,,White Ibis,Threskiornis strictipennis,Threskiornis molucca,Australian Ibis,ausibi1,eBird/Clements 2025,Q667540,2480765,8C461E3FC1E5C100,Threskiornis molucca_Australian Ibis,,high,yes,strictipennis = Australian Ibis,List of Plates (vol. VI); engraved caption on the leaf; Gould's text and synonymy; crosswalk; pinned in Featherframe (gould_australia.yaml)
VI,47,,Glossy Ibis,Falcinellus igneus,Plegadis falcinellus,Glossy Ibis,gloibi,eBird/Clements 2025,Q178811,2480773,D4540F880A3EC3BB,Plegadis falcinellus_Glossy Ibis,,high,yes,Glossy Ibis,List of Plates (vol. VI); engraved caption on the leaf; Gould's text and synonymy; crosswalk; pinned in Featherframe (gould_australia.yaml)
VI,48,,Australian Crane,Grus australasianus,Antigone rubicunda,Brolga,brolga1,eBird/Clements 2025,Q926178,2474949,A4480D0279EA1C38,Antigone rubicunda_Brolga,,high,yes,Grus australasianus = Brolga,List of Plates (vol. VI); engraved caption on the leaf; Gould's text and synonymy; crosswalk; pinned in Featherframe (gould_australia.yaml)
VI,49,,Yellow-legged Spoonbill,Platalea flavipes,Platalea flavipes,Yellow-billed Spoonbill,yebspo1,eBird/Clements 2025,Q250051,2480806,62A227794D85D569,,,high,yes,Yellow-billed Spoonbill; not in BirdNET,List of Plates (vol. VI); engraved caption on the leaf; Gould's text and synonymy; crosswalk
VI,50,,Royal Spoonbill,Platalea regia,Platalea regia,Royal Spoonbill,royspo1,eBird/Clements 2025,Q722981,2480799,DEAF523A17679BEA,,,high,yes,Royal Spoonbill; not in BirdNET,List of Plates (vol. VI); engraved caption on the leaf; Gould's text and synonymy; crosswalk
VI,51,,Australian Mycteria,Mycteria australis,Ephippiorhynchus asiaticus,Black-necked Stork,blnsto1,eBird/Clements 2025,Q998703,2481905,27A758E6CD5417DE,,subspecies,high,yes,"Mycteria australis Shaw, Gould's Australian Mycteria, is the Australian race of Black-necked Stork, E. asiaticus australis.",List of Plates (vol. VI); engraved caption on the leaf; Gould's text and synonymy; crosswalk
VI,52,,Pacific Heron,Ardea pacifica,Ardea pacifica,Pacific Heron,pacher1,eBird/Clements 2025,Q916818,2480933,69F7C03035BC02CC,,,high,yes,Pacific (White-necked) Heron; not in BirdNET,List of Plates (vol. VI); engraved caption on the leaf; Gould's text and synonymy; crosswalk
VI,53,,White-fronted Heron,Ardea Novae-Hollandiae,Egretta novaehollandiae,White-faced Heron,whfher1,eBird/Clements 2025,Q392236,2480897,21044CECFEA9C905,Egretta novaehollandiae_White-faced Heron,,high,no,White-faced Heron,List of Plates (vol. VI); Gould's text and synonymy; crosswalk; pinned in Featherframe (gould_australia.yaml)
VI,54,,Great-billed Heron,Ardea rectirostris,Ardea sumatrana,Great-billed Heron,grbher2,eBird/Clements 2025,Q757350,2480924,9B073071AD100BD6,Ardea sumatrana_Great-billed Heron,,high,yes,rectirostris = Great-billed Heron,List of Plates (vol. VI); engraved caption on the leaf; Gould's text and synonymy; crosswalk; pinned in Featherframe (gould_australia.yaml)
VI,55,,Great Grey Heron,Ardea leucophaea,Ardea cinerea,Gray Heron,graher1,eBird/Clements 2025,Q25273,9797180,6AC87967DC86D7EE,Ardea cinerea_Gray Heron,,high,yes,"The figures are Gray Herons: a white neck with a line of black streaks, a black crest stripe, a grey back and a yellow bill, adult and young. Gould compares the bird with the Common Heron and cites Indian skins. Whether his New South Wales skin was truly Australian is the doubt, not the bird.",List of Plates (vol. VI); engraved caption on the leaf; Gould's text and synonymy; the plate
VI,56,,Australian Egret,Herodias syrmatophorus,Ardea alba,Great Egret,greegr,eBird/Clements 2025,Q130730,9752617,49D9148A171E7F2E,Ardea alba_Great Egret,subspecies,high,yes,"Gould's Herodias syrmatophorus is the eastern Great Egret, A. alba modesta.",List of Plates (vol. VI); engraved caption on the leaf; Gould's text and synonymy; crosswalk; pinned in Featherframe (gould_australia.yaml)
VI,57,,Plumed Egret,Herodias plumiferus,Ardea plumifera,Plumed Egret,integr2,eBird/Clements 2025,Q31873854,,,Ardea intermedia_Intermediate Egret,,high,yes,"plumiferus Gould = Plumed Egret, the Australasian daughter of the Intermediate Egret split; BirdNET lumps",List of Plates (vol. VI); engraved caption on the leaf; Gould's text and synonymy; crosswalk; pinned in Featherframe (gould_australia.yaml)
VI,58,,Spotless Egret,Herodias immaculata,Egretta garzetta,Little Egret,litegr,eBird/Clements 2025,Q131709,2480876,A6E9EDE55D229ED9,Egretta garzetta_Little Egret,subspecies,high,yes,"Gould's Herodias immaculata is the Australasian Little Egret, E. garzetta immaculata, the name eBird 2025 uses for that group.",List of Plates (vol. VI); engraved caption on the leaf; Gould's text and synonymy; crosswalk; pinned in Featherframe (gould_australia.yaml)
VI,59,,Sombre Egret,Herodias pannosus,Egretta gularis,Western Reef-Heron,werher,eBird/Clements 2025,Q392570,2480898,DF32B1F9,Egretta gularis_Western Reef-Heron,variant,medium,no,"Gould's single Sombre Egret is drawn as a dark Western Reef-Heron, not a Pacific Reef-Heron (long black tarsi with yellow toes, a slender yellow bill, long plumes), and in his Handbook (1865) he synonymises pannosus with Sykes's Ardea asha and gives its tarsus as about 4 1/2 inches, against under 3 1/2 in the reef heron. But the skin came 'from the neighbourhood of Port Stephens' with no note, far outside the Western Reef-Heron's range, and only the specimen, if it survives, would decide.","List of Plates (vol. VI); Gould's text; the plate, against VI.60; Gould, Handb. B. Austr. ii: 305 (1865); Sharpe, Cat. Birds BM xxvi: 140; HANZAB 1"
VI,60,,Blue Reef Heron,Herodias jugularis,Egretta sacra,Pacific Reef-Heron,pacreh1,eBird/Clements 2025,Q392232,2480899,,Egretta sacra_Pacific Reef-Heron,variant,high,no,"Forster's Ardea jugularis, Gould's Blue Reef Heron, is the dark morph of the Pacific Reef-Heron; the white morph is VI.61.",List of Plates (vol. VI); Gould's text and synonymy; crosswalk
VI,61,,White Reef Heron,Herodias Greyi,Egretta sacra,Pacific Reef-Heron,pacreh1,eBird/Clements 2025,Q392232,2480899,,Egretta sacra_Pacific Reef-Heron,variant,high,yes,"Gray's Herodias greyi, the White Reef Heron, is the white morph of the Pacific Reef-Heron, as Gould himself suspected.",List of Plates (vol. VI); engraved caption on the leaf; Gould's text and synonymy; crosswalk; pinned in Featherframe (gould_australia.yaml)
VI,62,,Pied Egret,Herodias picata,Egretta picata,Pied Heron,pieher2,eBird/Clements 2025,Q420729,6066403,2D0ED4620E32BAB0,,,high,no,Pied Heron; not in BirdNET,List of Plates (vol. VI); Gould's text and synonymy; crosswalk
VI,63,,Nankeen Night Heron,Nycticorax caledonicus,Nycticorax caledonicus,Nankeen Night Heron,runher1,eBird/Clements 2025,Q372383,2480857,FDD00863C1103132,,,high,yes,Nankeen Night-Heron; not in BirdNET,List of Plates (vol. VI); engraved caption on the leaf; Gould's text and synonymy; crosswalk
VI,64,,Australian Bittern,Botaurus australis,Botaurus poiciloptilus,Australasian Bittern,ausbit1,eBird/Clements 2025,Q783076,2480912,F18D7DF752DFFD46,,,high,yes,Australasian Bittern; not in BirdNET,List of Plates (vol. VI); engraved caption on the leaf; Gould's text and synonymy; crosswalk
VI,65,,Yellow-necked Bittern,Ardetta flavicollis,Botaurus flavicollis,Black Bittern,blabit1,eBird/Clements 2025,Q888559,2480871,003BE0C5CFF7BADF,Ixobrychus flavicollis_Black Bittern,,high,yes,Black Bittern,List of Plates (vol. VI); engraved caption on the leaf; Gould's text and synonymy; crosswalk; pinned in Featherframe (gould_australia.yaml)
VI,66,,Thick-billed Green Bittern,Ardetta macrorhyncha,Butorides striata,Striated Heron,strher2,eBird/Clements 2025,Q270722,2480824,67ADD2E32D0F64B7,Butorides striata_Striated Heron,subspecies,high,yes,"Gould's Ardetta macrorhyncha is the east Australian race of Striated Heron, B. s. macrorhyncha.",List of Plates (vol. VI); engraved caption on the leaf; Gould's text and synonymy; crosswalk; pinned in Featherframe (gould_australia.yaml)
VI,67,,Little Grey Bittern,Ardetta stagnatilis,Butorides striata,Striated Heron,strher2,eBird/Clements 2025,Q270722,2480824,67ADD2E32D0F64B7,Butorides striata_Striated Heron,subspecies,high,yes,"Gould's Ardetta stagnatilis is the grey north Australian race of Striated Heron, B. s. stagnatilis.",List of Plates (vol. VI); engraved caption on the leaf; Gould's text and synonymy; crosswalk
VI,68,,Minute Bittern,Ardetta pusilla,Botaurus dubius,Black-backed Bittern,bkbbit1,eBird/Clements 2025,Q888660,5789308,32C3CEF700F81D91,Ixobrychus dubius_Black-backed Bittern,,high,yes,pusilla Gould = Black-backed Bittern,List of Plates (vol. VI); engraved caption on the leaf; Gould's text and synonymy; crosswalk; pinned in Featherframe (gould_australia.yaml)
VI,69,,Black-backed Porphyrio,Porphyrio melanotus,Porphyrio melanotus,Australasian Swamphen,purswa6,eBird/Clements 2025,Q27074640,5817288,0E0D8AE779C81A86,Porphyrio melanotus_Australasian Swamphen,,high,yes,Australasian Swamphen,List of Plates (vol. VI); engraved caption on the leaf; Gould's text and synonymy; crosswalk; pinned in Featherframe (gould_australia.yaml)
VI,70,,Azure-breasted Porphyrio,Porphyrio bellus,Porphyrio melanotus,Australasian Swamphen,purswa6,eBird/Clements 2025,Q27074640,5817288,0E0D8AE779C81A86,Porphyrio melanotus_Australasian Swamphen,subspecies,high,yes,"Gould's Porphyrio bellus is the south-western race of Australasian Swamphen, P. m. bellus.",List of Plates (vol. VI); engraved caption on the leaf; Gould's text and synonymy; crosswalk
VI,71,,Mortier's Tribonyx,Tribonyx Mortierii,Tribonyx mortierii,Tasmanian Nativehen,tanhen1,eBird/Clements 2025,Q25566930,9003282,4CF76CCF8E66B4A4,Tribonyx mortierii_Tasmanian Nativehen,,high,yes,Tasmanian Nativehen,List of Plates (vol. VI); engraved caption on the leaf; Gould's text and synonymy; crosswalk; pinned in Featherframe (gould_australia.yaml)
VI,72,,Black-tailed Tribonyx,Tribonyx ventralis,Tribonyx ventralis,Black-tailed Nativehen,btnhen1,eBird/Clements 2025,Q27074651,5228214,B0A6B9240F5104E6,Tribonyx ventralis_Black-tailed Nativehen,,high,yes,Black-tailed Nativehen,List of Plates (vol. VI); engraved caption on the leaf; Gould's text and synonymy; crosswalk; pinned in Featherframe (gould_australia.yaml)
VI,73,,Sombre Gallinule,Gallinula tenebrosa,Gallinula tenebrosa,Dusky Moorhen,dusmoo1,eBird/Clements 2025,Q1078223,5228220,0BA183A7E9B3EC2E,Gallinula tenebrosa_Dusky Moorhen,,high,yes,Dusky Moorhen,List of Plates (vol. VI); engraved caption on the leaf; Gould's text and synonymy; crosswalk; pinned in Featherframe (gould_australia.yaml)
VI,74,,Australian Coot,Fulica australis,Fulica atra,Eurasian Coot,eurcoo,eBird/Clements 2025,Q25376,2474377,B682B2A9C922D4C4,Fulica atra_Eurasian Coot,subspecies,high,yes,"Gould's Fulica australis is the Australasian race of Eurasian Coot, F. a. australis.",List of Plates (vol. VI); engraved caption on the leaf; Gould's text and synonymy; crosswalk; pinned in Featherframe (gould_australia.yaml)
VI,75,,Gallinaceous Parra,Parra gallinacea,Irediparra gallinacea,Comb-crested Jacana,cocjac1,eBird/Clements 2025,Q517676,2481844,570239AA06386810,,,high,yes,Comb-crested Jacana; not in BirdNET,List of Plates (vol. VI); engraved caption on the leaf; Gould's text and synonymy; crosswalk
VI,76,,Pectoral Rail,Rallus pectoralis,Gallirallus philippensis,Buff-banded Rail,bubrai1,eBird/Clements 2025,Q917017,2474550,732D08C3A6454700,Gallirallus philippensis_Buff-banded Rail,,high,yes,"TRAP: Gould's 'Rallus pectoralis, Pectoral Rail' (summer visitant 'Land Rail') = Buff-banded Rail; Temminck's pectoralis now names Lewin's Rail (VI.77)",List of Plates (vol. VI); engraved caption on the leaf; Gould's text and synonymy; crosswalk; pinned in Featherframe (gould_australia.yaml)
VI,77,,Lewin's Water Rail,Rallus Lewinii,Lewinia pectoralis,Lewin's Rail,lewrai1,eBird/Clements 2025,Q1273720,5228188,8B6FB21FF7D11107,Lewinia pectoralis_Lewin's Rail,,high,yes,Rallus lewinii / brachipus = Lewin's Rail,List of Plates (vol. VI); engraved caption on the leaf; Gould's text and synonymy; crosswalk; pinned in Featherframe (gould_australia.yaml)
VI,78,,Chestnut-bellied Rail,Eulabeornis castaneoventris,Gallirallus castaneoventris,Chestnut Rail,cherai1,eBird/Clements 2025,Q1274782,2474372,EC5141434AE87482,,,high,yes,Chestnut Rail; not in BirdNET,List of Plates (vol. VI); engraved caption on the leaf; Gould's text and synonymy; crosswalk
VI,79,,Spotted Water Crake,Porzana fluminea,Porzana fluminea,Australian Crake,auscra1,eBird/Clements 2025,Q1273794,2474614,C1F82F7A7ED0BED2,,,high,yes,Australian Crake; not in BirdNET,List of Plates (vol. VI); engraved caption on the leaf; Gould's text and synonymy; crosswalk
VI,80,,Water Crake,Porzana palustris,Zapornia pusilla,Baillon's Crake,baicra1,eBird/Clements 2025,Q237670,2474628,34D5B04DE53894FF,Zapornia pusilla_Baillon's Crake,subspecies,high,yes,"Gould's Porzana palustris is the Australasian race of Baillon's Crake, Z. p. palustris.",List of Plates (vol. VI); engraved caption on the leaf; Gould's text and synonymy; crosswalk; pinned in Featherframe (gould_australia.yaml)
VI,81,,White-eyebrowed Water Crake,Porzana leucophrys,Poliolimnas cinereus,White-browed Crake,whbcra1,eBird/Clements 2025,Q782463,2474612,498A43690DC1E93F,Poliolimnas cinereus_White-browed Crake,subspecies,high,yes,"Gould's Porzana leucophrys is the north Australian race of White-browed Crake, P. c. leucophrys.",List of Plates (vol. VI); engraved caption on the leaf; Gould's text and synonymy; crosswalk; pinned in Featherframe (gould_australia.yaml)
VI,82,,Spotless Gallinule,Porzana immaculata,Zapornia tabuensis,Spotless Crake,spocra2,eBird/Clements 2025,Q28122937,2474607,C15FF1EB625BBFA2,Zapornia tabuensis_Spotless Crake,,high,yes,immaculata = Spotless Crake,List of Plates (vol. VI); engraved caption on the leaf; Gould's text and synonymy; crosswalk; pinned in Featherframe (gould_australia.yaml)
VII,1,,Cereopsis Goose,Cereopsis Novae-Hollandiae,Cereopsis novaehollandiae,Cape Barren Goose,cabgoo1,eBird/Clements 2025,Q257006,5232432,CA875F313CC1FB4B,,,high,yes,Cape Barren Goose; not in BirdNET,List of Plates (vol. VII); engraved caption on the leaf; Gould's text and synonymy; crosswalk
VII,2,,Semipalmated Goose,Anseranas melanoleuca,Anseranas semipalmata,Magpie Goose,maggoo1,eBird/Clements 2025,Q212937,2497981,89D5434BD884EAB7,Anseranas semipalmata_Magpie Goose,,high,no,melanoleuca = Magpie Goose,List of Plates (vol. VII); Gould's text and synonymy; crosswalk; pinned in Featherframe (gould_australia.yaml)
VII,3,,Maned Goose,Bernicla jubata,Chenonetta jubata,Maned Duck,manduc1,eBird/Clements 2025,Q837402,2498046,149A8E7EC51FC9E9,Chenonetta jubata_Maned Duck,,high,yes,Bernicla jubata = Maned Duck,List of Plates (vol. VII); engraved caption on the leaf; Gould's text and synonymy; crosswalk; pinned in Featherframe (gould_australia.yaml)
VII,4,,Beautiful Pygmy Goose,Nettapus pulchellus,Nettapus pulchellus,Green Pygmy-Goose,grnpyg1,eBird/Clements 2025,Q783165,2498309,D040868F22DC897B,,,high,yes,Green Pygmy-Goose; not in BirdNET,List of Plates (vol. VII); engraved caption on the leaf; Gould's text and synonymy; crosswalk
VII,5,,Pygmy Goose,Nettapus coromandelianus,Nettapus coromandelianus,Cotton Pygmy-Goose,copgoo1,eBird/Clements 2025,Q839532,2498310,90AAE188290B503E,Nettapus coromandelianus_Cotton Pygmy-Goose,,high,yes,Cotton Pygmy-Goose (albipennis),List of Plates (vol. VII); engraved caption on the leaf; Gould's text and synonymy; crosswalk; pinned in Featherframe (gould_australia.yaml)
VII,6,,Black Swan,Cygnus atratus,Cygnus atratus,Black Swan,blkswa,eBird/Clements 2025,Q131044,2498344,46B54DB1D4CF50D3,Cygnus atratus_Black Swan,,high,yes,Black Swan,List of Plates (vol. VII); engraved caption on the leaf; Gould's text and synonymy; crosswalk; pinned in Featherframe (gould_australia.yaml)
VII,7,,Chestnut-coloured Shieldrake,Casarca tadornoides,Tadorna tadornoides,Australian Shelduck,ausshe1,eBird/Clements 2025,Q761809,2498007,FF1439E472DBFDC1,Tadorna tadornoides_Australian Shelduck,,high,yes,Casarca = Australian Shelduck,List of Plates (vol. VII); engraved caption on the leaf; Gould's text and synonymy; crosswalk; pinned in Featherframe (gould_australia.yaml)
VII,8,,Radjah Shieldrake,Tadorna radjah,Radjah radjah,Radjah Shelduck,radshe1,eBird/Clements 2025,Q28125248,9647688,13B373F3DF9208DE,Radjah radjah_Radjah Shelduck,,high,no,Radjah Shelduck,List of Plates (vol. VII); Gould's text and synonymy; crosswalk; pinned in Featherframe (gould_australia.yaml)
VII,9,,Australian Wild Duck,Anas superciliosa,Anas superciliosa,Pacific Black Duck,pabduc1,eBird/Clements 2025,Q757271,2498084,07479AD998AA586D,Anas superciliosa_Pacific Black Duck,,high,yes,Pacific Black Duck,List of Plates (vol. VII); engraved caption on the leaf; Gould's text and synonymy; crosswalk; pinned in Featherframe (gould_australia.yaml)
VII,10,,Freckled Duck,Anas naevosa,Stictonetta naevosa,Freckled Duck,freduc1,eBird/Clements 2025,Q382321,2498226,E93960AB9D07F4CC,,,high,yes,Freckled Duck; not in BirdNET,List of Plates (vol. VII); engraved caption on the leaf; Gould's text and synonymy; crosswalk
VII,11,,Chestnut-breasted Duck,Anas punctata,Anas castanea,Chestnut Teal,chetea1,eBird/Clements 2025,Q589750,2498097,DBF66606B2D59CD1,Anas castanea_Chestnut Teal,,high,yes,punctata = Chestnut Teal,List of Plates (vol. VII); engraved caption on the leaf; Gould's text and synonymy; crosswalk; pinned in Featherframe (gould_australia.yaml)
VII,12,,Australian Shoveller,Spatula rhynchotis,Spatula rhynchotis,Australasian Shoveler,aussho1,eBird/Clements 2025,Q28106912,9288935,A21E76459E57408F,,,high,yes,Australasian Shoveler; not in BirdNET,List of Plates (vol. VII); engraved caption on the leaf; Gould's text and synonymy; crosswalk
VII,13,,Membranaceous Duck,Malacorhynchus membranaceus,Malacorhynchus membranaceus,Pink-eared Duck,pieduc1,eBird/Clements 2025,Q917578,5232435,FE03DD1E0BE0D9E5,Malacorhynchus membranaceus_Pink-eared Duck,,high,yes,Pink-eared Duck,List of Plates (vol. VII); engraved caption on the leaf; Gould's text and synonymy; crosswalk; pinned in Featherframe (gould_australia.yaml)
VII,14,,Whistling Duck,Dendrocygna arcuata,Dendrocygna arcuata,Wandering Whistling-Duck,wawduc1,eBird/Clements 2025,Q519946,2498398,69D272A6383A8329,Dendrocygna arcuata_Wandering Whistling-Duck,,high,no,Wandering Whistling-Duck,List of Plates (vol. VII); Gould's text and synonymy; crosswalk; pinned in Featherframe (gould_australia.yaml)
VII,15,,Eyton's Duck,Leptotarsis Eytoni,Dendrocygna eytoni,Plumed Whistling-Duck,plwduc1,eBird/Clements 2025,Q917586,2498405,A467AD007FE8BFF3,Dendrocygna eytoni_Plumed Whistling-Duck,,high,yes,Leptotarsis eytoni = Plumed Whistling-Duck,List of Plates (vol. VII); engraved caption on the leaf; Gould's text and synonymy; crosswalk; pinned in Featherframe (gould_australia.yaml)
VII,16,,White-eyed Duck,Nyroca australis,Aythya australis,Hardhead,wheduc1,eBird/Clements 2025,Q781886,2498269,ABEF107CAB6BE33B,,,high,yes,Hardhead; not in BirdNET,List of Plates (vol. VII); engraved caption on the leaf; Gould's text and synonymy; crosswalk
VII,17,,Blue-billed Duck,Erismatura australis,Oxyura australis,Blue-billed Duck,blbduc1,eBird/Clements 2025,Q783071,5232471,672BA2DACFB6047F,,,high,yes,Blue-billed Duck; not in BirdNET,List of Plates (vol. VII); engraved caption on the leaf; Gould's text and synonymy; crosswalk
VII,18,,Musk Duck,Biziura lobata,Biziura lobata,Musk Duck,musduc1,eBird/Clements 2025,Q917356,2498187,623B61C4808117F5,Biziura lobata_Musk Duck,,high,no,Musk Duck,List of Plates (vol. VII); Gould's text and synonymy; crosswalk; pinned in Featherframe (gould_australia.yaml)
VII,19,,Pacific Gull,Larus pacificus,Larus pacificus,Pacific Gull,pacgul1,eBird/Clements 2025,Q619065,2481147,,,,high,yes,Pacific Gull; not in BirdNET,List of Plates (vol. VII); engraved caption on the leaf; Gould's text and synonymy; crosswalk
VII,20,,Jameson's Gull,Xema Jamesonii,Chroicocephalus novaehollandiae,Silver Gull,silgul2,eBird/Clements 2025,Q782038,6065811,,Chroicocephalus novaehollandiae_Silver Gull,,high,yes,Xema jamesonii = Silver Gull,List of Plates (vol. VII); engraved caption on the leaf; Gould's text and synonymy; crosswalk; pinned in Featherframe (gould_australia.yaml)
VII,21,,Skua Gull,Lestris catarractes,Stercorarius antarcticus,Brown Skua,brnsku3,eBird/Clements 2025,Q18987,2481622,4D5D2BC3F80BD645,Stercorarius antarcticus_Brown Skua,,medium,yes,"Brown Skua or Great Skua? The figure is uniformly dark chocolate with a white primary flash and none of the Great Skua's rufous and pale streaking, and Gould wrote of Southern Ocean and Derwent birds, which he found darker. His name and synonymy are the Great Skua's and he names no specimen. The figured skin's origin would decide.",List of Plates (vol. VII); engraved caption on the leaf; Gould's text and synonymy; the plate
VII,22,,Powerful Tern,Sylochelidon strenuus,Hydroprogne caspia,Caspian Tern,caster1,eBird/Clements 2025,Q27129,2481236,BC06BC0D1056BC7B,Hydroprogne caspia_Caspian Tern,,high,yes,Sylochelidon strenuus = Caspian Tern,List of Plates (vol. VII); engraved caption on the leaf; Gould's text and synonymy; crosswalk; pinned in Featherframe (gould_australia.yaml)
VII,23,,Torres' Straits Tern,Thalasseus pelecanoides,Thalasseus bergii,Great Crested Tern,grcter1,eBird/Clements 2025,Q18866,5789283,526978C4A16D3750,Thalasseus bergii_Great Crested Tern,subspecies,high,yes,"Thalasseus pelecanoides King, Gould's Torres' Straits Tern, is an Australian Great Crested Tern, now in the race T. b. cristatus.",List of Plates (vol. VII); engraved caption on the leaf; Gould's text and synonymy; crosswalk; pinned in Featherframe (gould_australia.yaml)
VII,24,,Bass's Straits Tern,Thalasseus poliocercus,Thalasseus bergii,Great Crested Tern,grcter1,eBird/Clements 2025,Q18866,5789283,526978C4A16D3750,Thalasseus bergii_Great Crested Tern,subspecies,high,yes,"Gould's Thalasseus poliocercus, the Bass's Straits Tern, is the southern Australian Great Crested Tern, race T. b. cristatus.",List of Plates (vol. VII); engraved caption on the leaf; Gould's text and synonymy; crosswalk
VII,25,,Torres' Tern,Thalasseus Torresii,Thalasseus bengalensis,Lesser Crested Tern,lecter2,eBird/Clements 2025,Q18839,6065833,D01CDECDCA736E26,Thalasseus bengalensis_Lesser Crested Tern,subspecies,high,yes,"Gould's Thalasseus torresii is the eastern race of Lesser Crested Tern, T. b. torresii.",List of Plates (vol. VII); engraved caption on the leaf; Gould's text and synonymy; crosswalk; pinned in Featherframe (gould_australia.yaml)
VII,26,,Black-billed Tern,Sterna melanorhyncha,Sterna striata,White-fronted Tern,whfter1,eBird/Clements 2025,Q28698,5229233,E1F9123B005AE4AA,Sterna striata_White-fronted Tern,,high,yes,"melanorhyncha Gould (= velox; Tasmanian waters, winter plumage) = White-fronted Tern (replacement name sanctipauli)",List of Plates (vol. VII); engraved caption on the leaf; Gould's text and synonymy; crosswalk; pinned in Featherframe (gould_australia.yaml)
VII,27,,Graceful Tern,Sterna gracilis,Sterna dougallii,Roseate Tern,roster,eBird/Clements 2025,Q321293,5229249,74236837A4AFD042,Sterna dougallii_Roseate Tern,subspecies,high,yes,"Gould's Sterna gracilis (Houtman's Abrolhos) is the Australian race of Roseate Tern, S. d. gracilis.",List of Plates (vol. VII); engraved caption on the leaf; Gould's text and synonymy; crosswalk; pinned in Featherframe (gould_australia.yaml)
VII,28,,Black-naped Tern,Sterna melanauchen,Sterna sumatrana,Black-naped Tern,blnter1,eBird/Clements 2025,Q28505,5229214,9D6704AC5D349A16,Sterna sumatrana_Black-naped Tern,,high,yes,melanauchen = Black-naped Tern,List of Plates (vol. VII); engraved caption on the leaf; Gould's text and synonymy; crosswalk; pinned in Featherframe (gould_australia.yaml)
VII,29,,Australian Little Tern,Sternula nereis,Sternula nereis,Australian Fairy Tern,faiter2,eBird/Clements 2025,Q76328,5846423,67D8B0BA833A923A,,,high,yes,Australian Fairy Tern; not in BirdNET,List of Plates (vol. VII); engraved caption on the leaf; Gould's text and synonymy; crosswalk
VII,30,,White Tern,Gygis candida,Gygis candida,Blue-billed White-Tern,whiter4,eBird/Clements 2025,Q116718643,,,Gygis alba_White Tern,,high,yes,"candida = Blue-billed White-Tern: Gould's birds are Pacific and Indian Ocean (E Australia, Norfolk I., Elizabeth I., Keeling I.), bill blue at base; eBird splits White Tern",List of Plates (vol. VII); engraved caption on the leaf; Gould's text and synonymy; crosswalk; pinned in Featherframe (gould_australia.yaml)
VII,31,,Marsh Tern,Hydrochelidon fluviatilis,Chlidonias hybrida,Whiskered Tern,whiter2,eBird/Clements 2025,Q233616,2481121,7AB4E42B260B5954,Chlidonias hybrida_Whiskered Tern,subspecies,high,yes,"Gould's Hydrochelidon fluviatilis is the Australasian Whiskered Tern, C. h. javanicus, of which fluviatilis is a synonym.",List of Plates (vol. VII); engraved caption on the leaf; Gould's text and synonymy; crosswalk; pinned in Featherframe (gould_australia.yaml)
VII,32,,Sooty Tern,Onychoprion fuliginosus,Onychoprion fuscatus,Sooty Tern,sooter1,eBird/Clements 2025,Q28482,5789284,3E7F825D03C0DC3E,Onychoprion fuscatus_Sooty Tern,,high,yes,Sooty Tern,List of Plates (vol. VII); engraved caption on the leaf; Gould's text and synonymy; crosswalk; pinned in Featherframe (gould_australia.yaml)
VII,33,,Panayan Tern,Onychoprion panaya,Onychoprion anaethetus,Bridled Tern,briter1,eBird/Clements 2025,Q28490,5789286,E6518B9D5C802F2A,Onychoprion anaethetus_Bridled Tern,,high,yes,panaya = Bridled Tern,List of Plates (vol. VII); engraved caption on the leaf; Gould's text and synonymy; crosswalk; pinned in Featherframe (gould_australia.yaml)
VII,34,,Noddy Tern,Anous stolidus,Anous stolidus,Brown Noddy,brnnod,eBird/Clements 2025,Q525717,9512459,A070171E774B95B5,Anous stolidus_Brown Noddy,,high,yes,Brown Noddy,List of Plates (vol. VII); engraved caption on the leaf; Gould's text and synonymy; crosswalk; pinned in Featherframe (gould_australia.yaml)
VII,35,,Lesser Noddy,Anous melanops,Anous tenuirostris,Lesser Noddy,lesnod1,eBird/Clements 2025,Q941644,2481112,03F9EB153E1DD50C,Anous tenuirostris_Lesser Noddy,subspecies,high,yes,"Gould's Anous melanops (Houtman's Abrolhos) is the western race of Lesser Noddy, A. t. melanops.",List of Plates (vol. VII); engraved caption on the leaf; Gould's text and synonymy; crosswalk; pinned in Featherframe (gould_australia.yaml)
VII,36,,White-capped Tern,Anous leucocapillus,Anous minutus,Black Noddy,blknod,eBird/Clements 2025,Q1273772,9803471,C67DCF31BFAC9C63,Anous minutus_Black Noddy,,high,yes,leucocapillus = Black Noddy,List of Plates (vol. VII); engraved caption on the leaf; Gould's text and synonymy; crosswalk; pinned in Featherframe (gould_australia.yaml)
VII,37,,Grey Noddy,Anous cinereus,Anous albivitta,Gray Noddy,grynod1,eBird/Clements 2025,Q62575749,9373498,26DE68F8C74A449F,,,high,yes,cinereus = Grey Noddy; not in BirdNET (A. ceruleus Blue-grey Noddy is the split sister),List of Plates (vol. VII); engraved caption on the leaf; Gould's text and synonymy; crosswalk
VII,38,,Wandering Albatros,Diomedea exulans,Diomedea exulans,Snowy Albatross,wanalb1,eBird/Clements 2025,Q208682,5229302,A28D8D38F9A022A4,Diomedea exulans_Wandering Albatross,,high,yes,"Gould's Diomedea exulans is the Snowy Albatross, the daughter that keeps exulans in eBird 2025's Wandering Albatross split: the adult is white with a white back, and Gould shot his adults in the Indian Ocean and south of Tasmania.",List of Plates (vol. VII); engraved caption on the leaf; Gould's text and synonymy; crosswalk; pinned in Featherframe (gould_australia.yaml)
VII,39,,Short-tailed Albatros,Diomedea brachyura,Phoebastria albatrus,Short-tailed Albatross,shtalb,eBird/Clements 2025,Q853412,2481385,B5565AD8DCC8C1BA,,,high,no,brachyura = Short-tailed Albatross; not in BirdNET,List of Plates (vol. VII); Gould's text and synonymy; crosswalk
VII,40,,Cautious Albatros,Diomedea cauta,Thalassarche cauta,White-capped Albatross,whcalb1,eBird/Clements 2025,Q1262700,2481401,87797B4724F5DC9E,,,high,yes,"Diomedea cauta Gould, shot in Recherche Bay, Tasmania, is the Shy Albatross, the nominate race of what eBird 2025 calls White-capped Albatross.",List of Plates (vol. VII); engraved caption on the leaf; Gould's text and synonymy; crosswalk
VII,41,,Culminated Albatros,Diomedea culminata,Thalassarche chrysostoma,Gray-headed Albatross,gyhalb,eBird/Clements 2025,Q786350,2481408,0E4475F65B2A8060,,,high,yes,culminata Gould = Grey-headed Albatross; not in BirdNET,List of Plates (vol. VII); engraved caption on the leaf; Gould's text and synonymy; crosswalk
VII,42,,Yellow-billed Albatros,Diomedea chlororhynchos,Thalassarche chlororhynchos,Atlantic Yellow-nosed Albatross,yenalb2,eBird/Clements 2025,Q1146629,2481399,EA2FA91827802E23,,,medium,no,"Atlantic or Indian Yellow-nosed Albatross? The heads on the plate are washed blue-grey, which says Atlantic. Gould's text (head snow-white, grey only near the eye) and his Australian records say Indian. The base of the yellow culmen stripe would decide (broad and rounded in Atlantic, narrow and pointed in Indian), but it is foreshortened here. Gould first met the bird at 30°S 20°W and names no specimen.",List of Plates (vol. VII); Gould's text and synonymy; the plate
VII,43,,Black-eyebrowed Albatros,Diomedea melanophrys,Thalassarche melanophris,Black-browed Albatross,bkbalb,eBird/Clements 2025,Q602598,2481410,F9CBC9EB6CE43281,Thalassarche melanophris_Black-browed Albatross,,high,no,Black-browed Albatross,List of Plates (vol. VII); Gould's text and synonymy; crosswalk; pinned in Featherframe (gould_australia.yaml)
VII,44,,Sooty Albatros,Diomedea fuliginosa,Phoebetria fusca,Sooty Albatross,sooalb1,eBird/Clements 2025,Q1265896,2481376,4976BF1DECACAB86,,,judged,yes,"The figure is a Sooty Albatross: one sooty brown from mantle to rump, with no ash-grey mantle, and the groove on the lower mandible painted cream-yellow, where the Light-mantled's is blue. Gould's synonymy and sightings mix both species, but the breeding colony he quotes from Latham, Tristan da Cunha, is the Sooty's alone.","List of Plates (vol. VII); engraved caption on the leaf; Gould's text; the plate; Salvin, Cat. Birds BM xxv: 453"
VII,45,,Giant Petrel,Procellaria gigantea,Macronectes halli,Northern Giant-Petrel,norgip1,eBird/Clements 2025,Q276212,2481516,F504C8DE4D185454,,,judged,yes,"Gould describes the bill as 'light horn-colour, the tip tinged with vinous', and the plate paints a horn bill with a pink tip; the bill tip is reddish in the Northern Giant-Petrel and pale green in the Southern at every age. Gould's prose takes in both species (his white 'albino variety' was a white-morph Southern), but the figured bird is a Northern.",List of Plates (vol. VII); engraved caption on the leaf; Gould's text; the plate
VII,46,,Spectacled Petrel,Procellaria conspicillata,Procellaria conspicillata,Spectacled Petrel,spepet1,eBird/Clements 2025,Q276221,2481497,F2ED14C98D3AA6B0,,,high,no,Spectacled Petrel; not in BirdNET,List of Plates (vol. VII); Gould's text and synonymy; crosswalk
VII,47,,Great Grey Petrel,Procellaria hasitata,Procellaria cinerea,Gray Petrel,grapet,eBird/Clements 2025,Q276070,2481500,843C1B8689E0935F,,,high,yes,"TRAP: Gould's 'Procellaria hasitata, Great Grey Petrel' = Grey Petrel; hasitata now names the Black-capped Petrel (Pterodroma hasitata); none in BirdNET",List of Plates (vol. VII); engraved caption on the leaf; Gould's text and synonymy; crosswalk
VII,48,,Silvery Grey Petrel,Procellaria glacialoides,Fulmarus glacialoides,Southern Fulmar,souful1,eBird/Clements 2025,Q181326,2481432,10C2881A1F9704A0,,,high,yes,Southern Fulmar; not in BirdNET,List of Plates (vol. VII); engraved caption on the leaf; Gould's text and synonymy; crosswalk
VII,49,,White-headed Petrel,Procellaria Lessonii,Pterodroma lessonii,White-headed Petrel,whhpet1,eBird/Clements 2025,Q952306,2481480,7C787E7D1F9AC15C,,,high,yes,White-headed Petrel; not in BirdNET,List of Plates (vol. VII); engraved caption on the leaf; Gould's text and synonymy; crosswalk
VII,50,,Soft-plumaged Petrel,Procellaria mollis,Pterodroma mollis,Soft-plumaged Petrel,soppet1,eBird/Clements 2025,Q1268631,2481457,12286A1E6662F54C,,,high,yes,Soft-plumaged Petrel; not in BirdNET,List of Plates (vol. VII); engraved caption on the leaf; Gould's text and synonymy; crosswalk
VII,51,,Cook's Petrel,Procellaria Cookii,Pterodroma leucoptera,Gould's Petrel,goupet1,eBird/Clements 2025,Q1267254,2481452,A27F9AF63B250F19,,,high,yes,"Not Cook's Petrel. Gould's specimens came from 'a small island near the mouth of Port Stephens' (Cabbage Tree Island, the only colony of Gould's Petrel), and he synonymises his own Procellaria leucoptera. The plate shows a dark slaty hood on white underparts beside cabbage-tree palms; Cook's Petrel has a pale grey head.",List of Plates (vol. VII); engraved caption on the leaf; Gould's text and synonymy; the plate
VII,52,,Blue Petrel,Procellaria coerulea,Halobaena caerulea,Blue Petrel,blupet1,eBird/Clements 2025,Q883092,2481597,,,,high,yes,Blue Petrel; not in BirdNET,List of Plates (vol. VII); engraved caption on the leaf; Gould's text and synonymy; crosswalk
VII,53,,Cape Petrel,Daption capensis,Daption capense,Pintado Petrel,cappet,eBird/Clements 2025,Q524740,2481545,AAC2D6136C46A743,Daption capense_Cape Petrel,,high,yes,Cape Petrel,List of Plates (vol. VII); engraved caption on the leaf; Gould's text and synonymy; crosswalk; pinned in Featherframe (gould_australia.yaml)
VII,54,,Dove-like Prion,Prion turtur,Pachyptila turtur,Fairy Prion,faipri1,eBird/Clements 2025,Q601988,5229332,ED1DDABBD5DB8979,,,high,no,Fairy Prion; not in BirdNET,List of Plates (vol. VII); Gould's text and synonymy; crosswalk
VII,55,,Broad-billed Prion,Prion vittatus,Pachyptila vittata,Broad-billed Prion,brbpri1,eBird/Clements 2025,Q276242,5229325,93860B9B0F951405,,,judged,yes,"Broad-billed Prion by Forster's vittata, Gould's 'largest species of Prion' and the broad, swollen bill on the plate. eBird 2025 splits MacGillivray's Prion of Amsterdam and St Paul, the one place Gould saw the bird himself, and he names no figured specimen, so the call is judged rather than certain.","List of Plates (vol. VII); engraved caption on the leaf; Gould's text; the plate; Salvin, Cat. Birds BM xxv: 432"
VII,56,,Short-tailed Petrel,Puffinus brevicaudus,Ardenna tenuirostris,Short-tailed Shearwater,shtshe,eBird/Clements 2025,Q27074605,5229359,60825BF601060350,Ardenna tenuirostris_Short-tailed Shearwater,,high,yes,brevicaudus = Short-tailed Shearwater,List of Plates (vol. VII); engraved caption on the leaf; Gould's text and synonymy; crosswalk; pinned in Featherframe (gould_australia.yaml)
VII,57,,Fleshy-footed Petrel,Puffinus carneipes,Ardenna carneipes,Flesh-footed Shearwater,flfshe,eBird/Clements 2025,Q27074607,5229378,08F22F8404DCC0D2,Ardenna carneipes_Flesh-footed Shearwater,,high,yes,Flesh-footed Shearwater,List of Plates (vol. VII); engraved caption on the leaf; Gould's text and synonymy; crosswalk; pinned in Featherframe (gould_australia.yaml)
VII,58,,Wedge-tailed Petrel,Puffinus sphenurus,Ardenna pacifica,Wedge-tailed Shearwater,wetshe,eBird/Clements 2025,Q27074601,5229344,E94A7272C71031C6,Ardenna pacifica_Wedge-tailed Shearwater,,high,yes,sphenurus = Wedge-tailed Shearwater,List of Plates (vol. VII); engraved caption on the leaf; Gould's text and synonymy; crosswalk; pinned in Featherframe (gould_australia.yaml)
VII,59,,Allied Petrel,Puffinus assimilis,Puffinus assimilis,Little Shearwater,litshe8,eBird/Clements 2025,Q1130121,5739275,,,,high,yes,Little Shearwater; not in BirdNET,List of Plates (vol. VII); engraved caption on the leaf; Gould's text and synonymy; crosswalk
VII,60,,Diving Petrel,Puffinuria urinatrix,Pelecanoides urinatrix,Common Diving-Petrel,codpet1,eBird/Clements 2025,Q557125,2481418,8A40716AB433FFB2,,,high,yes,Common Diving-Petrel; not in BirdNET,List of Plates (vol. VII); engraved caption on the leaf; Gould's text and synonymy; crosswalk
VII,61,,White-faced Storm Petrel,Thalassidroma marina,Pelagodroma marina,White-faced Storm-Petrel,wfspet,eBird/Clements 2025,Q845982,2481991,,,,high,yes,White-faced Storm-Petrel; not in BirdNET,List of Plates (vol. VII); engraved caption on the leaf; Gould's text and synonymy; crosswalk
VII,62,,Black-bellied Storm Petrel,Thalassidroma melanogaster,Fregetta tropica,Black-bellied Storm-Petrel,bbspet1,eBird/Clements 2025,Q1273787,2481979,ACE8EADE6CE42400,,,high,yes,melanogaster = Black-bellied Storm-Petrel; not in BirdNET,List of Plates (vol. VII); engraved caption on the leaf; Gould's text and synonymy; crosswalk
VII,63,,White-bellied Storm Petrel,Thalassidroma leucogaster,Fregetta grallaria,White-bellied Storm-Petrel,wbspet1,eBird/Clements 2025,Q1270284,2481982,224E1093DDF013E4,,subspecies,high,yes,Gould's Thalassidroma leucogaster is the White-bellied Storm-Petrel race F. g. leucogaster.,List of Plates (vol. VII); engraved caption on the leaf; Gould's text and synonymy; crosswalk
VII,64,,Grey-backed Storm Petrel,Thalassidroma nereis,Garrodia nereis,Gray-backed Storm-Petrel,gybstp1,eBird/Clements 2025,Q1261174,2481988,F5C74C92648DA267,,,high,yes,Grey-backed Storm-Petrel; not in BirdNET,List of Plates (vol. VII); engraved caption on the leaf; Gould's text and synonymy; crosswalk
VII,65,,Wilson's Storm Petrel,Thalassidroma Wilsonii,Oceanites oceanicus,Wilson's Storm-Petrel,wispet,eBird/Clements 2025,Q607024,5229419,D295D249BDB7E046,,,high,yes,Wilson's Storm-Petrel; not in BirdNET,List of Plates (vol. VII); engraved caption on the leaf; Gould's text and synonymy; crosswalk
VII,66,,Australian Cormorant,Phalacrocorax carboides,Phalacrocorax carbo,Great Cormorant,grecor,eBird/Clements 2025,Q25440,2481890,ACD40E8C3CC720BF,Phalacrocorax carbo_Great Cormorant,subspecies,high,yes,"Gould's Phalacrocorax carboides is the Australasian race of Great Cormorant, P. c. novaehollandiae.",List of Plates (vol. VII); engraved caption on the leaf; Gould's text and synonymy; crosswalk; pinned in Featherframe (gould_australia.yaml)
VII,67,,Groove-billed Cormorant,Phalacrocorax sulcirostris,Phalacrocorax sulcirostris,Little Black Cormorant,libcor1,eBird/Clements 2025,Q529123,2481895,DA51102A1C12D6AA,,,high,yes,Little Black Cormorant; not in BirdNET,List of Plates (vol. VII); engraved caption on the leaf; Gould's text and synonymy; crosswalk
VII,68,,Pied Cormorant,Phalacrocorax hypoleucus,Phalacrocorax varius,Pied Cormorant,piecor1,eBird/Clements 2025,Q25625,2481860,E5FAABD0A2795B7C,,subspecies,high,yes,"Brandt's Carbo hypoleucus, Gould's Pied Cormorant, is the Australian race of Pied Cormorant, P. v. hypoleucus.",List of Plates (vol. VII); engraved caption on the leaf; Gould's text and synonymy; crosswalk
VII,69,,White-breasted Cormorant,Phalacrocorax leucogaster,Phalacrocorax fuscescens,Black-faced Cormorant,blfcor1,eBird/Clements 2025,Q25640,2481867,100C87812F1BBA32,,,high,no,"leucogaster Gould is the Black-faced Cormorant, abundant round Tasmania with seaweed nests on Bass Strait rocks. Gould describes a black bill and feet with no yellow facial skin, and the plate shows black faces; the Pied Cormorant has a yellow-orange face.",List of Plates (vol. VII); Gould's text and synonymy; the plate
VII,70,,Pied Cormorant,Phalacrocorax melanoleucus,Microcarbo melanoleucos,Little Pied Cormorant,lipcor1,eBird/Clements 2025,Q783177,6066513,DF8F84C38027C3DE,,,high,yes,Little Pied Cormorant; not in BirdNET,List of Plates (vol. VII); engraved caption on the leaf; Gould's text and synonymy; crosswalk
VII,71,,Spotted Cormorant,Phalacrocorax punctatus,Phalacrocorax punctatus,Spotted Shag,sposha1,eBird/Clements 2025,Q27074616,2481859,CB10D0932A2C18E3,,,high,yes,Spotted Shag (NZ); not in BirdNET,List of Plates (vol. VII); engraved caption on the leaf; Gould's text and synonymy; crosswalk
VII,72,,Small Frigate Bird,Attagen Ariel,Fregata ariel,Lesser Frigatebird,lesfri,eBird/Clements 2025,Q870775,2480186,09ED7E926715445E,Fregata ariel_Lesser Frigatebird,,high,yes,Attagen ariel = Lesser Frigatebird,List of Plates (vol. VII); engraved caption on the leaf; Gould's text and synonymy; crosswalk; pinned in Featherframe (gould_australia.yaml)
VII,73,,Red-tailed Tropic Bird,Phaeton phoenicurus,Phaethon rubricauda,Red-tailed Tropicbird,rettro,eBird/Clements 2025,Q756640,2481361,C412CD623EDA1B28,Phaethon rubricauda_Red-tailed Tropicbird,,high,yes,phoenicurus = Red-tailed Tropicbird,List of Plates (vol. VII); engraved caption on the leaf; Gould's text and synonymy; crosswalk; pinned in Featherframe (gould_australia.yaml)
VII,74,,Australian Pelican,Pelecanus conspicillatus,Pelecanus conspicillatus,Australian Pelican,auspel1,eBird/Clements 2025,Q26063,5229156,507E497548AA04CE,Pelecanus conspicillatus_Australian Pelican,,high,no,Australian Pelican,List of Plates (vol. VII); Gould's text and synonymy; crosswalk; pinned in Featherframe (gould_australia.yaml)
VII,75,,New Holland Darter,Plotus Novae-Hollandiae,Anhinga novaehollandiae,Australasian Darter,darter4,eBird/Clements 2025,Q781956,2482085,C57D9973E96F02D3,Anhinga novaehollandiae_Australasian Darter,,high,no,Plotus novaehollandiae = Australasian Darter,List of Plates (vol. VII); Gould's text and synonymy; crosswalk; pinned in Featherframe (gould_australia.yaml)
VII,76,,Australian Gannet,Sula australis,Morus serrator,Australasian Gannet,ausgan1,eBird/Clements 2025,Q782094,5229212,136103448480BB9C,,,high,yes,Australasian Gannet; not in BirdNET,List of Plates (vol. VII); engraved caption on the leaf; Gould's text and synonymy; crosswalk
VII,77,,Masked Gannet,Sula personata,Sula dactylatra,Masked Booby,masboo,eBird/Clements 2025,Q602084,2480967,22D1B4A2F0911712,Sula dactylatra_Masked Booby,subspecies,high,yes,"Gould's Sula personata is the Australian and western Pacific race of Masked Booby, S. d. personata.",List of Plates (vol. VII); engraved caption on the leaf; Gould's text and synonymy; crosswalk; pinned in Featherframe (gould_australia.yaml)
VII,78,,Brown Gannet,Sula fusca,Sula leucogaster,Brown Booby,brnboo,eBird/Clements 2025,Q320193,2480975,5EC21767FC58DB7D,Sula leucogaster_Brown Booby,,high,yes,fusca = Brown Booby,List of Plates (vol. VII); engraved caption on the leaf; Gould's text and synonymy; crosswalk; pinned in Featherframe (gould_australia.yaml)
VII,79,,Red-legged Gannet,Sula piscator,Sula sula,Red-footed Booby,refboo,eBird/Clements 2025,Q217122,2480972,0A4609D14FC148DF,Sula sula_Red-footed Booby,,high,yes,piscator = Red-footed Booby,List of Plates (vol. VII); engraved caption on the leaf; Gould's text and synonymy; crosswalk; pinned in Featherframe (gould_australia.yaml)
VII,80,,Australian Tippet Grebe,Podiceps australis,Podiceps cristatus,Great Crested Grebe,grcgre1,eBird/Clements 2025,Q25422,2482054,8F269702DC208010,Podiceps cristatus_Great Crested Grebe,subspecies,high,yes,"Gould's Podiceps australis is the Australasian race of Great Crested Grebe, P. c. australis.",List of Plates (vol. VII); engraved caption on the leaf; Gould's text and synonymy; crosswalk; pinned in Featherframe (gould_australia.yaml)
VII,81,,Black-throated Grebe,Podiceps gularis,Tachybaptus novaehollandiae,Australasian Grebe,ausgre1,eBird/Clements 2025,Q783361,2482043,1ABF840F615A6DDA,Tachybaptus novaehollandiae_Australasian Grebe,,high,yes,gularis = Australasian Grebe,List of Plates (vol. VII); engraved caption on the leaf; Gould's text and synonymy; crosswalk; pinned in Featherframe (gould_australia.yaml)
VII,82,,Hoary-headed Grebe,Podiceps poliocephalus,Poliocephalus poliocephalus,Hoary-headed Grebe,hohgre1,eBird/Clements 2025,Q904167,2482036,64866E2ABCEAEBD7,,,high,yes,Hoary-headed Grebe; not in BirdNET,List of Plates (vol. VII); engraved caption on the leaf; Gould's text and synonymy; crosswalk
VII,83,,Crested Penguin,Eudyptes chrysocome,,,,,,,,,,low,yes,"Eastern or Moseley's Rockhopper? Gunn's single bird washed up on the north coast of Tasmania. Crest length and the bare gape would decide: Moseley's has long, dense plumes, Eastern a narrower brow and conspicuous pink gape skin. The plate shows moderate plumes and no gape skin. Gould names Amsterdam, St Paul and Tristan (Moseley's), from Latham, not from his bird. Western Rockhopper (South America) is the unlikely one.",List of Plates (vol. VII); engraved caption on the leaf; Gould's text and synonymy; the plate
VII,84,,Little Penguin,Spheniscus minor,Eudyptula minor,Little Penguin,litpen1,eBird/Clements 2025,Q203628,2481646,151738D51BE6DDA4,Eudyptula minor_Little Penguin,,high,yes,Spheniscus minor = Little Penguin,List of Plates (vol. VII); engraved caption on the leaf; Gould's text and synonymy; crosswalk; pinned in Featherframe (gould_australia.yaml)
VII,85,,Fairy Penguin,Spheniscus undina,Eudyptula minor,Little Penguin,litpen1,eBird/Clements 2025,Q203628,2481646,151738D51BE6DDA4,Eudyptula minor_Little Penguin,subspecies,high,yes,"Gould's Spheniscus undina (Circular Head and Waterhouse Island, Bass Strait) is a Little Penguin of the Australian race E. m. novaehollandiae.",List of Plates (vol. VII); engraved caption on the leaf; Gould's text and synonymy; crosswalk
Supp,1,,Grass-Owl,Strix candida,Tyto longimembris,Australasian Grass-Owl,ausgro1,eBird/Clements 2025,Q306919,5232369,8BF7742188B37800,,,high,yes,Strix candida = Australasian Grass-Owl; not in BirdNET,List of Plates (vol. Supp); engraved caption on the leaf; Gould's text and synonymy; crosswalk
Supp,2,,Wekau,Sceloglaux albifacies,Ninox albifacies,Laughing Owl,lauowl1,eBird/Clements 2025,Q844773,2497899,1F14F0A8F84432B2,,,high,yes,Laughing Owl (extinct); not in BirdNET,List of Plates (vol. Supp); engraved caption on the leaf; Gould's text and synonymy; crosswalk
Supp,3,,Papuan Podargus,Podargus papuensis,Podargus papuensis,Papuan Frogmouth,papfro1,eBird/Clements 2025,Q1190032,2497120,BA1D64E2E70D8E4D,,,high,yes,Papuan Frogmouth; not in BirdNET,List of Plates (vol. Supp); engraved caption on the leaf; Gould's text and synonymy; crosswalk
Supp,4,,Marbled Podargus,Podargus marmoratus,Podargus ocellatus,Marbled Frogmouth,marfro1,eBird/Clements 2025,Q261612,9347681,A9003A7BBC4AEE30,Podargus ocellatus_Marbled Frogmouth,subspecies,high,yes,"Gould's Podargus marmoratus (Cape York) is the Australian race of Marbled Frogmouth, P. o. marmoratus.",List of Plates (vol. Supp); engraved caption on the leaf; Gould's text and synonymy; crosswalk
Supp,5,,Yellow-billed Kingfisher,Halcyon flavirostris,Syma torotoro,Yellow-billed Kingfisher,yebkin1,eBird/Clements 2025,Q1270101,9541141,E274D1BF3C992FFD,Syma torotoro_Yellow-billed Kingfisher,subspecies,high,yes,"Gould's Halcyon flavirostris is the Cape York race of Yellow-billed Kingfisher, S. t. flavirostris.",List of Plates (vol. Supp); engraved caption on the leaf; Gould's text and synonymy; crosswalk; pinned in Featherframe (gould_australia.yaml)
Supp,6,,White-tailed Tanysiptera,Tanysiptera Sylvia,Tanysiptera sylvia,Buff-breasted Paradise-Kingfisher,bubpak1,eBird/Clements 2025,Q1271794,2475639,44A15B3EF97E6F67,Tanysiptera sylvia_Buff-breasted Paradise-Kingfisher,,high,yes,Buff-breasted Paradise-Kingfisher,List of Plates (vol. Supp); engraved caption on the leaf; Gould's text and synonymy; crosswalk; pinned in Featherframe (gould_australia.yaml)
Supp,7,,Black-faced Wood-Swallow,Artamus melanops,Artamus cinereus,Black-faced Woodswallow,blfwoo1,eBird/Clements 2025,Q795089,5230399,DD4B0562F1889B31,Artamus cinereus_Black-faced Woodswallow,subspecies,high,yes,"Gould's Artamus melanops is the central Australian race of Black-faced Woodswallow, A. c. melanops.",List of Plates (vol. Supp); engraved caption on the leaf; Gould's text and synonymy; crosswalk
Supp,8,,Yellow-rumped Pardalote,Pardalotus xanthopygius,Pardalotus punctatus,Spotted Pardalote,spopar1,eBird/Clements 2025,Q573169,2486622,,Pardalotus punctatus_Spotted Pardalote,subspecies,high,yes,"Gould's Pardalotus xanthopygius is the Yellow-rumped Pardalote, now the race P. punctatus xanthopyge.",List of Plates (vol. Supp); engraved caption on the leaf; Gould's text and synonymy; crosswalk
Supp,9,,Keraudren's Crow-Shrike,Manucodia Keraudreni,Phonygammus keraudrenii,Trumpet Manucode,truman1,eBird/Clements 2025,Q25260858,7341526,07ACEB19E22743DD,Phonygammus keraudrenii_Trumpet Manucode,,high,yes,Trumpet Manucode,List of Plates (vol. Supp); engraved caption on the leaf; Gould's text and synonymy; crosswalk; pinned in Featherframe (gould_australia.yaml)
Supp,10,,Kaup's Flycatcher,Arses Kaupi,Arses kaupi,Pied Monarch,piemon1,eBird/Clements 2025,Q777968,2486665,,,,high,yes,Pied Monarch; not in BirdNET,List of Plates (vol. Supp); engraved caption on the leaf; Gould's text and synonymy; crosswalk
Supp,11,,Yellow-breasted Flycatcher,Machaerirhynchus flaviventer,Machaerirhynchus flaviventer,Yellow-breasted Boatbill,yebboa1,eBird/Clements 2025,Q1307621,2486658,,Machaerirhynchus flaviventer_Yellow-breasted Boatbill,,high,yes,Yellow-breasted Boatbill,List of Plates (vol. Supp); engraved caption on the leaf; Gould's text and synonymy; crosswalk; pinned in Featherframe (gould_australia.yaml)
Supp,12,,White-eared Flycatcher,Monarcha leucotis,Carterornis leucotis,White-eared Monarch,whemon1,eBird/Clements 2025,Q1704238,4845713,,Carterornis leucotis_White-eared Monarch,,high,yes,White-eared Monarch,List of Plates (vol. Supp); engraved caption on the leaf; Gould's text and synonymy; crosswalk; pinned in Featherframe (gould_australia.yaml)
Supp,13,,White-bellied Flycatcher,Monarcha albiventris,Symposiachrus trivirgatus,Australian Spectacled Monarch,spemon1,eBird/Clements 2025,Q840107,7342258,FDE2DC2E08C0FA2F,Symposiachrus trivirgatus_Spectacled Monarch,subspecies,high,yes,"Monarcha albiventris Gould (Cape York; pure white belly and underwing) is the Cape York race of the Australian Spectacled Monarch, S. t. albiventris.",List of Plates (vol. Supp); engraved caption on the leaf; Gould's text and synonymy; the plate
Supp,14,,Masked Gerygone,Gerygone personata,Gerygone palpebrosa,Fairy Gerygone,faiger1,eBird/Clements 2025,Q1302170,2486559,B0902BCC7AB043CD,Gerygone palpebrosa_Fairy Gerygone,subspecies,high,yes,"Gould's Gerygone personata (Cape York) is the black-throated race of Fairy Gerygone, G. p. personata.",List of Plates (vol. Supp); engraved caption on the leaf; Gould's text and synonymy; crosswalk; pinned in Featherframe (gould_australia.yaml)
Supp,15,,Buff-sided Robin,Petroica cerviniventris,Poecilodryas cerviniventris,Buff-sided Robin,busrob1,eBird/Clements 2025,Q1301996,4846997,055E5B40DB1DDF99,,,high,yes,Buff-sided Robin; not in BirdNET,List of Plates (vol. Supp); engraved caption on the leaf; Gould's text and synonymy; crosswalk
Supp,16,,Eastern Scrub-Robin,Drymodes superciliaris,Drymodes superciliaris,Northern Scrub-Robin,nosrob1,eBird/Clements 2025,Q1587882,2489277,3B182307DAFF5E30,,,high,yes,Northern Scrub-Robin; not in BirdNET,List of Plates (vol. Supp); engraved caption on the leaf; Gould's text and synonymy; crosswalk
Supp,17,,Large-headed Robin,Eopsaltria capito,Eopsaltria capito,Pale-yellow Robin,payrob1,eBird/Clements 2025,Q744193,2489283,42D29B358EE6C7C3,Tregellasia capito_Pale-yellow Robin,,high,yes,Pale-yellow Robin,List of Plates (vol. Supp); engraved caption on the leaf; Gould's text and synonymy; crosswalk; pinned in Featherframe (gould_australia.yaml)
Supp,18,,White-tailed Robin,Eopsaltria leucura,Melanodryas pulverulenta,Mangrove Robin,manrob1,eBird/Clements 2025,Q692554,4847003,F87556C76AED0EE1,,subspecies,high,yes,"Gould's Eopsaltria leucura (northern mangroves, white tail bases) is the northern race of Mangrove Robin, M. p. leucura.",List of Plates (vol. Supp); engraved caption on the leaf; Gould's text and synonymy; crosswalk
Supp,19,,Albert Lyre-Bird,Menura Alberti,Menura alberti,Albert's Lyrebird,alblyr1,eBird/Clements 2025,Q1073505,2488979,05554FAE7C478034,Menura alberti_Albert's Lyrebird,,high,yes,Albert's Lyrebird,List of Plates (vol. Supp); engraved caption on the leaf; Gould's text and synonymy; crosswalk; pinned in Featherframe (gould_australia.yaml)
Supp,20,,Crowned Wren,Malurus coronatus,Malurus coronatus,Purple-crowned Fairywren,pucfai2,eBird/Clements 2025,Q1584142,2487503,680AC77FEADF08DC,,,high,yes,Purple-crowned Fairywren; not in BirdNET,List of Plates (vol. Supp); engraved caption on the leaf; Gould's text and synonymy; crosswalk
Supp,21,,Lovely Wren,Malurus amabilis,Malurus amabilis,Lovely Fairywren,lovfai1,eBird/Clements 2025,Q1164376,2487502,02B9E9304C42FAEA,Malurus amabilis_Lovely Fairywren,,high,yes,Lovely Fairywren,List of Plates (vol. Supp); engraved caption on the leaf; Gould's text and synonymy; crosswalk; pinned in Featherframe (gould_australia.yaml)
Supp,22,,Fawn-breasted Superb Warbler,Malurus hypoleucus,Malurus amabilis,Lovely Fairywren,lovfai1,eBird/Clements 2025,Q1164376,2487502,02B9E9304C42FAEA,Malurus amabilis_Lovely Fairywren,variant,high,yes,"Gould's Malurus hypoleucus (Cape York) is the Lovely Fairywren in female plumage, which he took for nuptial males.",List of Plates (vol. Supp); engraved caption on the leaf; Gould's text and synonymy; the plate
Supp,23,,Turquoisine Superb Warbler,Malurus callainus,Malurus splendens,Splendid Fairywren,splfai1,eBird/Clements 2025,Q850528,2487511,391EA6CB4F70C90F,Malurus splendens_Splendid Fairywren,subspecies,high,yes,"Gould's Malurus callainus is the Turquoise (central) race of Splendid Fairywren, M. s. callainus.",List of Plates (vol. Supp); engraved caption on the leaf; Gould's text and synonymy; crosswalk
Supp,24,,White-backed Superb Warbler,Malurus leuconotus,Malurus leucopterus,White-winged Fairywren,whwfai1,eBird/Clements 2025,Q933383,2487507,09FF44CFB5A4B9CA,Malurus leucopterus_White-winged Fairywren,subspecies,high,yes,"Gould's Malurus leuconotus is the mainland blue-and-white race of White-winged Fairywren, M. l. leuconotus.",List of Plates (vol. Supp); engraved caption on the leaf; Gould's text and synonymy; crosswalk
Supp,25,,Rufous-headed Bristle-Bird,Sphenura Broadbenti,Dasyornis broadbenti,Rufous Bristlebird,rufbri1,eBird/Clements 2025,Q3016875,5230415,CA9DB79D35063884,Dasyornis broadbenti_Rufous Bristlebird,,high,yes,Rufous Bristlebird,List of Plates (vol. Supp); engraved caption on the leaf; Gould's text and synonymy; crosswalk; pinned in Featherframe (gould_australia.yaml)
Supp,26,,Rufescent Scrub-Bird,Atrichia rufescens,Atrichornis rufescens,Rufous Scrub-bird,rusbir1,eBird/Clements 2025,Q1188350,2495095,EA9FC4C7D07D2CE1,Atrichornis rufescens_Rufous Scrub-bird,,high,yes,Rufous Scrub-bird,List of Plates (vol. Supp); engraved caption on the leaf; Gould's text and synonymy; crosswalk; pinned in Featherframe (gould_australia.yaml)
Supp,27,,Downy Pycnoptilus,Pycnoptilus floccosus,Pycnoptilus floccosus,Pilotbird,pilotb1,eBird/Clements 2025,Q1585682,2486595,F16E99A0640858CA,Pycnoptilus floccosus_Pilotbird,,high,yes,Pilotbird,List of Plates (vol. Supp); engraved caption on the leaf; Gould's text and synonymy; crosswalk; pinned in Featherframe (gould_australia.yaml)
Supp,28,,Great Acanthiza,Acanthiza magna,Acanthornis magna,Scrubtit,scrubt2,eBird/Clements 2025,Q1586082,7341473,69825DA0A51B4C85,,,high,yes,Scrubtit; not in BirdNET,List of Plates (vol. Supp); engraved caption on the leaf; Gould's text and synonymy; crosswalk
Supp,29,,Macklot's Pitta,Pitta Mackloti,Erythropitta macklotii,Papuan Pitta,pappit1,eBird/Clements 2025,Q27075089,,,Erythropitta macklotii_Papuan Pitta,,high,yes,Pitta mackloti = Papuan Pitta (Australian digglesi belongs here),List of Plates (vol. Supp); engraved caption on the leaf; Gould's text and synonymy; crosswalk; pinned in Featherframe (gould_australia.yaml)
Supp,30,,Grey-headed Blackbird,Merula poliocephala,Turdus poliocephalus,Tasman Sea Island-Thrush,norist1,eBird/Clements 2025,Q1587231,9512424,DD347DC6CF8DEC75,Turdus poliocephalus_Island Thrush,,high,yes,"Gould's Merula poliocephala is the extinct Norfolk Island bird, the nominate of eBird 2025's Tasman Sea Island-Thrush.",List of Plates (vol. Supp); engraved caption on the leaf; Gould's text and synonymy; crosswalk; pinned in Featherframe (gould_australia.yaml)
Supp,31,,Vinous-tinted Blackbird,Merula vinitincta,Turdus poliocephalus,Tasman Sea Island-Thrush,norist1,eBird/Clements 2025,Q1587231,9512424,DD347DC6CF8DEC75,Turdus poliocephalus_Island Thrush,subspecies,high,yes,"Gould's Merula vinitincta is the extinct Lord Howe Island race of Tasman Sea Island-Thrush, T. p. vinitinctus.",List of Plates (vol. Supp); engraved caption on the leaf; Gould's text and synonymy; crosswalk
Supp,32,,Chestnut-breasted Ground-Thrush,Cinclosoma castaneothorax,Cinclosoma castaneothorax,Chestnut-breasted Quail-thrush,cbqthr1,eBird/Clements 2025,Q1306874,2495064,476F7031FDFB6C98,Cinclosoma castaneothorax_Chestnut-breasted Quail-thrush,,high,yes,Chestnut-breasted Quail-thrush,List of Plates (vol. Supp); engraved caption on the leaf; Gould's text and synonymy; crosswalk; pinned in Featherframe (gould_australia.yaml)
Supp,33,,Shining Aplonis,Aplonis metallica,Aplonis metallica,Metallic Starling,metsta1,eBird/Clements 2025,Q605720,2489042,,Aplonis metallica_Metallic Starling,,high,yes,Metallic Starling,List of Plates (vol. Supp); engraved caption on the leaf; Gould's text and synonymy; crosswalk; pinned in Featherframe (gould_australia.yaml)
Supp,34,,Rawnsley's Bower-bird,Ptilonorhynchus Rawnsleyi,,,,,,,,,,high,yes,Rawnsley's Bowerbird is an intergeneric hybrid; no species to pin,List of Plates (vol. Supp); engraved caption on the leaf; Gould's text and synonymy; crosswalk
Supp,35,,Guttated Bower-bird,Chlamydera guttata,Chlamydera guttata,Western Bowerbird,wesbow1,eBird/Clements 2025,Q903109,2494828,2C118B44A19607F7,,,high,yes,Western Bowerbird; not in BirdNET,List of Plates (vol. Supp); engraved caption on the leaf; Gould's text and synonymy; crosswalk
Supp,36,,Fawn-breasted Bower-bird,Chlamydera cerviniventris,Chlamydera cerviniventris,Fawn-breasted Bowerbird,fabbow1,eBird/Clements 2025,Q863070,2494821,93DAA1B31675837E,,,high,yes,Fawn-breasted Bowerbird; not in BirdNET,List of Plates (vol. Supp); engraved caption on the leaf; Gould's text and synonymy; crosswalk
Supp,37,,Yellow-bellied Sphecotheres,Sphecotheres flaviventris,Sphecotheres vieilloti,Australasian Figbird,ausfig1,eBird/Clements 2025,Q1588820,7340924,,Sphecotheres vieilloti_Australasian Figbird,subspecies,high,yes,"Gould's Sphecotheres flaviventris is the yellow northern race of Australasian Figbird, S. v. flaviventris.",List of Plates (vol. Supp); engraved caption on the leaf; Gould's text and synonymy; crosswalk
Supp,38,,Chestnut-crowned Pomatorhinus,Pomatorhinus ruficeps,Pomatostomus ruficeps,Chestnut-crowned Babbler,chcbab2,eBird/Clements 2025,Q660160,2492267,3931158F196C911F,Pomatostomus ruficeps_Chestnut-crowned Babbler,,high,yes,Chestnut-crowned Babbler,List of Plates (vol. Supp); engraved caption on the leaf; Gould's text and synonymy; crosswalk; pinned in Featherframe (gould_australia.yaml)
Supp,39,,Helmeted Honey-eater,Ptilotis cassidix,Lichenostomus melanops,Yellow-tufted Honeyeater,yethon3,eBird/Clements 2025,Q3179459,2486903,,Lichenostomus melanops_Yellow-tufted Honeyeater,subspecies,high,yes,"Gould's Ptilotis cassidix is the Helmeted Honeyeater, the race L. m. cassidix of Yellow-tufted Honeyeater.",List of Plates (vol. Supp); engraved caption on the leaf; Gould's text and synonymy; crosswalk
Supp,40,,Fasciated Honey-eater,Ptilotis fasciogularis,Gavicalis fasciogularis,Mangrove Honeyeater,manhon1,eBird/Clements 2025,Q27075248,7897938,EEC32D82391BDE39,Gavicalis fasciogularis_Mangrove Honeyeater,,high,yes,Mangrove Honeyeater,List of Plates (vol. Supp); engraved caption on the leaf; Gould's text and synonymy; crosswalk; pinned in Featherframe (gould_australia.yaml)
Supp,41,,Yellow-spotted Honey-eater,Ptilotis notata,Meliphaga notata,Yellow-spotted Honeyeater,yeshon1,eBird/Clements 2025,Q1301280,2486837,80CAC2CDE36E04BD,Meliphaga notata_Yellow-spotted Honeyeater,,high,yes,Yellow-spotted Honeyeater,List of Plates (vol. Supp); engraved caption on the leaf; Gould's text and synonymy; crosswalk; pinned in Featherframe (gould_australia.yaml)
Supp,42,,Streaked Honey-eater,Ptilotis filigera,Xanthotis flaviventer,Tawny-breasted Honeyeater,tabhon1,eBird/Clements 2025,Q2224757,2487213,4F0E8694EA1BB741,,subspecies,high,yes,"Gould's Ptilotis filigera is the Cape York race of Tawny-breasted Honeyeater, X. f. filiger.",List of Plates (vol. Supp); engraved caption on the leaf; Gould's text and synonymy; crosswalk
Supp,43,,Cockerell's Honey-eater,Ptilotis Cockerelli,Trichodere cockerelli,White-streaked Honeyeater,whshon1,eBird/Clements 2025,Q1301288,2487198,,,,high,yes,White-streaked Honeyeater; not in BirdNET,List of Plates (vol. Supp); engraved caption on the leaf; Gould's text and synonymy; crosswalk
Supp,44,,Helmeted Friar-bird,Tropidorhynchus buceroides,Philemon buceroides,Helmeted Friarbird,helfri1,eBird/Clements 2025,Q795511,2487072,432B6CF1D18912EC,Philemon buceroides_Helmeted Friarbird,,high,yes,"Gould's Cape York bird: a large friarbird with a feathered, pale-scaled crown, a bare dark face and a raised casque. That is the Helmeted Friarbird (the race yorki), which eBird 2025 keeps in P. buceroides.",List of Plates (vol. Supp); engraved caption on the leaf; Gould's text and synonymy; the plate
Supp,45,,Australian Sun-bird,Nectarinia australis,Cinnyris frenatus,Sahul Sunbird,olbsun2,eBird/Clements 2025,,,,Cinnyris jugularis_Olive-backed Sunbird,,high,yes,Nectarinia australis = Sahul Sunbird: eBird 2025 splits Olive-backed Sunbird and keeps Cinnyris jugularis for the Garden Sunbird of the Philippines and Sundas; BirdNET lumps; Wikidata has the Sahul Sunbird only as a subspecies,List of Plates (vol. Supp); engraved caption on the leaf; Gould's text and synonymy; crosswalk; pinned in Featherframe (gould_australia.yaml)
Supp,46,,White-breasted Zosterops,Zosterops albogularis,Zosterops albogularis,White-chested White-eye,wcweye1,eBird/Clements 2025,Q994409,2489367,93D88F0A210A8EEA,,,high,yes,White-chested White-eye (Norfolk); not in BirdNET,List of Plates (vol. Supp); engraved caption on the leaf; Gould's text and synonymy; crosswalk
Supp,47,,Slender-billed Zosterops,Zosterops tenuirostris,Zosterops tenuirostris,Slender-billed White-eye,sbweye1,eBird/Clements 2025,Q904888,2489371,450F2BB69306AD30,,,high,yes,Slender-billed White-eye (Norfolk); not in BirdNET,List of Plates (vol. Supp); engraved caption on the leaf; Gould's text and synonymy; crosswalk
Supp,48,,Robust Zosterops,Zosterops strenuus,Zosterops strenuus,Robust White-eye,robwhe1,eBird/Clements 2025,Q912836,2489393,,,,high,yes,"Robust White-eye (Lord Howe, extinct); not in BirdNET",List of Plates (vol. Supp); engraved caption on the leaf; Gould's text and synonymy; crosswalk
Supp,49,,Grey-breasted Zosterops,Zosterops tephropleurus,Zosterops lateralis,Silvereye,silver3,eBird/Clements 2025,Q313394,2489396,27A57A03744EB709,Zosterops lateralis_Silvereye,subspecies,high,yes,"Gould's Zosterops tephropleurus is the Lord Howe Island race of Silvereye, Z. l. tephropleurus.",List of Plates (vol. Supp); engraved caption on the leaf; Gould's text and synonymy; crosswalk
Supp,50,,Victoria Rifle-bird,Ptiloris Victoriae,Ptiloris victoriae,Victoria's Riflebird,vicrif1,eBird/Clements 2025,Q643078,2494896,,Ptiloris victoriae_Victoria's Riflebird,,high,yes,Victoria's Riflebird,List of Plates (vol. Supp); engraved caption on the leaf; Gould's text and synonymy; crosswalk; pinned in Featherframe (gould_australia.yaml)
Supp,51,,Magnificent Rifle-bird,Ptiloris magnifica,Ptiloris magnificus,Magnificent Riflebird,magrif3,eBird/Clements 2025,Q279428,2494897,,Ptiloris magnificus_Magnificent Riflebird,,high,yes,Magnificent Riflebird (Cape York alberti),List of Plates (vol. Supp); engraved caption on the leaf; Gould's text and synonymy; crosswalk; pinned in Featherframe (gould_australia.yaml)
Supp,52,,Standard-Wing,Semioptera Wallacei,Semioptera wallacii,Standardwing Bird-of-Paradise,walsta2,eBird/Clements 2025,Q766568,2494872,5B56D6BE55E3B3B0,Semioptera wallacii_Standardwing Bird-of-Paradise,,high,yes,Standardwing,List of Plates (vol. Supp); engraved caption on the leaf; Gould's text and synonymy; crosswalk; pinned in Featherframe (gould_australia.yaml)
Supp,53,,Spalding's Orthonyx,Orthonyx Spaldingi,Orthonyx spaldingii,Chowchilla,chowch1,eBird/Clements 2025,Q1315452,2490708,,Orthonyx spaldingii_Chowchilla,,high,yes,Chowchilla,List of Plates (vol. Supp); engraved caption on the leaf; Gould's text and synonymy; crosswalk; pinned in Featherframe (gould_australia.yaml)
Supp,54,,Striated Sittella,Sittella striata,Daphoenositta chrysoptera,Varied Sittella,varsit8,eBird/Clements 2025,Q1589525,2487489,99536A00380435B4,Daphoenositta chrysoptera_Varied Sittella,subspecies,high,yes,"Gould's Sittella striata is the Striated race of Varied Sittella, D. c. striata.",List of Plates (vol. Supp); engraved caption on the leaf; Gould's text and synonymy; crosswalk
Supp,55,,Chestnut-breasted Cuckoo,Cacomantis castaneiventris,Cacomantis castaneiventris,Chestnut-breasted Cuckoo,chbcuc3,eBird/Clements 2025,Q1274228,2496249,263607644090FE0C,Cacomantis castaneiventris_Chestnut-breasted Cuckoo,,high,yes,Chestnut-breasted Cuckoo,List of Plates (vol. Supp); engraved caption on the leaf; Gould's text and synonymy; crosswalk; pinned in Featherframe (gould_australia.yaml)
Supp,56,,Little Cuckoo,Chrysococcyx minutillus,Chalcites minutillus,Little Bronze-Cuckoo,libcuc1,eBird/Clements 2025,Q1059641,2496334,9C8CCBA3BD4C2CC8,Chrysococcyx minutillus_Little Bronze-Cuckoo,,high,yes,Little Bronze-Cuckoo,List of Plates (vol. Supp); engraved caption on the leaf; Gould's text and synonymy; crosswalk; pinned in Featherframe (gould_australia.yaml)
Supp,57,,Kakapo,Strigops habroptilus,Strigops habroptilus,Kakapo,kakapo2,eBird/Clements 2025,Q179959,2479236,16804FAF5DCCB288,,,high,yes,Kakapo; not in BirdNET,List of Plates (vol. Supp); engraved caption on the leaf; Gould's text and synonymy; crosswalk
Supp,58,,Ka-ka Parrot,Nestor hypopolius,Nestor meridionalis,New Zealand Kaka,nezkak1,eBird/Clements 2025,Q626289,2479594,,Nestor meridionalis_New Zealand Kaka,,high,yes,hypopolius = Kaka,List of Plates (vol. Supp); engraved caption on the leaf; Gould's text and synonymy; crosswalk; pinned in Featherframe (gould_australia.yaml)
Supp,59,,Prince of Essling's Parrot,Nestor Esslingii,Nestor meridionalis,New Zealand Kaka,nezkak1,eBird/Clements 2025,Q626289,2479594,,Nestor meridionalis_New Zealand Kaka,variant,high,yes,"Souance's Nestor esslingii, a single oddly coloured skin of unknown origin, is a New Zealand Kaka, Buller's 'var. esslingii'.",List of Plates (vol. Supp); engraved caption on the leaf; Gould's text and synonymy; crosswalk
Supp,60,,Kea Parrot,Nestor notabilis,Nestor notabilis,Kea,kea1,eBird/Clements 2025,Q193337,2479593,D2E2AE57ABAD79F3,,,high,yes,Kea; not in BirdNET,List of Plates (vol. Supp); engraved caption on the leaf; Gould's text and synonymy; crosswalk
Supp,61,,Great Palm-Cockatoo,Microglossus aterrimus,Probosciger aterrimus,Palm Cockatoo,palcoc1,eBird/Clements 2025,Q31501,2479187,ADC0F2618675AC3B,Probosciger aterrimus_Palm Cockatoo,,high,yes,Microglossus aterrimus = Palm Cockatoo,List of Plates (vol. Supp); engraved caption on the leaf; Gould's text and synonymy; crosswalk; pinned in Featherframe (gould_australia.yaml)
Supp,62,,The Princess of Wales's Parrakeet,Polytelis Alexandrae,Polytelis alexandrae,Princess Parrot,alepar1,eBird/Clements 2025,Q674080,2479497,B606EC4617252FB2,,,high,yes,Princess Parrot; not in BirdNET,List of Plates (vol. Supp); engraved caption on the leaf; Gould's text and synonymy; crosswalk
Supp,63,,Blue-cheeked Parrakeet,Platycercus cyanogenys,Platycercus adscitus,Pale-headed Rosella,pahros1,eBird/Clements 2025,Q882015,2479308,CEF31CF5531DE186,Platycercus adscitus_Pale-headed Rosella,,high,yes,"cyanogenys Gould (one Cape York skin; pale sulphur head, blue cheeks, yellowish body) = the nominate Pale-headed Rosella.",List of Plates (vol. Supp); engraved caption on the leaf; Gould's text and synonymy; the plate
Supp,64,,Golden-backed Parrakeet,Psephotus chrysopterygius,Psephotellus chrysopterygius,Golden-shouldered Parrot,gospar1,eBird/Clements 2025,Q27075027,4851323,9551D3F322D55C03,,,high,yes,Golden-shouldered Parrot; not in BirdNET,List of Plates (vol. Supp); engraved caption on the leaf; Gould's text and synonymy; crosswalk
Supp,65,,Coxen's Parrakeet,Cyclopsitta Coxeni,Cyclopsitta diophthalma,Double-eyed Fig-Parrot,defpar1,eBird/Clements 2025,Q372877,2480157,0BB10D6861414F0C,,subspecies,high,yes,"Gould's Cyclopsitta coxeni is Coxen's Fig-Parrot, the race C. d. coxeni of Double-eyed Fig-Parrot.",List of Plates (vol. Supp); engraved caption on the leaf; Gould's text and synonymy; crosswalk
Supp,66,,Nocturnal Ground-Parrakeet,Geopsittacus occidentalis,Pezoporus occidentalis,Night Parrot,nigpar2,eBird/Clements 2025,Q889639,2479466,,,,high,yes,Night Parrot; not in BirdNET,List of Plates (vol. Supp); engraved caption on the leaf; Gould's text and synonymy; crosswalk
Supp,67,,Allied Fruit-Pigeon,Carpophaga assimilis,Megaloprepia magnifica,Wompoo Fruit-Dove,wofdov1,eBird/Clements 2025,Q239801,2495643,1A279952CBA4F77E,Ptilinopus magnificus_Wompoo Fruit-Dove,subspecies,high,yes,"Gould's Carpophaga assimilis is the north Queensland race of Wompoo Fruit-Dove, M. m. assimilis.",List of Plates (vol. Supp); engraved caption on the leaf; Gould's text and synonymy; crosswalk
Supp,68,,Rust-coloured Bronzewing,Lophophaps ferruginea,Geophaps plumifera,Spinifex Pigeon,spipig2,eBird/Clements 2025,Q1187577,2495395,FFEE836B3BEF1400,,subspecies,high,yes,"Gould's Lophophaps ferruginea is the rufous-bellied race of Spinifex Pigeon, G. p. ferruginea.",List of Plates (vol. Supp); engraved caption on the leaf; Gould's text and synonymy; crosswalk
Supp,69,,White-bellied Bronzewing,Lophophaps leucogaster,Geophaps plumifera,Spinifex Pigeon,spipig2,eBird/Clements 2025,Q1187577,2495395,FFEE836B3BEF1400,,subspecies,high,yes,"Gould's Lophophaps leucogaster is the white-bellied race of Spinifex Pigeon, G. p. leucogaster.",List of Plates (vol. Supp); engraved caption on the leaf; Gould's text and synonymy; crosswalk
Supp,70,,"Australian Cassowary (two heads, natural size)",Casuarius australis,Casuarius casuarius,Southern Cassowary,soucas1,eBird/Clements 2025,Q375790,5231783,8B9D93D84AC854E7,Casuarius casuarius_Southern Cassowary,,high,yes,australis = Southern Cassowary (johnsonii),List of Plates (vol. Supp); engraved caption on the leaf; Gould's text and synonymy; crosswalk; pinned in Featherframe (gould_australia.yaml)
Supp,71,,Australian Cassowary (whole figure),Casuarius australis,Casuarius casuarius,Southern Cassowary,soucas1,eBird/Clements 2025,Q375790,5231783,8B9D93D84AC854E7,Casuarius casuarius_Southern Cassowary,,high,yes,australis = Southern Cassowary (johnsonii),List of Plates (vol. Supp); engraved caption on the leaf; Gould's text and synonymy; crosswalk
Supp,72,,"Bennett's Cassowary (two heads, nat. size)",Casuarius Bennetti,Casuarius bennetti,Dwarf Cassowary,dwacas1,eBird/Clements 2025,Q793068,5231784,7751E0D145194220,,,high,yes,Dwarf Cassowary; not in BirdNET,List of Plates (vol. Supp); engraved caption on the leaf; Gould's text and synonymy; crosswalk
Supp,73,,Bennett's Cassowary (whole figure),Casuarius Bennetti,Casuarius bennetti,Dwarf Cassowary,dwacas1,eBird/Clements 2025,Q793068,5231784,7751E0D145194220,,,high,yes,Dwarf Cassowary; not in BirdNET,List of Plates (vol. Supp); engraved caption on the leaf; Gould's text and synonymy; crosswalk
Supp,74,,"One-carunculated Cassowary (head and feet, nat. size)",Casuarius uniappendiculatus,Casuarius unappendiculatus,Northern Cassowary,norcas1,eBird/Clements 2025,Q843182,5231785,32E7303BCA959B16,,,high,yes,Northern Cassowary; not in BirdNET,List of Plates (vol. Supp); engraved caption on the leaf; Gould's text and synonymy; crosswalk
Supp,75,,One-carunculated Cassowary (whole fig.),Casuarius uniappendiculatus,Casuarius unappendiculatus,Northern Cassowary,norcas1,eBird/Clements 2025,Q843182,5231785,32E7303BCA959B16,,,high,yes,Northern Cassowary; not in BirdNET,List of Plates (vol. Supp); engraved caption on the leaf; Gould's text and synonymy; crosswalk
Supp,76,,Notornis,Notornis Mantelli,Porphyrio hochstetteri,South Island Takahe,takahe3,eBird/Clements 2025,Q212302,5228153,6001C6A858D9DDA0,,,high,yes,Notornis mantelli as figured (1850 live South Island bird) = South Island Takahe; not in BirdNET,List of Plates (vol. Supp); engraved caption on the leaf; Gould's text and synonymy; crosswalk
Supp,77,,Bartram's Sandpiper,Actiturus Bartramius,Bartramia longicauda,Upland Sandpiper,uplsan,eBird/Clements 2025,Q530194,2481705,BF1DA86E0714FD01,Bartramia longicauda_Upland Sandpiper,,high,yes,Upland Sandpiper,List of Plates (vol. Supp); engraved caption on the leaf; Gould's text and synonymy; crosswalk; pinned in Featherframe (gould_australia.yaml)
Supp,78,,Red-necked Rail,Rallina tricolor,Rallina tricolor,Red-necked Crake,rencra1,eBird/Clements 2025,Q1268942,2474482,EBD8C251485E6083,Rallina tricolor_Red-necked Crake,,high,yes,Red-necked Crake,List of Plates (vol. Supp); engraved caption on the leaf; Gould's text and synonymy; crosswalk; pinned in Featherframe (gould_australia.yaml)
Supp,79,,Rufous-vented Gallinule,Gallinula ruficrissa,Amaurornis moluccana,Pale-vented Bush-hen,rutbuh1,eBird/Clements 2025,Q368713,,8CB46BDEFE3BE28D,Amaurornis moluccana_Pale-vented Bush-hen,subspecies,high,yes,"Gould's Gallinula ruficrissa (Cape River, Queensland) is the Australian race of Pale-vented Bush-hen, A. m. ruficrissa.",List of Plates (vol. Supp); engraved caption on the leaf; Gould's text and synonymy; crosswalk; pinned in Featherframe (gould_australia.yaml)
Supp,80,,Variegated Shoveller,Spatula variegata,Spatula rhynchotis,Australasian Shoveler,aussho1,eBird/Clements 2025,Q28106912,9288935,A21E76459E57408F,,subspecies,high,yes,"Gould's Spatula variegata is the New Zealand race of Australasian Shoveler, S. r. variegata.",List of Plates (vol. Supp); engraved caption on the leaf; Gould's text and synonymy; crosswalk
Supp,81,,Great-footed Tern,Gelochelidon macrotarsa,Gelochelidon macrotarsa,Australian Tern,gubter3,eBird/Clements 2025,Q55111914,10759922,C5F70BBE9BBF033A,Gelochelidon nilotica_Gull-billed Tern,,high,yes,Australian Tern; BirdNET/Clements 2021 lump it in Gull-billed Tern,List of Plates (vol. Supp); engraved caption on the leaf; Gould's text and synonymy; crosswalk; pinned in Featherframe (gould_australia.yaml)
