plate,list_name,list_latin,caption_name,caption_latin,volume,bhl_barcode,bhl_item,leaf,bhl_page,orientation,rotate,scan_url,page_url,sheet_asset,crop_asset,notes
1,Griffon Vulture,Vultur fulvus,Griffon Vulture,Vultur fulvus (Linn.),I,birdsEuropeIGoul,132863,30,42174243,portrait,0,https://bhl-open-data.s3.us-east-2.amazonaws.com/images/birdsEuropeIGoul/birdsEuropeIGoul_0030.jp2,https://www.biodiversitylibrary.org/page/42174243,sheet-birdsEuropeIGoul-0030.jpg,crop-birdsEuropeIGoul-0030.jpg,no pencil number visible (expected 1 by sequence with plates 2-4 following)
2,Cinereous Vulture,Vultur cinereus,Cinereus Vulture,Vultur cinereus (Linn.),I,birdsEuropeIGoul,132863,34,42174247,portrait,0,https://bhl-open-data.s3.us-east-2.amazonaws.com/images/birdsEuropeIGoul/birdsEuropeIGoul_0034.jp2,https://www.biodiversitylibrary.org/page/42174247,sheet-birdsEuropeIGoul-0034.jpg,crop-birdsEuropeIGoul-0034.jpg,
3,Egyptian Neophron,Neophron Percnopterus,Egyptian Neophron,Neophron Percnopterus (Savig.),I,birdsEuropeIGoul,132863,38,42174251,portrait,0,https://bhl-open-data.s3.us-east-2.amazonaws.com/images/birdsEuropeIGoul/birdsEuropeIGoul_0038.jp2,https://www.biodiversitylibrary.org/page/42174251,sheet-birdsEuropeIGoul-0038.jpg,crop-birdsEuropeIGoul-0038.jpg,leaf found by its pencilled number; no pin checked its caption
4,Bearded Vulture or Læmmer-geyer,Gypaëtus barbatus,Bearded Vulture or Lammer Geyer,Gypaetus barbatus (Storr),I,birdsEuropeIGoul,132863,42,42174255,portrait,0,https://bhl-open-data.s3.us-east-2.amazonaws.com/images/birdsEuropeIGoul/birdsEuropeIGoul_0042.jp2,https://www.biodiversitylibrary.org/page/42174255,sheet-birdsEuropeIGoul-0042.jpg,crop-birdsEuropeIGoul-0042.jpg,leaf found by its pencilled number; no pin checked its caption
5,Imperial Eagle,Aquila Imperialis,Imperial Eagle,Aquila Imperialis,I,birdsEuropeIGoul,132863,46,42174259,portrait,0,https://bhl-open-data.s3.us-east-2.amazonaws.com/images/birdsEuropeIGoul/birdsEuropeIGoul_0046.jp2,https://www.biodiversitylibrary.org/page/42174259,sheet-birdsEuropeIGoul-0046.jpg,crop-birdsEuropeIGoul-0046.jpg,
6,Golden Eagle,Aquila chrysaëta,Golden Eagle,Aquila chrysaeta (Briss.),I,birdsEuropeIGoul,132863,50,42174263,portrait,0,https://bhl-open-data.s3.us-east-2.amazonaws.com/images/birdsEuropeIGoul/birdsEuropeIGoul_0050.jp2,https://www.biodiversitylibrary.org/page/42174263,sheet-birdsEuropeIGoul-0050.jpg,crop-birdsEuropeIGoul-0050.jpg,
7,Bonelli's Eagle,Aquila Bonelli,Bonelli's Eagle,Aquila Bonelli; Falco ___ (Temm.),I,birdsEuropeIGoul,132863,54,42174267,portrait,0,https://bhl-open-data.s3.us-east-2.amazonaws.com/images/birdsEuropeIGoul/birdsEuropeIGoul_0054.jp2,https://www.biodiversitylibrary.org/page/42174267,sheet-birdsEuropeIGoul-0054.jpg,crop-birdsEuropeIGoul-0054.jpg,caption has a blank Falco synonym line as engraved; leaf found by its pencilled number; no pin checked its caption
8,Spotted Eagle,Aquila nævia,Spotted Eagle,Aquila naevia (Meyer),I,birdsEuropeIGoul,132863,58,42174271,portrait,0,https://bhl-open-data.s3.us-east-2.amazonaws.com/images/birdsEuropeIGoul/birdsEuropeIGoul_0058.jp2,https://www.biodiversitylibrary.org/page/42174271,sheet-birdsEuropeIGoul-0058.jpg,crop-birdsEuropeIGoul-0058.jpg,leaf found by its pencilled number; no pin checked its caption
9,Booted Eagle,Aquila pennata,Booted Eagle,Aquila pennata (Steph.),I,birdsEuropeIGoul,132863,62,42174275,portrait,0,https://bhl-open-data.s3.us-east-2.amazonaws.com/images/birdsEuropeIGoul/birdsEuropeIGoul_0062.jp2,https://www.biodiversitylibrary.org/page/42174275,sheet-birdsEuropeIGoul-0062.jpg,crop-birdsEuropeIGoul-0062.jpg,
10,Sea Eagle,Haliaëtus albicilla,Sea Eagle,Haliaetus albicilla (Selby),I,birdsEuropeIGoul,132863,66,42174279,portrait,0,https://bhl-open-data.s3.us-east-2.amazonaws.com/images/birdsEuropeIGoul/birdsEuropeIGoul_0066.jp2,https://www.biodiversitylibrary.org/page/42174279,sheet-birdsEuropeIGoul-0066.jpg,crop-birdsEuropeIGoul-0066.jpg,
11,White-headed Eagle,Haliaëtus leucocephalus,White Headed Eagle,Haliaetus leucocephalus (Savigny),I,birdsEuropeIGoul,132863,70,42174283,portrait,0,https://bhl-open-data.s3.us-east-2.amazonaws.com/images/birdsEuropeIGoul/birdsEuropeIGoul_0070.jp2,https://www.biodiversitylibrary.org/page/42174283,sheet-birdsEuropeIGoul-0070.jpg,crop-birdsEuropeIGoul-0070.jpg,
12,Osprey,Pandion haliaëtus,Osprey,Pandion haliaetus (Savig.),I,birdsEuropeIGoul,132863,74,42174287,portrait,0,https://bhl-open-data.s3.us-east-2.amazonaws.com/images/birdsEuropeIGoul/birdsEuropeIGoul_0074.jp2,https://www.biodiversitylibrary.org/page/42174287,sheet-birdsEuropeIGoul-0074.jpg,crop-birdsEuropeIGoul-0074.jpg,
13,Short-toed Eagle,Circaëtus brachydactylus,Short-toed Eagle,Circaetus brachydactylus (Vieill.),I,birdsEuropeIGoul,132863,78,42174291,portrait,0,https://bhl-open-data.s3.us-east-2.amazonaws.com/images/birdsEuropeIGoul/birdsEuropeIGoul_0078.jp2,https://www.biodiversitylibrary.org/page/42174291,sheet-birdsEuropeIGoul-0078.jpg,crop-birdsEuropeIGoul-0078.jpg,
14,Common Buzzard,Buteo vulgaris,Common Buzzard,Buteo vulgaris (Bechst.),I,birdsEuropeIGoul,132863,82,42174295,portrait,0,https://bhl-open-data.s3.us-east-2.amazonaws.com/images/birdsEuropeIGoul/birdsEuropeIGoul_0082.jp2,https://www.biodiversitylibrary.org/page/42174295,sheet-birdsEuropeIGoul-0082.jpg,crop-birdsEuropeIGoul-0082.jpg,
15,Rough-legged Buzzard,Buteo Lagopus,Rough-legged Buzzard,Buteo Lagopus (Flem.),I,birdsEuropeIGoul,132863,86,42174299,portrait,0,https://bhl-open-data.s3.us-east-2.amazonaws.com/images/birdsEuropeIGoul/birdsEuropeIGoul_0086.jp2,https://www.biodiversitylibrary.org/page/42174299,sheet-birdsEuropeIGoul-0086.jpg,crop-birdsEuropeIGoul-0086.jpg,
16,Honey Buzzard,Pernis apivorus,Honey Buzzard,Pernis apivorus (Cuv.),I,birdsEuropeIGoul,132863,90,42174303,portrait,0,https://bhl-open-data.s3.us-east-2.amazonaws.com/images/birdsEuropeIGoul/birdsEuropeIGoul_0090.jp2,https://www.biodiversitylibrary.org/page/42174303,sheet-birdsEuropeIGoul-0090.jpg,crop-birdsEuropeIGoul-0090.jpg,
17,Goshawk,Astur palumbarius,Goshawk,Astur Palumbarius (Bechst.),I,birdsEuropeIGoul,132863,94,42174307,portrait,0,https://bhl-open-data.s3.us-east-2.amazonaws.com/images/birdsEuropeIGoul/birdsEuropeIGoul_0094.jp2,https://www.biodiversitylibrary.org/page/42174307,sheet-birdsEuropeIGoul-0094.jpg,crop-birdsEuropeIGoul-0094.jpg,
18,Sparrow Hawk,Accipiter fringillarius,Sparrow Hawk,Accipiter fringillarius (Ray); Falco nisus (Linn.),I,birdsEuropeIGoul,132863,98,42174311,portrait,0,https://bhl-open-data.s3.us-east-2.amazonaws.com/images/birdsEuropeIGoul/birdsEuropeIGoul_0098.jp2,https://www.biodiversitylibrary.org/page/42174311,sheet-birdsEuropeIGoul-0098.jpg,crop-birdsEuropeIGoul-0098.jpg,
19,Jer Falcon,Falco Islandicus,Jer Falcon,Falco Islandicus (Lath.),I,birdsEuropeIGoul,132863,102,42174315,portrait,0,https://bhl-open-data.s3.us-east-2.amazonaws.com/images/birdsEuropeIGoul/birdsEuropeIGoul_0102.jp2,https://www.biodiversitylibrary.org/page/42174315,sheet-birdsEuropeIGoul-0102.jpg,crop-birdsEuropeIGoul-0102.jpg,
20,Lanner Falcon,Falco Lanarius,Lanner Falcon,Falco lanarius (Linn.),I,birdsEuropeIGoul,132863,106,42174319,portrait,0,https://bhl-open-data.s3.us-east-2.amazonaws.com/images/birdsEuropeIGoul/birdsEuropeIGoul_0106.jp2,https://www.biodiversitylibrary.org/page/42174319,sheet-birdsEuropeIGoul-0106.jpg,crop-birdsEuropeIGoul-0106.jpg,leaf found by its pencilled number; no pin checked its caption
21,Peregrine Falcon,Falco Peregrinus,Peregrine Falcon,Falco peregrinus (Linn.),I,birdsEuropeIGoul,132863,110,42174323,portrait,0,https://bhl-open-data.s3.us-east-2.amazonaws.com/images/birdsEuropeIGoul/birdsEuropeIGoul_0110.jp2,https://www.biodiversitylibrary.org/page/42174323,sheet-birdsEuropeIGoul-0110.jpg,crop-birdsEuropeIGoul-0110.jpg,
22,Hobby,Falco subbuteo,Hobby,Falco subbuteo (Linn.),I,birdsEuropeIGoul,132863,114,42174327,portrait,0,https://bhl-open-data.s3.us-east-2.amazonaws.com/images/birdsEuropeIGoul/birdsEuropeIGoul_0114.jp2,https://www.biodiversitylibrary.org/page/42174327,sheet-birdsEuropeIGoul-0114.jpg,crop-birdsEuropeIGoul-0114.jpg,
23,Red-footed Falcon,Falco rufipes,Red Footed Falcon,Falco rufipes (Bechst.),I,birdsEuropeIGoul,132863,118,42174331,portrait,0,https://bhl-open-data.s3.us-east-2.amazonaws.com/images/birdsEuropeIGoul/birdsEuropeIGoul_0118.jp2,https://www.biodiversitylibrary.org/page/42174331,sheet-birdsEuropeIGoul-0118.jpg,crop-birdsEuropeIGoul-0118.jpg,
24,Merlin,Falco Æsalon,Merlin,Falco aesalon (Temm.),I,birdsEuropeIGoul,132863,122,42174335,portrait,0,https://bhl-open-data.s3.us-east-2.amazonaws.com/images/birdsEuropeIGoul/birdsEuropeIGoul_0122.jp2,https://www.biodiversitylibrary.org/page/42174335,sheet-birdsEuropeIGoul-0122.jpg,crop-birdsEuropeIGoul-0122.jpg,
25,Lead-coloured Falcon,Falco concolor,Lead-coloured Falcon,Falco concolor (Temm.),I,birdsEuropeIGoul,132863,126,42174339,portrait,0,https://bhl-open-data.s3.us-east-2.amazonaws.com/images/birdsEuropeIGoul/birdsEuropeIGoul_0126.jp2,https://www.biodiversitylibrary.org/page/42174339,sheet-birdsEuropeIGoul-0126.jpg,crop-birdsEuropeIGoul-0126.jpg,leaf found by its pencilled number; no pin checked its caption
26,Kestrel,Falco Tinnunculus,Kestrel,Falco tinnunculus (Linn.),I,birdsEuropeIGoul,132863,130,42174343,portrait,0,https://bhl-open-data.s3.us-east-2.amazonaws.com/images/birdsEuropeIGoul/birdsEuropeIGoul_0130.jp2,https://www.biodiversitylibrary.org/page/42174343,sheet-birdsEuropeIGoul-0130.jpg,crop-birdsEuropeIGoul-0130.jpg,
27,Lesser Kestrel,Falco Tinnunculoides,Lesser Kestrel,Falco tinnunculoides (Natter),I,birdsEuropeIGoul,132863,134,42174347,portrait,0,https://bhl-open-data.s3.us-east-2.amazonaws.com/images/birdsEuropeIGoul/birdsEuropeIGoul_0134.jp2,https://www.biodiversitylibrary.org/page/42174347,sheet-birdsEuropeIGoul-0134.jpg,crop-birdsEuropeIGoul-0134.jpg,
28,Kite,Milvus vulgaris,Kite,Milvus vulgaris (Flem.),I,birdsEuropeIGoul,132863,138,42174351,portrait,0,https://bhl-open-data.s3.us-east-2.amazonaws.com/images/birdsEuropeIGoul/birdsEuropeIGoul_0138.jp2,https://www.biodiversitylibrary.org/page/42174351,sheet-birdsEuropeIGoul-0138.jpg,crop-birdsEuropeIGoul-0138.jpg,
29,Black Kite,Milvus ater,Black Kite,Milvus ater,I,birdsEuropeIGoul,132863,142,42174355,portrait,0,https://bhl-open-data.s3.us-east-2.amazonaws.com/images/birdsEuropeIGoul/birdsEuropeIGoul_0142.jp2,https://www.biodiversitylibrary.org/page/42174355,sheet-birdsEuropeIGoul-0142.jpg,crop-birdsEuropeIGoul-0142.jpg,
30,Swallow-tailed Kite,Nauclerus furcatus,Swallow Tailed Kite,Nauclerus furcatus (Vig.),I,birdsEuropeIGoul,132863,146,42174359,portrait,0,https://bhl-open-data.s3.us-east-2.amazonaws.com/images/birdsEuropeIGoul/birdsEuropeIGoul_0146.jp2,https://www.biodiversitylibrary.org/page/42174359,sheet-birdsEuropeIGoul-0146.jpg,crop-birdsEuropeIGoul-0146.jpg,
31,Black-winged Kite,Elanus melanopterus,Black-winged Kite,Elanus melanopterus (Steph.),I,birdsEuropeIGoul,132863,150,42174363,portrait,0,https://bhl-open-data.s3.us-east-2.amazonaws.com/images/birdsEuropeIGoul/birdsEuropeIGoul_0150.jp2,https://www.biodiversitylibrary.org/page/42174363,sheet-birdsEuropeIGoul-0150.jpg,crop-birdsEuropeIGoul-0150.jpg,
32,Marsh Harrier,Circus rufus,Marsh Harrier,Circus rufus (Briss.),I,birdsEuropeIGoul,132863,154,42174367,landscape,270,https://bhl-open-data.s3.us-east-2.amazonaws.com/images/birdsEuropeIGoul/birdsEuropeIGoul_0154.jp2,https://www.biodiversitylibrary.org/page/42174367,sheet-birdsEuropeIGoul-0154.jpg,crop-birdsEuropeIGoul-0154.jpg,
33,Hen Harrier,Circus cyaneus,Hen Harrier,Circus cyaneus (Meyer),I,birdsEuropeIGoul,132863,158,42174371,landscape,270,https://bhl-open-data.s3.us-east-2.amazonaws.com/images/birdsEuropeIGoul/birdsEuropeIGoul_0158.jp2,https://www.biodiversitylibrary.org/page/42174371,sheet-birdsEuropeIGoul-0158.jpg,crop-birdsEuropeIGoul-0158.jpg,
34,Pallid Harrier,Circus pallidus,Pallid Harrier,Circus pallidus (Sykes),I,birdsEuropeIGoul,132863,162,42174375,landscape,270,https://bhl-open-data.s3.us-east-2.amazonaws.com/images/birdsEuropeIGoul/birdsEuropeIGoul_0162.jp2,https://www.biodiversitylibrary.org/page/42174375,sheet-birdsEuropeIGoul-0162.jpg,crop-birdsEuropeIGoul-0162.jpg,
35,Ash-coloured Harrier,Circus cineraceus,Ash-coloured Harrier,Circus cineraceus (Meyer),I,birdsEuropeIGoul,132863,166,42174379,landscape,270,https://bhl-open-data.s3.us-east-2.amazonaws.com/images/birdsEuropeIGoul/birdsEuropeIGoul_0166.jp2,https://www.biodiversitylibrary.org/page/42174379,sheet-birdsEuropeIGoul-0166.jpg,crop-birdsEuropeIGoul-0166.jpg,
36,Barn Owl,Strix flammea,Barn Owl,Strix flammea (Linn.),I,birdsEuropeIGoul,132863,170,42174383,portrait,0,https://bhl-open-data.s3.us-east-2.amazonaws.com/images/birdsEuropeIGoul/birdsEuropeIGoul_0170.jp2,https://www.biodiversitylibrary.org/page/42174383,sheet-birdsEuropeIGoul-0170.jpg,crop-birdsEuropeIGoul-0170.jpg,
37,Great Horned or Eagle Owl,Bubo maximus,Eagle Owl,Bubo maximus (Sibbald),I,birdsEuropeIGoul,132863,174,42174387,portrait,0,https://bhl-open-data.s3.us-east-2.amazonaws.com/images/birdsEuropeIGoul/birdsEuropeIGoul_0174.jp2,https://www.biodiversitylibrary.org/page/42174387,sheet-birdsEuropeIGoul-0174.jpg,crop-birdsEuropeIGoul-0174.jpg,
38,Eastern Great Horned Owl,Bubo Ascalaphus,Eastern Great Horned Owl,Bubo Ascalaphus,I,birdsEuropeIGoul,132863,178,42174391,portrait,0,https://bhl-open-data.s3.us-east-2.amazonaws.com/images/birdsEuropeIGoul/birdsEuropeIGoul_0178.jp2,https://www.biodiversitylibrary.org/page/42174391,sheet-birdsEuropeIGoul-0178.jpg,crop-birdsEuropeIGoul-0178.jpg,leaf found by its pencilled number; no pin checked its caption
39,Long-eared Owl,Otus vulgaris,Long Eared Owl,Strix otus (Linn.); Otus vulgaris (Flem.),I,birdsEuropeIGoul,132863,182,42174395,portrait,0,https://bhl-open-data.s3.us-east-2.amazonaws.com/images/birdsEuropeIGoul/birdsEuropeIGoul_0182.jp2,https://www.biodiversitylibrary.org/page/42174395,sheet-birdsEuropeIGoul-0182.jpg,crop-birdsEuropeIGoul-0182.jpg,
40,Short-eared Owl,Otus Brachyotus,Short-eared Owl,Strix Brachyotos (Linn.); Otus Brachyotos (Cuv.),I,birdsEuropeIGoul,132863,186,42174399,portrait,0,https://bhl-open-data.s3.us-east-2.amazonaws.com/images/birdsEuropeIGoul/birdsEuropeIGoul_0186.jp2,https://www.biodiversitylibrary.org/page/42174399,sheet-birdsEuropeIGoul-0186.jpg,crop-birdsEuropeIGoul-0186.jpg,
41,Scops-eared Owl,Scops Aldrovandi,Scops-eared Owl,Scops Aldrovandi (Will and Ray),I,birdsEuropeIGoul,132863,190,42174403,portrait,0,https://bhl-open-data.s3.us-east-2.amazonaws.com/images/birdsEuropeIGoul/birdsEuropeIGoul_0190.jp2,https://www.biodiversitylibrary.org/page/42174403,sheet-birdsEuropeIGoul-0190.jpg,crop-birdsEuropeIGoul-0190.jpg,
42,Great Cinereous Owl,Surnia cinerea,Great Cinereous Owl,Strix Lapponica (Retz.); ___ cinerea (Gmel.); Surnia cinerea,I,birdsEuropeIGoul,132863,194,42174407,portrait,0,https://bhl-open-data.s3.us-east-2.amazonaws.com/images/birdsEuropeIGoul/birdsEuropeIGoul_0194.jp2,https://www.biodiversitylibrary.org/page/42174407,sheet-birdsEuropeIGoul-0194.jpg,crop-birdsEuropeIGoul-0194.jpg,
43,Snowy Owl,Surnia Nyctea,Snowy Owl,Strix Nyctea (Linn.); Surnia Nyctea (Dum.),I,birdsEuropeIGoul,132863,198,42174411,portrait,0,https://bhl-open-data.s3.us-east-2.amazonaws.com/images/birdsEuropeIGoul/birdsEuropeIGoul_0198.jp2,https://www.biodiversitylibrary.org/page/42174411,sheet-birdsEuropeIGoul-0198.jpg,crop-birdsEuropeIGoul-0198.jpg,
44,Ural Owl,Surnia Uralensis,Ural Owl,Surnia Uralensis,I,birdsEuropeIGoul,132863,202,42174415,portrait,0,https://bhl-open-data.s3.us-east-2.amazonaws.com/images/birdsEuropeIGoul/birdsEuropeIGoul_0202.jp2,https://www.biodiversitylibrary.org/page/42174415,sheet-birdsEuropeIGoul-0202.jpg,crop-birdsEuropeIGoul-0202.jpg,
45,Hawk Owl,Surnia funerea,Hawk Owl,Surnia funerea (Dumeril.); Strix funerea (Gmel.),I,birdsEuropeIGoul,132863,206,42174419,portrait,0,https://bhl-open-data.s3.us-east-2.amazonaws.com/images/birdsEuropeIGoul/birdsEuropeIGoul_0206.jp2,https://www.biodiversitylibrary.org/page/42174419,sheet-birdsEuropeIGoul-0206.jpg,crop-birdsEuropeIGoul-0206.jpg,
46,Barred Owl,Ulula nebulosa,Barred Owl,Strix nebulosa (Linn.); Ulula ___ (Cuv.),I,birdsEuropeIGoul,132863,210,42174423,portrait,0,https://bhl-open-data.s3.us-east-2.amazonaws.com/images/birdsEuropeIGoul/birdsEuropeIGoul_0210.jp2,https://www.biodiversitylibrary.org/page/42174423,sheet-birdsEuropeIGoul-0210.jpg,crop-birdsEuropeIGoul-0210.jpg,
47,Tawny or Wood Owl,Syrnium Aluco,Tawny or Wood Owl,Strix aluco (Linn.); Surnia ___ (Dum.),I,birdsEuropeIGoul,132863,214,42174427,portrait,0,https://bhl-open-data.s3.us-east-2.amazonaws.com/images/birdsEuropeIGoul/birdsEuropeIGoul_0214.jp2,https://www.biodiversitylibrary.org/page/42174427,sheet-birdsEuropeIGoul-0214.jpg,crop-birdsEuropeIGoul-0214.jpg,
48,Little Owl,Noctua nudipes,Little Owl,Strix nudipes (Nilsson); Noctua nudipes (Mihi),I,birdsEuropeIGoul,132863,218,42174431,portrait,0,https://bhl-open-data.s3.us-east-2.amazonaws.com/images/birdsEuropeIGoul/birdsEuropeIGoul_0218.jp2,https://www.biodiversitylibrary.org/page/42174431,sheet-birdsEuropeIGoul-0218.jpg,crop-birdsEuropeIGoul-0218.jpg,
49,Tengmalm's Owl,Noctua ? Tengmalmi,Tengmalm's Owl,Strix Tengmalmi (Gmel.); Noctua Tengmalmi (Selb.),I,birdsEuropeIGoul,132863,222,42174435,portrait,0,https://bhl-open-data.s3.us-east-2.amazonaws.com/images/birdsEuropeIGoul/birdsEuropeIGoul_0222.jp2,https://www.biodiversitylibrary.org/page/42174435,sheet-birdsEuropeIGoul-0222.jpg,crop-birdsEuropeIGoul-0222.jpg,
50,Sparrow Owl,Noctua passerina,Sparrow Owl,Strix passerina (Linn.); Noctua ___ (Mihi),I,birdsEuropeIGoul,132863,226,42174439,portrait,0,https://bhl-open-data.s3.us-east-2.amazonaws.com/images/birdsEuropeIGoul/birdsEuropeIGoul_0226.jp2,https://www.biodiversitylibrary.org/page/42174439,sheet-birdsEuropeIGoul-0226.jpg,crop-birdsEuropeIGoul-0226.jpg,
51,European Goatsucker,Caprimulgus Europæus,European Goatsucker,Caprimulgus Europaeus (Linn.),II,birdsEuropeIIGoul,132861,16,42173413,portrait,0,https://bhl-open-data.s3.us-east-2.amazonaws.com/images/birdsEuropeIIGoul/birdsEuropeIIGoul_0016.jp2,https://www.biodiversitylibrary.org/page/42173413,sheet-birdsEuropeIIGoul-0016.jpg,crop-birdsEuropeIIGoul-0016.jpg,
52,Red-collared Goatsucker,Caprimulgus ruficollis,Red-Collared Goatsucker,Caprimulgus ruficollis (Temm.),II,birdsEuropeIIGoul,132861,20,42173409,portrait,0,https://bhl-open-data.s3.us-east-2.amazonaws.com/images/birdsEuropeIIGoul/birdsEuropeIIGoul_0020.jp2,https://www.biodiversitylibrary.org/page/42173409,sheet-birdsEuropeIIGoul-0020.jpg,crop-birdsEuropeIIGoul-0020.jpg,
53,Swift / White-bellied Swift,Cypselus murarius / Cypselus alpinus,1. Swift  2. White-Bellied Swift,1. Cypselus murarius (Temm.)  2. Cypselus Alpinus (Temm.),II,birdsEuropeIIGoul,132861,24,42173405,portrait,0,https://bhl-open-data.s3.us-east-2.amazonaws.com/images/birdsEuropeIIGoul/birdsEuropeIIGoul_0024.jp2,https://www.biodiversitylibrary.org/page/42173405,sheet-birdsEuropeIIGoul-0024.jpg,crop-birdsEuropeIIGoul-0024.jpg,composite plate
54,Chimney Swallow,Hirundo rustica,Chimney Swallow,Hirundo rustica (Linn.),II,birdsEuropeIIGoul,132861,28,42173401,portrait,0,https://bhl-open-data.s3.us-east-2.amazonaws.com/images/birdsEuropeIIGoul/birdsEuropeIIGoul_0028.jp2,https://www.biodiversitylibrary.org/page/42173401,sheet-birdsEuropeIIGoul-0028.jpg,crop-birdsEuropeIIGoul-0028.jpg,
55,Rufous Swallow,Hirundo rufula,Rufous Swallow,Hirundo rufula (Temm.),II,birdsEuropeIIGoul,132861,32,42173397,portrait,0,https://bhl-open-data.s3.us-east-2.amazonaws.com/images/birdsEuropeIIGoul/birdsEuropeIIGoul_0032.jp2,https://www.biodiversitylibrary.org/page/42173397,sheet-birdsEuropeIIGoul-0032.jpg,crop-birdsEuropeIIGoul-0032.jpg,
56,Rock Martin,Hirundo rupestris,Rock Martin,Hirundo rupestris (Linn.),II,birdsEuropeIIGoul,132861,36,42173393,portrait,0,https://bhl-open-data.s3.us-east-2.amazonaws.com/images/birdsEuropeIIGoul/birdsEuropeIIGoul_0036.jp2,https://www.biodiversitylibrary.org/page/42173393,sheet-birdsEuropeIIGoul-0036.jpg,crop-birdsEuropeIIGoul-0036.jpg,
57,Martin,Hirundo urbica,Martin,Hirundo urbica (Linn.),II,birdsEuropeIIGoul,132861,40,42173359,portrait,0,https://bhl-open-data.s3.us-east-2.amazonaws.com/images/birdsEuropeIIGoul/birdsEuropeIIGoul_0040.jp2,https://www.biodiversitylibrary.org/page/42173359,sheet-birdsEuropeIIGoul-0040.jpg,crop-birdsEuropeIIGoul-0040.jpg,
58,Sand Martin,Hirundo riparia,Sand Martin,Hirundo riparia (Linn.),II,birdsEuropeIIGoul,132861,44,42173363,portrait,0,https://bhl-open-data.s3.us-east-2.amazonaws.com/images/birdsEuropeIIGoul/birdsEuropeIIGoul_0044.jp2,https://www.biodiversitylibrary.org/page/42173363,sheet-birdsEuropeIIGoul-0044.jpg,crop-birdsEuropeIIGoul-0044.jpg,
59,Bee Eater,Merops Apiaster,Bee Eater,Merops Apiaster (Linn.),II,birdsEuropeIIGoul,132861,48,42173367,portrait,0,https://bhl-open-data.s3.us-east-2.amazonaws.com/images/birdsEuropeIIGoul/birdsEuropeIIGoul_0048.jp2,https://www.biodiversitylibrary.org/page/42173367,sheet-birdsEuropeIIGoul-0048.jpg,crop-birdsEuropeIIGoul-0048.jpg,
60,Roller,Coracias garrulus,Roller,Coracias garrula (Linn.),II,birdsEuropeIIGoul,132861,52,42173371,portrait,0,https://bhl-open-data.s3.us-east-2.amazonaws.com/images/birdsEuropeIIGoul/birdsEuropeIIGoul_0052.jp2,https://www.biodiversitylibrary.org/page/42173371,sheet-birdsEuropeIIGoul-0052.jpg,crop-birdsEuropeIIGoul-0052.jpg,
61,Kingsfisher,Alcedo Ispida,Kingfisher,Alcedo ispida (Linn.),II,birdsEuropeIIGoul,132861,56,42173375,portrait,0,https://bhl-open-data.s3.us-east-2.amazonaws.com/images/birdsEuropeIIGoul/birdsEuropeIIGoul_0056.jp2,https://www.biodiversitylibrary.org/page/42173375,sheet-birdsEuropeIIGoul-0056.jpg,crop-birdsEuropeIIGoul-0056.jpg,
62,Black and White Kingsfisher,Alcedo rudis,Black And White Kingfisher,Alcedo rudis (Linn.),II,birdsEuropeIIGoul,132861,60,42173379,portrait,0,https://bhl-open-data.s3.us-east-2.amazonaws.com/images/birdsEuropeIIGoul/birdsEuropeIIGoul_0060.jp2,https://www.biodiversitylibrary.org/page/42173379,sheet-birdsEuropeIIGoul-0060.jpg,crop-birdsEuropeIIGoul-0060.jpg,
63,Pied Flycatcher / White-collared Flycatcher,Muscicapa luctuosa / Muscicapa albicollis,1. Pied Flycatcher  2. White-Collared Flycatcher,1. Muscicapa luctuosa (Temm.)  2. Muscicapa albicollis (Temm.),II,birdsEuropeIIGoul,132861,64,42173383,portrait,0,https://bhl-open-data.s3.us-east-2.amazonaws.com/images/birdsEuropeIIGoul/birdsEuropeIIGoul_0064.jp2,https://www.biodiversitylibrary.org/page/42173383,sheet-birdsEuropeIIGoul-0064.jpg,crop-birdsEuropeIIGoul-0064.jpg,composite plate
64,Red-breasted Flycatcher,Muscicapa parva,Red-Breasted Fly-Catcher,Muscicapa parva (Bechst.),II,birdsEuropeIIGoul,132861,68,42173387,portrait,0,https://bhl-open-data.s3.us-east-2.amazonaws.com/images/birdsEuropeIIGoul/birdsEuropeIIGoul_0068.jp2,https://www.biodiversitylibrary.org/page/42173387,sheet-birdsEuropeIIGoul-0068.jpg,crop-birdsEuropeIIGoul-0068.jpg,
65,Spotted Flycatcher,Muscicapa grisola,Spotted Flycatcher,Muscicapa grisola (Linn.),II,birdsEuropeIIGoul,132861,72,42173429,portrait,0,https://bhl-open-data.s3.us-east-2.amazonaws.com/images/birdsEuropeIIGoul/birdsEuropeIIGoul_0072.jp2,https://www.biodiversitylibrary.org/page/42173429,sheet-birdsEuropeIIGoul-0072.jpg,crop-birdsEuropeIIGoul-0072.jpg,
66,Great Shrike,Collurio Excubitor,Great Shrike,Lanius excubitor (Linn.); Collurio —— (Vig.),II,birdsEuropeIIGoul,132861,76,42173433,portrait,0,https://bhl-open-data.s3.us-east-2.amazonaws.com/images/birdsEuropeIIGoul/birdsEuropeIIGoul_0076.jp2,https://www.biodiversitylibrary.org/page/42173433,sheet-birdsEuropeIIGoul-0076.jpg,crop-birdsEuropeIIGoul-0076.jpg,two scientific names given (dual genus/authority line under caption)
67,Great Grey Shrike,Collurio meridionalis,Great Grey Shrike,Lanius meridionalis (Temm.); Collurio —— (Vig.),II,birdsEuropeIIGoul,132861,80,42173437,portrait,0,https://bhl-open-data.s3.us-east-2.amazonaws.com/images/birdsEuropeIIGoul/birdsEuropeIIGoul_0080.jp2,https://www.biodiversitylibrary.org/page/42173437,sheet-birdsEuropeIIGoul-0080.jpg,crop-birdsEuropeIIGoul-0080.jpg,two scientific names given (dual genus/authority line under caption)
68,Lesser Grey Shrike,Collurio minor,Lesser Grey Shrike,Lanius minor (Linn.); Collurio —— (Vig.),II,birdsEuropeIIGoul,132861,84,42173441,portrait,0,https://bhl-open-data.s3.us-east-2.amazonaws.com/images/birdsEuropeIIGoul/birdsEuropeIIGoul_0084.jp2,https://www.biodiversitylibrary.org/page/42173441,sheet-birdsEuropeIIGoul-0084.jpg,crop-birdsEuropeIIGoul-0084.jpg,"caption sits higher on page than usual, outside the standard bottom-crop window; two scientific names given"
69,Red-backed Shrike,Lanius Collurio,Red-Backed Shrike,Lanius collurio (Linn.),II,birdsEuropeIIGoul,132861,88,42173445,portrait,0,https://bhl-open-data.s3.us-east-2.amazonaws.com/images/birdsEuropeIIGoul/birdsEuropeIIGoul_0088.jp2,https://www.biodiversitylibrary.org/page/42173445,sheet-birdsEuropeIIGoul-0088.jpg,crop-birdsEuropeIIGoul-0088.jpg,
70,Woodchat,Lanius rufus,Woodchat,Lanius rufus (Briss.),II,birdsEuropeIIGoul,132861,92,42173449,portrait,0,https://bhl-open-data.s3.us-east-2.amazonaws.com/images/birdsEuropeIIGoul/birdsEuropeIIGoul_0092.jp2,https://www.biodiversitylibrary.org/page/42173449,sheet-birdsEuropeIIGoul-0092.jpg,crop-birdsEuropeIIGoul-0092.jpg,
71,Golden Oriole,Oriolus galbula,Golden Oriole,Oriolus Galbula (Linn.),II,birdsEuropeIIGoul,132861,96,42173453,portrait,0,https://bhl-open-data.s3.us-east-2.amazonaws.com/images/birdsEuropeIIGoul/birdsEuropeIIGoul_0096.jp2,https://www.biodiversitylibrary.org/page/42173453,sheet-birdsEuropeIIGoul-0096.jpg,crop-birdsEuropeIIGoul-0096.jpg,
72,"Black Ouzel, or Blackbird",Merula vulgaris,Black-Ouzel Or Blackbird,Merula vulgaris (Ray),II,birdsEuropeIIGoul,132861,100,42173457,portrait,0,https://bhl-open-data.s3.us-east-2.amazonaws.com/images/birdsEuropeIIGoul/birdsEuropeIIGoul_0100.jp2,https://www.biodiversitylibrary.org/page/42173457,sheet-birdsEuropeIIGoul-0100.jpg,crop-birdsEuropeIIGoul-0100.jpg,
73,Ring Ouzel,Merula torquata,Ring Ouzel,Merula torquata (Briss.),II,birdsEuropeIIGoul,132861,104,42173461,portrait,0,https://bhl-open-data.s3.us-east-2.amazonaws.com/images/birdsEuropeIIGoul/birdsEuropeIIGoul_0104.jp2,https://www.biodiversitylibrary.org/page/42173461,sheet-birdsEuropeIIGoul-0104.jpg,crop-birdsEuropeIIGoul-0104.jpg,
74,Migratory Ouzel,Merula migratoria,Migratory Ouzel,Merula migratoria (Swains.),II,birdsEuropeIIGoul,132861,108,42173465,portrait,0,https://bhl-open-data.s3.us-east-2.amazonaws.com/images/birdsEuropeIIGoul/birdsEuropeIIGoul_0108.jp2,https://www.biodiversitylibrary.org/page/42173465,sheet-birdsEuropeIIGoul-0108.jpg,crop-birdsEuropeIIGoul-0108.jpg,
75,Black-throated Thrush,Turdus atrogularis,Black-Throated Thrush,Turdus atrogularis (Temm.),II,birdsEuropeIIGoul,132861,112,42173469,portrait,0,https://bhl-open-data.s3.us-east-2.amazonaws.com/images/birdsEuropeIIGoul/birdsEuropeIIGoul_0112.jp2,https://www.biodiversitylibrary.org/page/42173469,sheet-birdsEuropeIIGoul-0112.jpg,crop-birdsEuropeIIGoul-0112.jpg,
76,Fieldfare,Turdus pilaris,Fieldfare,Turdus pilaris (Linn.),II,birdsEuropeIIGoul,132861,116,42173473,portrait,0,https://bhl-open-data.s3.us-east-2.amazonaws.com/images/birdsEuropeIIGoul/birdsEuropeIIGoul_0116.jp2,https://www.biodiversitylibrary.org/page/42173473,sheet-birdsEuropeIIGoul-0116.jpg,crop-birdsEuropeIIGoul-0116.jpg,
77,Missel Thrush,Turdus viscivorus,Missel Thrush,Turdus viscivorus (Linn.),II,birdsEuropeIIGoul,132861,120,42173477,portrait,0,https://bhl-open-data.s3.us-east-2.amazonaws.com/images/birdsEuropeIIGoul/birdsEuropeIIGoul_0120.jp2,https://www.biodiversitylibrary.org/page/42173477,sheet-birdsEuropeIIGoul-0120.jpg,crop-birdsEuropeIIGoul-0120.jpg,
78,Song Thrush / Redwing,Turdus musicus / Turdus Iliacus,1. Song Thrush  2. Redwing,1. Turdus musicus (Linn.)  2. Turdus Iliacus (Linn.),II,birdsEuropeIIGoul,132861,124,42173481,portrait,0,https://bhl-open-data.s3.us-east-2.amazonaws.com/images/birdsEuropeIIGoul/birdsEuropeIIGoul_0124.jp2,https://www.biodiversitylibrary.org/page/42173481,sheet-birdsEuropeIIGoul-0124.jpg,crop-birdsEuropeIIGoul-0124.jpg,composite plate
79,Naumann's Thrush,Turdus Naumannii,Nauman's Thrush,Turdus Naumannii (Temm.),II,birdsEuropeIIGoul,132861,128,42173485,portrait,0,https://bhl-open-data.s3.us-east-2.amazonaws.com/images/birdsEuropeIIGoul/birdsEuropeIIGoul_0128.jp2,https://www.biodiversitylibrary.org/page/42173485,sheet-birdsEuropeIIGoul-0128.jpg,crop-birdsEuropeIIGoul-0128.jpg,
80,Pallid Thrush,Turdus pallidus,Pallid Thrush,Turdus pallidus (Pall.),II,birdsEuropeIIGoul,132861,132,42173489,portrait,0,https://bhl-open-data.s3.us-east-2.amazonaws.com/images/birdsEuropeIIGoul/birdsEuropeIIGoul_0132.jp2,https://www.biodiversitylibrary.org/page/42173489,sheet-birdsEuropeIIGoul-0132.jpg,crop-birdsEuropeIIGoul-0132.jpg,leaf found by its pencilled number; no pin checked its caption
81,White's Thrush,Turdus Whitei,White's Thrush,Turdus Whitei (Eyton),II,birdsEuropeIIGoul,132861,136,42173493,portrait,0,https://bhl-open-data.s3.us-east-2.amazonaws.com/images/birdsEuropeIIGoul/birdsEuropeIIGoul_0136.jp2,https://www.biodiversitylibrary.org/page/42173493,sheet-birdsEuropeIIGoul-0136.jpg,crop-birdsEuropeIIGoul-0136.jpg,
82,Siberian Thrush,Turdus Sibericus,Siberian Thrush,Turdus Sibericus (Pall.),II,birdsEuropeIIGoul,132861,140,42173497,portrait,0,https://bhl-open-data.s3.us-east-2.amazonaws.com/images/birdsEuropeIIGoul/birdsEuropeIIGoul_0140.jp2,https://www.biodiversitylibrary.org/page/42173497,sheet-birdsEuropeIIGoul-0140.jpg,crop-birdsEuropeIIGoul-0140.jpg,
83,Water Ouzel,Cinclus aquaticus,Water Ouzel Or Dipper,Cinclus aquaticus (Bechst.),II,birdsEuropeIIGoul,132861,144,42173501,landscape,270,https://bhl-open-data.s3.us-east-2.amazonaws.com/images/birdsEuropeIIGoul/birdsEuropeIIGoul_0144.jp2,https://www.biodiversitylibrary.org/page/42173501,sheet-birdsEuropeIIGoul-0144.jpg,crop-birdsEuropeIIGoul-0144.jpg,caption and pencil read from the right-edge/bottom-left rotated crops
84,Black-bellied Water Ouzel,Cinclus melanogaster,Black-Bellied Water Ouzel,Cinclus melanogaster (Temm.),II,birdsEuropeIIGoul,132861,148,42173505,portrait,0,https://bhl-open-data.s3.us-east-2.amazonaws.com/images/birdsEuropeIIGoul/birdsEuropeIIGoul_0148.jp2,https://www.biodiversitylibrary.org/page/42173505,sheet-birdsEuropeIIGoul-0148.jpg,crop-birdsEuropeIIGoul-0148.jpg,caption sits higher on page than the standard bottom-crop window; confirmed from full leaf image; leaf found by its pencilled number; no pin checked its caption
85,Pallas's Water Ouzel,Cinclus Pallasii,Pallas's Water Ouzel,Cinclus Pallasii (Temm.),II,birdsEuropeIIGoul,132861,152,42173509,portrait,0,https://bhl-open-data.s3.us-east-2.amazonaws.com/images/birdsEuropeIIGoul/birdsEuropeIIGoul_0152.jp2,https://www.biodiversitylibrary.org/page/42173509,sheet-birdsEuropeIIGoul-0152.jpg,crop-birdsEuropeIIGoul-0152.jpg,
86,Rock Thrush,Petrocincla saxatilis,Rock Thrush,Petrocincla saxatilis (Vig.),II,birdsEuropeIIGoul,132861,156,42173513,portrait,0,https://bhl-open-data.s3.us-east-2.amazonaws.com/images/birdsEuropeIIGoul/birdsEuropeIIGoul_0156.jp2,https://www.biodiversitylibrary.org/page/42173513,sheet-birdsEuropeIIGoul-0156.jpg,crop-birdsEuropeIIGoul-0156.jpg,
87,Blue Thrush,Petrocincla cyanea,Blue Thrush,Petrocincla cyanus (Vig.),II,birdsEuropeIIGoul,132861,160,42173517,portrait,0,https://bhl-open-data.s3.us-east-2.amazonaws.com/images/birdsEuropeIIGoul/birdsEuropeIIGoul_0160.jp2,https://www.biodiversitylibrary.org/page/42173517,sheet-birdsEuropeIIGoul-0160.jpg,crop-birdsEuropeIIGoul-0160.jpg,
88,Black Wheatear,Saxicola cachinnans,Black Wheatear,Saxicola cachinnans (Temm.),II,birdsEuropeIIGoul,132861,164,42173521,portrait,0,https://bhl-open-data.s3.us-east-2.amazonaws.com/images/birdsEuropeIIGoul/birdsEuropeIIGoul_0164.jp2,https://www.biodiversitylibrary.org/page/42173521,sheet-birdsEuropeIIGoul-0164.jpg,crop-birdsEuropeIIGoul-0164.jpg,
89,Pied Wheatear,Saxicola leucomela,Pied Wheatear,Saxicola leucomela (Temm.),II,birdsEuropeIIGoul,132861,168,42173525,portrait,0,https://bhl-open-data.s3.us-east-2.amazonaws.com/images/birdsEuropeIIGoul/birdsEuropeIIGoul_0168.jp2,https://www.biodiversitylibrary.org/page/42173525,sheet-birdsEuropeIIGoul-0168.jpg,crop-birdsEuropeIIGoul-0168.jpg,
90,Wheatear,Saxicola Œnanthe,Wheatear,Saxicola œnanthe (Bechst.),II,birdsEuropeIIGoul,132861,172,42173529,portrait,0,https://bhl-open-data.s3.us-east-2.amazonaws.com/images/birdsEuropeIIGoul/birdsEuropeIIGoul_0172.jp2,https://www.biodiversitylibrary.org/page/42173529,sheet-birdsEuropeIIGoul-0172.jpg,crop-birdsEuropeIIGoul-0172.jpg,
91,Russet Wheatear,Saxicola stapazina,Russet Wheatear,Saxicola Stapazina (Temm.),II,birdsEuropeIIGoul,132861,176,42173533,portrait,0,https://bhl-open-data.s3.us-east-2.amazonaws.com/images/birdsEuropeIIGoul/birdsEuropeIIGoul_0176.jp2,https://www.biodiversitylibrary.org/page/42173533,sheet-birdsEuropeIIGoul-0176.jpg,crop-birdsEuropeIIGoul-0176.jpg,leaf found by its pencilled number; no pin checked its caption
92,Black-eared Wheatear,Saxicola aurita,Black-Eared Wheat Ear,Saxicola aurita (Temm.),II,birdsEuropeIIGoul,132861,180,42173537,portrait,0,https://bhl-open-data.s3.us-east-2.amazonaws.com/images/birdsEuropeIIGoul/birdsEuropeIIGoul_0180.jp2,https://www.biodiversitylibrary.org/page/42173537,sheet-birdsEuropeIIGoul-0180.jpg,crop-birdsEuropeIIGoul-0180.jpg,leaf found by its pencilled number; no pin checked its caption
93,Whinchat,Saxicola rubetra,Whinchat,Saxicola rubetra (Bechst.),II,birdsEuropeIIGoul,132861,184,42173541,portrait,0,https://bhl-open-data.s3.us-east-2.amazonaws.com/images/birdsEuropeIIGoul/birdsEuropeIIGoul_0184.jp2,https://www.biodiversitylibrary.org/page/42173541,sheet-birdsEuropeIIGoul-0184.jpg,crop-birdsEuropeIIGoul-0184.jpg,
94,Stonechat,Saxicola rubicola,Stone-Chat,Saxicola rubicola (Bechst.),II,birdsEuropeIIGoul,132861,188,42173545,portrait,0,https://bhl-open-data.s3.us-east-2.amazonaws.com/images/birdsEuropeIIGoul/birdsEuropeIIGoul_0188.jp2,https://www.biodiversitylibrary.org/page/42173545,sheet-birdsEuropeIIGoul-0188.jpg,crop-birdsEuropeIIGoul-0188.jpg,
95,Redstart,Phoenicura ruticilla,Redstart,Phœnicura ruticilla (Swains.),II,birdsEuropeIIGoul,132861,192,42173549,portrait,0,https://bhl-open-data.s3.us-east-2.amazonaws.com/images/birdsEuropeIIGoul/birdsEuropeIIGoul_0192.jp2,https://www.biodiversitylibrary.org/page/42173549,sheet-birdsEuropeIIGoul-0192.jpg,crop-birdsEuropeIIGoul-0192.jpg,
96,Black Redstart,Phoenicura tithys,Black Redstart,Phœnicura Tithys (Yard & Selby),II,birdsEuropeIIGoul,132861,196,42173553,portrait,0,https://bhl-open-data.s3.us-east-2.amazonaws.com/images/birdsEuropeIIGoul/birdsEuropeIIGoul_0196.jp2,https://www.biodiversitylibrary.org/page/42173553,sheet-birdsEuropeIIGoul-0196.jpg,crop-birdsEuropeIIGoul-0196.jpg,authority abbreviation reads as cursive 'Yard' in the plate; likely intends Jardine & Selby but transcribed exactly as engraved
97,Blue-throated Warbler,Phoenicura Suecica,Blue Throated Warbler,Phœnicura Suecica,II,birdsEuropeIIGoul,132861,200,42173557,portrait,0,https://bhl-open-data.s3.us-east-2.amazonaws.com/images/birdsEuropeIIGoul/birdsEuropeIIGoul_0200.jp2,https://www.biodiversitylibrary.org/page/42173557,sheet-birdsEuropeIIGoul-0200.jpg,crop-birdsEuropeIIGoul-0200.jpg,no authority given on plate
98,Robin,Erythaca rubecula,Robin,Erythaca rubecula (Swains.),II,birdsEuropeIIGoul,132861,204,42173561,portrait,0,https://bhl-open-data.s3.us-east-2.amazonaws.com/images/birdsEuropeIIGoul/birdsEuropeIIGoul_0204.jp2,https://www.biodiversitylibrary.org/page/42173561,sheet-birdsEuropeIIGoul-0204.jpg,crop-birdsEuropeIIGoul-0204.jpg,
99,Alpine Accentor,Accentor alpinus,Alpine Accentor,Accentor Alpinus (Bechst.),II,birdsEuropeIIGoul,132861,208,42173565,portrait,0,https://bhl-open-data.s3.us-east-2.amazonaws.com/images/birdsEuropeIIGoul/birdsEuropeIIGoul_0208.jp2,https://www.biodiversitylibrary.org/page/42173565,sheet-birdsEuropeIIGoul-0208.jpg,crop-birdsEuropeIIGoul-0208.jpg,
100,Hedge Accentor,Accentor modularis,Hedge Accentor,Accentor modularis (Cuv.),II,birdsEuropeIIGoul,132861,212,42173569,portrait,0,https://bhl-open-data.s3.us-east-2.amazonaws.com/images/birdsEuropeIIGoul/birdsEuropeIIGoul_0212.jp2,https://www.biodiversitylibrary.org/page/42173569,sheet-birdsEuropeIIGoul-0212.jpg,crop-birdsEuropeIIGoul-0212.jpg,
101,Mountain Accentor,Accentor montanellus,Mountain Accentor,Accentor montanellus (Cuv.),II,birdsEuropeIIGoul,132861,216,42173573,portrait,0,https://bhl-open-data.s3.us-east-2.amazonaws.com/images/birdsEuropeIIGoul/birdsEuropeIIGoul_0216.jp2,https://www.biodiversitylibrary.org/page/42173573,sheet-birdsEuropeIIGoul-0216.jpg,crop-birdsEuropeIIGoul-0216.jpg,
102,Reed Locustelle,Locustella fluviatilis,Reed Locustelle,Locustella fluviatilis,II,birdsEuropeIIGoul,132861,220,42173577,portrait,0,https://bhl-open-data.s3.us-east-2.amazonaws.com/images/birdsEuropeIIGoul/birdsEuropeIIGoul_0220.jp2,https://www.biodiversitylibrary.org/page/42173577,sheet-birdsEuropeIIGoul-0220.jpg,crop-birdsEuropeIIGoul-0220.jpg,no authority given on plate
103,Brake Locustelle,Locustella avicula,Brake Locustelle,Locustella avicula (Ray),II,birdsEuropeIIGoul,132861,224,42173581,portrait,0,https://bhl-open-data.s3.us-east-2.amazonaws.com/images/birdsEuropeIIGoul/birdsEuropeIIGoul_0224.jp2,https://www.biodiversitylibrary.org/page/42173581,sheet-birdsEuropeIIGoul-0224.jpg,crop-birdsEuropeIIGoul-0224.jpg,
104,Willow Locustelle,Locustella luscinoïdes,Willow Locustelle,Locustella luscinoides; Sylvia luscinoides (Savi),II,birdsEuropeIIGoul,132861,228,42173585,portrait,0,https://bhl-open-data.s3.us-east-2.amazonaws.com/images/birdsEuropeIIGoul/birdsEuropeIIGoul_0228.jp2,https://www.biodiversitylibrary.org/page/42173585,sheet-birdsEuropeIIGoul-0228.jpg,crop-birdsEuropeIIGoul-0228.jpg,two synonym names given on plate
105,Creeping Locustelle,Locustella certhiola,Creeping Locustelle,Locustella certhiola,II,birdsEuropeIIGoul,132861,232,42173589,portrait,0,https://bhl-open-data.s3.us-east-2.amazonaws.com/images/birdsEuropeIIGoul/birdsEuropeIIGoul_0232.jp2,https://www.biodiversitylibrary.org/page/42173589,sheet-birdsEuropeIIGoul-0232.jpg,crop-birdsEuropeIIGoul-0232.jpg,pencil digits faint
106,Great Sedge Warbler,Salicaria Turdoïdes,Great Sedge-Warbler,Salicaria turdoides (Selby),II,birdsEuropeIIGoul,132861,236,42173593,portrait,0,https://bhl-open-data.s3.us-east-2.amazonaws.com/images/birdsEuropeIIGoul/birdsEuropeIIGoul_0236.jp2,https://www.biodiversitylibrary.org/page/42173593,sheet-birdsEuropeIIGoul-0236.jpg,crop-birdsEuropeIIGoul-0236.jpg,
107,Olive-tree Salicaria,Salicaria Olivetorum,Olive-Tree Salicaria,Salicaria Olivetorum (Strickl.),II,birdsEuropeIIGoul,132861,240,42173597,portrait,0,https://bhl-open-data.s3.us-east-2.amazonaws.com/images/birdsEuropeIIGoul/birdsEuropeIIGoul_0240.jp2,https://www.biodiversitylibrary.org/page/42173597,sheet-birdsEuropeIIGoul-0240.jpg,crop-birdsEuropeIIGoul-0240.jpg,
108,Reed Wren,Salicaria arundinacea,Reed Warbler,Salicaria arundinacea (Selb.),II,birdsEuropeIIGoul,132861,244,42173601,portrait,0,https://bhl-open-data.s3.us-east-2.amazonaws.com/images/birdsEuropeIIGoul/birdsEuropeIIGoul_0244.jp2,https://www.biodiversitylibrary.org/page/42173601,sheet-birdsEuropeIIGoul-0244.jpg,crop-birdsEuropeIIGoul-0244.jpg,
109,Marsh Warbler,Salicaria palustris,Marsh Warbler,Salicaria palustris,II,birdsEuropeIIGoul,132861,248,42173605,portrait,0,https://bhl-open-data.s3.us-east-2.amazonaws.com/images/birdsEuropeIIGoul/birdsEuropeIIGoul_0248.jp2,https://www.biodiversitylibrary.org/page/42173605,sheet-birdsEuropeIIGoul-0248.jpg,crop-birdsEuropeIIGoul-0248.jpg,no authority given on plate
110,Sedge Warbler,Salicaria Phragmitis,Sedge Warbler,Salicaria Phragmitis (Selby),II,birdsEuropeIIGoul,132861,252,42173609,portrait,0,https://bhl-open-data.s3.us-east-2.amazonaws.com/images/birdsEuropeIIGoul/birdsEuropeIIGoul_0252.jp2,https://www.biodiversitylibrary.org/page/42173609,sheet-birdsEuropeIIGoul-0252.jpg,crop-birdsEuropeIIGoul-0252.jpg,
111,Moustached Warbler / Aquatic Warbler,Salicaria melanopogon / Salicaria aquatica,1. Moustached Warbler  2. Aquatic Warbler,1. Salicaria Melanopogon  2. Salicaria aquatica,II,birdsEuropeIIGoul,132861,256,42173613,portrait,0,https://bhl-open-data.s3.us-east-2.amazonaws.com/images/birdsEuropeIIGoul/birdsEuropeIIGoul_0256.jp2,https://www.biodiversitylibrary.org/page/42173613,sheet-birdsEuropeIIGoul-0256.jpg,crop-birdsEuropeIIGoul-0256.jpg,composite plate; no authorities given
112,Rufous Sedge Warbler,Salicaria galactotes,Rufous Sedge Warbler,Salicaria galactotes (Mihi),II,birdsEuropeIIGoul,132861,260,42173617,portrait,0,https://bhl-open-data.s3.us-east-2.amazonaws.com/images/birdsEuropeIIGoul/birdsEuropeIIGoul_0260.jp2,https://www.biodiversitylibrary.org/page/42173617,sheet-birdsEuropeIIGoul-0260.jpg,crop-birdsEuropeIIGoul-0260.jpg,
113,Fantail Warbler,Salicaria cisticola,Fantail Warbler,Salicaria Cisticola,II,birdsEuropeIIGoul,132861,264,42173621,portrait,0,https://bhl-open-data.s3.us-east-2.amazonaws.com/images/birdsEuropeIIGoul/birdsEuropeIIGoul_0264.jp2,https://www.biodiversitylibrary.org/page/42173621,sheet-birdsEuropeIIGoul-0264.jpg,crop-birdsEuropeIIGoul-0264.jpg,no authority given on plate
114,Cetti's Warbler,Salicaria ? Cetti,Cetti Warbler,Sylvia Cetti (Marm.),II,birdsEuropeIIGoul,132861,268,42173625,portrait,0,https://bhl-open-data.s3.us-east-2.amazonaws.com/images/birdsEuropeIIGoul/birdsEuropeIIGoul_0268.jp2,https://www.biodiversitylibrary.org/page/42173625,sheet-birdsEuropeIIGoul-0268.jpg,crop-birdsEuropeIIGoul-0268.jpg,
115,Silky Warbler,Salicaria ? sericea,Silky Warbler,Salicaria? sericea; Sylvia sericea (Natt.),II,birdsEuropeIIGoul,132861,272,42173629,portrait,0,https://bhl-open-data.s3.us-east-2.amazonaws.com/images/birdsEuropeIIGoul/birdsEuropeIIGoul_0272.jp2,https://www.biodiversitylibrary.org/page/42173629,sheet-birdsEuropeIIGoul-0272.jpg,crop-birdsEuropeIIGoul-0272.jpg,two synonym names given on plate; first genus abbreviation partly illegible; leaf found by its pencilled number; no pin checked its caption
116,Nightingale,Philomela luscinia,Nightingale,Philomela luscinia (Swains.),II,birdsEuropeIIGoul,132861,276,42173633,portrait,0,https://bhl-open-data.s3.us-east-2.amazonaws.com/images/birdsEuropeIIGoul/birdsEuropeIIGoul_0276.jp2,https://www.biodiversitylibrary.org/page/42173633,sheet-birdsEuropeIIGoul-0276.jpg,crop-birdsEuropeIIGoul-0276.jpg,
117,Thrush Nightingale,Philomela Turdoïdes,Thrush Nightingale,Philomela turdoides (Blyth.),II,birdsEuropeIIGoul,132861,280,42173637,portrait,0,https://bhl-open-data.s3.us-east-2.amazonaws.com/images/birdsEuropeIIGoul/birdsEuropeIIGoul_0280.jp2,https://www.biodiversitylibrary.org/page/42173637,sheet-birdsEuropeIIGoul-0280.jpg,crop-birdsEuropeIIGoul-0280.jpg,
118,Gorget Warbler,Calliope Lathamii,Gorget Warbler,Calliope Lathamii,II,birdsEuropeIIGoul,132861,284,42173641,portrait,0,https://bhl-open-data.s3.us-east-2.amazonaws.com/images/birdsEuropeIIGoul/birdsEuropeIIGoul_0284.jp2,https://www.biodiversitylibrary.org/page/42173641,sheet-birdsEuropeIIGoul-0284.jpg,crop-birdsEuropeIIGoul-0284.jpg,
119,Orpheus Warbler,Curruca Orphea,Orpheus Warbler,Curruca Orphea (Mihi),II,birdsEuropeIIGoul,132861,288,42173645,portrait,0,https://bhl-open-data.s3.us-east-2.amazonaws.com/images/birdsEuropeIIGoul/birdsEuropeIIGoul_0288.jp2,https://www.biodiversitylibrary.org/page/42173645,sheet-birdsEuropeIIGoul-0288.jpg,crop-birdsEuropeIIGoul-0288.jpg,
120,Black-cap,Curruca atricapilla,Blackcap,Curruca atricapilla (Briss.),II,birdsEuropeIIGoul,132861,292,42173649,portrait,0,https://bhl-open-data.s3.us-east-2.amazonaws.com/images/birdsEuropeIIGoul/birdsEuropeIIGoul_0292.jp2,https://www.biodiversitylibrary.org/page/42173649,sheet-birdsEuropeIIGoul-0292.jpg,crop-birdsEuropeIIGoul-0292.jpg,
121,Garden Warbler,Curruca hortensis,Garden Warbler,Curruca hortensis (Bechst.),II,birdsEuropeIIGoul,132861,296,42173653,portrait,0,https://bhl-open-data.s3.us-east-2.amazonaws.com/images/birdsEuropeIIGoul/birdsEuropeIIGoul_0296.jp2,https://www.biodiversitylibrary.org/page/42173653,sheet-birdsEuropeIIGoul-0296.jpg,crop-birdsEuropeIIGoul-0296.jpg,"caption sits well above the standard bottom-crop window; pencil digit not clearly legible in any available crop, value inferred from sequence (120, then 122 on next plate)"
122,Rüppell's Warbler,Curruca Ruppellii,Ruppell's Warbler,Curruca Ruppellii,II,birdsEuropeIIGoul,132861,300,42173657,portrait,0,https://bhl-open-data.s3.us-east-2.amazonaws.com/images/birdsEuropeIIGoul/birdsEuropeIIGoul_0300.jp2,https://www.biodiversitylibrary.org/page/42173657,sheet-birdsEuropeIIGoul-0300.jpg,crop-birdsEuropeIIGoul-0300.jpg,no authority given on plate; leaf found by its pencilled number; no pin checked its caption
123,Sardinian Warbler,Curruca melanocephala,Sardinian Warbler,Curruca melanocephala (Bechst.),II,birdsEuropeIIGoul,132861,304,42173661,portrait,0,https://bhl-open-data.s3.us-east-2.amazonaws.com/images/birdsEuropeIIGoul/birdsEuropeIIGoul_0304.jp2,https://www.biodiversitylibrary.org/page/42173661,sheet-birdsEuropeIIGoul-0304.jpg,crop-birdsEuropeIIGoul-0304.jpg,
124,Sub-alpine Warbler,Curruca leucopogon,Sub-Alpine Warbler,Curruca leucopogon (Mihi),II,birdsEuropeIIGoul,132861,308,42173665,portrait,0,https://bhl-open-data.s3.us-east-2.amazonaws.com/images/birdsEuropeIIGoul/birdsEuropeIIGoul_0308.jp2,https://www.biodiversitylibrary.org/page/42173665,sheet-birdsEuropeIIGoul-0308.jpg,crop-birdsEuropeIIGoul-0308.jpg,leaf found by its pencilled number; no pin checked its caption
125,Common White-throat / Lesser White-throat,Curruca cinerea / Curruca garrula,1. Common Whitethroat  2. Lesser Whitethroat,1. Curruca cinerea (Bechst.)  2. Curruca garrula (Bechst.),II,birdsEuropeIIGoul,132861,312,42173669,portrait,0,https://bhl-open-data.s3.us-east-2.amazonaws.com/images/birdsEuropeIIGoul/birdsEuropeIIGoul_0312.jp2,https://www.biodiversitylibrary.org/page/42173669,sheet-birdsEuropeIIGoul-0312.jpg,crop-birdsEuropeIIGoul-0312.jpg,composite plate
126,Spectacle Warbler,Curruca conspicillata,Spectacle Warbler,Curruca conspicillata,II,birdsEuropeIIGoul,132861,316,42173673,portrait,0,https://bhl-open-data.s3.us-east-2.amazonaws.com/images/birdsEuropeIIGoul/birdsEuropeIIGoul_0316.jp2,https://www.biodiversitylibrary.org/page/42173673,sheet-birdsEuropeIIGoul-0316.jpg,crop-birdsEuropeIIGoul-0316.jpg,no authority given on plate
127,Marmora's Warbler,Curruca Sarda,Marmora's Warbler,Curruca sarda,II,birdsEuropeIIGoul,132861,320,42173677,portrait,0,https://bhl-open-data.s3.us-east-2.amazonaws.com/images/birdsEuropeIIGoul/birdsEuropeIIGoul_0320.jp2,https://www.biodiversitylibrary.org/page/42173677,sheet-birdsEuropeIIGoul-0320.jpg,crop-birdsEuropeIIGoul-0320.jpg,no authority given on plate; leaf found by its pencilled number; no pin checked its caption
128,Barred Warbler,Curruca nisoria,Barred Warbler,Curruca nisoria,II,birdsEuropeIIGoul,132861,324,42173681,portrait,0,https://bhl-open-data.s3.us-east-2.amazonaws.com/images/birdsEuropeIIGoul/birdsEuropeIIGoul_0324.jp2,https://www.biodiversitylibrary.org/page/42173681,sheet-birdsEuropeIIGoul-0324.jpg,crop-birdsEuropeIIGoul-0324.jpg,no authority given on plate
129,Dartford Warbler,Melizophilus provincialis,Dartford Warbler,Melizophilus provincialis (Leach),II,birdsEuropeIIGoul,132861,328,42173685,portrait,0,https://bhl-open-data.s3.us-east-2.amazonaws.com/images/birdsEuropeIIGoul/birdsEuropeIIGoul_0328.jp2,https://www.biodiversitylibrary.org/page/42173685,sheet-birdsEuropeIIGoul-0328.jpg,crop-birdsEuropeIIGoul-0328.jpg,
130,Wren,Troglodytes Europæus,Wren,Troglodytes Europæus (Cuv.),II,birdsEuropeIIGoul,132861,332,42173689,portrait,0,https://bhl-open-data.s3.us-east-2.amazonaws.com/images/birdsEuropeIIGoul/birdsEuropeIIGoul_0332.jp2,https://www.biodiversitylibrary.org/page/42173689,sheet-birdsEuropeIIGoul-0332.jpg,crop-birdsEuropeIIGoul-0332.jpg,
131,Willow Wren / Chiff-chaff / Wood Wren,Sylvia trochilus / Sylvia rufa / Sylvia sibilatrix,1. Willow Wren  2. Chiff Chaff  3. Wood Wren,1. Sylvia trochilus (Gmelin)  2. Sylvia hippolais (Lath.)  3. Sylvia sibilatrix (Bechst.),II,birdsEuropeIIGoul,132861,336,42173693,portrait,0,https://bhl-open-data.s3.us-east-2.amazonaws.com/images/birdsEuropeIIGoul/birdsEuropeIIGoul_0336.jp2,https://www.biodiversitylibrary.org/page/42173693,sheet-birdsEuropeIIGoul-0336.jpg,crop-birdsEuropeIIGoul-0336.jpg,composite plate (three birds)
132,Yellow Willow Wren,Sylvia Icterina,,,,,,,,,,,,,,no leaf found for this number in the Smithsonian copy
133,Melodious Willow Wren,Sylvia Hippolais,Melodious Willow Wren,Sylvia Hippolais (Temm.),II,birdsEuropeIIGoul,132861,340,42173697,portrait,0,https://bhl-open-data.s3.us-east-2.amazonaws.com/images/birdsEuropeIIGoul/birdsEuropeIIGoul_0340.jp2,https://www.biodiversitylibrary.org/page/42173697,sheet-birdsEuropeIIGoul-0340.jpg,crop-birdsEuropeIIGoul-0340.jpg,
134,Natterer's Warbler,Sylvia Nattereri,Natterer's Warbler,Sylvia Nattereri (Temm.),II,birdsEuropeIIGoul,132861,348,42173705,portrait,0,https://bhl-open-data.s3.us-east-2.amazonaws.com/images/birdsEuropeIIGoul/birdsEuropeIIGoul_0348.jp2,https://www.biodiversitylibrary.org/page/42173705,sheet-birdsEuropeIIGoul-0348.jpg,crop-birdsEuropeIIGoul-0348.jpg,
135,Richard's Pipit,Anthus Richardi,Richard's Pipit,Anthus Richardi (Vieill.),II,birdsEuropeIIGoul,132861,352,42173709,portrait,0,https://bhl-open-data.s3.us-east-2.amazonaws.com/images/birdsEuropeIIGoul/birdsEuropeIIGoul_0352.jp2,https://www.biodiversitylibrary.org/page/42173709,sheet-birdsEuropeIIGoul-0352.jpg,crop-birdsEuropeIIGoul-0352.jpg,
136,Meadow Pipit,Anthus pratensis,Meadow Pipit,Anthus pratensis (Bechst.),II,birdsEuropeIIGoul,132861,356,42173713,portrait,0,https://bhl-open-data.s3.us-east-2.amazonaws.com/images/birdsEuropeIIGoul/birdsEuropeIIGoul_0356.jp2,https://www.biodiversitylibrary.org/page/42173713,sheet-birdsEuropeIIGoul-0356.jpg,crop-birdsEuropeIIGoul-0356.jpg,
137,Tawny Pipit,Anthus rufescens,Tawny Pipit,Anthus rufescens (Temm.),II,birdsEuropeIIGoul,132861,360,42173717,portrait,0,https://bhl-open-data.s3.us-east-2.amazonaws.com/images/birdsEuropeIIGoul/birdsEuropeIIGoul_0360.jp2,https://www.biodiversitylibrary.org/page/42173717,sheet-birdsEuropeIIGoul-0360.jpg,crop-birdsEuropeIIGoul-0360.jpg,
138,Rock or Shore Pipit,Anthus aquaticus,Rock Or Shore Pipit,Anthus aquaticus (Bechst.),II,birdsEuropeIIGoul,132861,364,42173721,portrait,0,https://bhl-open-data.s3.us-east-2.amazonaws.com/images/birdsEuropeIIGoul/birdsEuropeIIGoul_0364.jp2,https://www.biodiversitylibrary.org/page/42173721,sheet-birdsEuropeIIGoul-0364.jpg,crop-birdsEuropeIIGoul-0364.jpg,leaf found by its pencilled number; no pin checked its caption
139,Tree Pipit,Anthus arboreus,Tree Pipit,Anthus arboreus (Bechst.),II,birdsEuropeIIGoul,132861,368,42173725,portrait,0,https://bhl-open-data.s3.us-east-2.amazonaws.com/images/birdsEuropeIIGoul/birdsEuropeIIGoul_0368.jp2,https://www.biodiversitylibrary.org/page/42173725,sheet-birdsEuropeIIGoul-0368.jpg,crop-birdsEuropeIIGoul-0368.jpg,
140,Red-throated Pipit,Anthus rufogularis,Red-Throated Pipit,Anthus rufogularis (Temm.),II,birdsEuropeIIGoul,132861,372,42173729,portrait,0,https://bhl-open-data.s3.us-east-2.amazonaws.com/images/birdsEuropeIIGoul/birdsEuropeIIGoul_0372.jp2,https://www.biodiversitylibrary.org/page/42173729,sheet-birdsEuropeIIGoul-0372.jpg,crop-birdsEuropeIIGoul-0372.jpg,
141,Pied Wagtail,Motacilla Yarrellii,Pied Wagtail,Motacilla alba (Linn.),II,birdsEuropeIIGoul,132861,376,42173733,portrait,0,https://bhl-open-data.s3.us-east-2.amazonaws.com/images/birdsEuropeIIGoul/birdsEuropeIIGoul_0376.jp2,https://www.biodiversitylibrary.org/page/42173733,sheet-birdsEuropeIIGoul-0376.jpg,crop-birdsEuropeIIGoul-0376.jpg,same binomial (Motacilla alba) also printed for 'White Wagtail' on leaf 384; transcribed exactly as engraved on each plate
142,White-winged Wagtail,Motacilla lugubris,White-Winged Wagtail,Motacilla lugubris (Pall.),II,birdsEuropeIIGoul,132861,380,42173737,portrait,0,https://bhl-open-data.s3.us-east-2.amazonaws.com/images/birdsEuropeIIGoul/birdsEuropeIIGoul_0380.jp2,https://www.biodiversitylibrary.org/page/42173737,sheet-birdsEuropeIIGoul-0380.jpg,crop-birdsEuropeIIGoul-0380.jpg,leaf found by its pencilled number; no pin checked its caption
143,White Wagtail,Motacilla alba,White Wagtail,Motacilla alba (Linn.),II,birdsEuropeIIGoul,132861,384,42173741,portrait,0,https://bhl-open-data.s3.us-east-2.amazonaws.com/images/birdsEuropeIIGoul/birdsEuropeIIGoul_0384.jp2,https://www.biodiversitylibrary.org/page/42173741,sheet-birdsEuropeIIGoul-0384.jpg,crop-birdsEuropeIIGoul-0384.jpg,same binomial (Motacilla alba) also printed for 'Pied Wagtail' on leaf 376; transcribed exactly as engraved on each plate; leaf found by its pencilled number; no pin checked its caption
144,Yellow-headed Wagtail,Motacilla citreola,Yellow Headed Wagtail,Motacilla citreola (Pall.),II,birdsEuropeIIGoul,132861,388,42173745,portrait,0,https://bhl-open-data.s3.us-east-2.amazonaws.com/images/birdsEuropeIIGoul/birdsEuropeIIGoul_0388.jp2,https://www.biodiversitylibrary.org/page/42173745,sheet-birdsEuropeIIGoul-0388.jpg,crop-birdsEuropeIIGoul-0388.jpg,
145,Yellow Wagtail,Motacilla flava,Yellow Wagtail,Motacilla flava (Ray),II,birdsEuropeIIGoul,132861,392,42173749,portrait,0,https://bhl-open-data.s3.us-east-2.amazonaws.com/images/birdsEuropeIIGoul/birdsEuropeIIGoul_0392.jp2,https://www.biodiversitylibrary.org/page/42173749,sheet-birdsEuropeIIGoul-0392.jpg,crop-birdsEuropeIIGoul-0392.jpg,
146,Grey-headed Wagtail,Motacilla neglecta,Grey Headed Wagtail,Motacilla neglecta (Gould),II,birdsEuropeIIGoul,132861,396,42173753,portrait,0,https://bhl-open-data.s3.us-east-2.amazonaws.com/images/birdsEuropeIIGoul/birdsEuropeIIGoul_0396.jp2,https://www.biodiversitylibrary.org/page/42173753,sheet-birdsEuropeIIGoul-0396.jpg,crop-birdsEuropeIIGoul-0396.jpg,leaf found by its pencilled number; no pin checked its caption
147,Grey Wagtail,Motacilla Boarula,Grey Wagtail,Motacilla Boarula (Linn.),II,birdsEuropeIIGoul,132861,400,42173757,portrait,0,https://bhl-open-data.s3.us-east-2.amazonaws.com/images/birdsEuropeIIGoul/birdsEuropeIIGoul_0400.jp2,https://www.biodiversitylibrary.org/page/42173757,sheet-birdsEuropeIIGoul-0400.jpg,crop-birdsEuropeIIGoul-0400.jpg,
148,Fire-crested Wren / Golden-crested Wren,Regulus ignicapillus / Regulus vulgaris,1. Fire Crested Wren  2. Golden Crested Wren,1. Regulus ignicapillus (Brehm.)  2. Regulus vulgaris (Cuv.),II,birdsEuropeIIGoul,132861,404,42173761,portrait,0,https://bhl-open-data.s3.us-east-2.amazonaws.com/images/birdsEuropeIIGoul/birdsEuropeIIGoul_0404.jp2,https://www.biodiversitylibrary.org/page/42173761,sheet-birdsEuropeIIGoul-0404.jpg,crop-birdsEuropeIIGoul-0404.jpg,composite plate
149,Dalmatian Regulus,Regulus modestus,Dalmatian Regulus,Regulus modestus,II,birdsEuropeIIGoul,132861,408,42173765,portrait,0,https://bhl-open-data.s3.us-east-2.amazonaws.com/images/birdsEuropeIIGoul/birdsEuropeIIGoul_0408.jp2,https://www.biodiversitylibrary.org/page/42173765,sheet-birdsEuropeIIGoul-0408.jpg,crop-birdsEuropeIIGoul-0408.jpg,no authority given on plate
150,Great Tit,Parus major,Great Tit,Parus Major (Linn.),III,birdsEuropeIIIGoul,133913,14,42357322,portrait,0,https://bhl-open-data.s3.us-east-2.amazonaws.com/images/birdsEuropeIIIGoul/birdsEuropeIIIGoul_0014.jp2,https://www.biodiversitylibrary.org/page/42357322,sheet-birdsEuropeIIIGoul-0014.jpg,crop-birdsEuropeIIIGoul-0014.jpg,
151,Sombre Tit / Siberian Tit,Parus lugubris / Parus Sibericus,1. Sombre Tit  2. Siberian Tit,Parus lugubris (Nat.)  Parus Sibericus (Gmel.),III,birdsEuropeIIIGoul,133913,18,42357318,portrait,0,https://bhl-open-data.s3.us-east-2.amazonaws.com/images/birdsEuropeIIIGoul/birdsEuropeIIIGoul_0018.jp2,https://www.biodiversitylibrary.org/page/42357318,sheet-birdsEuropeIIIGoul-0018.jpg,crop-birdsEuropeIIIGoul-0018.jpg,composite plate
152,Toupet Tit,Parus bicolor,Toupet Tit,Parus bicolor (Linn.),III,birdsEuropeIIIGoul,133913,22,42357314,portrait,0,https://bhl-open-data.s3.us-east-2.amazonaws.com/images/birdsEuropeIIIGoul/birdsEuropeIIIGoul_0022.jp2,https://www.biodiversitylibrary.org/page/42357314,sheet-birdsEuropeIIIGoul-0022.jpg,crop-birdsEuropeIIIGoul-0022.jpg,
153,Azure Tit,Parus cyanus,Azure Tit,Parus cyanus (Pall.),III,birdsEuropeIIIGoul,133913,26,42357310,portrait,0,https://bhl-open-data.s3.us-east-2.amazonaws.com/images/birdsEuropeIIIGoul/birdsEuropeIIIGoul_0026.jp2,https://www.biodiversitylibrary.org/page/42357310,sheet-birdsEuropeIIIGoul-0026.jpg,crop-birdsEuropeIIIGoul-0026.jpg,
154,Blue Tit,Parus cœruleus,Blue Tit,Parus caeruleus (Linn.),III,birdsEuropeIIIGoul,133913,30,42357306,portrait,0,https://bhl-open-data.s3.us-east-2.amazonaws.com/images/birdsEuropeIIIGoul/birdsEuropeIIIGoul_0030.jp2,https://www.biodiversitylibrary.org/page/42357306,sheet-birdsEuropeIIIGoul-0030.jpg,crop-birdsEuropeIIIGoul-0030.jpg,
155,Cole Tit / Marsh Tit,Parus ater / Parus palustris,1. Cole Tit  2. Marsh Tit,Parus ater (Linn.)  Parus palustris (Linn.),III,birdsEuropeIIIGoul,133913,34,42357302,portrait,0,https://bhl-open-data.s3.us-east-2.amazonaws.com/images/birdsEuropeIIIGoul/birdsEuropeIIIGoul_0034.jp2,https://www.biodiversitylibrary.org/page/42357302,sheet-birdsEuropeIIIGoul-0034.jpg,crop-birdsEuropeIIIGoul-0034.jpg,composite plate; pencil faint but legible
156,Crested Tit,Parus cristatus,Crested Tit,Parus cristatus (Linn.),III,birdsEuropeIIIGoul,133913,38,42357298,portrait,0,https://bhl-open-data.s3.us-east-2.amazonaws.com/images/birdsEuropeIIIGoul/birdsEuropeIIIGoul_0038.jp2,https://www.biodiversitylibrary.org/page/42357298,sheet-birdsEuropeIIIGoul-0038.jpg,crop-birdsEuropeIIIGoul-0038.jpg,
157,Long-tailed Tit,Parus caudatus,Long-tailed Tit,Parus caudatus (Linn.),III,birdsEuropeIIIGoul,133913,42,42357268,portrait,0,https://bhl-open-data.s3.us-east-2.amazonaws.com/images/birdsEuropeIIIGoul/birdsEuropeIIIGoul_0042.jp2,https://www.biodiversitylibrary.org/page/42357268,sheet-birdsEuropeIIIGoul-0042.jpg,crop-birdsEuropeIIIGoul-0042.jpg,
158,"Bearded Tit, or Reed Bird",Calamophilus biarmicus,Bearded Tit,Parus biarmicus (Linn.)  Calamophilus ___ (Leach),III,birdsEuropeIIIGoul,133913,46,42357272,portrait,0,https://bhl-open-data.s3.us-east-2.amazonaws.com/images/birdsEuropeIIIGoul/birdsEuropeIIIGoul_0046.jp2,https://www.biodiversitylibrary.org/page/42357272,sheet-birdsEuropeIIIGoul-0046.jpg,crop-birdsEuropeIIIGoul-0046.jpg,"second line is a synonym/subgenus attribution, not a second bird"
159,Penduline Tit,Ægithalus pendulinus,Penduline Tit,Aegithalus pendulinus (Boje),III,birdsEuropeIIIGoul,133913,50,42357276,portrait,0,https://bhl-open-data.s3.us-east-2.amazonaws.com/images/birdsEuropeIIIGoul/birdsEuropeIIIGoul_0050.jp2,https://www.biodiversitylibrary.org/page/42357276,sheet-birdsEuropeIIIGoul-0050.jpg,crop-birdsEuropeIIIGoul-0050.jpg,
160,Waxen Chatterer,Bombycivora garrula,Waxen Chatterer,Bombycivora garrula (Temm.),III,birdsEuropeIIIGoul,133913,54,42357280,portrait,0,https://bhl-open-data.s3.us-east-2.amazonaws.com/images/birdsEuropeIIIGoul/birdsEuropeIIIGoul_0054.jp2,https://www.biodiversitylibrary.org/page/42357280,sheet-birdsEuropeIIIGoul-0054.jpg,crop-birdsEuropeIIIGoul-0054.jpg,
161,Black Lark,Alauda Tartarica,Black Lark,Alauda Tartarica (Pall.),III,birdsEuropeIIIGoul,133913,58,42357284,portrait,0,https://bhl-open-data.s3.us-east-2.amazonaws.com/images/birdsEuropeIIIGoul/birdsEuropeIIIGoul_0058.jp2,https://www.biodiversitylibrary.org/page/42357284,sheet-birdsEuropeIIIGoul-0058.jpg,crop-birdsEuropeIIIGoul-0058.jpg,leaf found by its pencilled number; no pin checked its caption
162,Calandra Lark,Alauda Calandra,Calandra Lark,Alauda Calandra (Linn.),III,birdsEuropeIIIGoul,133913,62,42357288,portrait,0,https://bhl-open-data.s3.us-east-2.amazonaws.com/images/birdsEuropeIIIGoul/birdsEuropeIIIGoul_0062.jp2,https://www.biodiversitylibrary.org/page/42357288,sheet-birdsEuropeIIIGoul-0062.jpg,crop-birdsEuropeIIIGoul-0062.jpg,"caption/pencil sit higher on the page than usual; contact-sheet crop 1 appeared blank, verified via full leaf image"
163,Short-toed Lark,Alauda brachydactyla,Short-toed Lark,Alauda brachydactyla (Temm.),III,birdsEuropeIIIGoul,133913,66,42357292,portrait,0,https://bhl-open-data.s3.us-east-2.amazonaws.com/images/birdsEuropeIIIGoul/birdsEuropeIIIGoul_0066.jp2,https://www.biodiversitylibrary.org/page/42357292,sheet-birdsEuropeIIIGoul-0066.jpg,crop-birdsEuropeIIIGoul-0066.jpg,
164,Shore Lark,Alauda alpestris,Shore Lark,Alauda alpestris (Linn.),III,birdsEuropeIIIGoul,133913,70,42357296,portrait,0,https://bhl-open-data.s3.us-east-2.amazonaws.com/images/birdsEuropeIIIGoul/birdsEuropeIIIGoul_0070.jp2,https://www.biodiversitylibrary.org/page/42357296,sheet-birdsEuropeIIIGoul-0070.jpg,crop-birdsEuropeIIIGoul-0070.jpg,
165,Crested Lark,Alauda cristata,Crested Lark,Alauda cristata (Linn.),III,birdsEuropeIIIGoul,133913,74,42357338,portrait,0,https://bhl-open-data.s3.us-east-2.amazonaws.com/images/birdsEuropeIIIGoul/birdsEuropeIIIGoul_0074.jp2,https://www.biodiversitylibrary.org/page/42357338,sheet-birdsEuropeIIIGoul-0074.jpg,crop-birdsEuropeIIIGoul-0074.jpg,
166,Sky Lark,Alauda arvensis,Sky Lark,Alauda arvensis (Linn.),III,birdsEuropeIIIGoul,133913,78,42357342,portrait,0,https://bhl-open-data.s3.us-east-2.amazonaws.com/images/birdsEuropeIIIGoul/birdsEuropeIIIGoul_0078.jp2,https://www.biodiversitylibrary.org/page/42357342,sheet-birdsEuropeIIIGoul-0078.jpg,crop-birdsEuropeIIIGoul-0078.jpg,
167,Wood Lark,Alauda arborea,Wood Lark,Alauda arborea (Linn.),III,birdsEuropeIIIGoul,133913,82,42357346,portrait,0,https://bhl-open-data.s3.us-east-2.amazonaws.com/images/birdsEuropeIIIGoul/birdsEuropeIIIGoul_0082.jp2,https://www.biodiversitylibrary.org/page/42357346,sheet-birdsEuropeIIIGoul-0082.jpg,crop-birdsEuropeIIIGoul-0082.jpg,
168,Bifasciated Lark,Certhilauda bifasciata,Bifasciated Lark,Certhilauda bifasciata  Alauda bifasciata (Licht.),III,birdsEuropeIIIGoul,133913,86,42357350,portrait,0,https://bhl-open-data.s3.us-east-2.amazonaws.com/images/birdsEuropeIIIGoul/birdsEuropeIIIGoul_0086.jp2,https://www.biodiversitylibrary.org/page/42357350,sheet-birdsEuropeIIIGoul-0086.jpg,crop-birdsEuropeIIIGoul-0086.jpg,"two Latin name lines (genus placement note), single bird"
169,Lark-heeled Bunting,Plectrophanes Lapponica,Lark-heeled Bunting,Plectrophanes lapponica (Selby),III,birdsEuropeIIIGoul,133913,90,42357354,portrait,0,https://bhl-open-data.s3.us-east-2.amazonaws.com/images/birdsEuropeIIIGoul/birdsEuropeIIIGoul_0090.jp2,https://www.biodiversitylibrary.org/page/42357354,sheet-birdsEuropeIIIGoul-0090.jpg,crop-birdsEuropeIIIGoul-0090.jpg,
170,Snow Bunting,Plectrophanes nivalis,Snow Bunting,Plectrophanes nivalis (Meyer),III,birdsEuropeIIIGoul,133913,94,42357358,portrait,0,https://bhl-open-data.s3.us-east-2.amazonaws.com/images/birdsEuropeIIIGoul/birdsEuropeIIIGoul_0094.jp2,https://www.biodiversitylibrary.org/page/42357358,sheet-birdsEuropeIIIGoul-0094.jpg,crop-birdsEuropeIIIGoul-0094.jpg,
171,Common Bunting,Emberiza miliaria,Common Bunting,Emberiza miliaria (Linn.),III,birdsEuropeIIIGoul,133913,98,42357362,portrait,0,https://bhl-open-data.s3.us-east-2.amazonaws.com/images/birdsEuropeIIIGoul/birdsEuropeIIIGoul_0098.jp2,https://www.biodiversitylibrary.org/page/42357362,sheet-birdsEuropeIIIGoul-0098.jpg,crop-birdsEuropeIIIGoul-0098.jpg,
172,Black-headed Bunting,Emberiza melanocephala,Black Headed Bunting,Emberiza melanocephala (Scopoli),III,birdsEuropeIIIGoul,133913,102,42357366,portrait,0,https://bhl-open-data.s3.us-east-2.amazonaws.com/images/birdsEuropeIIIGoul/birdsEuropeIIIGoul_0102.jp2,https://www.biodiversitylibrary.org/page/42357366,sheet-birdsEuropeIIIGoul-0102.jpg,crop-birdsEuropeIIIGoul-0102.jpg,
173,Yellow Bunting,Emberiza citrinella,Yellow Bunting,Emberiza citrinella (Linn.),III,birdsEuropeIIIGoul,133913,106,42357370,portrait,0,https://bhl-open-data.s3.us-east-2.amazonaws.com/images/birdsEuropeIIIGoul/birdsEuropeIIIGoul_0106.jp2,https://www.biodiversitylibrary.org/page/42357370,sheet-birdsEuropeIIIGoul-0106.jpg,crop-birdsEuropeIIIGoul-0106.jpg,
174,Yellow-breasted Bunting,Emberiza aureola,Yellow-breasted Bunting,Emberiza aureola (Pall.),III,birdsEuropeIIIGoul,133913,110,42357374,portrait,0,https://bhl-open-data.s3.us-east-2.amazonaws.com/images/birdsEuropeIIIGoul/birdsEuropeIIIGoul_0110.jp2,https://www.biodiversitylibrary.org/page/42357374,sheet-birdsEuropeIIIGoul-0110.jpg,crop-birdsEuropeIIIGoul-0110.jpg,
175,Cirl Bunting,Emberiza Cirlus,Cirl Bunting,Emberiza cirlus (Linn.),III,birdsEuropeIIIGoul,133913,114,42357378,portrait,0,https://bhl-open-data.s3.us-east-2.amazonaws.com/images/birdsEuropeIIIGoul/birdsEuropeIIIGoul_0114.jp2,https://www.biodiversitylibrary.org/page/42357378,sheet-birdsEuropeIIIGoul-0114.jpg,crop-birdsEuropeIIIGoul-0114.jpg,
176,Ortolan Bunting,Emberiza hortulana,Ortolan Bunting,Emberiza hortulana (Linn.),III,birdsEuropeIIIGoul,133913,118,42357382,portrait,0,https://bhl-open-data.s3.us-east-2.amazonaws.com/images/birdsEuropeIIIGoul/birdsEuropeIIIGoul_0118.jp2,https://www.biodiversitylibrary.org/page/42357382,sheet-birdsEuropeIIIGoul-0118.jpg,crop-birdsEuropeIIIGoul-0118.jpg,
177,Rustic Bunting,Emberiza rustica,Rustic Bunting,Emberiza rustica (Gmel.),III,birdsEuropeIIIGoul,133913,122,42357386,portrait,0,https://bhl-open-data.s3.us-east-2.amazonaws.com/images/birdsEuropeIIIGoul/birdsEuropeIIIGoul_0122.jp2,https://www.biodiversitylibrary.org/page/42357386,sheet-birdsEuropeIIIGoul-0122.jpg,crop-birdsEuropeIIIGoul-0122.jpg,
178,Lesbian Bunting,Emberiza Lesbia,Lesbian Bunting,Emberiza Lesbia (Gmel.),III,birdsEuropeIIIGoul,133913,126,42357390,portrait,0,https://bhl-open-data.s3.us-east-2.amazonaws.com/images/birdsEuropeIIIGoul/birdsEuropeIIIGoul_0126.jp2,https://www.biodiversitylibrary.org/page/42357390,sheet-birdsEuropeIIIGoul-0126.jpg,crop-birdsEuropeIIIGoul-0126.jpg,leaf found by its pencilled number; no pin checked its caption
179,Meadow Bunting,Emberiza cia,Meadow Bunting,Emberiza cia (Linn.),III,birdsEuropeIIIGoul,133913,130,42357394,portrait,0,https://bhl-open-data.s3.us-east-2.amazonaws.com/images/birdsEuropeIIIGoul/birdsEuropeIIIGoul_0130.jp2,https://www.biodiversitylibrary.org/page/42357394,sheet-birdsEuropeIIIGoul-0130.jpg,crop-birdsEuropeIIIGoul-0130.jpg,
180,Pine Bunting,Emberiza pithyornus,Pine Bunting,Emberiza pithyornus (Pall.),III,birdsEuropeIIIGoul,133913,134,42357398,portrait,0,https://bhl-open-data.s3.us-east-2.amazonaws.com/images/birdsEuropeIIIGoul/birdsEuropeIIIGoul_0134.jp2,https://www.biodiversitylibrary.org/page/42357398,sheet-birdsEuropeIIIGoul-0134.jpg,crop-birdsEuropeIIIGoul-0134.jpg,
181,Cretzschmar's Bunting,Emberiza cæsia,Cretzschmar's Bunting,Emberiza caesia (Cretzschm.),III,birdsEuropeIIIGoul,133913,138,42357402,portrait,0,https://bhl-open-data.s3.us-east-2.amazonaws.com/images/birdsEuropeIIIGoul/birdsEuropeIIIGoul_0138.jp2,https://www.biodiversitylibrary.org/page/42357402,sheet-birdsEuropeIIIGoul-0138.jpg,crop-birdsEuropeIIIGoul-0138.jpg,
182,Marsh Bunting,Emberiza palustris,Marsh Bunting,Emberiza palustris (Sav.),III,birdsEuropeIIIGoul,133913,142,42357406,portrait,0,https://bhl-open-data.s3.us-east-2.amazonaws.com/images/birdsEuropeIIIGoul/birdsEuropeIIIGoul_0142.jp2,https://www.biodiversitylibrary.org/page/42357406,sheet-birdsEuropeIIIGoul-0142.jpg,crop-birdsEuropeIIIGoul-0142.jpg,
183,Reed Bunting,Emberiza schœniculus,Reed Bunting,Emberiza schoeniculus (Linn.),III,birdsEuropeIIIGoul,133913,146,42357410,portrait,0,https://bhl-open-data.s3.us-east-2.amazonaws.com/images/birdsEuropeIIIGoul/birdsEuropeIIIGoul_0146.jp2,https://www.biodiversitylibrary.org/page/42357410,sheet-birdsEuropeIIIGoul-0146.jpg,crop-birdsEuropeIIIGoul-0146.jpg,leaf found by its pencilled number; no pin checked its caption
184,Common Sparrow / Tree Sparrow,Pyrgita domestica / Pyrgita montana,1. House Sparrow  2. Tree Sparrow,Pyrgita domestica (Cuv.)  Pyrgita montana (Cuv.),III,birdsEuropeIIIGoul,133913,150,42357414,portrait,0,https://bhl-open-data.s3.us-east-2.amazonaws.com/images/birdsEuropeIIIGoul/birdsEuropeIIIGoul_0150.jp2,https://www.biodiversitylibrary.org/page/42357414,sheet-birdsEuropeIIIGoul-0150.jpg,crop-birdsEuropeIIIGoul-0150.jpg,composite plate; matches given ground truth (leaf 150 = plate 184)
185,Spanish Sparrow / Alpine Sparrow,Pyrgita Hispaniolensis / Pyrgita Cisalpina,1. Spanish Sparrow  2. Alpine Sparrow,Pyrgita Hispaniolensis (Cuv.)  Pyrgita Cisalpina (Cuv.),III,birdsEuropeIIIGoul,133913,154,42357418,portrait,0,https://bhl-open-data.s3.us-east-2.amazonaws.com/images/birdsEuropeIIIGoul/birdsEuropeIIIGoul_0154.jp2,https://www.biodiversitylibrary.org/page/42357418,sheet-birdsEuropeIIIGoul-0154.jpg,crop-birdsEuropeIIIGoul-0154.jpg,composite plate
186,Doubtful Sparrow,Pyrgita petronia,Doubtful Sparrow,Pyrgita Petronia,III,birdsEuropeIIIGoul,133913,158,42357422,portrait,0,https://bhl-open-data.s3.us-east-2.amazonaws.com/images/birdsEuropeIIIGoul/birdsEuropeIIIGoul_0158.jp2,https://www.biodiversitylibrary.org/page/42357422,sheet-birdsEuropeIIIGoul-0158.jpg,crop-birdsEuropeIIIGoul-0158.jpg,"no authority given after the Latin name; pencil read upside-down in the crop but legible as 186, consistent with the 184-185-187 sequence"
187,Chaffinch,Fringilla Cælebs,Chaffinch,Fringilla Coelebs (Linn.),III,birdsEuropeIIIGoul,133913,162,42357426,portrait,0,https://bhl-open-data.s3.us-east-2.amazonaws.com/images/birdsEuropeIIIGoul/birdsEuropeIIIGoul_0162.jp2,https://www.biodiversitylibrary.org/page/42357426,sheet-birdsEuropeIIIGoul-0162.jpg,crop-birdsEuropeIIIGoul-0162.jpg,
188,Mountain or Bramble Finch,Fringilla montifringilla,Mountain or Bramble Finch,Fringilla montifringilla (Linn.),III,birdsEuropeIIIGoul,133913,166,42357430,portrait,0,https://bhl-open-data.s3.us-east-2.amazonaws.com/images/birdsEuropeIIIGoul/birdsEuropeIIIGoul_0166.jp2,https://www.biodiversitylibrary.org/page/42357430,sheet-birdsEuropeIIIGoul-0166.jpg,crop-birdsEuropeIIIGoul-0166.jpg,
189,Snow Finch,Fringilla nivalis,Snow Finch,Fringilla nivalis (Linn.),III,birdsEuropeIIIGoul,133913,170,42357434,portrait,0,https://bhl-open-data.s3.us-east-2.amazonaws.com/images/birdsEuropeIIIGoul/birdsEuropeIIIGoul_0170.jp2,https://www.biodiversitylibrary.org/page/42357434,sheet-birdsEuropeIIIGoul-0170.jpg,crop-birdsEuropeIIIGoul-0170.jpg,
190,Winter Finch,Fringilla ? hyemalis,Winter Finch,Fringilla hyemalis (Linn.),III,birdsEuropeIIIGoul,133913,174,42357438,portrait,0,https://bhl-open-data.s3.us-east-2.amazonaws.com/images/birdsEuropeIIIGoul/birdsEuropeIIIGoul_0174.jp2,https://www.biodiversitylibrary.org/page/42357438,sheet-birdsEuropeIIIGoul-0174.jpg,crop-birdsEuropeIIIGoul-0174.jpg,
191,Common or Brown Linnet,Linaria Cannabina,Common or Brown Linnet,Linaria Cannabina (Swains.),III,birdsEuropeIIIGoul,133913,178,42357442,portrait,0,https://bhl-open-data.s3.us-east-2.amazonaws.com/images/birdsEuropeIIIGoul/birdsEuropeIIIGoul_0178.jp2,https://www.biodiversitylibrary.org/page/42357442,sheet-birdsEuropeIIIGoul-0178.jpg,crop-birdsEuropeIIIGoul-0178.jpg,
192,"Mountain Linnet, or Twite",Linaria montana,Mountain Linnet or Twite,Linaria montana (Ray),III,birdsEuropeIIIGoul,133913,182,42357446,portrait,0,https://bhl-open-data.s3.us-east-2.amazonaws.com/images/birdsEuropeIIIGoul/birdsEuropeIIIGoul_0182.jp2,https://www.biodiversitylibrary.org/page/42357446,sheet-birdsEuropeIIIGoul-0182.jpg,crop-birdsEuropeIIIGoul-0182.jpg,
193,Mealy Redpole,Linaria canescens,Mealy Redpole,Linaria canescens (Mihi),III,birdsEuropeIIIGoul,133913,186,42357450,portrait,0,https://bhl-open-data.s3.us-east-2.amazonaws.com/images/birdsEuropeIIIGoul/birdsEuropeIIIGoul_0186.jp2,https://www.biodiversitylibrary.org/page/42357450,sheet-birdsEuropeIIIGoul-0186.jpg,crop-birdsEuropeIIIGoul-0186.jpg,leaf found by its pencilled number; no pin checked its caption
194,Lesser Redpole,Linaria minor,Lesser Redpole,Linaria minor (Ray),III,birdsEuropeIIIGoul,133913,190,42357454,portrait,0,https://bhl-open-data.s3.us-east-2.amazonaws.com/images/birdsEuropeIIIGoul/birdsEuropeIIIGoul_0190.jp2,https://www.biodiversitylibrary.org/page/42357454,sheet-birdsEuropeIIIGoul-0190.jpg,crop-birdsEuropeIIIGoul-0190.jpg,
195,Serin Finch,Serinus flavescens,Serin Finch,Serinus flavescens,III,birdsEuropeIIIGoul,133913,194,42357458,portrait,0,https://bhl-open-data.s3.us-east-2.amazonaws.com/images/birdsEuropeIIIGoul/birdsEuropeIIIGoul_0194.jp2,https://www.biodiversitylibrary.org/page/42357458,sheet-birdsEuropeIIIGoul-0194.jpg,crop-birdsEuropeIIIGoul-0194.jpg,no authority in parentheses after the Latin name
196,Goldfinch,Carduelis elegans,Goldfinch,Carduelis elegans (Steph.),III,birdsEuropeIIIGoul,133913,198,42357462,portrait,0,https://bhl-open-data.s3.us-east-2.amazonaws.com/images/birdsEuropeIIIGoul/birdsEuropeIIIGoul_0198.jp2,https://www.biodiversitylibrary.org/page/42357462,sheet-birdsEuropeIIIGoul-0198.jpg,crop-birdsEuropeIIIGoul-0198.jpg,matches given ground truth (leaf 198 = plate 196)
197,"Siskin, or Aberdevine",Carduelis spinus,Siskin or Aberdevine,Carduelis spinus (Steph.),III,birdsEuropeIIIGoul,133913,202,42357466,portrait,0,https://bhl-open-data.s3.us-east-2.amazonaws.com/images/birdsEuropeIIIGoul/birdsEuropeIIIGoul_0202.jp2,https://www.biodiversitylibrary.org/page/42357466,sheet-birdsEuropeIIIGoul-0202.jpg,crop-birdsEuropeIIIGoul-0202.jpg,
198,Citril Finch,Carduelis citrinella,Citril Finch,Carduelis citrinella,III,birdsEuropeIIIGoul,133913,206,42357470,portrait,0,https://bhl-open-data.s3.us-east-2.amazonaws.com/images/birdsEuropeIIIGoul/birdsEuropeIIIGoul_0206.jp2,https://www.biodiversitylibrary.org/page/42357470,sheet-birdsEuropeIIIGoul-0206.jpg,crop-birdsEuropeIIIGoul-0206.jpg,no authority in parentheses after the Latin name
199,Hawfinch,Coccothraustes vulgaris,Hawfinch,Coccothraustes vulgaris (Briss.),III,birdsEuropeIIIGoul,133913,210,42357474,portrait,0,https://bhl-open-data.s3.us-east-2.amazonaws.com/images/birdsEuropeIIIGoul/birdsEuropeIIIGoul_0210.jp2,https://www.biodiversitylibrary.org/page/42357474,sheet-birdsEuropeIIIGoul-0210.jpg,crop-birdsEuropeIIIGoul-0210.jpg,
200,Green Grosbeak,Coccothraustes chloris,Green Grosbeak,Coccothraustes chloris (Flem.),III,birdsEuropeIIIGoul,133913,214,42357478,portrait,0,https://bhl-open-data.s3.us-east-2.amazonaws.com/images/birdsEuropeIIIGoul/birdsEuropeIIIGoul_0214.jp2,https://www.biodiversitylibrary.org/page/42357478,sheet-birdsEuropeIIIGoul-0214.jpg,crop-birdsEuropeIIIGoul-0214.jpg,
201,Parrot Crossbill,Loxia pityopsittacus,Parrot Crossbill,Loxia pityopsittacus (Bechst.),III,birdsEuropeIIIGoul,133913,218,42357482,portrait,0,https://bhl-open-data.s3.us-east-2.amazonaws.com/images/birdsEuropeIIIGoul/birdsEuropeIIIGoul_0218.jp2,https://www.biodiversitylibrary.org/page/42357482,sheet-birdsEuropeIIIGoul-0218.jpg,crop-birdsEuropeIIIGoul-0218.jpg,
202,Common Crossbill,Loxia curvirostra,Common Crossbill,Loxia curvirostra (Linn.),III,birdsEuropeIIIGoul,133913,222,42357486,portrait,0,https://bhl-open-data.s3.us-east-2.amazonaws.com/images/birdsEuropeIIIGoul/birdsEuropeIIIGoul_0222.jp2,https://www.biodiversitylibrary.org/page/42357486,sheet-birdsEuropeIIIGoul-0222.jpg,crop-birdsEuropeIIIGoul-0222.jpg,"pencil written in an unusually looped cursive style but reads 202, consistent with the surrounding sequence"
203,White-winged Crossbill,Loxia leucoptera,White Winged Cross Bill,Loxia leucoptera (Gmell.),III,birdsEuropeIIIGoul,133913,226,42357490,portrait,0,https://bhl-open-data.s3.us-east-2.amazonaws.com/images/birdsEuropeIIIGoul/birdsEuropeIIIGoul_0226.jp2,https://www.biodiversitylibrary.org/page/42357490,sheet-birdsEuropeIIIGoul-0226.jpg,crop-birdsEuropeIIIGoul-0226.jpg,
204,Pine Grosbeak,Corythus enucleator,Pine Grosbeak,Corythus enucleator (Cuv.),III,birdsEuropeIIIGoul,133913,230,42357494,portrait,0,https://bhl-open-data.s3.us-east-2.amazonaws.com/images/birdsEuropeIIIGoul/birdsEuropeIIIGoul_0230.jp2,https://www.biodiversitylibrary.org/page/42357494,sheet-birdsEuropeIIIGoul-0230.jpg,crop-birdsEuropeIIIGoul-0230.jpg,
205,Siberian Grosbeak,Corythus longicauda,Siberian Grosbeak,Corythus longicauda (Lath.),III,birdsEuropeIIIGoul,133913,234,42357498,portrait,0,https://bhl-open-data.s3.us-east-2.amazonaws.com/images/birdsEuropeIIIGoul/birdsEuropeIIIGoul_0234.jp2,https://www.biodiversitylibrary.org/page/42357498,sheet-birdsEuropeIIIGoul-0234.jpg,crop-birdsEuropeIIIGoul-0234.jpg,
206,Scarlet Grosbeak,Erythrospiza erythrina,Scarlet Grosbeak,Erythrospiza erythrina (Bonaparte),III,birdsEuropeIIIGoul,133913,238,42357502,portrait,0,https://bhl-open-data.s3.us-east-2.amazonaws.com/images/birdsEuropeIIIGoul/birdsEuropeIIIGoul_0238.jp2,https://www.biodiversitylibrary.org/page/42357502,sheet-birdsEuropeIIIGoul-0238.jpg,crop-birdsEuropeIIIGoul-0238.jpg,
207,Rosy Grosbeak,Erythrospiza rosea,Rosy Grosbeak,Erythrospiza rosea,III,birdsEuropeIIIGoul,133913,242,42357506,portrait,0,https://bhl-open-data.s3.us-east-2.amazonaws.com/images/birdsEuropeIIIGoul/birdsEuropeIIIGoul_0242.jp2,https://www.biodiversitylibrary.org/page/42357506,sheet-birdsEuropeIIIGoul-0242.jpg,crop-birdsEuropeIIIGoul-0242.jpg,"pencil extremely faint, could not read the digits directly; inferred from the unbroken 204-205-206-...-208 sequence on either side; leaf found by its pencilled number; no pin checked its caption"
208,Vinous Grosbeak,Erythrospiza githaginea,Vinous Grossbeak,Erythrospiza? githaginea  Pyrrhula githaginea (Temm.),III,birdsEuropeIIIGoul,133913,246,42357510,portrait,0,https://bhl-open-data.s3.us-east-2.amazonaws.com/images/birdsEuropeIIIGoul/birdsEuropeIIIGoul_0246.jp2,https://www.biodiversitylibrary.org/page/42357510,sheet-birdsEuropeIIIGoul-0246.jpg,crop-birdsEuropeIIIGoul-0246.jpg,"two Latin name lines (alternate genus placements), single bird; confirms 207 for leaf 242"
209,Bullfinch,Pyrrhula vulgaris,Bullfinch,Pyrrhula vulgaris (Temm.),III,birdsEuropeIIIGoul,133913,250,42357514,portrait,0,https://bhl-open-data.s3.us-east-2.amazonaws.com/images/birdsEuropeIIIGoul/birdsEuropeIIIGoul_0250.jp2,https://www.biodiversitylibrary.org/page/42357514,sheet-birdsEuropeIIIGoul-0250.jpg,crop-birdsEuropeIIIGoul-0250.jpg,"pencil written in the unusual looped cursive style, fits sequence"
210,Starling,Sturnus vulgaris,Starling,Sturnus vulgaris (Linn.),III,birdsEuropeIIIGoul,133913,254,42357518,portrait,0,https://bhl-open-data.s3.us-east-2.amazonaws.com/images/birdsEuropeIIIGoul/birdsEuropeIIIGoul_0254.jp2,https://www.biodiversitylibrary.org/page/42357518,sheet-birdsEuropeIIIGoul-0254.jpg,crop-birdsEuropeIIIGoul-0254.jpg,matches given ground truth (leaf 254 = plate 210)
211,Sardinian Starling,Sturnus unicolor,Sardinian Starling,Sturnus unicolor (Marm.),III,birdsEuropeIIIGoul,133913,258,42357522,portrait,0,https://bhl-open-data.s3.us-east-2.amazonaws.com/images/birdsEuropeIIIGoul/birdsEuropeIIIGoul_0258.jp2,https://www.biodiversitylibrary.org/page/42357522,sheet-birdsEuropeIIIGoul-0258.jpg,crop-birdsEuropeIIIGoul-0258.jpg,
212,Rose-coloured Pastor,Pastor roseus,Rose Coloured Pastor,Pastor roseus (Temm.),III,birdsEuropeIIIGoul,133913,262,42357526,portrait,0,https://bhl-open-data.s3.us-east-2.amazonaws.com/images/birdsEuropeIIIGoul/birdsEuropeIIIGoul_0262.jp2,https://www.biodiversitylibrary.org/page/42357526,sheet-birdsEuropeIIIGoul-0262.jpg,crop-birdsEuropeIIIGoul-0262.jpg,
213,Nutcracker,Nucifraga caryocatactes,Nutcracker,Nucifraga caryocatactes (Briss.),III,birdsEuropeIIIGoul,133913,266,42357530,portrait,0,https://bhl-open-data.s3.us-east-2.amazonaws.com/images/birdsEuropeIIIGoul/birdsEuropeIIIGoul_0266.jp2,https://www.biodiversitylibrary.org/page/42357530,sheet-birdsEuropeIIIGoul-0266.jpg,crop-birdsEuropeIIIGoul-0266.jpg,
214,Jay,Garrulus glandarius,Jay,Garrulus Glandarius (Briss.),III,birdsEuropeIIIGoul,133913,270,42357534,portrait,0,https://bhl-open-data.s3.us-east-2.amazonaws.com/images/birdsEuropeIIIGoul/birdsEuropeIIIGoul_0270.jp2,https://www.biodiversitylibrary.org/page/42357534,sheet-birdsEuropeIIIGoul-0270.jpg,crop-birdsEuropeIIIGoul-0270.jpg,
215,Siberian Jay,Garrulus infaustus,Siberian Jay,Garrulus infaustus (Temm.),III,birdsEuropeIIIGoul,133913,274,42357538,portrait,0,https://bhl-open-data.s3.us-east-2.amazonaws.com/images/birdsEuropeIIIGoul/birdsEuropeIIIGoul_0274.jp2,https://www.biodiversitylibrary.org/page/42357538,sheet-birdsEuropeIIIGoul-0274.jpg,crop-birdsEuropeIIIGoul-0274.jpg,
216,Magpie,Pica caudata,Magpie,Pica caudata (Ray),III,birdsEuropeIIIGoul,133913,278,42357542,portrait,0,https://bhl-open-data.s3.us-east-2.amazonaws.com/images/birdsEuropeIIIGoul/birdsEuropeIIIGoul_0278.jp2,https://www.biodiversitylibrary.org/page/42357542,sheet-birdsEuropeIIIGoul-0278.jpg,crop-birdsEuropeIIIGoul-0278.jpg,
217,Azure-winged Magpie,Pica cyanea,Azure Winged Magpie,Pica cyanea (Wagler),III,birdsEuropeIIIGoul,133913,282,42357546,portrait,0,https://bhl-open-data.s3.us-east-2.amazonaws.com/images/birdsEuropeIIIGoul/birdsEuropeIIIGoul_0282.jp2,https://www.biodiversitylibrary.org/page/42357546,sheet-birdsEuropeIIIGoul-0282.jpg,crop-birdsEuropeIIIGoul-0282.jpg,
218,Alpine Chough,Pyrrhocorax Pyrrhocorax,Alpine Chough,Pyrrhocorax Pyrrhocorax,III,birdsEuropeIIIGoul,133913,286,42357550,portrait,0,https://bhl-open-data.s3.us-east-2.amazonaws.com/images/birdsEuropeIIIGoul/birdsEuropeIIIGoul_0286.jp2,https://www.biodiversitylibrary.org/page/42357550,sheet-birdsEuropeIIIGoul-0286.jpg,crop-birdsEuropeIIIGoul-0286.jpg,no authority given after the Latin name
219,Chough,Fregilus graculus,Chough,Fregilus graculus (Cuv.),III,birdsEuropeIIIGoul,133913,290,42357554,portrait,0,https://bhl-open-data.s3.us-east-2.amazonaws.com/images/birdsEuropeIIIGoul/birdsEuropeIIIGoul_0290.jp2,https://www.biodiversitylibrary.org/page/42357554,sheet-birdsEuropeIIIGoul-0290.jpg,crop-birdsEuropeIIIGoul-0290.jpg,
220,Raven,Corvus corax,Raven,Corvus corax (Linn.),III,birdsEuropeIIIGoul,133913,294,42357558,portrait,0,https://bhl-open-data.s3.us-east-2.amazonaws.com/images/birdsEuropeIIIGoul/birdsEuropeIIIGoul_0294.jp2,https://www.biodiversitylibrary.org/page/42357558,sheet-birdsEuropeIIIGoul-0294.jpg,crop-birdsEuropeIIIGoul-0294.jpg,
221,Carrion Crow,Corvus corone,Carrion Crow,Corvus corone (Linn.),III,birdsEuropeIIIGoul,133913,298,42357562,portrait,0,https://bhl-open-data.s3.us-east-2.amazonaws.com/images/birdsEuropeIIIGoul/birdsEuropeIIIGoul_0298.jp2,https://www.biodiversitylibrary.org/page/42357562,sheet-birdsEuropeIIIGoul-0298.jpg,crop-birdsEuropeIIIGoul-0298.jpg,pencil written in the looped cursive style
222,Hooded Crow,Corvus cornix,Hooded Crow,Corvus cornix (Linn.),III,birdsEuropeIIIGoul,133913,302,42357566,portrait,0,https://bhl-open-data.s3.us-east-2.amazonaws.com/images/birdsEuropeIIIGoul/birdsEuropeIIIGoul_0302.jp2,https://www.biodiversitylibrary.org/page/42357566,sheet-birdsEuropeIIIGoul-0302.jpg,crop-birdsEuropeIIIGoul-0302.jpg,pencil written in the looped cursive style
223,Jackdaw,Corvus monedula,Jackdaw,Corvus monedula (Linn.),III,birdsEuropeIIIGoul,133913,306,42357570,portrait,0,https://bhl-open-data.s3.us-east-2.amazonaws.com/images/birdsEuropeIIIGoul/birdsEuropeIIIGoul_0306.jp2,https://www.biodiversitylibrary.org/page/42357570,sheet-birdsEuropeIIIGoul-0306.jpg,crop-birdsEuropeIIIGoul-0306.jpg,pencil written vertically in the looped cursive style
224,Rook,Corvus frugilegus,Rook,Corvus frugilegus (Linn.),III,birdsEuropeIIIGoul,133913,310,42357574,portrait,0,https://bhl-open-data.s3.us-east-2.amazonaws.com/images/birdsEuropeIIIGoul/birdsEuropeIIIGoul_0310.jp2,https://www.biodiversitylibrary.org/page/42357574,sheet-birdsEuropeIIIGoul-0310.jpg,crop-birdsEuropeIIIGoul-0310.jpg,pencil written in the looped cursive style
225,Great Black Woodpecker,Picus martius,Great Black Woodpecker,Picus martius (Linn.),III,birdsEuropeIIIGoul,133913,314,42357578,portrait,0,https://bhl-open-data.s3.us-east-2.amazonaws.com/images/birdsEuropeIIIGoul/birdsEuropeIIIGoul_0314.jp2,https://www.biodiversitylibrary.org/page/42357578,sheet-birdsEuropeIIIGoul-0314.jpg,crop-birdsEuropeIIIGoul-0314.jpg,
226,Green Woodpecker,Picus viridis,Green Woodpecker,Picus viridis (Linn.),III,birdsEuropeIIIGoul,133913,318,42357582,portrait,0,https://bhl-open-data.s3.us-east-2.amazonaws.com/images/birdsEuropeIIIGoul/birdsEuropeIIIGoul_0318.jp2,https://www.biodiversitylibrary.org/page/42357582,sheet-birdsEuropeIIIGoul-0318.jpg,crop-birdsEuropeIIIGoul-0318.jpg,
227,Grey-headed Green Woodpecker,Picus canus,Grey Headed Green Woodpecker,Picus canus (Gmelin),III,birdsEuropeIIIGoul,133913,322,42357586,portrait,0,https://bhl-open-data.s3.us-east-2.amazonaws.com/images/birdsEuropeIIIGoul/birdsEuropeIIIGoul_0322.jp2,https://www.biodiversitylibrary.org/page/42357586,sheet-birdsEuropeIIIGoul-0322.jpg,crop-birdsEuropeIIIGoul-0322.jpg,
228,White-rumped Woodpecker,Picus leuconotus,White-rumped Woodpecker,Picus leuconotus (Temm.),III,birdsEuropeIIIGoul,133913,326,42357590,portrait,0,https://bhl-open-data.s3.us-east-2.amazonaws.com/images/birdsEuropeIIIGoul/birdsEuropeIIIGoul_0326.jp2,https://www.biodiversitylibrary.org/page/42357590,sheet-birdsEuropeIIIGoul-0326.jpg,crop-birdsEuropeIIIGoul-0326.jpg,
229,Great Spotted Woodpecker,Picus major,Great Spotted Woodpecker,Picus major (Linn.),III,birdsEuropeIIIGoul,133913,330,42357594,portrait,0,https://bhl-open-data.s3.us-east-2.amazonaws.com/images/birdsEuropeIIIGoul/birdsEuropeIIIGoul_0330.jp2,https://www.biodiversitylibrary.org/page/42357594,sheet-birdsEuropeIIIGoul-0330.jpg,crop-birdsEuropeIIIGoul-0330.jpg,pencil written in the looped cursive style
230,Middle Spotted Woodpecker,Picus medius,Middle Spotted Woodpecker,Picus medius (Linn.),III,birdsEuropeIIIGoul,133913,334,42357598,portrait,0,https://bhl-open-data.s3.us-east-2.amazonaws.com/images/birdsEuropeIIIGoul/birdsEuropeIIIGoul_0334.jp2,https://www.biodiversitylibrary.org/page/42357598,sheet-birdsEuropeIIIGoul-0334.jpg,crop-birdsEuropeIIIGoul-0334.jpg,pencil written in the looped cursive style
231,Lesser Spotted Woodpecker,Picus minor,Lesser Spotted Woodpecker,Picus minor (Linn.),III,birdsEuropeIIIGoul,133913,338,42357602,portrait,0,https://bhl-open-data.s3.us-east-2.amazonaws.com/images/birdsEuropeIIIGoul/birdsEuropeIIIGoul_0338.jp2,https://www.biodiversitylibrary.org/page/42357602,sheet-birdsEuropeIIIGoul-0338.jpg,crop-birdsEuropeIIIGoul-0338.jpg,
232,Three-toed Woodpecker,Apternus tridactylus,Three Toed Woodpecker,Picus tridactylus (Linn.),III,birdsEuropeIIIGoul,133913,342,42357606,portrait,0,https://bhl-open-data.s3.us-east-2.amazonaws.com/images/birdsEuropeIIIGoul/birdsEuropeIIIGoul_0342.jp2,https://www.biodiversitylibrary.org/page/42357606,sheet-birdsEuropeIIIGoul-0342.jpg,crop-birdsEuropeIIIGoul-0342.jpg,
233,Wryneck,Yunx torquilla,Wry Neck,Yunx torquilla (Linn.),III,birdsEuropeIIIGoul,133913,346,42357610,portrait,0,https://bhl-open-data.s3.us-east-2.amazonaws.com/images/birdsEuropeIIIGoul/birdsEuropeIIIGoul_0346.jp2,https://www.biodiversitylibrary.org/page/42357610,sheet-birdsEuropeIIIGoul-0346.jpg,crop-birdsEuropeIIIGoul-0346.jpg,
234,Common Nuthatch,Sitta Europæa,Common Nuthatch,Sitta Europea (Linn.),III,birdsEuropeIIIGoul,133913,350,42357614,portrait,0,https://bhl-open-data.s3.us-east-2.amazonaws.com/images/birdsEuropeIIIGoul/birdsEuropeIIIGoul_0350.jp2,https://www.biodiversitylibrary.org/page/42357614,sheet-birdsEuropeIIIGoul-0350.jpg,crop-birdsEuropeIIIGoul-0350.jpg,
235,Dalmatian Nuthatch,Sitta Syriaca,Dalmatian Nuthatch,Sitta rufescens (Temm.?),III,birdsEuropeIIIGoul,133913,354,42357618,portrait,0,https://bhl-open-data.s3.us-east-2.amazonaws.com/images/birdsEuropeIIIGoul/birdsEuropeIIIGoul_0354.jp2,https://www.biodiversitylibrary.org/page/42357618,sheet-birdsEuropeIIIGoul-0354.jpg,crop-birdsEuropeIIIGoul-0354.jpg,pencil written in the looped cursive style; question mark after authority is engraved on the plate
236,Asiatic Nuthatch,Sitta Asiatica,Asiatic Nuthatch,Sitta Asiatica (Temm.),III,birdsEuropeIIIGoul,133913,358,42357622,portrait,0,https://bhl-open-data.s3.us-east-2.amazonaws.com/images/birdsEuropeIIIGoul/birdsEuropeIIIGoul_0358.jp2,https://www.biodiversitylibrary.org/page/42357622,sheet-birdsEuropeIIIGoul-0358.jpg,crop-birdsEuropeIIIGoul-0358.jpg,leaf found by its pencilled number; no pin checked its caption
237,Common Creeper,Certhia familiaris,Common Creeper,Certhia familiaris (Linn.),III,birdsEuropeIIIGoul,133913,362,42357626,portrait,0,https://bhl-open-data.s3.us-east-2.amazonaws.com/images/birdsEuropeIIIGoul/birdsEuropeIIIGoul_0362.jp2,https://www.biodiversitylibrary.org/page/42357626,sheet-birdsEuropeIIIGoul-0362.jpg,crop-birdsEuropeIIIGoul-0362.jpg,
238,Hoopoe,Upupa epops,Hoopoe,Upupa epops (Linn.),III,birdsEuropeIIIGoul,133913,366,42357630,portrait,0,https://bhl-open-data.s3.us-east-2.amazonaws.com/images/birdsEuropeIIIGoul/birdsEuropeIIIGoul_0366.jp2,https://www.biodiversitylibrary.org/page/42357630,sheet-birdsEuropeIIIGoul-0366.jpg,crop-birdsEuropeIIIGoul-0366.jpg,
239,Wall Creeper,Tichodroma phœnicoptera,Wall Creeper,Tichodroma phoenicoptera (Temm.),III,birdsEuropeIIIGoul,133913,370,42357634,portrait,0,https://bhl-open-data.s3.us-east-2.amazonaws.com/images/birdsEuropeIIIGoul/birdsEuropeIIIGoul_0370.jp2,https://www.biodiversitylibrary.org/page/42357634,sheet-birdsEuropeIIIGoul-0370.jpg,crop-birdsEuropeIIIGoul-0370.jpg,
240,Common Cuckoo,Cuculus Canorus,Common Cuckoo,Cuculus canorus (Linn.),III,birdsEuropeIIIGoul,133913,374,42357638,portrait,0,https://bhl-open-data.s3.us-east-2.amazonaws.com/images/birdsEuropeIIIGoul/birdsEuropeIIIGoul_0374.jp2,https://www.biodiversitylibrary.org/page/42357638,sheet-birdsEuropeIIIGoul-0374.jpg,crop-birdsEuropeIIIGoul-0374.jpg,
241,Great Spotted Cuckoo,Cuculus glandarius,Great Spotted Cuckoo,Cuculus glandarius (Linn.),III,birdsEuropeIIIGoul,133913,378,42357642,portrait,0,https://bhl-open-data.s3.us-east-2.amazonaws.com/images/birdsEuropeIIIGoul/birdsEuropeIIIGoul_0378.jp2,https://www.biodiversitylibrary.org/page/42357642,sheet-birdsEuropeIIIGoul-0378.jpg,crop-birdsEuropeIIIGoul-0378.jpg,
242,American Cuckoo,Coccyzus Americanus,American Cuckoo,Coccyzus Americanus (Bonap.),III,birdsEuropeIIIGoul,133913,382,42357646,portrait,0,https://bhl-open-data.s3.us-east-2.amazonaws.com/images/birdsEuropeIIIGoul/birdsEuropeIIIGoul_0382.jp2,https://www.biodiversitylibrary.org/page/42357646,sheet-birdsEuropeIIIGoul-0382.jpg,crop-birdsEuropeIIIGoul-0382.jpg,
243,Wood Pigeon,Columba palumbus,Wood Pigeon,Columba palumbus (Linn.),IV,birdsEuropeIVGoul,132862,14,42173791,portrait,0,https://bhl-open-data.s3.us-east-2.amazonaws.com/images/birdsEuropeIVGoul/birdsEuropeIVGoul_0014.jp2,https://www.biodiversitylibrary.org/page/42173791,sheet-birdsEuropeIVGoul-0014.jpg,crop-birdsEuropeIVGoul-0014.jpg,
244,Stock Dove,Columba Œnas,Stock Dove,Columba oenas (Linn.),IV,birdsEuropeIVGoul,132862,18,42173795,portrait,0,https://bhl-open-data.s3.us-east-2.amazonaws.com/images/birdsEuropeIVGoul/birdsEuropeIVGoul_0018.jp2,https://www.biodiversitylibrary.org/page/42173795,sheet-birdsEuropeIVGoul-0018.jpg,crop-birdsEuropeIVGoul-0018.jpg,
245,Rock Dove,Columba livia,Rock Dove,Columba livia (Linn.),IV,birdsEuropeIVGoul,132862,22,42173799,portrait,0,https://bhl-open-data.s3.us-east-2.amazonaws.com/images/birdsEuropeIVGoul/birdsEuropeIVGoul_0022.jp2,https://www.biodiversitylibrary.org/page/42173799,sheet-birdsEuropeIVGoul-0022.jpg,crop-birdsEuropeIVGoul-0022.jpg,
246,Turtle Dove,Columba Turtur,Turtle Dove,Columba Turtur (Linn.),IV,birdsEuropeIVGoul,132862,26,42173803,portrait,0,https://bhl-open-data.s3.us-east-2.amazonaws.com/images/birdsEuropeIVGoul/birdsEuropeIVGoul_0026.jp2,https://www.biodiversitylibrary.org/page/42173803,sheet-birdsEuropeIVGoul-0026.jpg,crop-birdsEuropeIVGoul-0026.jpg,
247,Common Pheasant,Phasianus Colchicus,Common Pheasant,Phasianus Colchicus (Linn.),IV,birdsEuropeIVGoul,132862,30,42173807,landscape,270,https://bhl-open-data.s3.us-east-2.amazonaws.com/images/birdsEuropeIVGoul/birdsEuropeIVGoul_0030.jp2,https://www.biodiversitylibrary.org/page/42173807,sheet-birdsEuropeIVGoul-0030.jpg,crop-birdsEuropeIVGoul-0030.jpg,
248,"Capercailzie, or Cock of the Wood",Tetrao Urogallus,Capercailzie or Cock of the Wood,,IV,birdsEuropeIVGoul,132862,34,42173811,landscape,270,https://bhl-open-data.s3.us-east-2.amazonaws.com/images/birdsEuropeIVGoul/birdsEuropeIVGoul_0034.jp2,https://www.biodiversitylibrary.org/page/42173811,sheet-birdsEuropeIVGoul-0034.jpg,crop-birdsEuropeIVGoul-0034.jpg,Composite plate (male and female); no Latin binomial printed on plate
249,Hybrid Grouse,Tetrao hybridus,Hybrid Grouse,Tetrao hybridus (Sparrm.),IV,birdsEuropeIVGoul,132862,38,42173815,landscape,270,https://bhl-open-data.s3.us-east-2.amazonaws.com/images/birdsEuropeIVGoul/birdsEuropeIVGoul_0038.jp2,https://www.biodiversitylibrary.org/page/42173815,sheet-birdsEuropeIVGoul-0038.jpg,crop-birdsEuropeIVGoul-0038.jpg,pencil number faint; leaf found by its pencilled number; no pin checked its caption
250,Black Grouse,Tetrao Tetrix,Black Grouse,Tetrao Tetrix (Linn.),IV,birdsEuropeIVGoul,132862,42,42173819,landscape,270,https://bhl-open-data.s3.us-east-2.amazonaws.com/images/birdsEuropeIVGoul/birdsEuropeIVGoul_0042.jp2,https://www.biodiversitylibrary.org/page/42173819,sheet-birdsEuropeIVGoul-0042.jpg,crop-birdsEuropeIVGoul-0042.jpg,pencil number partly cropped/faint
251,"Hazel Grouse, or Gelinotte",Bonasia Europæa,Hazel Grous or Gelinotte,Bonasa Europea,IV,birdsEuropeIVGoul,132862,46,42173823,landscape,270,https://bhl-open-data.s3.us-east-2.amazonaws.com/images/birdsEuropeIVGoul/birdsEuropeIVGoul_0046.jp2,https://www.biodiversitylibrary.org/page/42173823,sheet-birdsEuropeIVGoul-0046.jpg,crop-birdsEuropeIVGoul-0046.jpg,
252,Red Grouse,Lagopus Scoticus,Red Grouse,Lagopus Scoticus (Leach.),IV,birdsEuropeIVGoul,132862,50,42173827,landscape,270,https://bhl-open-data.s3.us-east-2.amazonaws.com/images/birdsEuropeIVGoul/birdsEuropeIVGoul_0050.jp2,https://www.biodiversitylibrary.org/page/42173827,sheet-birdsEuropeIVGoul-0050.jpg,crop-birdsEuropeIVGoul-0050.jpg,
253,Common Ptarmigan,Lagopus mutus,Common Ptarmigan,Lagopus mutus (Leach.),IV,birdsEuropeIVGoul,132862,54,42173831,landscape,270,https://bhl-open-data.s3.us-east-2.amazonaws.com/images/birdsEuropeIVGoul/birdsEuropeIVGoul_0054.jp2,https://www.biodiversitylibrary.org/page/42173831,sheet-birdsEuropeIVGoul-0054.jpg,crop-birdsEuropeIVGoul-0054.jpg,
254,Rock Ptarmigan,Lagopus rupestris,Rock Ptarmigan,Lagopus rupestris (Leach.),IV,birdsEuropeIVGoul,132862,58,42173835,landscape,270,https://bhl-open-data.s3.us-east-2.amazonaws.com/images/birdsEuropeIVGoul/birdsEuropeIVGoul_0058.jp2,https://www.biodiversitylibrary.org/page/42173835,sheet-birdsEuropeIVGoul-0058.jpg,crop-birdsEuropeIVGoul-0058.jpg,leaf found by its pencilled number; no pin checked its caption
255,Willow Ptarmigan,Lagopus Saliceti,Willow Ptarmigan,Lagopus Salicetii (Swains.),IV,birdsEuropeIVGoul,132862,62,42173839,landscape,270,https://bhl-open-data.s3.us-east-2.amazonaws.com/images/birdsEuropeIVGoul/birdsEuropeIVGoul_0062.jp2,https://www.biodiversitylibrary.org/page/42173839,sheet-birdsEuropeIVGoul-0062.jpg,crop-birdsEuropeIVGoul-0062.jpg,leaf found by its pencilled number; no pin checked its caption
256,Short-toed Ptarmigan,Lagopus brachydactylus,Short-toed Ptarmigan,Lagopus brachydactylus; Tetrao ... (Temm.),IV,birdsEuropeIVGoul,132862,66,42173843,landscape,270,https://bhl-open-data.s3.us-east-2.amazonaws.com/images/birdsEuropeIVGoul/birdsEuropeIVGoul_0066.jp2,https://www.biodiversitylibrary.org/page/42173843,sheet-birdsEuropeIVGoul-0066.jpg,crop-birdsEuropeIVGoul-0066.jpg,"Second line is a synonym citation with a dashed/illegible specific epithet after ""Tetrao""; leaf found by its pencilled number; no pin checked its caption"
257,Sand Grouse,Pterocles arenarius,Sand Grouse,Pterocles arenarius (Temm.),IV,birdsEuropeIVGoul,132862,70,42173847,landscape,270,https://bhl-open-data.s3.us-east-2.amazonaws.com/images/birdsEuropeIVGoul/birdsEuropeIVGoul_0070.jp2,https://www.biodiversitylibrary.org/page/42173847,sheet-birdsEuropeIVGoul-0070.jpg,crop-birdsEuropeIVGoul-0070.jpg,
258,Pintailed Sand Grouse,Pterocles setarius,Pin-tailed Sand Grouse,Pterocles Alchata (Temm.),IV,birdsEuropeIVGoul,132862,74,42173851,landscape,270,https://bhl-open-data.s3.us-east-2.amazonaws.com/images/birdsEuropeIVGoul/birdsEuropeIVGoul_0074.jp2,https://www.biodiversitylibrary.org/page/42173851,sheet-birdsEuropeIVGoul-0074.jpg,crop-birdsEuropeIVGoul-0074.jpg,
259,European Francolin,Francolinus vulgaris,European Francolin,Francolinus Vulgaris (Briss.),IV,birdsEuropeIVGoul,132862,78,42173855,landscape,270,https://bhl-open-data.s3.us-east-2.amazonaws.com/images/birdsEuropeIVGoul/birdsEuropeIVGoul_0078.jp2,https://www.biodiversitylibrary.org/page/42173855,sheet-birdsEuropeIVGoul-0078.jpg,crop-birdsEuropeIVGoul-0078.jpg,
260,Red-legged Partridge,Perdix rubra,Red-legged Partridge,Perdix rubra (Briss.),IV,birdsEuropeIVGoul,132862,82,42173859,landscape,270,https://bhl-open-data.s3.us-east-2.amazonaws.com/images/birdsEuropeIVGoul/birdsEuropeIVGoul_0082.jp2,https://www.biodiversitylibrary.org/page/42173859,sheet-birdsEuropeIVGoul-0082.jpg,crop-birdsEuropeIVGoul-0082.jpg,
261,Barbary Partridge / Greek Partridge,Perdix petrosa / Perdix saxatilis,Barbary Partridge / Greek Partridge,Perdix petrosa / Perdix saxatilis,IV,birdsEuropeIVGoul,132862,86,42173863,landscape,270,https://bhl-open-data.s3.us-east-2.amazonaws.com/images/birdsEuropeIVGoul/birdsEuropeIVGoul_0086.jp2,https://www.biodiversitylibrary.org/page/42173863,sheet-birdsEuropeIVGoul-0086.jpg,crop-birdsEuropeIVGoul-0086.jpg,Composite plate showing two species side by side
262,Common Partridge,Perdix cinerea,Common Partridge,Perdix cinerea (Lath.),IV,birdsEuropeIVGoul,132862,90,42173867,landscape,270,https://bhl-open-data.s3.us-east-2.amazonaws.com/images/birdsEuropeIVGoul/birdsEuropeIVGoul_0090.jp2,https://www.biodiversitylibrary.org/page/42173867,sheet-birdsEuropeIVGoul-0090.jpg,crop-birdsEuropeIVGoul-0090.jpg,
263,Quail,Coturnix dactylisonans,Quail,Coturnix dactylisonans (Meyer),IV,birdsEuropeIVGoul,132862,94,42173871,landscape,270,https://bhl-open-data.s3.us-east-2.amazonaws.com/images/birdsEuropeIVGoul/birdsEuropeIVGoul_0094.jp2,https://www.biodiversitylibrary.org/page/42173871,sheet-birdsEuropeIVGoul-0094.jpg,crop-birdsEuropeIVGoul-0094.jpg,
264,Andalusian Turnix,Hemipodius tachydromus,Andalusian Turnix,Hemipodius tachydromus (Temm.),IV,birdsEuropeIVGoul,132862,98,42173875,landscape,270,https://bhl-open-data.s3.us-east-2.amazonaws.com/images/birdsEuropeIVGoul/birdsEuropeIVGoul_0098.jp2,https://www.biodiversitylibrary.org/page/42173875,sheet-birdsEuropeIVGoul-0098.jpg,crop-birdsEuropeIVGoul-0098.jpg,
265,Collared Pratincole,Glareola torquata,Collared Pratincole,Glareola torquata (Meyer),IV,birdsEuropeIVGoul,132862,102,42173879,landscape,270,https://bhl-open-data.s3.us-east-2.amazonaws.com/images/birdsEuropeIVGoul/birdsEuropeIVGoul_0102.jp2,https://www.biodiversitylibrary.org/page/42173879,sheet-birdsEuropeIVGoul-0102.jpg,crop-birdsEuropeIVGoul-0102.jpg,
266,Cream-coloured Courser,Cursorius Isabellinus,Cream Coloured Courser,Cursorius Isabellinus (Meyer),IV,birdsEuropeIVGoul,132862,106,42173883,landscape,270,https://bhl-open-data.s3.us-east-2.amazonaws.com/images/birdsEuropeIVGoul/birdsEuropeIVGoul_0106.jp2,https://www.biodiversitylibrary.org/page/42173883,sheet-birdsEuropeIVGoul-0106.jpg,crop-birdsEuropeIVGoul-0106.jpg,leaf found by its pencilled number; no pin checked its caption
267,Great Bustard,Otis Tarda,Great Bustard,Otis tarda (Linn.),IV,birdsEuropeIVGoul,132862,110,42173887,landscape,270,https://bhl-open-data.s3.us-east-2.amazonaws.com/images/birdsEuropeIVGoul/birdsEuropeIVGoul_0110.jp2,https://www.biodiversitylibrary.org/page/42173887,sheet-birdsEuropeIVGoul-0110.jpg,crop-birdsEuropeIVGoul-0110.jpg,leaf found by its pencilled number; no pin checked its caption
268,Ruffed Bustard,Otis Houbara,Ruffed Bustard,Otis houbara (Linn.),IV,birdsEuropeIVGoul,132862,114,42173891,landscape,270,https://bhl-open-data.s3.us-east-2.amazonaws.com/images/birdsEuropeIVGoul/birdsEuropeIVGoul_0114.jp2,https://www.biodiversitylibrary.org/page/42173891,sheet-birdsEuropeIVGoul-0114.jpg,crop-birdsEuropeIVGoul-0114.jpg,leaf found by its pencilled number; no pin checked its caption
269,Little Bustard,Otis tetrax,Little Bustard,Otis tetrax (Linn.),IV,birdsEuropeIVGoul,132862,118,42173895,landscape,270,https://bhl-open-data.s3.us-east-2.amazonaws.com/images/birdsEuropeIVGoul/birdsEuropeIVGoul_0118.jp2,https://www.biodiversitylibrary.org/page/42173895,sheet-birdsEuropeIVGoul-0118.jpg,crop-birdsEuropeIVGoul-0118.jpg,
270,Common Crane,Grus cinerea,Common Crane,Grus cinerea (Bechst.),IV,birdsEuropeIVGoul,132862,122,42173899,portrait,0,https://bhl-open-data.s3.us-east-2.amazonaws.com/images/birdsEuropeIVGoul/birdsEuropeIVGoul_0122.jp2,https://www.biodiversitylibrary.org/page/42173899,sheet-birdsEuropeIVGoul-0122.jpg,crop-birdsEuropeIVGoul-0122.jpg,
271,White Crane,Grus leucogeranus,White Crane,Grus leucogeranus (Temm.),IV,birdsEuropeIVGoul,132862,126,42173903,portrait,0,https://bhl-open-data.s3.us-east-2.amazonaws.com/images/birdsEuropeIVGoul/birdsEuropeIVGoul_0126.jp2,https://www.biodiversitylibrary.org/page/42173903,sheet-birdsEuropeIVGoul-0126.jpg,crop-birdsEuropeIVGoul-0126.jpg,
272,Numidian Demoiselle,Anthropoïdes Virgo,Numidian Demoiselle,Anthropoides Virgo (Vieill.),IV,birdsEuropeIVGoul,132862,130,42173907,portrait,0,https://bhl-open-data.s3.us-east-2.amazonaws.com/images/birdsEuropeIVGoul/birdsEuropeIVGoul_0130.jp2,https://www.biodiversitylibrary.org/page/42173907,sheet-birdsEuropeIVGoul-0130.jpg,crop-birdsEuropeIVGoul-0130.jpg,
273,Common Heron,Ardea cinerea,Common Heron,Ardea cinerea (Lath.),IV,birdsEuropeIVGoul,132862,134,42173911,portrait,0,https://bhl-open-data.s3.us-east-2.amazonaws.com/images/birdsEuropeIVGoul/birdsEuropeIVGoul_0134.jp2,https://www.biodiversitylibrary.org/page/42173911,sheet-birdsEuropeIVGoul-0134.jpg,crop-birdsEuropeIVGoul-0134.jpg,
274,Purple Heron,Ardea purpurea,Purple Heron,Ardea purpurea (Linn.),IV,birdsEuropeIVGoul,132862,138,42173915,portrait,0,https://bhl-open-data.s3.us-east-2.amazonaws.com/images/birdsEuropeIVGoul/birdsEuropeIVGoul_0138.jp2,https://www.biodiversitylibrary.org/page/42173915,sheet-birdsEuropeIVGoul-0138.jpg,crop-birdsEuropeIVGoul-0138.jpg,
275,Squacco Heron,Ardea comata,Squacco Heron,Ardea comata (Pallas),IV,birdsEuropeIVGoul,132862,142,42173919,portrait,0,https://bhl-open-data.s3.us-east-2.amazonaws.com/images/birdsEuropeIVGoul/birdsEuropeIVGoul_0142.jp2,https://www.biodiversitylibrary.org/page/42173919,sheet-birdsEuropeIVGoul-0142.jpg,crop-birdsEuropeIVGoul-0142.jpg,
276,Great Egret,Ardea alba,Great Egret,Ardea alba (Linn.),IV,birdsEuropeIVGoul,132862,146,42173923,landscape,270,https://bhl-open-data.s3.us-east-2.amazonaws.com/images/birdsEuropeIVGoul/birdsEuropeIVGoul_0146.jp2,https://www.biodiversitylibrary.org/page/42173923,sheet-birdsEuropeIVGoul-0146.jpg,crop-birdsEuropeIVGoul-0146.jpg,
277,Little Egret,Ardea garzetta,Little Egret,Ardea garzetta (Linn.),IV,birdsEuropeIVGoul,132862,150,42173927,landscape,270,https://bhl-open-data.s3.us-east-2.amazonaws.com/images/birdsEuropeIVGoul/birdsEuropeIVGoul_0150.jp2,https://www.biodiversitylibrary.org/page/42173927,sheet-birdsEuropeIVGoul-0150.jpg,crop-birdsEuropeIVGoul-0150.jpg,
278,Rufous-backed Egret,Ardea russata,Rufous Backed Egret,Ardea rufisata (Temm.),IV,birdsEuropeIVGoul,132862,154,42173931,landscape,270,https://bhl-open-data.s3.us-east-2.amazonaws.com/images/birdsEuropeIVGoul/birdsEuropeIVGoul_0154.jp2,https://www.biodiversitylibrary.org/page/42173931,sheet-birdsEuropeIVGoul-0154.jpg,crop-birdsEuropeIVGoul-0154.jpg,"Pencil number not visible in any crop; inferred from sequence (277 before, 279 after)"
279,Common Night Heron,Nycticorax Europæus,Common Night Heron,Nycticorax Europaeus (Stephens),IV,birdsEuropeIVGoul,132862,158,42173935,landscape,270,https://bhl-open-data.s3.us-east-2.amazonaws.com/images/birdsEuropeIVGoul/birdsEuropeIVGoul_0158.jp2,https://www.biodiversitylibrary.org/page/42173935,sheet-birdsEuropeIVGoul-0158.jpg,crop-birdsEuropeIVGoul-0158.jpg,
280,Common Bittern,Botaurus stellaris,Common Bittern,Botaurus stellaris (Stephens),IV,birdsEuropeIVGoul,132862,162,42173939,landscape,270,https://bhl-open-data.s3.us-east-2.amazonaws.com/images/birdsEuropeIVGoul/birdsEuropeIVGoul_0162.jp2,https://www.biodiversitylibrary.org/page/42173939,sheet-birdsEuropeIVGoul-0162.jpg,crop-birdsEuropeIVGoul-0162.jpg,
281,Freckled Bittern,Botaurus lentiginosus,Freckled Bittern,Botaurus lentiginosus (Stephens),IV,birdsEuropeIVGoul,132862,166,42173943,landscape,270,https://bhl-open-data.s3.us-east-2.amazonaws.com/images/birdsEuropeIVGoul/birdsEuropeIVGoul_0166.jp2,https://www.biodiversitylibrary.org/page/42173943,sheet-birdsEuropeIVGoul-0166.jpg,crop-birdsEuropeIVGoul-0166.jpg,
282,Little Bittern,Botaurus minutus,Little Bittern,Botaurus minutus (Selby),IV,birdsEuropeIVGoul,132862,170,42173947,landscape,270,https://bhl-open-data.s3.us-east-2.amazonaws.com/images/birdsEuropeIVGoul/birdsEuropeIVGoul_0170.jp2,https://www.biodiversitylibrary.org/page/42173947,sheet-birdsEuropeIVGoul-0170.jpg,crop-birdsEuropeIVGoul-0170.jpg,"Pencil mark present but illegible as a number (looks like a cursive flourish, not digits); expected ~282 by sequence but not confirmed"
283,White Stork,Ciconia alba,White Stork,Ciconia alba (Bellon.),IV,birdsEuropeIVGoul,132862,174,42173951,portrait,0,https://bhl-open-data.s3.us-east-2.amazonaws.com/images/birdsEuropeIVGoul/birdsEuropeIVGoul_0174.jp2,https://www.biodiversitylibrary.org/page/42173951,sheet-birdsEuropeIVGoul-0174.jpg,crop-birdsEuropeIVGoul-0174.jpg,
284,Black Stork,Ciconia nigra,Black Stork,Ciconia nigra (Bellon.),IV,birdsEuropeIVGoul,132862,178,42173955,portrait,0,https://bhl-open-data.s3.us-east-2.amazonaws.com/images/birdsEuropeIVGoul/birdsEuropeIVGoul_0178.jp2,https://www.biodiversitylibrary.org/page/42173955,sheet-birdsEuropeIVGoul-0178.jpg,crop-birdsEuropeIVGoul-0178.jpg,
285,Maguari Stork,Ciconia Maguari,Maguari Stork,Ciconia Maguari (Temm.),IV,birdsEuropeIVGoul,132862,182,42173959,portrait,0,https://bhl-open-data.s3.us-east-2.amazonaws.com/images/birdsEuropeIVGoul/birdsEuropeIVGoul_0182.jp2,https://www.biodiversitylibrary.org/page/42173959,sheet-birdsEuropeIVGoul-0182.jpg,crop-birdsEuropeIVGoul-0182.jpg,leaf found by its pencilled number; no pin checked its caption
286,Spoonbill,Platalea leucorodia,Spoonbill,Platalea Leucorodia (Linn.),IV,birdsEuropeIVGoul,132862,186,42173963,portrait,0,https://bhl-open-data.s3.us-east-2.amazonaws.com/images/birdsEuropeIVGoul/birdsEuropeIVGoul_0186.jp2,https://www.biodiversitylibrary.org/page/42173963,sheet-birdsEuropeIVGoul-0186.jpg,crop-birdsEuropeIVGoul-0186.jpg,
287,Common Flamingo,Phœnicopterus ruber,Flamingo,Phoenicopterus ruber (Linn.),IV,birdsEuropeIVGoul,132862,190,42173967,portrait,0,https://bhl-open-data.s3.us-east-2.amazonaws.com/images/birdsEuropeIVGoul/birdsEuropeIVGoul_0190.jp2,https://www.biodiversitylibrary.org/page/42173967,sheet-birdsEuropeIVGoul-0190.jpg,crop-birdsEuropeIVGoul-0190.jpg,
288,Thick-kneed Bustard,Œdicnemus crepitans,Thick-kneed Bustard,Oedicnemus crepitans (Temm.),IV,birdsEuropeIVGoul,132862,194,42173971,landscape,270,https://bhl-open-data.s3.us-east-2.amazonaws.com/images/birdsEuropeIVGoul/birdsEuropeIVGoul_0194.jp2,https://www.biodiversitylibrary.org/page/42173971,sheet-birdsEuropeIVGoul-0194.jpg,crop-birdsEuropeIVGoul-0194.jpg,
289,Long-legged Plover,Himantopus melanopterus,Long Legged Plover,Himantopus melanopterus (Meyer),IV,birdsEuropeIVGoul,132862,198,42173975,portrait,0,https://bhl-open-data.s3.us-east-2.amazonaws.com/images/birdsEuropeIVGoul/birdsEuropeIVGoul_0198.jp2,https://www.biodiversitylibrary.org/page/42173975,sheet-birdsEuropeIVGoul-0198.jpg,crop-birdsEuropeIVGoul-0198.jpg,
290,Grey Plover,Squatarola cinerea,Bastard or Grey Plover,Squatarola cinerea (Gm.),IV,birdsEuropeIVGoul,132862,202,42173979,landscape,270,https://bhl-open-data.s3.us-east-2.amazonaws.com/images/birdsEuropeIVGoul/birdsEuropeIVGoul_0202.jp2,https://www.biodiversitylibrary.org/page/42173979,sheet-birdsEuropeIVGoul-0202.jpg,crop-birdsEuropeIVGoul-0202.jpg,
291,Lapwing,Vanellus cristatus,Lapwing,Vanellus cristatus (Meyer),IV,birdsEuropeIVGoul,132862,206,42173983,landscape,270,https://bhl-open-data.s3.us-east-2.amazonaws.com/images/birdsEuropeIVGoul/birdsEuropeIVGoul_0206.jp2,https://www.biodiversitylibrary.org/page/42173983,sheet-birdsEuropeIVGoul-0206.jpg,crop-birdsEuropeIVGoul-0206.jpg,
292,Keptuschka Lapwing,Vanellus Keptuschka,Keptuschka Lapwing,Vanellus Keptuschka (Temm.),IV,birdsEuropeIVGoul,132862,210,42173987,landscape,270,https://bhl-open-data.s3.us-east-2.amazonaws.com/images/birdsEuropeIVGoul/birdsEuropeIVGoul_0210.jp2,https://www.biodiversitylibrary.org/page/42173987,sheet-birdsEuropeIVGoul-0210.jpg,crop-birdsEuropeIVGoul-0210.jpg,leaf found by its pencilled number; no pin checked its caption
293,Spur-winged Plover,Pluvianus spinosus,Spur-winged Plover,Pluvianus spinosus,IV,birdsEuropeIVGoul,132862,214,42173991,landscape,270,https://bhl-open-data.s3.us-east-2.amazonaws.com/images/birdsEuropeIVGoul/birdsEuropeIVGoul_0214.jp2,https://www.biodiversitylibrary.org/page/42173991,sheet-birdsEuropeIVGoul-0214.jpg,crop-birdsEuropeIVGoul-0214.jpg,
294,Golden Plover,Charadrius pluvialis,Golden Plover,Charadrius pluvialis (Linn.),IV,birdsEuropeIVGoul,132862,218,42173995,landscape,270,https://bhl-open-data.s3.us-east-2.amazonaws.com/images/birdsEuropeIVGoul/birdsEuropeIVGoul_0218.jp2,https://www.biodiversitylibrary.org/page/42173995,sheet-birdsEuropeIVGoul-0218.jpg,crop-birdsEuropeIVGoul-0218.jpg,
295,Dottrell,Charadrius morinellus,Dottrell,Charadrius Morinellus (Linn.),IV,birdsEuropeIVGoul,132862,222,42173999,landscape,270,https://bhl-open-data.s3.us-east-2.amazonaws.com/images/birdsEuropeIVGoul/birdsEuropeIVGoul_0222.jp2,https://www.biodiversitylibrary.org/page/42173999,sheet-birdsEuropeIVGoul-0222.jpg,crop-birdsEuropeIVGoul-0222.jpg,
296,Ring Dottrell,Charadrius hiaticula,Ring Dottrel,Charadrius hiaticula (Linn.),IV,birdsEuropeIVGoul,132862,226,42174003,landscape,270,https://bhl-open-data.s3.us-east-2.amazonaws.com/images/birdsEuropeIVGoul/birdsEuropeIVGoul_0226.jp2,https://www.biodiversitylibrary.org/page/42174003,sheet-birdsEuropeIVGoul-0226.jpg,crop-birdsEuropeIVGoul-0226.jpg,
297,Little Ring Dottrell,Charadrius minor,Little Ring-Dottrel,Charadrius minor (Meyer),IV,birdsEuropeIVGoul,132862,230,42174007,landscape,270,https://bhl-open-data.s3.us-east-2.amazonaws.com/images/birdsEuropeIVGoul/birdsEuropeIVGoul_0230.jp2,https://www.biodiversitylibrary.org/page/42174007,sheet-birdsEuropeIVGoul-0230.jpg,crop-birdsEuropeIVGoul-0230.jpg,
298,Kentish Plover,Charadrius Cantianus,Kentish Plover,Charadrius cantianus (Lath.),IV,birdsEuropeIVGoul,132862,234,42174011,landscape,270,https://bhl-open-data.s3.us-east-2.amazonaws.com/images/birdsEuropeIVGoul/birdsEuropeIVGoul_0234.jp2,https://www.biodiversitylibrary.org/page/42174011,sheet-birdsEuropeIVGoul-0234.jpg,crop-birdsEuropeIVGoul-0234.jpg,
299,Red-chested Dottrell,Charadrius pyrrhothorax,Red-chested Dottrel,Charadrius pyrrhothorax (Temm.),IV,birdsEuropeIVGoul,132862,238,42174015,landscape,270,https://bhl-open-data.s3.us-east-2.amazonaws.com/images/birdsEuropeIVGoul/birdsEuropeIVGoul_0238.jp2,https://www.biodiversitylibrary.org/page/42174015,sheet-birdsEuropeIVGoul-0238.jpg,crop-birdsEuropeIVGoul-0238.jpg,leaf found by its pencilled number; no pin checked its caption
300,Oyster Catcher,Hæmatopus Ostralegus,Oyster Catcher,Haematopus Ostralegus (Linn.),IV,birdsEuropeIVGoul,132862,242,42174019,landscape,270,https://bhl-open-data.s3.us-east-2.amazonaws.com/images/birdsEuropeIVGoul/birdsEuropeIVGoul_0242.jp2,https://www.biodiversitylibrary.org/page/42174019,sheet-birdsEuropeIVGoul-0242.jpg,crop-birdsEuropeIVGoul-0242.jpg,
301,Glossy Ibis,Ibis Falcinellus,Glossy Ibis,Ibis Falcinellus (Temm.),IV,birdsEuropeIVGoul,132862,246,42174023,landscape,270,https://bhl-open-data.s3.us-east-2.amazonaws.com/images/birdsEuropeIVGoul/birdsEuropeIVGoul_0246.jp2,https://www.biodiversitylibrary.org/page/42174023,sheet-birdsEuropeIVGoul-0246.jpg,crop-birdsEuropeIVGoul-0246.jpg,Latin binomial line is cropped by the scan gutter/page edge; partial letters consistent with Ibis Falcinellus (Temm.) but not fully confirmed
302,Common Curlew,Numenius arquata,Common Curlew,Numenius arquata (Lath.),IV,birdsEuropeIVGoul,132862,250,42174027,landscape,270,https://bhl-open-data.s3.us-east-2.amazonaws.com/images/birdsEuropeIVGoul/birdsEuropeIVGoul_0250.jp2,https://www.biodiversitylibrary.org/page/42174027,sheet-birdsEuropeIVGoul-0250.jpg,crop-birdsEuropeIVGoul-0250.jpg,
303,Whimbrel,Numenius Phæopus,Whimbrel,Numenius Phaeopus (Lath.),IV,birdsEuropeIVGoul,132862,254,42174031,landscape,270,https://bhl-open-data.s3.us-east-2.amazonaws.com/images/birdsEuropeIVGoul/birdsEuropeIVGoul_0254.jp2,https://www.biodiversitylibrary.org/page/42174031,sheet-birdsEuropeIVGoul-0254.jpg,crop-birdsEuropeIVGoul-0254.jpg,
304,Slender-billed Curlew,Numenius tenuirostris,Slender-billed Curlew,Numenius tenuirostris (Sav.),IV,birdsEuropeIVGoul,132862,258,42174035,landscape,270,https://bhl-open-data.s3.us-east-2.amazonaws.com/images/birdsEuropeIVGoul/birdsEuropeIVGoul_0258.jp2,https://www.biodiversitylibrary.org/page/42174035,sheet-birdsEuropeIVGoul-0258.jpg,crop-birdsEuropeIVGoul-0258.jpg,leaf found by its pencilled number; no pin checked its caption
305,Black-tailed Godwit,Limosa melanura,Black-tailed Godwit,Limosa melanura (Leisler),IV,birdsEuropeIVGoul,132862,262,42174039,landscape,270,https://bhl-open-data.s3.us-east-2.amazonaws.com/images/birdsEuropeIVGoul/birdsEuropeIVGoul_0262.jp2,https://www.biodiversitylibrary.org/page/42174039,sheet-birdsEuropeIVGoul-0262.jpg,crop-birdsEuropeIVGoul-0262.jpg,
306,Bar-tailed Godwit,Limosa rufa,Bar-tailed Godwit,Limosa rufa (Briss.),IV,birdsEuropeIVGoul,132862,266,42174043,landscape,270,https://bhl-open-data.s3.us-east-2.amazonaws.com/images/birdsEuropeIVGoul/birdsEuropeIVGoul_0266.jp2,https://www.biodiversitylibrary.org/page/42174043,sheet-birdsEuropeIVGoul-0266.jpg,crop-birdsEuropeIVGoul-0266.jpg,
307,Terek Godwit,Limosa Terek,Terek Godwit,Limosa Terek (Temm.),IV,birdsEuropeIVGoul,132862,270,42174047,landscape,270,https://bhl-open-data.s3.us-east-2.amazonaws.com/images/birdsEuropeIVGoul/birdsEuropeIVGoul_0270.jp2,https://www.biodiversitylibrary.org/page/42174047,sheet-birdsEuropeIVGoul-0270.jpg,crop-birdsEuropeIVGoul-0270.jpg,
308,Avocet,Recurvirostra Avocetta,Avocet,Recurvirostra avocetta (Linn.),IV,birdsEuropeIVGoul,132862,274,42174051,landscape,270,https://bhl-open-data.s3.us-east-2.amazonaws.com/images/birdsEuropeIVGoul/birdsEuropeIVGoul_0274.jp2,https://www.biodiversitylibrary.org/page/42174051,sheet-birdsEuropeIVGoul-0274.jpg,crop-birdsEuropeIVGoul-0274.jpg,
309,Spotted Redshank,Totanus fuscus,Spotted Redshank,Totanus fuscus (Leisl.),IV,birdsEuropeIVGoul,132862,278,42174055,landscape,270,https://bhl-open-data.s3.us-east-2.amazonaws.com/images/birdsEuropeIVGoul/birdsEuropeIVGoul_0278.jp2,https://www.biodiversitylibrary.org/page/42174055,sheet-birdsEuropeIVGoul-0278.jpg,crop-birdsEuropeIVGoul-0278.jpg,
310,Redshank,Totanus calidris,Redshank,Totanus calidris (Bechst.),IV,birdsEuropeIVGoul,132862,282,42174059,landscape,270,https://bhl-open-data.s3.us-east-2.amazonaws.com/images/birdsEuropeIVGoul/birdsEuropeIVGoul_0282.jp2,https://www.biodiversitylibrary.org/page/42174059,sheet-birdsEuropeIVGoul-0282.jpg,crop-birdsEuropeIVGoul-0282.jpg,
311,Semipalmated Sandpiper,Totanus semipalmatus,Semipalmated Sandpiper,Totanus semipalmatus (Temm.),IV,birdsEuropeIVGoul,132862,286,42174063,landscape,270,https://bhl-open-data.s3.us-east-2.amazonaws.com/images/birdsEuropeIVGoul/birdsEuropeIVGoul_0286.jp2,https://www.biodiversitylibrary.org/page/42174063,sheet-birdsEuropeIVGoul-0286.jpg,crop-birdsEuropeIVGoul-0286.jpg,
312,Greenshank,Totanus glottis,Green Shank,Totanus glottis (Bechst.),IV,birdsEuropeIVGoul,132862,290,42174067,landscape,270,https://bhl-open-data.s3.us-east-2.amazonaws.com/images/birdsEuropeIVGoul/birdsEuropeIVGoul_0290.jp2,https://www.biodiversitylibrary.org/page/42174067,sheet-birdsEuropeIVGoul-0290.jpg,crop-birdsEuropeIVGoul-0290.jpg,
313,Bartram's Sandpiper,Totanus Bartramius,Bartram's Sandpiper,Totanus Bartramia (Temm.),IV,birdsEuropeIVGoul,132862,294,42174071,landscape,270,https://bhl-open-data.s3.us-east-2.amazonaws.com/images/birdsEuropeIVGoul/birdsEuropeIVGoul_0294.jp2,https://www.biodiversitylibrary.org/page/42174071,sheet-birdsEuropeIVGoul-0294.jpg,crop-birdsEuropeIVGoul-0294.jpg,
314,Marsh Sandpiper,Totanus stagnatilis,Marsh Sandpiper,Totanus stagnatilis (Bechst.),IV,birdsEuropeIVGoul,132862,298,42174075,landscape,270,https://bhl-open-data.s3.us-east-2.amazonaws.com/images/birdsEuropeIVGoul/birdsEuropeIVGoul_0298.jp2,https://www.biodiversitylibrary.org/page/42174075,sheet-birdsEuropeIVGoul-0298.jpg,crop-birdsEuropeIVGoul-0298.jpg,
315,Green Sandpiper / Wood Sandpiper,Totanus ochropus / Totanus Glareola,Wood Sandpiper / Green Sandpiper,Totanus Glareola (Temm.) / Totanus ochropus (Temm.),IV,birdsEuropeIVGoul,132862,302,42174079,landscape,270,https://bhl-open-data.s3.us-east-2.amazonaws.com/images/birdsEuropeIVGoul/birdsEuropeIVGoul_0302.jp2,https://www.biodiversitylibrary.org/page/42174079,sheet-birdsEuropeIVGoul-0302.jpg,crop-birdsEuropeIVGoul-0302.jpg,Composite plate showing two species side by side
316,Common Sandpiper,Totanus Hypoleucus,Common Sandpiper,Totanus Hypoleucos (Temm.),IV,birdsEuropeIVGoul,132862,306,42174083,landscape,270,https://bhl-open-data.s3.us-east-2.amazonaws.com/images/birdsEuropeIVGoul/birdsEuropeIVGoul_0306.jp2,https://www.biodiversitylibrary.org/page/42174083,sheet-birdsEuropeIVGoul-0306.jpg,crop-birdsEuropeIVGoul-0306.jpg,
317,Spotted Sandpiper,Totanus macularius,Spotted Sandpiper,Totanus macularius (Temm.),IV,birdsEuropeIVGoul,132862,310,42174087,landscape,270,https://bhl-open-data.s3.us-east-2.amazonaws.com/images/birdsEuropeIVGoul/birdsEuropeIVGoul_0310.jp2,https://www.biodiversitylibrary.org/page/42174087,sheet-birdsEuropeIVGoul-0310.jpg,crop-birdsEuropeIVGoul-0310.jpg,
318,Turnstone,Strepsilas collaris,Turnstone,Strepsilas collaris (Temm.),IV,birdsEuropeIVGoul,132862,314,42174091,landscape,270,https://bhl-open-data.s3.us-east-2.amazonaws.com/images/birdsEuropeIVGoul/birdsEuropeIVGoul_0314.jp2,https://www.biodiversitylibrary.org/page/42174091,sheet-birdsEuropeIVGoul-0314.jpg,crop-birdsEuropeIVGoul-0314.jpg,
319,Woodcock,Scolopax rusticola,Woodcock,Scolopax rusticola (Linn.),IV,birdsEuropeIVGoul,132862,318,42174095,landscape,270,https://bhl-open-data.s3.us-east-2.amazonaws.com/images/birdsEuropeIVGoul/birdsEuropeIVGoul_0318.jp2,https://www.biodiversitylibrary.org/page/42174095,sheet-birdsEuropeIVGoul-0318.jpg,crop-birdsEuropeIVGoul-0318.jpg,
320,Great Snipe,Scolopax major,Great Snipe,Scolopax major (Gmel.),IV,birdsEuropeIVGoul,132862,322,42174099,landscape,270,https://bhl-open-data.s3.us-east-2.amazonaws.com/images/birdsEuropeIVGoul/birdsEuropeIVGoul_0322.jp2,https://www.biodiversitylibrary.org/page/42174099,sheet-birdsEuropeIVGoul-0322.jpg,crop-birdsEuropeIVGoul-0322.jpg,
321,Sabine's Snipe / Common Snipe,Scolopax Sabini / Scolopax Gallinago,Sabine's Snipe / Common Snipe,Scolopax Sabini (Vigors) / Scolopax Gallinago (Linn.),IV,birdsEuropeIVGoul,132862,326,42174103,landscape,270,https://bhl-open-data.s3.us-east-2.amazonaws.com/images/birdsEuropeIVGoul/birdsEuropeIVGoul_0326.jp2,https://www.biodiversitylibrary.org/page/42174103,sheet-birdsEuropeIVGoul-0326.jpg,crop-birdsEuropeIVGoul-0326.jpg,"Composite plate showing two species side by side, numbered 1 and 2"
322,Jack Snipe,Scolopax Gallinula,Jack Snipe,Scolopax Gallinula (Linn.),IV,birdsEuropeIVGoul,132862,330,42174107,landscape,270,https://bhl-open-data.s3.us-east-2.amazonaws.com/images/birdsEuropeIVGoul/birdsEuropeIVGoul_0330.jp2,https://www.biodiversitylibrary.org/page/42174107,sheet-birdsEuropeIVGoul-0330.jpg,crop-birdsEuropeIVGoul-0330.jpg,
323,Grey Snipe,Macroramphus griseus,Grey Snipe,Macrorhamphus Griseus (Leach.),IV,birdsEuropeIVGoul,132862,334,42174111,landscape,270,https://bhl-open-data.s3.us-east-2.amazonaws.com/images/birdsEuropeIVGoul/birdsEuropeIVGoul_0334.jp2,https://www.biodiversitylibrary.org/page/42174111,sheet-birdsEuropeIVGoul-0334.jpg,crop-birdsEuropeIVGoul-0334.jpg,
324,Knot,Calidris Canutus,Knot,Calidris canutus,IV,birdsEuropeIVGoul,132862,338,42174115,landscape,270,https://bhl-open-data.s3.us-east-2.amazonaws.com/images/birdsEuropeIVGoul/birdsEuropeIVGoul_0338.jp2,https://www.biodiversitylibrary.org/page/42174115,sheet-birdsEuropeIVGoul-0338.jpg,crop-birdsEuropeIVGoul-0338.jpg,No author cited in caption
325,Ruff,Machetes pugnax,Ruff,Machetes pugnax (Cuvier),IV,birdsEuropeIVGoul,132862,342,42174119,landscape,270,https://bhl-open-data.s3.us-east-2.amazonaws.com/images/birdsEuropeIVGoul/birdsEuropeIVGoul_0342.jp2,https://www.biodiversitylibrary.org/page/42174119,sheet-birdsEuropeIVGoul-0342.jpg,crop-birdsEuropeIVGoul-0342.jpg,
326,Buff-breasted Sandpiper,Tringa rufescens,Buff-breasted Tringa,Tringa rufescens (Vieill.),IV,birdsEuropeIVGoul,132862,346,42174123,landscape,270,https://bhl-open-data.s3.us-east-2.amazonaws.com/images/birdsEuropeIVGoul/birdsEuropeIVGoul_0346.jp2,https://www.biodiversitylibrary.org/page/42174123,sheet-birdsEuropeIVGoul-0346.jpg,crop-birdsEuropeIVGoul-0346.jpg,
327,Pectoral Sandpiper,Tringa pectoralis,Pectoral Sandpiper,Tringa pectoralis (Bonap.),IV,birdsEuropeIVGoul,132862,350,42174127,landscape,270,https://bhl-open-data.s3.us-east-2.amazonaws.com/images/birdsEuropeIVGoul/birdsEuropeIVGoul_0350.jp2,https://www.biodiversitylibrary.org/page/42174127,sheet-birdsEuropeIVGoul-0350.jpg,crop-birdsEuropeIVGoul-0350.jpg,
328,Pygmy Curlew,Tringa subarquata,Pigmy Curlew,Tringa subarquata (Temm.),IV,birdsEuropeIVGoul,132862,354,42174131,landscape,270,https://bhl-open-data.s3.us-east-2.amazonaws.com/images/birdsEuropeIVGoul/birdsEuropeIVGoul_0354.jp2,https://www.biodiversitylibrary.org/page/42174131,sheet-birdsEuropeIVGoul-0354.jpg,crop-birdsEuropeIVGoul-0354.jpg,
329,"Dunlin, or Purre",Tringa variabilis,Dunlin or Purre,Tringa variabilis (Meyer),IV,birdsEuropeIVGoul,132862,358,42174135,landscape,270,https://bhl-open-data.s3.us-east-2.amazonaws.com/images/birdsEuropeIVGoul/birdsEuropeIVGoul_0358.jp2,https://www.biodiversitylibrary.org/page/42174135,sheet-birdsEuropeIVGoul-0358.jpg,crop-birdsEuropeIVGoul-0358.jpg,
330,Schinz's Sandpiper,Tringa Schinzii,Schinz's Sandpiper,Tringa Schinzii (Bonap.),IV,birdsEuropeIVGoul,132862,362,42174139,landscape,270,https://bhl-open-data.s3.us-east-2.amazonaws.com/images/birdsEuropeIVGoul/birdsEuropeIVGoul_0362.jp2,https://www.biodiversitylibrary.org/page/42174139,sheet-birdsEuropeIVGoul-0362.jpg,crop-birdsEuropeIVGoul-0362.jpg,
331,Broad-billed Tringa,Tringa platyrhyncha,Broad-billed Tringa,Tringa platyrhyncha (Temm.),IV,birdsEuropeIVGoul,132862,366,42174143,landscape,270,https://bhl-open-data.s3.us-east-2.amazonaws.com/images/birdsEuropeIVGoul/birdsEuropeIVGoul_0366.jp2,https://www.biodiversitylibrary.org/page/42174143,sheet-birdsEuropeIVGoul-0366.jpg,crop-birdsEuropeIVGoul-0366.jpg,
332,Little Sandpiper,Tringa minuta,Little Sandpiper,Tringa minuta (Leisler),IV,birdsEuropeIVGoul,132862,370,42174147,landscape,270,https://bhl-open-data.s3.us-east-2.amazonaws.com/images/birdsEuropeIVGoul/birdsEuropeIVGoul_0370.jp2,https://www.biodiversitylibrary.org/page/42174147,sheet-birdsEuropeIVGoul-0370.jpg,crop-birdsEuropeIVGoul-0370.jpg,
333,Temminck's Tringa,Tringa Temminckii,Temminck's Tringa,Tringa Temminckii (Leisl.),IV,birdsEuropeIVGoul,132862,374,42174151,landscape,270,https://bhl-open-data.s3.us-east-2.amazonaws.com/images/birdsEuropeIVGoul/birdsEuropeIVGoul_0374.jp2,https://www.biodiversitylibrary.org/page/42174151,sheet-birdsEuropeIVGoul-0374.jpg,crop-birdsEuropeIVGoul-0374.jpg,
334,Purple Sandpiper,Tringa maritima,Purple Sandpiper,Tringa maritima (Brunn.),IV,birdsEuropeIVGoul,132862,378,42174155,landscape,270,https://bhl-open-data.s3.us-east-2.amazonaws.com/images/birdsEuropeIVGoul/birdsEuropeIVGoul_0378.jp2,https://www.biodiversitylibrary.org/page/42174155,sheet-birdsEuropeIVGoul-0378.jpg,crop-birdsEuropeIVGoul-0378.jpg,
335,Sanderling,Arenaria Calidris,Sanderling,Arenaria Calidris (Meyer),IV,birdsEuropeIVGoul,132862,382,42174159,landscape,270,https://bhl-open-data.s3.us-east-2.amazonaws.com/images/birdsEuropeIVGoul/birdsEuropeIVGoul_0382.jp2,https://www.biodiversitylibrary.org/page/42174159,sheet-birdsEuropeIVGoul-0382.jpg,crop-birdsEuropeIVGoul-0382.jpg,
336,Red-necked Phalarope,Phalaropus hyperboreus,Red-necked Phalarope,Phalaropus Hyperboreus (Lath.),IV,birdsEuropeIVGoul,132862,386,42174163,landscape,270,https://bhl-open-data.s3.us-east-2.amazonaws.com/images/birdsEuropeIVGoul/birdsEuropeIVGoul_0386.jp2,https://www.biodiversitylibrary.org/page/42174163,sheet-birdsEuropeIVGoul-0386.jpg,crop-birdsEuropeIVGoul-0386.jpg,
337,Grey Phalarope,Phalaropus platyrhynchus,Grey Phalarope,Phalaropus platyrhynchus (Temm.),IV,birdsEuropeIVGoul,132862,390,42174167,landscape,270,https://bhl-open-data.s3.us-east-2.amazonaws.com/images/birdsEuropeIVGoul/birdsEuropeIVGoul_0390.jp2,https://www.biodiversitylibrary.org/page/42174167,sheet-birdsEuropeIVGoul-0390.jpg,crop-birdsEuropeIVGoul-0390.jpg,
338,Coot,Fulica atra,Coot,Fulica ater (Linn.),IV,birdsEuropeIVGoul,132862,394,42174171,landscape,270,https://bhl-open-data.s3.us-east-2.amazonaws.com/images/birdsEuropeIVGoul/birdsEuropeIVGoul_0394.jp2,https://www.biodiversitylibrary.org/page/42174171,sheet-birdsEuropeIVGoul-0394.jpg,crop-birdsEuropeIVGoul-0394.jpg,
339,Water Rail,Rallus aquaticus,Water Rail,Rallus aquaticus (Linn.),IV,birdsEuropeIVGoul,132862,398,42174175,landscape,270,https://bhl-open-data.s3.us-east-2.amazonaws.com/images/birdsEuropeIVGoul/birdsEuropeIVGoul_0398.jp2,https://www.biodiversitylibrary.org/page/42174175,sheet-birdsEuropeIVGoul-0398.jpg,crop-birdsEuropeIVGoul-0398.jpg,
340,Hyacinthine Porphyrio,Porphyrio hyacinthinus,Hyacinthine Porphyrio,Porphyrio hyacinthinus (Temm.),IV,birdsEuropeIVGoul,132862,402,42174179,landscape,270,https://bhl-open-data.s3.us-east-2.amazonaws.com/images/birdsEuropeIVGoul/birdsEuropeIVGoul_0402.jp2,https://www.biodiversitylibrary.org/page/42174179,sheet-birdsEuropeIVGoul-0402.jpg,crop-birdsEuropeIVGoul-0402.jpg,
341,Land Rail,Gallinula crex,Land Rail,Gallinula crex (Lath.),IV,birdsEuropeIVGoul,132862,406,42174183,landscape,270,https://bhl-open-data.s3.us-east-2.amazonaws.com/images/birdsEuropeIVGoul/birdsEuropeIVGoul_0406.jp2,https://www.biodiversitylibrary.org/page/42174183,sheet-birdsEuropeIVGoul-0406.jpg,crop-birdsEuropeIVGoul-0406.jpg,
342,Common Gallinule,Gallinula chloropus,Common Gallinule,Gallinula Chloropus (Lath.),IV,birdsEuropeIVGoul,132862,410,42174187,landscape,270,https://bhl-open-data.s3.us-east-2.amazonaws.com/images/birdsEuropeIVGoul/birdsEuropeIVGoul_0410.jp2,https://www.biodiversitylibrary.org/page/42174187,sheet-birdsEuropeIVGoul-0410.jpg,crop-birdsEuropeIVGoul-0410.jpg,
343,Spotted Crake,Zapornia porzana,Spotted Crake,Zapornia Porzana,IV,birdsEuropeIVGoul,132862,414,42174191,landscape,270,https://bhl-open-data.s3.us-east-2.amazonaws.com/images/birdsEuropeIVGoul/birdsEuropeIVGoul_0414.jp2,https://www.biodiversitylibrary.org/page/42174191,sheet-birdsEuropeIVGoul-0414.jpg,crop-birdsEuropeIVGoul-0414.jpg,No author cited in caption
344,Baillon's Crake,Zapornia Baillonii,Baillon's Crake,Zapornia Bailloni (Leach),IV,birdsEuropeIVGoul,132862,418,42174195,landscape,270,https://bhl-open-data.s3.us-east-2.amazonaws.com/images/birdsEuropeIVGoul/birdsEuropeIVGoul_0418.jp2,https://www.biodiversitylibrary.org/page/42174195,sheet-birdsEuropeIVGoul-0418.jpg,crop-birdsEuropeIVGoul-0418.jpg,
345,Little Crake,Zapornia pusilla,Little Crake,Zapornia pusilla (Steph.),IV,birdsEuropeIVGoul,132862,422,42174199,landscape,270,https://bhl-open-data.s3.us-east-2.amazonaws.com/images/birdsEuropeIVGoul/birdsEuropeIVGoul_0422.jp2,https://www.biodiversitylibrary.org/page/42174199,sheet-birdsEuropeIVGoul-0422.jpg,crop-birdsEuropeIVGoul-0422.jpg,
346,Snow Goose,Anser hyperboreus,Snow Goose,Anser hyperboreus (Pall.),V,birdsEuropeVGoul,133915,14,42358288,landscape,270,https://bhl-open-data.s3.us-east-2.amazonaws.com/images/birdsEuropeVGoul/birdsEuropeVGoul_0014.jp2,https://www.biodiversitylibrary.org/page/42358288,sheet-birdsEuropeVGoul-0014.jpg,crop-birdsEuropeVGoul-0014.jpg,
347,Grey Lag Wild Goose,Anser ferus,Grey Lag Wild Goose,Anser palustris (Flem.),V,birdsEuropeVGoul,133915,18,42358292,landscape,270,https://bhl-open-data.s3.us-east-2.amazonaws.com/images/birdsEuropeVGoul/birdsEuropeVGoul_0018.jp2,https://www.biodiversitylibrary.org/page/42358292,sheet-birdsEuropeVGoul-0018.jpg,crop-birdsEuropeVGoul-0018.jpg,
348,Bean Goose,Anser segetum,Bean Goose,Anser segetum (Steph.),V,birdsEuropeVGoul,133915,22,42358296,landscape,270,https://bhl-open-data.s3.us-east-2.amazonaws.com/images/birdsEuropeVGoul/birdsEuropeVGoul_0022.jp2,https://www.biodiversitylibrary.org/page/42358296,sheet-birdsEuropeVGoul-0022.jpg,crop-birdsEuropeVGoul-0022.jpg,leaf found by its pencilled number; no pin checked its caption
349,White-fronted Goose,Anser albifrons,White-fronted Goose,Anser albifrons (Steph.),V,birdsEuropeVGoul,133915,26,42358300,landscape,270,https://bhl-open-data.s3.us-east-2.amazonaws.com/images/birdsEuropeVGoul/birdsEuropeVGoul_0026.jp2,https://www.biodiversitylibrary.org/page/42358300,sheet-birdsEuropeVGoul-0026.jpg,crop-birdsEuropeVGoul-0026.jpg,
350,Bernicle Goose,Anser leucopsis,Bernicle Goose,Anser leucopsis (Bechst.),V,birdsEuropeVGoul,133915,30,42358304,landscape,270,https://bhl-open-data.s3.us-east-2.amazonaws.com/images/birdsEuropeVGoul/birdsEuropeVGoul_0030.jp2,https://www.biodiversitylibrary.org/page/42358304,sheet-birdsEuropeVGoul-0030.jpg,crop-birdsEuropeVGoul-0030.jpg,
351,Red-breasted Goose,Anser ruficollis,Red-breasted Goose,Anser ruficollis (Pall.),V,birdsEuropeVGoul,133915,34,42358308,landscape,270,https://bhl-open-data.s3.us-east-2.amazonaws.com/images/birdsEuropeVGoul/birdsEuropeVGoul_0034.jp2,https://www.biodiversitylibrary.org/page/42358308,sheet-birdsEuropeVGoul-0034.jpg,crop-birdsEuropeVGoul-0034.jpg,leaf found by its pencilled number; no pin checked its caption
352,Brent Goose,Anser Brenta,Brent Goose,Anser Brenta (Flem.),V,birdsEuropeVGoul,133915,38,42358312,landscape,270,https://bhl-open-data.s3.us-east-2.amazonaws.com/images/birdsEuropeVGoul/birdsEuropeVGoul_0038.jp2,https://www.biodiversitylibrary.org/page/42358312,sheet-birdsEuropeVGoul-0038.jpg,crop-birdsEuropeVGoul-0038.jpg,
353,Egyptian Goose,Chenalopex Egyptiaca,Egyptian Goose,Chenalopex Ægyptiaca (Steph.),V,birdsEuropeVGoul,133915,42,42358316,landscape,270,https://bhl-open-data.s3.us-east-2.amazonaws.com/images/birdsEuropeVGoul/birdsEuropeVGoul_0042.jp2,https://www.biodiversitylibrary.org/page/42358316,sheet-birdsEuropeVGoul-0042.jpg,crop-birdsEuropeVGoul-0042.jpg,
354,Domestic Swan,Cygnus mansuetus,Domestic Swan,Cygnus mansuetus (Gmel.),V,birdsEuropeVGoul,133915,46,42358320,landscape,270,https://bhl-open-data.s3.us-east-2.amazonaws.com/images/birdsEuropeVGoul/birdsEuropeVGoul_0046.jp2,https://www.biodiversitylibrary.org/page/42358320,sheet-birdsEuropeVGoul-0046.jpg,crop-birdsEuropeVGoul-0046.jpg,matches known ground truth for this volume
355,"Whistling Swan, or Hooper",Cygnus ferus,Whistling Swan,Cygnus ferus (Ray.),V,birdsEuropeVGoul,133915,50,42358324,landscape,270,https://bhl-open-data.s3.us-east-2.amazonaws.com/images/birdsEuropeVGoul/birdsEuropeVGoul_0050.jp2,https://www.biodiversitylibrary.org/page/42358324,sheet-birdsEuropeVGoul-0050.jpg,crop-birdsEuropeVGoul-0050.jpg,
356,Bewick's Swan,Cygnus Bewickii,Bewick's Swan,Cygnus Bewickii (Yarr.),V,birdsEuropeVGoul,133915,54,42358328,landscape,270,https://bhl-open-data.s3.us-east-2.amazonaws.com/images/birdsEuropeVGoul/birdsEuropeVGoul_0054.jp2,https://www.biodiversitylibrary.org/page/42358328,sheet-birdsEuropeVGoul-0054.jpg,crop-birdsEuropeVGoul-0054.jpg,
357,Common Shieldrake,Tadorna vulpanser,Common Shieldrake,Anas tadorna (Linn.); Tadorna vulpanser (Flem.),V,birdsEuropeVGoul,133915,58,42358332,landscape,270,https://bhl-open-data.s3.us-east-2.amazonaws.com/images/birdsEuropeVGoul/birdsEuropeVGoul_0058.jp2,https://www.biodiversitylibrary.org/page/42358332,sheet-birdsEuropeVGoul-0058.jpg,crop-birdsEuropeVGoul-0058.jpg,composite plate with two names/authorities
358,Ruddy Shieldrake,Tadorna rutila,Ruddy Shieldrake,Tadorna rutila (Steph.); Anas Casarka (Linn.),V,birdsEuropeVGoul,133915,62,42358336,landscape,270,https://bhl-open-data.s3.us-east-2.amazonaws.com/images/birdsEuropeVGoul/birdsEuropeVGoul_0062.jp2,https://www.biodiversitylibrary.org/page/42358336,sheet-birdsEuropeVGoul-0062.jpg,crop-birdsEuropeVGoul-0062.jpg,composite plate with two names/authorities
359,Widgeon,Mareca Penelope,Wigeon,Anas Penelope (Linn.); Mareca Penelope (Selby),V,birdsEuropeVGoul,133915,66,42358340,landscape,270,https://bhl-open-data.s3.us-east-2.amazonaws.com/images/birdsEuropeVGoul/birdsEuropeVGoul_0066.jp2,https://www.biodiversitylibrary.org/page/42358340,sheet-birdsEuropeVGoul-0066.jpg,crop-birdsEuropeVGoul-0066.jpg,composite plate with two names/authorities
360,Shoveller Duck,Rhynchaspis clypeata,Shoveller Duck,Anas clypeata (Linn.); Rynchapsis clypeata (Leach),V,birdsEuropeVGoul,133915,70,42358344,landscape,270,https://bhl-open-data.s3.us-east-2.amazonaws.com/images/birdsEuropeVGoul/birdsEuropeVGoul_0070.jp2,https://www.biodiversitylibrary.org/page/42358344,sheet-birdsEuropeVGoul-0070.jpg,crop-birdsEuropeVGoul-0070.jpg,composite plate with two names/authorities
361,Common Wild Duck,Anas Boschas,Common Wild Duck,Anas Boschas (Linn.),V,birdsEuropeVGoul,133915,74,42358348,landscape,270,https://bhl-open-data.s3.us-east-2.amazonaws.com/images/birdsEuropeVGoul/birdsEuropeVGoul_0074.jp2,https://www.biodiversitylibrary.org/page/42358348,sheet-birdsEuropeVGoul-0074.jpg,crop-birdsEuropeVGoul-0074.jpg,
362,Common Teal,Querquedula Crecca,Common Teal,Anas crecca (Linn.); Querquedula crecca (Steph.),V,birdsEuropeVGoul,133915,78,42358352,landscape,270,https://bhl-open-data.s3.us-east-2.amazonaws.com/images/birdsEuropeVGoul/birdsEuropeVGoul_0078.jp2,https://www.biodiversitylibrary.org/page/42358352,sheet-birdsEuropeVGoul-0078.jpg,crop-birdsEuropeVGoul-0078.jpg,composite plate with two names/authorities
363,Bimaculated Teal,Querquedula glocitans,Bimaculated Teal,Anas glocitans (Pall.); Querquedula glocitans (Vigors),V,birdsEuropeVGoul,133915,82,42358356,landscape,270,https://bhl-open-data.s3.us-east-2.amazonaws.com/images/birdsEuropeVGoul/birdsEuropeVGoul_0082.jp2,https://www.biodiversitylibrary.org/page/42358356,sheet-birdsEuropeVGoul-0082.jpg,crop-birdsEuropeVGoul-0082.jpg,composite plate with two names/authorities; leaf found by its pencilled number; no pin checked its caption
364,Gargany Teal,Querquedula circia,Gargany Teal,Anas querquedula (Linn.); Querquedula circia (Steph.),V,birdsEuropeVGoul,133915,86,42358360,landscape,270,https://bhl-open-data.s3.us-east-2.amazonaws.com/images/birdsEuropeVGoul/birdsEuropeVGoul_0086.jp2,https://www.biodiversitylibrary.org/page/42358360,sheet-birdsEuropeVGoul-0086.jpg,crop-birdsEuropeVGoul-0086.jpg,composite plate with two names/authorities
365,Pintail Duck,Dafila caudacuta,Pintail Duck,Anas acuta (Linn.); Dafila caudacuta (Leach),V,birdsEuropeVGoul,133915,90,42358364,landscape,270,https://bhl-open-data.s3.us-east-2.amazonaws.com/images/birdsEuropeVGoul/birdsEuropeVGoul_0090.jp2,https://www.biodiversitylibrary.org/page/42358364,sheet-birdsEuropeVGoul-0090.jpg,crop-birdsEuropeVGoul-0090.jpg,composite plate with two names/authorities
366,Gadwall,Chauliodes strepera,Gadwall,Anas strepera (Linn.); Chauliodes strepera (Swains.),V,birdsEuropeVGoul,133915,94,42358368,landscape,270,https://bhl-open-data.s3.us-east-2.amazonaws.com/images/birdsEuropeVGoul/birdsEuropeVGoul_0094.jp2,https://www.biodiversitylibrary.org/page/42358368,sheet-birdsEuropeVGoul-0094.jpg,crop-birdsEuropeVGoul-0094.jpg,composite plate with two names/authorities
367,Red-headed Pochard,Fuligula ferina,Red-headed Pochard,Anas ferina (Linn.); Fuligula ferina (Steph.),V,birdsEuropeVGoul,133915,98,42358372,landscape,270,https://bhl-open-data.s3.us-east-2.amazonaws.com/images/birdsEuropeVGoul/birdsEuropeVGoul_0098.jp2,https://www.biodiversitylibrary.org/page/42358372,sheet-birdsEuropeVGoul-0098.jpg,crop-birdsEuropeVGoul-0098.jpg,composite plate with two names/authorities
368,"White-eyed, or Castaneous Duck",Fuligula leucophthalma,White-eyed or Castaneous Duck,Anas leucopthalmos (Bechst.); Fuligula ___ (Steph.),V,birdsEuropeVGoul,133915,102,42358376,landscape,270,https://bhl-open-data.s3.us-east-2.amazonaws.com/images/birdsEuropeVGoul/birdsEuropeVGoul_0102.jp2,https://www.biodiversitylibrary.org/page/42358376,sheet-birdsEuropeVGoul-0102.jpg,crop-birdsEuropeVGoul-0102.jpg,"engraved caption itself leaves the Fuligula species epithet blank (printed underscore, not a legibility issue)"
369,Red-crested Duck,Fuligula rufina,Red-crested Duck,Anas rufina (Pallas); Fuligula rufina (Steph.),V,birdsEuropeVGoul,133915,106,42358380,landscape,270,https://bhl-open-data.s3.us-east-2.amazonaws.com/images/birdsEuropeVGoul/birdsEuropeVGoul_0106.jp2,https://www.biodiversitylibrary.org/page/42358380,sheet-birdsEuropeVGoul-0106.jpg,crop-birdsEuropeVGoul-0106.jpg,composite plate with two names/authorities
370,Tufted Duck,Fuligula cristata,Tufted Duck,Anas cristata (Ray); Fuligula cristata (Steph.),V,birdsEuropeVGoul,133915,110,42358384,landscape,270,https://bhl-open-data.s3.us-east-2.amazonaws.com/images/birdsEuropeVGoul/birdsEuropeVGoul_0110.jp2,https://www.biodiversitylibrary.org/page/42358384,sheet-birdsEuropeVGoul-0110.jpg,crop-birdsEuropeVGoul-0110.jpg,composite plate with two names/authorities
371,Scaup Pochard,Fuligula marila,Scaup Pochard,Fuligula marila (Steph.); Anas marila (Linn.),V,birdsEuropeVGoul,133915,114,42358388,landscape,270,https://bhl-open-data.s3.us-east-2.amazonaws.com/images/birdsEuropeVGoul/birdsEuropeVGoul_0114.jp2,https://www.biodiversitylibrary.org/page/42358388,sheet-birdsEuropeVGoul-0114.jpg,crop-birdsEuropeVGoul-0114.jpg,composite plate with two names/authorities
372,Western Duck,Fuligula Dispar,Western Duck,Anas Dispar (Gmel.); Fuligula Dispar (Steph.),V,birdsEuropeVGoul,133915,118,42358392,landscape,270,https://bhl-open-data.s3.us-east-2.amazonaws.com/images/birdsEuropeVGoul/birdsEuropeVGoul_0118.jp2,https://www.biodiversitylibrary.org/page/42358392,sheet-birdsEuropeVGoul-0118.jpg,crop-birdsEuropeVGoul-0118.jpg,composite plate with two names/authorities; leaf found by its pencilled number; no pin checked its caption
373,Marbled Duck,Fuligula marmorata,Marbled Duck,Anas (Fuligula?) marmorata (Temm.),V,birdsEuropeVGoul,133915,122,42358396,landscape,270,https://bhl-open-data.s3.us-east-2.amazonaws.com/images/birdsEuropeVGoul/birdsEuropeVGoul_0122.jp2,https://www.biodiversitylibrary.org/page/42358396,sheet-birdsEuropeVGoul-0122.jpg,crop-birdsEuropeVGoul-0122.jpg,leaf found by its pencilled number; no pin checked its caption
374,Eider Duck,Somateria mollissima,Eider Duck,Anas mollissima (Linn.); Somateria mollissima (Leach),V,birdsEuropeVGoul,133915,126,42358400,landscape,270,https://bhl-open-data.s3.us-east-2.amazonaws.com/images/birdsEuropeVGoul/birdsEuropeVGoul_0126.jp2,https://www.biodiversitylibrary.org/page/42358400,sheet-birdsEuropeVGoul-0126.jpg,crop-birdsEuropeVGoul-0126.jpg,composite plate with two names/authorities
375,King Duck,Somateria spectabilis,King Duck,Anas spectabilis (Linn.); Somateria spectabilis (Leach),V,birdsEuropeVGoul,133915,130,42358404,landscape,270,https://bhl-open-data.s3.us-east-2.amazonaws.com/images/birdsEuropeVGoul/birdsEuropeVGoul_0130.jp2,https://www.biodiversitylibrary.org/page/42358404,sheet-birdsEuropeVGoul-0130.jpg,crop-birdsEuropeVGoul-0130.jpg,composite plate with two names/authorities
376,Surf Scoter,Oidemia perspicillata,Surf Scoter,Anas perspicillata (Linn.); Oidemia perspicillata (Flem.),V,birdsEuropeVGoul,133915,134,42358408,landscape,270,https://bhl-open-data.s3.us-east-2.amazonaws.com/images/birdsEuropeVGoul/birdsEuropeVGoul_0134.jp2,https://www.biodiversitylibrary.org/page/42358408,sheet-birdsEuropeVGoul-0134.jpg,crop-birdsEuropeVGoul-0134.jpg,composite plate with two names/authorities
377,Velvet Scoter,Oidemia fusca,Velvet Scoter,Oidemia fusca (Flem.),V,birdsEuropeVGoul,133915,138,42358412,landscape,270,https://bhl-open-data.s3.us-east-2.amazonaws.com/images/birdsEuropeVGoul/birdsEuropeVGoul_0138.jp2,https://www.biodiversitylibrary.org/page/42358412,sheet-birdsEuropeVGoul-0138.jpg,crop-birdsEuropeVGoul-0138.jpg,
378,Black Scoter,Oidemia nigra,Black Scoter,Anas nigra (Linn.); Oidemia nigra (Flem.),V,birdsEuropeVGoul,133915,142,42358416,landscape,270,https://bhl-open-data.s3.us-east-2.amazonaws.com/images/birdsEuropeVGoul/birdsEuropeVGoul_0142.jp2,https://www.biodiversitylibrary.org/page/42358416,sheet-birdsEuropeVGoul-0142.jpg,crop-birdsEuropeVGoul-0142.jpg,composite plate with two names/authorities
379,Golden Eye,Clangula vulgaris,Golden Eye,Anas clangula (Linn.); Clangula vulgaris (Leach),V,birdsEuropeVGoul,133915,146,42358420,landscape,270,https://bhl-open-data.s3.us-east-2.amazonaws.com/images/birdsEuropeVGoul/birdsEuropeVGoul_0146.jp2,https://www.biodiversitylibrary.org/page/42358420,sheet-birdsEuropeVGoul-0146.jpg,crop-birdsEuropeVGoul-0146.jpg,caption bears a small male (♂) sex symbol above the title
380,Barrow's Duck,Clangula Barrovii,Barrow's Duck,Clangula Barrovii (Swains. & Rich.),V,birdsEuropeVGoul,133915,150,42358424,landscape,270,https://bhl-open-data.s3.us-east-2.amazonaws.com/images/birdsEuropeVGoul/birdsEuropeVGoul_0150.jp2,https://www.biodiversitylibrary.org/page/42358424,sheet-birdsEuropeVGoul-0150.jpg,crop-birdsEuropeVGoul-0150.jpg,
381,Harlequin Duck,Clangula histrionica,Harlequin Duck,Anas histrionica (Linn.); Clangula ___ (Leach),V,birdsEuropeVGoul,133915,154,42358428,landscape,270,https://bhl-open-data.s3.us-east-2.amazonaws.com/images/birdsEuropeVGoul/birdsEuropeVGoul_0154.jp2,https://www.biodiversitylibrary.org/page/42358428,sheet-birdsEuropeVGoul-0154.jpg,crop-birdsEuropeVGoul-0154.jpg,engraved caption leaves the Clangula species epithet blank (printed underscore)
382,Long-tailed Duck,Harelda glacialis,Long Tailed Duck,Anas glacialis (Linn.); Harelda ___ (Leach),V,birdsEuropeVGoul,133915,158,42358432,landscape,270,https://bhl-open-data.s3.us-east-2.amazonaws.com/images/birdsEuropeVGoul/birdsEuropeVGoul_0158.jp2,https://www.biodiversitylibrary.org/page/42358432,sheet-birdsEuropeVGoul-0158.jpg,crop-birdsEuropeVGoul-0158.jpg,engraved caption leaves the Harelda species epithet blank (printed underscore)
383,White-headed Duck,Undina leucocephala,White-headed Duck,Undina leucocephala (Mihi),V,birdsEuropeVGoul,133915,162,42358436,landscape,270,https://bhl-open-data.s3.us-east-2.amazonaws.com/images/birdsEuropeVGoul/birdsEuropeVGoul_0162.jp2,https://www.biodiversitylibrary.org/page/42358436,sheet-birdsEuropeVGoul-0162.jpg,crop-birdsEuropeVGoul-0162.jpg,leaf found by its pencilled number; no pin checked its caption
384,Goosander,Mergus Merganser,Goosander,Mergus Merganser (Linn.),V,birdsEuropeVGoul,133915,166,42358440,landscape,270,https://bhl-open-data.s3.us-east-2.amazonaws.com/images/birdsEuropeVGoul/birdsEuropeVGoul_0166.jp2,https://www.biodiversitylibrary.org/page/42358440,sheet-birdsEuropeVGoul-0166.jpg,crop-birdsEuropeVGoul-0166.jpg,
385,Red-breasted Merganser,Mergus serrator,Red Breasted Merganser,Mergus serrator (Meyer),V,birdsEuropeVGoul,133915,170,42358444,landscape,270,https://bhl-open-data.s3.us-east-2.amazonaws.com/images/birdsEuropeVGoul/birdsEuropeVGoul_0170.jp2,https://www.biodiversitylibrary.org/page/42358444,sheet-birdsEuropeVGoul-0170.jpg,crop-birdsEuropeVGoul-0170.jpg,pencil digits faint/at an angle but consistent with sequence
386,Hooded Merganser,Mergus cucullatus,Hooded Merganser,Mergus Cucullatus (Linn.),V,birdsEuropeVGoul,133915,174,42358448,landscape,270,https://bhl-open-data.s3.us-east-2.amazonaws.com/images/birdsEuropeVGoul/birdsEuropeVGoul_0174.jp2,https://www.biodiversitylibrary.org/page/42358448,sheet-birdsEuropeVGoul-0174.jpg,crop-birdsEuropeVGoul-0174.jpg,
387,Smew,Mergus albellus,Smew,Mergus albellus (Linn.),V,birdsEuropeVGoul,133915,178,42358452,landscape,270,https://bhl-open-data.s3.us-east-2.amazonaws.com/images/birdsEuropeVGoul/birdsEuropeVGoul_0178.jp2,https://www.biodiversitylibrary.org/page/42358452,sheet-birdsEuropeVGoul-0178.jpg,crop-birdsEuropeVGoul-0178.jpg,
388,Great-crested Grebe,Podiceps cristatus,Great Crested Grebe,Podiceps cristatus (Lath.),V,birdsEuropeVGoul,133915,182,42358456,landscape,270,https://bhl-open-data.s3.us-east-2.amazonaws.com/images/birdsEuropeVGoul/birdsEuropeVGoul_0182.jp2,https://www.biodiversitylibrary.org/page/42358456,sheet-birdsEuropeVGoul-0182.jpg,crop-birdsEuropeVGoul-0182.jpg,pencil digits faint/at an angle but consistent with sequence
389,Red-necked Grebe,Podiceps rubricollis,Red-necked Grebe,Podiceps rubricollis (Lath.),V,birdsEuropeVGoul,133915,186,42358460,landscape,270,https://bhl-open-data.s3.us-east-2.amazonaws.com/images/birdsEuropeVGoul/birdsEuropeVGoul_0186.jp2,https://www.biodiversitylibrary.org/page/42358460,sheet-birdsEuropeVGoul-0186.jpg,crop-birdsEuropeVGoul-0186.jpg,
390,Horned Grebe,Podiceps cornutus,Horned Grebe,Podiceps cornutus (Lath.),V,birdsEuropeVGoul,133915,190,42358464,landscape,270,https://bhl-open-data.s3.us-east-2.amazonaws.com/images/birdsEuropeVGoul/birdsEuropeVGoul_0190.jp2,https://www.biodiversitylibrary.org/page/42358464,sheet-birdsEuropeVGoul-0190.jpg,crop-birdsEuropeVGoul-0190.jpg,
391,Eared Grebe,Podiceps auritus,Eared Grebe,Podiceps auritus (Linn.),V,birdsEuropeVGoul,133915,194,42358468,landscape,270,https://bhl-open-data.s3.us-east-2.amazonaws.com/images/birdsEuropeVGoul/birdsEuropeVGoul_0194.jp2,https://www.biodiversitylibrary.org/page/42358468,sheet-birdsEuropeVGoul-0194.jpg,crop-birdsEuropeVGoul-0194.jpg,
392,"Little Grebe, or Dabchick",Podiceps minor,Little Grebe,Podiceps minor (Linn.),V,birdsEuropeVGoul,133915,198,42358472,landscape,270,https://bhl-open-data.s3.us-east-2.amazonaws.com/images/birdsEuropeVGoul/birdsEuropeVGoul_0198.jp2,https://www.biodiversitylibrary.org/page/42358472,sheet-birdsEuropeVGoul-0198.jpg,crop-birdsEuropeVGoul-0198.jpg,
393,Northern Diver,Colymbus glacialis,Northern Diver,Colymbus glacialis (Linn.),V,birdsEuropeVGoul,133915,202,42358476,landscape,270,https://bhl-open-data.s3.us-east-2.amazonaws.com/images/birdsEuropeVGoul/birdsEuropeVGoul_0202.jp2,https://www.biodiversitylibrary.org/page/42358476,sheet-birdsEuropeVGoul-0202.jpg,crop-birdsEuropeVGoul-0202.jpg,
394,Black-throated Diver,Colymbus arcticus,Black-throated Diver,Colymbus arcticus (Linn.),V,birdsEuropeVGoul,133915,206,42358480,landscape,270,https://bhl-open-data.s3.us-east-2.amazonaws.com/images/birdsEuropeVGoul/birdsEuropeVGoul_0206.jp2,https://www.biodiversitylibrary.org/page/42358480,sheet-birdsEuropeVGoul-0206.jpg,crop-birdsEuropeVGoul-0206.jpg,
395,Red-throated Diver,Colymbus septentrionalis,Red-throated Diver,Colymbus septentrionalis (Linn.),V,birdsEuropeVGoul,133915,210,42358484,landscape,270,https://bhl-open-data.s3.us-east-2.amazonaws.com/images/birdsEuropeVGoul/birdsEuropeVGoul_0210.jp2,https://www.biodiversitylibrary.org/page/42358484,sheet-birdsEuropeVGoul-0210.jpg,crop-birdsEuropeVGoul-0210.jpg,
396,Foolish Guillemot,Uria Troile,Foolish Guillemot,Uria Troile (Lath.),V,birdsEuropeVGoul,133915,214,42358488,portrait,0,https://bhl-open-data.s3.us-east-2.amazonaws.com/images/birdsEuropeVGoul/birdsEuropeVGoul_0214.jp2,https://www.biodiversitylibrary.org/page/42358488,sheet-birdsEuropeVGoul-0214.jpg,crop-birdsEuropeVGoul-0214.jpg,
397,Bridled Guillemot,Uria lacrymans,Bridled Guillemot,Uria lachrymans (Lapyl.),V,birdsEuropeVGoul,133915,218,42358492,portrait,0,https://bhl-open-data.s3.us-east-2.amazonaws.com/images/birdsEuropeVGoul/birdsEuropeVGoul_0218.jp2,https://www.biodiversitylibrary.org/page/42358492,sheet-birdsEuropeVGoul-0218.jpg,crop-birdsEuropeVGoul-0218.jpg,leaf found by its pencilled number; no pin checked its caption
398,Brunnich's Guillemot,Uria Brunnichii,Brunnich's Guillemot,Uria Brunnichii (Sabine),V,birdsEuropeVGoul,133915,222,42358496,landscape,270,https://bhl-open-data.s3.us-east-2.amazonaws.com/images/birdsEuropeVGoul/birdsEuropeVGoul_0222.jp2,https://www.biodiversitylibrary.org/page/42358496,sheet-birdsEuropeVGoul-0222.jpg,crop-birdsEuropeVGoul-0222.jpg,
399,Black Guillemot,Uria Grylle,Black Guillemot,Uria grylle (Lath.),V,birdsEuropeVGoul,133915,226,42358500,portrait,0,https://bhl-open-data.s3.us-east-2.amazonaws.com/images/birdsEuropeVGoul/birdsEuropeVGoul_0226.jp2,https://www.biodiversitylibrary.org/page/42358500,sheet-birdsEuropeVGoul-0226.jpg,crop-birdsEuropeVGoul-0226.jpg,
400,Great Auk,Alca impennis,Great Auk,Alca impennis (Linn.),V,birdsEuropeVGoul,133915,230,42358504,landscape,270,https://bhl-open-data.s3.us-east-2.amazonaws.com/images/birdsEuropeVGoul/birdsEuropeVGoul_0230.jp2,https://www.biodiversitylibrary.org/page/42358504,sheet-birdsEuropeVGoul-0230.jpg,crop-birdsEuropeVGoul-0230.jpg,"artwork credited ""E. Lear del."" (Edward Lear); leaf found by its pencilled number; no pin checked its caption"
401,Razor-billed Auk,Alca Torda,Razor-bill Auk,Alca Torda (Linn.),V,birdsEuropeVGoul,133915,234,42358508,portrait,0,https://bhl-open-data.s3.us-east-2.amazonaws.com/images/birdsEuropeVGoul/birdsEuropeVGoul_0234.jp2,https://www.biodiversitylibrary.org/page/42358508,sheet-birdsEuropeVGoul-0234.jpg,crop-birdsEuropeVGoul-0234.jpg,
402,Little Auk,Mergulus alle,Little Auk,Alca alle (Linn.); Mergulus alle (Bon.),V,birdsEuropeVGoul,133915,238,42358512,portrait,0,https://bhl-open-data.s3.us-east-2.amazonaws.com/images/birdsEuropeVGoul/birdsEuropeVGoul_0238.jp2,https://www.biodiversitylibrary.org/page/42358512,sheet-birdsEuropeVGoul-0238.jpg,crop-birdsEuropeVGoul-0238.jpg,composite plate with two names/authorities; leaf found by its pencilled number; no pin checked its caption
403,Puffin,Mormon Fratercula,Puffin,Mormon Fratercula (Temm.),V,birdsEuropeVGoul,133915,242,42358516,portrait,0,https://bhl-open-data.s3.us-east-2.amazonaws.com/images/birdsEuropeVGoul/birdsEuropeVGoul_0242.jp2,https://www.biodiversitylibrary.org/page/42358516,sheet-birdsEuropeVGoul-0242.jpg,crop-birdsEuropeVGoul-0242.jpg,
404,Northern Puffin,Mormon glacialis,Northern Puffin,Mormon glacialis (Leach),V,birdsEuropeVGoul,133915,246,42358520,portrait,0,https://bhl-open-data.s3.us-east-2.amazonaws.com/images/birdsEuropeVGoul/birdsEuropeVGoul_0246.jp2,https://www.biodiversitylibrary.org/page/42358520,sheet-birdsEuropeVGoul-0246.jpg,crop-birdsEuropeVGoul-0246.jpg,leaf found by its pencilled number; no pin checked its caption
405,Pelican,Pelecanus Onocrotalus,Pelican,Pelecanus Onocrotalus (Linn.),V,birdsEuropeVGoul,133915,250,42358524,landscape,270,https://bhl-open-data.s3.us-east-2.amazonaws.com/images/birdsEuropeVGoul/birdsEuropeVGoul_0250.jp2,https://www.biodiversitylibrary.org/page/42358524,sheet-birdsEuropeVGoul-0250.jpg,crop-birdsEuropeVGoul-0250.jpg,"artwork credited ""E. Lear del."" (Edward Lear); leaf found by its pencilled number; no pin checked its caption"
406,Dalmatian Pelican,Pelecanus crispus,Dalmatian Pelican,Pelecanus crispus (Feld.),V,birdsEuropeVGoul,133915,254,42358528,landscape,270,https://bhl-open-data.s3.us-east-2.amazonaws.com/images/birdsEuropeVGoul/birdsEuropeVGoul_0254.jp2,https://www.biodiversitylibrary.org/page/42358528,sheet-birdsEuropeVGoul-0254.jpg,crop-birdsEuropeVGoul-0254.jpg,"artwork credited ""E. Lear del."" (Edward Lear); leaf found by its pencilled number; no pin checked its caption"
407,Common Cormorant,Phalacrocorax Carbo,Common Cormorant,,V,birdsEuropeVGoul,133915,258,42358532,landscape,270,https://bhl-open-data.s3.us-east-2.amazonaws.com/images/birdsEuropeVGoul/birdsEuropeVGoul_0258.jp2,https://www.biodiversitylibrary.org/page/42358532,sheet-birdsEuropeVGoul-0258.jpg,crop-birdsEuropeVGoul-0258.jpg,"Latin binomial could not be found; only ""COMMON CORMORANT."" is legible on the printed caption after extensive close inspection of the full leaf image, no second (italic) line was located near the caption or elsewhere on the page"
408,Black Cormorant,Phalacrocorax Graculus,Black Cormorant,Phalacrocorax graculus (Meyer),V,birdsEuropeVGoul,133915,262,42358536,landscape,270,https://bhl-open-data.s3.us-east-2.amazonaws.com/images/birdsEuropeVGoul/birdsEuropeVGoul_0262.jp2,https://www.biodiversitylibrary.org/page/42358536,sheet-birdsEuropeVGoul-0262.jpg,crop-birdsEuropeVGoul-0262.jpg,leaf found by its pencilled number; no pin checked its caption
409,Little Cormorant,Phalacrocorax pygmæus,Little Cormorant,Carbo pygmæus (Temm.),V,birdsEuropeVGoul,133915,266,42358540,landscape,270,https://bhl-open-data.s3.us-east-2.amazonaws.com/images/birdsEuropeVGoul/birdsEuropeVGoul_0266.jp2,https://www.biodiversitylibrary.org/page/42358540,sheet-birdsEuropeVGoul-0266.jpg,crop-birdsEuropeVGoul-0266.jpg,leaf found by its pencilled number; no pin checked its caption
410,"Shag, or Green Cormorant",Phalacrocorax cristatus,Shag or Green Cormorant,Phalacrocorax cristatus (Steph. Flem.),V,birdsEuropeVGoul,133915,270,42358544,landscape,270,https://bhl-open-data.s3.us-east-2.amazonaws.com/images/birdsEuropeVGoul/birdsEuropeVGoul_0270.jp2,https://www.biodiversitylibrary.org/page/42358544,sheet-birdsEuropeVGoul-0270.jpg,crop-birdsEuropeVGoul-0270.jpg,leaf found by its pencilled number; no pin checked its caption
411,Desmarest's Cormorant,Phalacrocorax Desmarestii,Desmarest's Cormorant,Phalacrocorax Desmarestii,V,birdsEuropeVGoul,133915,274,42358548,landscape,270,https://bhl-open-data.s3.us-east-2.amazonaws.com/images/birdsEuropeVGoul/birdsEuropeVGoul_0274.jp2,https://www.biodiversitylibrary.org/page/42358548,sheet-birdsEuropeVGoul-0274.jpg,crop-birdsEuropeVGoul-0274.jpg,"artwork credited ""E. Lear del. et lith."" (Edward Lear); leaf found by its pencilled number; no pin checked its caption"
412,Solan Gannet,Sula Bassana,Solan Gannet,Sula Bassana (Briss.),V,birdsEuropeVGoul,133915,278,42358552,landscape,270,https://bhl-open-data.s3.us-east-2.amazonaws.com/images/birdsEuropeVGoul/birdsEuropeVGoul_0278.jp2,https://www.biodiversitylibrary.org/page/42358552,sheet-birdsEuropeVGoul-0278.jpg,crop-birdsEuropeVGoul-0278.jpg,
413,Black-tailed Gannet,Sula melanura,Black-tailed Gannet,Sula melanura (Temm.),V,birdsEuropeVGoul,133915,282,42358556,landscape,270,https://bhl-open-data.s3.us-east-2.amazonaws.com/images/birdsEuropeVGoul/birdsEuropeVGoul_0282.jp2,https://www.biodiversitylibrary.org/page/42358556,sheet-birdsEuropeVGoul-0282.jpg,crop-birdsEuropeVGoul-0282.jpg,"artwork credited ""E. Lear del. et lith."" (Edward Lear); leaf found by its pencilled number; no pin checked its caption"
414,Caspian Tern,Sterna Caspia,Caspian Tern,Sterna Caspia (Linn.),V,birdsEuropeVGoul,133915,286,42358560,landscape,270,https://bhl-open-data.s3.us-east-2.amazonaws.com/images/birdsEuropeVGoul/birdsEuropeVGoul_0286.jp2,https://www.biodiversitylibrary.org/page/42358560,sheet-birdsEuropeVGoul-0286.jpg,crop-birdsEuropeVGoul-0286.jpg,
415,Sandwich Tern,Sterna cantiaca,Sandwich Tern,Sterna cantiaca (Gmel.),V,birdsEuropeVGoul,133915,290,42358564,landscape,270,https://bhl-open-data.s3.us-east-2.amazonaws.com/images/birdsEuropeVGoul/birdsEuropeVGoul_0290.jp2,https://www.biodiversitylibrary.org/page/42358564,sheet-birdsEuropeVGoul-0290.jpg,crop-birdsEuropeVGoul-0290.jpg,
416,Gull-billed Tern,Sterna Anglica,Gull Billed Tern,Sterna Anglica (Montagu),V,birdsEuropeVGoul,133915,294,42358568,landscape,270,https://bhl-open-data.s3.us-east-2.amazonaws.com/images/birdsEuropeVGoul/birdsEuropeVGoul_0294.jp2,https://www.biodiversitylibrary.org/page/42358568,sheet-birdsEuropeVGoul-0294.jpg,crop-birdsEuropeVGoul-0294.jpg,
417,Common Tern,Sterna Hirundo,Common Tern,Sterna Hirundo (Linn.),V,birdsEuropeVGoul,133915,298,42358572,landscape,270,https://bhl-open-data.s3.us-east-2.amazonaws.com/images/birdsEuropeVGoul/birdsEuropeVGoul_0298.jp2,https://www.biodiversitylibrary.org/page/42358572,sheet-birdsEuropeVGoul-0298.jpg,crop-birdsEuropeVGoul-0298.jpg,
418,Roseate Tern,Sterna Dougallii,Roseate Tern,Sterna Dougallii (Mont.),V,birdsEuropeVGoul,133915,302,42358576,landscape,270,https://bhl-open-data.s3.us-east-2.amazonaws.com/images/birdsEuropeVGoul/birdsEuropeVGoul_0302.jp2,https://www.biodiversitylibrary.org/page/42358576,sheet-birdsEuropeVGoul-0302.jpg,crop-birdsEuropeVGoul-0302.jpg,
419,Arctic Tern,Sterna Arctica,Arctic Tern,Sterna Arctica (Temm.),V,birdsEuropeVGoul,133915,306,42358580,landscape,270,https://bhl-open-data.s3.us-east-2.amazonaws.com/images/birdsEuropeVGoul/birdsEuropeVGoul_0306.jp2,https://www.biodiversitylibrary.org/page/42358580,sheet-birdsEuropeVGoul-0306.jpg,crop-birdsEuropeVGoul-0306.jpg,
420,Little Tern,Sterna minuta,Little Tern,Sterna minuta (Linn.),V,birdsEuropeVGoul,133915,310,42358584,landscape,270,https://bhl-open-data.s3.us-east-2.amazonaws.com/images/birdsEuropeVGoul/birdsEuropeVGoul_0310.jp2,https://www.biodiversitylibrary.org/page/42358584,sheet-birdsEuropeVGoul-0310.jpg,crop-birdsEuropeVGoul-0310.jpg,
421,Noddy Tern,Sterna stolida,Noddy Tern,Sterna stolida (Linn.),V,birdsEuropeVGoul,133915,314,42358588,landscape,270,https://bhl-open-data.s3.us-east-2.amazonaws.com/images/birdsEuropeVGoul/birdsEuropeVGoul_0314.jp2,https://www.biodiversitylibrary.org/page/42358588,sheet-birdsEuropeVGoul-0314.jpg,crop-birdsEuropeVGoul-0314.jpg,
422,Black Tern,Viralva nigra,Black Tern,Sterna nigra (Linn.); Viralva nigra (Leach),V,birdsEuropeVGoul,133915,318,42358592,landscape,270,https://bhl-open-data.s3.us-east-2.amazonaws.com/images/birdsEuropeVGoul/birdsEuropeVGoul_0318.jp2,https://www.biodiversitylibrary.org/page/42358592,sheet-birdsEuropeVGoul-0318.jpg,crop-birdsEuropeVGoul-0318.jpg,composite plate with two names/authorities
423,White-winged Tern,Viralva leucoptera,White-winged Tern,Sterna leucoptera (Linn.); Viralva leucoptera (Leach),V,birdsEuropeVGoul,133915,322,42358596,landscape,270,https://bhl-open-data.s3.us-east-2.amazonaws.com/images/birdsEuropeVGoul/birdsEuropeVGoul_0322.jp2,https://www.biodiversitylibrary.org/page/42358596,sheet-birdsEuropeVGoul-0322.jpg,crop-birdsEuropeVGoul-0322.jpg,composite plate with two names/authorities
424,Moustache Tern,Viralva leucopareïa,Moustache Tern,Sterna leucopareia (Natt.); Viralva leucopareia (Steph.),V,birdsEuropeVGoul,133915,326,42358600,landscape,270,https://bhl-open-data.s3.us-east-2.amazonaws.com/images/birdsEuropeVGoul/birdsEuropeVGoul_0326.jp2,https://www.biodiversitylibrary.org/page/42358600,sheet-birdsEuropeVGoul-0326.jpg,crop-birdsEuropeVGoul-0326.jpg,composite plate with two names/authorities
425,Laughing Gull,Xema ridibunda,Laughing Gull,Xema ridibundus (Boje),V,birdsEuropeVGoul,133915,330,42358604,landscape,270,https://bhl-open-data.s3.us-east-2.amazonaws.com/images/birdsEuropeVGoul/birdsEuropeVGoul_0330.jp2,https://www.biodiversitylibrary.org/page/42358604,sheet-birdsEuropeVGoul-0330.jpg,crop-birdsEuropeVGoul-0330.jpg,
426,Black-winged Gull,Xema atricilla,Black-winged Gull,Larus atricilla (Linn.),V,birdsEuropeVGoul,133915,334,42358608,landscape,270,https://bhl-open-data.s3.us-east-2.amazonaws.com/images/birdsEuropeVGoul/birdsEuropeVGoul_0334.jp2,https://www.biodiversitylibrary.org/page/42358608,sheet-birdsEuropeVGoul-0334.jpg,crop-birdsEuropeVGoul-0334.jpg,
427,Black-headed Gull,Xema melanocephala,Black Headed Gull,Xema melanocephalus (Boje),V,birdsEuropeVGoul,133915,338,42358612,landscape,270,https://bhl-open-data.s3.us-east-2.amazonaws.com/images/birdsEuropeVGoul/birdsEuropeVGoul_0338.jp2,https://www.biodiversitylibrary.org/page/42358612,sheet-birdsEuropeVGoul-0338.jpg,crop-birdsEuropeVGoul-0338.jpg,
428,Little Gull,Xema minuta,Little Gull,Xema minutus (Boje),V,birdsEuropeVGoul,133915,342,42358616,landscape,270,https://bhl-open-data.s3.us-east-2.amazonaws.com/images/birdsEuropeVGoul/birdsEuropeVGoul_0342.jp2,https://www.biodiversitylibrary.org/page/42358616,sheet-birdsEuropeVGoul-0342.jpg,crop-birdsEuropeVGoul-0342.jpg,
429,Sabine's Gull,Xema Sabinii,Sabine's Gull,Xema Sabinii (Leach),V,birdsEuropeVGoul,133915,346,42358620,landscape,270,https://bhl-open-data.s3.us-east-2.amazonaws.com/images/birdsEuropeVGoul/birdsEuropeVGoul_0346.jp2,https://www.biodiversitylibrary.org/page/42358620,sheet-birdsEuropeVGoul-0346.jpg,crop-birdsEuropeVGoul-0346.jpg,
430,Great Black-backed Gull,Larus marinus,Great Black-backed Gull,Larus marinus (Linn.),V,birdsEuropeVGoul,133915,350,42358624,landscape,270,https://bhl-open-data.s3.us-east-2.amazonaws.com/images/birdsEuropeVGoul/birdsEuropeVGoul_0350.jp2,https://www.biodiversitylibrary.org/page/42358624,sheet-birdsEuropeVGoul-0350.jpg,crop-birdsEuropeVGoul-0350.jpg,"artwork credited ""E. Lear del. et lith."" (Edward Lear)"
431,Lesser Black-backed Gull,Larus fuscus,Lesser Black-backed Gull,Larus fuscus (Linn.),V,birdsEuropeVGoul,133915,354,42358628,landscape,270,https://bhl-open-data.s3.us-east-2.amazonaws.com/images/birdsEuropeVGoul/birdsEuropeVGoul_0354.jp2,https://www.biodiversitylibrary.org/page/42358628,sheet-birdsEuropeVGoul-0354.jpg,crop-birdsEuropeVGoul-0354.jpg,
432,Glaucous Gull,Larus glaucus,Glaucous Gull,Larus glaucus (Brunn.),V,birdsEuropeVGoul,133915,358,42358632,landscape,270,https://bhl-open-data.s3.us-east-2.amazonaws.com/images/birdsEuropeVGoul/birdsEuropeVGoul_0358.jp2,https://www.biodiversitylibrary.org/page/42358632,sheet-birdsEuropeVGoul-0358.jpg,crop-birdsEuropeVGoul-0358.jpg,"artwork credited ""Edw.d Lear del. et lith."" (Edward Lear)"
433,Iceland Gull,Larus Islandicus,Iceland Gull,Larus Islandicus (Edmonston),V,birdsEuropeVGoul,133915,362,42358636,landscape,270,https://bhl-open-data.s3.us-east-2.amazonaws.com/images/birdsEuropeVGoul/birdsEuropeVGoul_0362.jp2,https://www.biodiversitylibrary.org/page/42358636,sheet-birdsEuropeVGoul-0362.jpg,crop-birdsEuropeVGoul-0362.jpg,
434,Herring Gull,Larus argentatus,Herring Gull,Larus Argentatus (Brunn.),V,birdsEuropeVGoul,133915,366,42358640,landscape,270,https://bhl-open-data.s3.us-east-2.amazonaws.com/images/birdsEuropeVGoul/birdsEuropeVGoul_0366.jp2,https://www.biodiversitylibrary.org/page/42358640,sheet-birdsEuropeVGoul-0366.jpg,crop-birdsEuropeVGoul-0366.jpg,
435,Kittiwake Gull,Larus Rissa,Kittiwake Gull,Larus Rissa (Linn.),V,birdsEuropeVGoul,133915,370,42358644,landscape,270,https://bhl-open-data.s3.us-east-2.amazonaws.com/images/birdsEuropeVGoul/birdsEuropeVGoul_0370.jp2,https://www.biodiversitylibrary.org/page/42358644,sheet-birdsEuropeVGoul-0370.jpg,crop-birdsEuropeVGoul-0370.jpg,
436,Ivory Gull,Larus eburneus,Ivory Gull,Larus eburneus (Gmel.),V,birdsEuropeVGoul,133915,374,42358648,landscape,270,https://bhl-open-data.s3.us-east-2.amazonaws.com/images/birdsEuropeVGoul/birdsEuropeVGoul_0374.jp2,https://www.biodiversitylibrary.org/page/42358648,sheet-birdsEuropeVGoul-0374.jpg,crop-birdsEuropeVGoul-0374.jpg,leaf found by its pencilled number; no pin checked its caption
437,Common Gull,Larus canus,Common Gull,Larus canus (Linn.),V,birdsEuropeVGoul,133915,378,42358652,landscape,270,https://bhl-open-data.s3.us-east-2.amazonaws.com/images/birdsEuropeVGoul/birdsEuropeVGoul_0378.jp2,https://www.biodiversitylibrary.org/page/42358652,sheet-birdsEuropeVGoul-0378.jpg,crop-birdsEuropeVGoul-0378.jpg,
438,Audouin's Gull,Larus Audouinii,Audouin's Gull,Larus Audouinii (Temm.),V,birdsEuropeVGoul,133915,382,42358656,landscape,270,https://bhl-open-data.s3.us-east-2.amazonaws.com/images/birdsEuropeVGoul/birdsEuropeVGoul_0382.jp2,https://www.biodiversitylibrary.org/page/42358656,sheet-birdsEuropeVGoul-0382.jpg,crop-birdsEuropeVGoul-0382.jpg,"artwork credited ""E. Lear del. et lith."" (Edward Lear)"
439,Skua,Lestris catarractes,Skua Gull,Lestris catarractes (Temm.),V,birdsEuropeVGoul,133915,386,42358660,landscape,270,https://bhl-open-data.s3.us-east-2.amazonaws.com/images/birdsEuropeVGoul/birdsEuropeVGoul_0386.jp2,https://www.biodiversitylibrary.org/page/42358660,sheet-birdsEuropeVGoul-0386.jpg,crop-birdsEuropeVGoul-0386.jpg,
440,Pomarine Gull,Lestris Pomarinus,Pomerine Gull,Lestris pomerinus (Temm.),V,birdsEuropeVGoul,133915,390,42358664,landscape,270,https://bhl-open-data.s3.us-east-2.amazonaws.com/images/birdsEuropeVGoul/birdsEuropeVGoul_0390.jp2,https://www.biodiversitylibrary.org/page/42358664,sheet-birdsEuropeVGoul-0390.jpg,crop-birdsEuropeVGoul-0390.jpg,
441,Richardson's Lestris,Lestris Richardsonii,Richardson's Lestris,Lestris Richardsonii (Swains.),V,birdsEuropeVGoul,133915,394,42358668,landscape,270,https://bhl-open-data.s3.us-east-2.amazonaws.com/images/birdsEuropeVGoul/birdsEuropeVGoul_0394.jp2,https://www.biodiversitylibrary.org/page/42358668,sheet-birdsEuropeVGoul-0394.jpg,crop-birdsEuropeVGoul-0394.jpg,
442,Parasitic Gull,Lestris Parasiticus,Parasitic Gull,Lestris parasiticus (Ill. Temm.),V,birdsEuropeVGoul,133915,398,42358672,landscape,270,https://bhl-open-data.s3.us-east-2.amazonaws.com/images/birdsEuropeVGoul/birdsEuropeVGoul_0398.jp2,https://www.biodiversitylibrary.org/page/42358672,sheet-birdsEuropeVGoul-0398.jpg,crop-birdsEuropeVGoul-0398.jpg,
443,Manks Shearwater,Puffinus Anglorum,Manks Shearwater,Puffinus Anglorum (Ray),V,birdsEuropeVGoul,133915,402,42358676,landscape,270,https://bhl-open-data.s3.us-east-2.amazonaws.com/images/birdsEuropeVGoul/birdsEuropeVGoul_0402.jp2,https://www.biodiversitylibrary.org/page/42358676,sheet-birdsEuropeVGoul-0402.jpg,crop-birdsEuropeVGoul-0402.jpg,
444,Dusky Shearwater,Puffinus obscurus,Dusky Shearwater,Puffinus obscurus,V,birdsEuropeVGoul,133915,406,42358680,landscape,270,https://bhl-open-data.s3.us-east-2.amazonaws.com/images/birdsEuropeVGoul/birdsEuropeVGoul_0406.jp2,https://www.biodiversitylibrary.org/page/42358680,sheet-birdsEuropeVGoul-0406.jpg,crop-birdsEuropeVGoul-0406.jpg,leaf found by its pencilled number; no pin checked its caption
445,Cinereous Shearwater,Puffinus cinereus,Cinereous Shearwater,Puffinus cinereus? (Steph.),V,birdsEuropeVGoul,133915,410,42358684,landscape,270,https://bhl-open-data.s3.us-east-2.amazonaws.com/images/birdsEuropeVGoul/birdsEuropeVGoul_0410.jp2,https://www.biodiversitylibrary.org/page/42358684,sheet-birdsEuropeVGoul-0410.jpg,crop-birdsEuropeVGoul-0410.jpg,question mark is part of the printed caption (species questioned by Gould); leaf found by its pencilled number; no pin checked its caption
446,Fulmar Petrel,Procellaria glacialis,Fulmar Petrel,Procellaria glacialis (Linn.),V,birdsEuropeVGoul,133915,414,42358688,landscape,270,https://bhl-open-data.s3.us-east-2.amazonaws.com/images/birdsEuropeVGoul/birdsEuropeVGoul_0414.jp2,https://www.biodiversitylibrary.org/page/42358688,sheet-birdsEuropeVGoul-0414.jpg,crop-birdsEuropeVGoul-0414.jpg,
447,Fork-tailed Storm Petrel,Thalassidroma Leachii,"Fork-tailed Storm-Petrel, Common Storm-Petrel",Thalassidroma Leachii; Thalassidroma pelagica (Selby),V,birdsEuropeVGoul,133915,418,42358692,landscape,270,https://bhl-open-data.s3.us-east-2.amazonaws.com/images/birdsEuropeVGoul/birdsEuropeVGoul_0418.jp2,https://www.biodiversitylibrary.org/page/42358692,sheet-birdsEuropeVGoul-0418.jpg,crop-birdsEuropeVGoul-0418.jpg,composite plate with two full species (two English names and two Latin names/authorities)
448,Common Storm Petrel,Thalassidroma pelagica,"Fork-tailed Storm-Petrel, Common Storm-Petrel",Thalassidroma Leachii; Thalassidroma pelagica (Selby),V,birdsEuropeVGoul,133915,418,42358692,landscape,270,https://bhl-open-data.s3.us-east-2.amazonaws.com/images/birdsEuropeVGoul/birdsEuropeVGoul_0418.jp2,https://www.biodiversitylibrary.org/page/42358692,sheet-birdsEuropeVGoul-0418.jpg,crop-birdsEuropeVGoul-0418.jpg,composite plate with two full species (two English names and two Latin names/authorities)
449,Bulwer's Petrel,Thalassidroma ? Bulwerii,Bulwer's Petrel,Thalassidroma? Bulwerii,V,birdsEuropeVGoul,133915,422,42358696,landscape,270,https://bhl-open-data.s3.us-east-2.amazonaws.com/images/birdsEuropeVGoul/birdsEuropeVGoul_0422.jp2,https://www.biodiversitylibrary.org/page/42358696,sheet-birdsEuropeVGoul-0422.jpg,crop-birdsEuropeVGoul-0422.jpg,question mark after genus is part of the printed caption
