plate,figure,printed_name,printed_latin,scientific,common,ebird_code,taxonomy,wikidata,gbif,avibase,birdnet_label,form,confidence,caption_checked,reason,sources
1,,Griffon Vulture,Vultur fulvus,Gyps fulvus,Eurasian Griffon,eurgri1,eBird/Clements 2025,Q177856,2480389,5D1987CEE4005AA2,Gyps fulvus_Eurasian Griffon,,high,yes,Vultur fulvus Linn. = Gyps fulvus (Eurasian Griffon); same species,General List (vol. I); engraved caption on the leaf; crosswalk
2,,Cinereous Vulture,Vultur cinereus,Aegypius monachus,Cinereous Vulture,cinvul1,eBird/Clements 2025,Q168677,5229165,158BDC90F07DF1D2,Aegypius monachus_Cinereous Vulture,,high,yes,Vultur cinereus Linn. is the Cinereous (Monk) Vulture,General List (vol. I); engraved caption on the leaf; crosswalk
3,,Egyptian Neophron,Neophron Percnopterus,,,,,,,,,,high,no,"Neophron Percnopterus = Neophron percnopterus, which is not a BirdNET V2.4 label; blank",General List (vol. I); crosswalk
4,,Bearded Vulture or Læmmer-geyer,Gypaëtus barbatus,,,,,,,,,,high,no,"Gypaëtus barbatus = Gypaetus barbatus, which is not a BirdNET V2.4 label; blank",General List (vol. I); crosswalk
5,,Imperial Eagle,Aquila Imperialis,Aquila heliaca,Imperial Eagle,impeag1,eBird/Clements 2025,Q168976,2480500,469DCF57248A1C69,Aquila heliaca_Imperial Eagle,,judged,yes,"Split: Imperial Eagle (A. heliaca) and Spanish Eagle (A. adalberti, described 1860). Gould's text gives SE Europe/Hungary/Turkey, so heliaca is probable, but an Iberian specimen would be adalberti; confirm on the plate (adalberti has white leading edge to the wing) | Decided 25 Sep 2026 on the review page, checked against Dresser and the KU catalogue (see gould_europe.yaml).",General List (vol. I); engraved caption on the leaf; crosswalk
6,,Golden Eagle,Aquila chrysaëta,Aquila chrysaetos,Golden Eagle,goleag,eBird/Clements 2025,Q41181,2480506,5F8E7CA845BD413F,Aquila chrysaetos_Golden Eagle,,high,yes,"Aquila chrysaëta Briss. = Aquila chrysaetos (Golden Eagle); same species, older binomial",General List (vol. I); engraved caption on the leaf; crosswalk
7,,Bonelli's Eagle,Aquila Bonelli,,,,,,,,,,high,no,"Aquila Bonelli = Aquila fasciata, which is not a BirdNET V2.4 label; blank",General List (vol. I); crosswalk
8,,Spotted Eagle,Aquila nævia,,,,,,,,,,low,no,"Aquila naevia then covered both Greater (Clanga clanga) and Lesser Spotted Eagle (C. pomarina, split by Brehm 1831); cannot tell which the plate shows without the figure; blank",General List (vol. I); crosswalk
9,,Booted Eagle,Aquila pennata,Hieraaetus pennatus,Booted Eagle,booeag1,eBird/Clements 2025,Q182971,2480685,4B8CC2853542FFED,Hieraaetus pennatus_Booted Eagle,,high,yes,"Aquila pennata Steph. = Hieraaetus pennatus (Booted Eagle); same species, older binomial",General List (vol. I); engraved caption on the leaf; crosswalk
10,,Sea Eagle,Haliaëtus albicilla,Haliaeetus albicilla,White-tailed Eagle,whteag,eBird/Clements 2025,Q25438,2480449,5A3D91D3254A568D,Haliaeetus albicilla_White-tailed Eagle,,high,yes,Haliaëtus albicilla Selby. = Haliaeetus albicilla (White-tailed Eagle); same species,General List (vol. I); engraved caption on the leaf; crosswalk
11,,White-headed Eagle,Haliaëtus leucocephalus,Haliaeetus leucocephalus,Bald Eagle,baleag,eBird/Clements 2025,Q127216,2480446,FED3756C12CF67FA,Haliaeetus leucocephalus_Bald Eagle,,high,yes,Haliaëtus leucocephalus Savig. = Haliaeetus leucocephalus (Bald Eagle); same species,General List (vol. I); engraved caption on the leaf; crosswalk
12,,Osprey,Pandion haliaëtus,Pandion haliaetus,Osprey,osprey,eBird/Clements 2025,Q25332,2480726,5BCF1891777ED3D3,Pandion haliaetus_Osprey,,high,yes,"Pandion haliaëtus Savig. = Pandion haliaetus (Osprey); same species, older binomial",General List (vol. I); engraved caption on the leaf; crosswalk
13,,Short-toed Eagle,Circaëtus brachydactylus,Circaetus gallicus,Short-toed Snake-Eagle,shteag1,eBird/Clements 2025,Q170251,2480666,8372FFBAA4080FBB,Circaetus gallicus_Short-toed Snake-Eagle,,high,yes,Circaetus brachydactylus Vieill. is a synonym of C. gallicus (Short-toed Eagle),General List (vol. I); engraved caption on the leaf; crosswalk
14,,Common Buzzard,Buteo vulgaris,Buteo buteo,Common Buzzard,combuz1,eBird/Clements 2025,Q25385,2480537,3C6D4915490BC8CD,Buteo buteo_Common Buzzard,,high,yes,Buteo vulgaris Bechst. = Common Buzzard B. buteo,General List (vol. I); engraved caption on the leaf; crosswalk
15,,Rough-legged Buzzard,Buteo Lagopus,Buteo lagopus,Rough-legged Hawk,rolhaw,eBird/Clements 2025,Q26407,2480524,90B13ACF984D0DDF,Buteo lagopus_Rough-legged Hawk,,high,yes,Rough-legged Buzzard; BirdNET calls it Rough-legged Hawk,General List (vol. I); engraved caption on the leaf; crosswalk
16,,Honey Buzzard,Pernis apivorus,Pernis apivorus,European Honey-buzzard,euhbuz1,eBird/Clements 2025,Q170466,2480420,ED5A7E8F6EDBB78E,Pernis apivorus_European Honey-buzzard,,high,yes,Pernis apivorus Cuv. = Pernis apivorus (European Honey-buzzard); same species,General List (vol. I); engraved caption on the leaf; crosswalk
17,,Goshawk,Astur palumbarius,Astur gentilis,Eurasian Goshawk,norgos1,eBird/Clements 2025,Q25353,2480589,,Accipiter gentilis_Northern Goshawk,,high,yes,"Astur palumbarius = Goshawk (Falco palumbarius Linn.). Split since (Eurasian Astur gentilis vs American A. atricapillus); BirdNET V2.4 keeps one Accipiter gentilis Northern Goshawk, which Gould's European bird is; BirdNET's Northern Goshawk is split by eBird into American and Eurasian Goshawk",General List (vol. I); engraved caption on the leaf; crosswalk
18,,Sparrow Hawk,Accipiter fringillarius,Accipiter nisus,Eurasian Sparrowhawk,eurspa1,eBird/Clements 2025,Q25380,2480637,DB376A66278ED21E,Accipiter nisus_Eurasian Sparrowhawk,,high,yes,Accipiter fringillarius Ray = Sparrowhawk A. nisus,General List (vol. I); engraved caption on the leaf; crosswalk
19,,Jer Falcon,Falco Islandicus,Falco rusticolus,Gyrfalcon,gyrfal,eBird/Clements 2025,Q177688,8069880,E19252A76FC7845B,Falco rusticolus_Gyrfalcon,subspecies,high,yes,"Iceland Falcon (F. islandicus) is a pale form of the Gyrfalcon, F. rusticolus",General List (vol. I); engraved caption on the leaf; crosswalk
20,,Lanner Falcon,Falco Lanarius,,,,,,,,,,low,no,"Lanner (F. biarmicus) is not in BirdNET labels; and ""Falco lanarius"" of the 1830s was also applied to the Saker (F. cherrug, also absent). Blank",General List (vol. I); crosswalk
21,,Peregrine Falcon,Falco Peregrinus,Falco peregrinus,Peregrine Falcon,perfal,eBird/Clements 2025,Q30535,2481047,C7F1C08CB3F7F2DA,Falco peregrinus_Peregrine Falcon,,high,yes,Falco Peregrinus Linn. = Falco peregrinus (Peregrine Falcon); same species,General List (vol. I); engraved caption on the leaf; crosswalk
22,,Hobby,Falco subbuteo,Falco subbuteo,Eurasian Hobby,eurhob,eBird/Clements 2025,Q25876,2481035,E91E287A2946B0C9,Falco subbuteo_Eurasian Hobby,,high,yes,Falco subbuteo Linn. = Falco subbuteo (Eurasian Hobby); same species,General List (vol. I); engraved caption on the leaf; crosswalk
23,,Red-footed Falcon,Falco rufipes,Falco vespertinus,Red-footed Falcon,reffal1,eBird/Clements 2025,Q179625,2481062,997A9437E564FCFE,Falco vespertinus_Red-footed Falcon,,high,yes,Falco rufipes Bechst. = Red-footed Falcon F. vespertinus,General List (vol. I); engraved caption on the leaf; crosswalk
24,,Merlin,Falco Æsalon,Falco columbarius,Merlin,merlin,eBird/Clements 2025,Q131918,9813242,F3DA111CC8A6841B,Falco columbarius_Merlin,,high,yes,"Falco aesalon Temm. = Merlin; Eurasian Merlin is sometimes split as F. aesalon, BirdNET keeps F. columbarius",General List (vol. I); engraved caption on the leaf; crosswalk
25,,Lead-coloured Falcon,Falco concolor,,,,,,,,,,low,no,"Sooty Falcon (F. concolor) is not in BirdNET labels; and Gould's dark European ""concolor"" may be a dark Eleonora's Falcon (described 1839), also absent. Blank",General List (vol. I); crosswalk
26,,Kestrel,Falco Tinnunculus,Falco tinnunculus,Eurasian Kestrel,eurkes,eBird/Clements 2025,Q26490,9616058,DCDDC20BDA55E5D3,Falco tinnunculus_Eurasian Kestrel,,high,yes,Falco Tinnunculus Linn. = Falco tinnunculus (Eurasian Kestrel); same species,General List (vol. I); engraved caption on the leaf; crosswalk
27,,Lesser Kestrel,Falco Tinnunculoides,Falco naumanni,Lesser Kestrel,leskes1,eBird/Clements 2025,Q229408,9584698,BECA271F14F77BEE,Falco naumanni_Lesser Kestrel,,high,yes,Falco tinnunculoides Natt. = Lesser Kestrel F. naumanni,General List (vol. I); engraved caption on the leaf; crosswalk
28,,Kite,Milvus vulgaris,Milvus milvus,Red Kite,redkit1,eBird/Clements 2025,Q156250,5229168,4E76C8C0,Milvus milvus_Red Kite,,high,yes,Milvus vulgaris Flem. = Red Kite,General List (vol. I); engraved caption on the leaf; crosswalk
29,,Black Kite,Milvus ater,Milvus migrans,Black Kite,blakit1,eBird/Clements 2025,Q80362,5229167,C1C255AA01C58664,Milvus migrans_Black Kite,,high,yes,Milvus ater = Black Kite M. migrans,General List (vol. I); engraved caption on the leaf; crosswalk
30,,Swallow-tailed Kite,Nauclerus furcatus,Elanoides forficatus,Swallow-tailed Kite,swtkit,eBird/Clements 2025,Q430540,2480461,1BAC66452DCC9AC9,Elanoides forficatus_Swallow-tailed Kite,,high,yes,Nauclerus furcatus = American Swallow-tailed Kite,General List (vol. I); engraved caption on the leaf; crosswalk
31,,Black-winged Kite,Elanus melanopterus,Elanus caeruleus,Black-winged Kite,bkskit1,eBird/Clements 2025,Q27227,2480372,97C47F3E1BA4129A,Elanus caeruleus_Black-winged Kite,,high,yes,Elanus melanopterus Leach = Black-winged Kite E. caeruleus,General List (vol. I); engraved caption on the leaf; crosswalk
32,,Marsh Harrier,Circus rufus,Circus aeruginosus,Western Marsh Harrier,wemhar1,eBird/Clements 2025,Q26431,2480482,E2A19474E62F83E1,Circus aeruginosus_Eurasian Marsh-Harrier,,high,yes,Circus rufus Briss. = Marsh Harrier C. aeruginosus,General List (vol. I); engraved caption on the leaf; crosswalk
33,,Hen Harrier,Circus cyaneus,Circus cyaneus,Hen Harrier,norhar1,eBird/Clements 2025,Q25572,2480487,F558C7F96E40C134,Circus cyaneus_Hen Harrier,,high,yes,European Hen Harrier; BirdNET already splits Northern Harrier (C. hudsonius) off,General List (vol. I); engraved caption on the leaf; crosswalk
34,,Pallid Harrier,Circus pallidus,Circus macrourus,Pallid Harrier,palhar1,eBird/Clements 2025,Q230837,2480491,22647E26E5C80F2E,Circus macrourus_Pallid Harrier,,high,yes,Circus pallidus Sykes = Pallid Harrier C. macrourus,General List (vol. I); engraved caption on the leaf; crosswalk
35,,Ash-coloured Harrier,Circus cineraceus,Circus pygargus,Montagu's Harrier,monhar1,eBird/Clements 2025,Q26574,2480495,63B6412E23CC0D93,Circus pygargus_Montagu's Harrier,,high,yes,Circus cineraceus Meyer = Montagu's Harrier C. pygargus (Gould's 'Ash-coloured Harrier'),General List (vol. I); engraved caption on the leaf; crosswalk
36,,Barn Owl,Strix flammea,Tyto alba,Western Barn Owl,webowl1,eBird/Clements 2025,,,,Tyto alba_Barn Owl,,high,yes,"Strix flammea Linn. = Barn Owl; European bird is Western Barn Owl if split, BirdNET keeps Tyto alba; eBird splits Barn Owl; the binomial stays with Western Barn Owl",General List (vol. I); engraved caption on the leaf; crosswalk
37,,Great Horned or Eagle Owl,Bubo maximus,Bubo bubo,Eurasian Eagle-Owl,eueowl1,eBird/Clements 2025,Q130933,5959092,5516AEB347441B72,Bubo bubo_Eurasian Eagle-Owl,,high,yes,Bubo maximus Sibb. = Eurasian Eagle-Owl,General List (vol. I); engraved caption on the leaf; crosswalk
38,,Eastern Great Horned Owl,Bubo Ascalaphus,,,,,,,,,,high,no,"Bubo Ascalaphus = Bubo ascalaphus, which is not a BirdNET V2.4 label; blank. Bubo ascalaphus Savigny = Pharaoh Eagle-Owl",General List (vol. I); crosswalk
39,,Long-eared Owl,Otus vulgaris,Asio otus,Long-eared Owl,loeowl,eBird/Clements 2025,Q25384,2497306,FC4D40D2D5CEA6BE,Asio otus_Long-eared Owl,,high,yes,Otus vulgaris Flem. = Long-eared Owl,General List (vol. I); engraved caption on the leaf; crosswalk
40,,Short-eared Owl,Otus Brachyotus,Asio flammeus,Short-eared Owl,sheowl,eBird/Clements 2025,Q25769,2497295,8F123A11E5DADFDD,Asio flammeus_Short-eared Owl,,high,yes,Otus brachyotus = Short-eared Owl,General List (vol. I); engraved caption on the leaf; crosswalk
41,,Scops-eared Owl,Scops Aldrovandi,Otus scops,Eurasian Scops-Owl,eursco1,eBird/Clements 2025,Q171563,2497701,8B9017E833633F09,Otus scops_Eurasian Scops-Owl,,high,yes,Scops Aldrovandi = Eurasian Scops Owl,General List (vol. I); engraved caption on the leaf; crosswalk
42,,Great Cinereous Owl,Surnia cinerea,Strix nebulosa,Great Gray Owl,grgowl,eBird/Clements 2025,Q200724,2497522,FA36ABE544B38D79,Strix nebulosa_Great Gray Owl,,high,yes,"Strix cinerea Gmel. = Great Grey Owl (modern Strix nebulosa). Trap: Gould's ""nebulosa"" is plate 46, the Barred Owl",General List (vol. I); engraved caption on the leaf; crosswalk
43,,Snowy Owl,Surnia Nyctea,Bubo scandiacus,Snowy Owl,snoowl1,eBird/Clements 2025,Q170177,5959143,5B23B360E7DEC4A9,Bubo scandiacus_Snowy Owl,,high,yes,Strix nyctea Linn. = Snowy Owl,General List (vol. I); engraved caption on the leaf; crosswalk
44,,Ural Owl,Surnia Uralensis,Strix uralensis,Ural Owl,uraowl1,eBird/Clements 2025,Q190083,2497509,E162AEB825EEBCE3,Strix uralensis_Ural Owl,,high,yes,Surnia Uralensis Dum. = Strix uralensis (Ural Owl); same species,General List (vol. I); engraved caption on the leaf; crosswalk
45,,Hawk Owl,Surnia funerea,Surnia ulula,Northern Hawk Owl,nohowl,eBird/Clements 2025,Q193192,2497894,C2018A5DD8CDB5F5,Surnia ulula_Northern Hawk Owl,,high,yes,Surnia funerea = Northern Hawk Owl S. ulula,General List (vol. I); engraved caption on the leaf; crosswalk
46,,Barred Owl,Ulula nebulosa,Strix varia,Barred Owl,brdowl,eBird/Clements 2025,Q630457,2497541,BDBB04D55A6762C8,Strix varia_Barred Owl,,high,yes,"Strix nebulosa Forster (as Gould/Cuvier used it) = the American Barred Owl, today Strix varia; the Great Grey Owl is his separate plate 42. Trap: modern Strix nebulosa is the Great Grey",General List (vol. I); engraved caption on the leaf; crosswalk
47,,Tawny or Wood Owl,Syrnium Aluco,Strix aluco,Tawny Owl,tawowl1,eBird/Clements 2025,Q25756,9282206,612B4380B3AF772A,Strix aluco_Tawny Owl,,high,yes,Syrnium Aluco Savig. = Strix aluco (Tawny Owl); same species,General List (vol. I); engraved caption on the leaf; crosswalk
48,,Little Owl,Noctua nudipes,Athene noctua,Little Owl,litowl1,eBird/Clements 2025,Q129958,2497266,9A7B268C4EF6F803,Athene noctua_Little Owl,,high,yes,Noctua nudipes Nilss. = Little Owl A. noctua (Gould's 'Little Owl'),General List (vol. I); engraved caption on the leaf; crosswalk
49,,Tengmalm's Owl,Noctua ? Tengmalmi,Aegolius funereus,Boreal Owl,borowl,eBird/Clements 2025,Q174466,5739298,8AB4EAF6DBFA02CE,Aegolius funereus_Boreal Owl,,high,yes,Tengmalm's Owl = Boreal Owl A. funereus,General List (vol. I); engraved caption on the leaf; crosswalk
50,,Sparrow Owl,Noctua passerina,Glaucidium passerinum,Eurasian Pygmy-Owl,eupowl1,eBird/Clements 2025,Q191155,5232162,79E2AC7C3122B93F,Glaucidium passerinum_Eurasian Pygmy-Owl,,high,yes,Sparrow Owl = Eurasian Pygmy Owl,General List (vol. I); engraved caption on the leaf; crosswalk
51,,European Goatsucker,Caprimulgus Europæus,Caprimulgus europaeus,Eurasian Nightjar,eurnig1,eBird/Clements 2025,Q26717,8109681,D648523706523437,Caprimulgus europaeus_Eurasian Nightjar,,high,yes,Caprimulgus Europæus Linn. = Caprimulgus europaeus (Eurasian Nightjar); same species,General List (vol. I); engraved caption on the leaf; crosswalk
52,,Red-collared Goatsucker,Caprimulgus ruficollis,Caprimulgus ruficollis,Red-necked Nightjar,rennig1,eBird/Clements 2025,Q1137192,9411857,6CC3D04BF479A2A2,Caprimulgus ruficollis_Red-necked Nightjar,,high,yes,Caprimulgus ruficollis Temm. = Caprimulgus ruficollis (Red-necked Nightjar); same species,General List (vol. I); engraved caption on the leaf; crosswalk
53,1. Swift.,Swift,Cypselus murarius,Apus apus,Common Swift,comswi,eBird/Clements 2025,Q25377,5228676,4E6EF3F983079D73,Apus apus_Common Swift,,high,yes,Cypselus murarius Temm. = Common Swift,General List (vol. I); engraved caption on the leaf; crosswalk
53,2. White-bellied Swift.,White-bellied Swift,Cypselus alpinus,Tachymarptis melba,Alpine Swift,alpswi1,eBird/Clements 2025,,,FA1CAD2906F7C845,Apus melba_Alpine Swift,,high,yes,Cypselus alpinus Temm. = Alpine Swift,General List (vol. I); engraved caption on the leaf; crosswalk
54,,Chimney Swallow,Hirundo rustica,Hirundo rustica,Barn Swallow,barswa,eBird/Clements 2025,Q25429,9515886,58C502EA7AF3E023,Hirundo rustica_Barn Swallow,,high,yes,Hirundo rustica Linn. = Hirundo rustica (Barn Swallow); same species,General List (vol. I); engraved caption on the leaf; crosswalk
55,,Rufous Swallow,Hirundo rufula,Cecropis rufula,European Red-rumped Swallow,rerswa8,eBird/Clements 2025,,,,Cecropis daurica_Red-rumped Swallow,,high,yes,"Hirundo rufula Temm. = the European Red-rumped Swallow; some lists split it as Cecropis rufula, BirdNET keeps one C. daurica; eBird 2025 splits Red-rumped Swallow; the binomial stays with Eastern Red-rumped Swallow",General List (vol. I); engraved caption on the leaf; crosswalk
56,,Rock Martin,Hirundo rupestris,Ptyonoprogne rupestris,Eurasian Crag-Martin,eurcrm1,eBird/Clements 2025,Q213216,4408796,6F2AF9D09463566F,Ptyonoprogne rupestris_Eurasian Crag-Martin,,high,yes,Crag Martin,General List (vol. I); engraved caption on the leaf; crosswalk
57,,Martin,Hirundo urbica,Delichon urbicum,Western House-Martin,comhom1,eBird/Clements 2025,,,,Delichon urbicum_Common House-Martin,,high,yes,House Martin,General List (vol. I); engraved caption on the leaf; crosswalk
58,,Sand Martin,Hirundo riparia,Riparia riparia,Bank Swallow,banswa,eBird/Clements 2025,Q25909,2489160,94A1C447583CB6D2,Riparia riparia_Bank Swallow,,high,yes,Sand Martin (BirdNET: Bank Swallow),General List (vol. I); engraved caption on the leaf; crosswalk
59,,Bee Eater,Merops Apiaster,Merops apiaster,European Bee-eater,eubeat1,eBird/Clements 2025,Q170718,2475443,66AA3934DBAD18BC,Merops apiaster_European Bee-eater,,high,yes,Merops Apiaster Linn. = Merops apiaster (European Bee-eater); same species,General List (vol. I); engraved caption on the leaf; crosswalk
60,,Roller,Coracias garrulus,Coracias garrulus,European Roller,eurrol1,eBird/Clements 2025,Q179367,2475365,7451A628C39538C5,Coracias garrulus_European Roller,,high,yes,Coracias garrulus Linn. = Coracias garrulus (European Roller); same species,General List (vol. I); engraved caption on the leaf; crosswalk
61,,Kingsfisher,Alcedo Ispida,Alcedo atthis,Common Kingfisher,comkin1,eBird/Clements 2025,Q79915,2475532,9505E03D7416B365,Alcedo atthis_Common Kingfisher,,high,yes,Alcedo ispida Linn. = Common Kingfisher A. atthis,General List (vol. I); engraved caption on the leaf; crosswalk
62,,Black and White Kingsfisher,Alcedo rudis,Ceryle rudis,Pied Kingfisher,piekin1,eBird/Clements 2025,Q320043,2475679,,Ceryle rudis_Pied Kingfisher,,high,yes,Alcedo rudis Linn. = Pied Kingfisher,General List (vol. I); engraved caption on the leaf; crosswalk
63,1. Pied Flycatcher.,Pied Flycatcher,Muscicapa luctuosa,Ficedula hypoleuca,European Pied Flycatcher,eupfly1,eBird/Clements 2025,Q27442,2492606,6E352E1870A195B7,Ficedula hypoleuca_European Pied Flycatcher,,high,yes,Muscicapa luctuosa Temm. = Pied Flycatcher F. hypoleuca,General List (vol. I); engraved caption on the leaf; crosswalk
63,2. White-collared Flycatcher.,White-collared Flycatcher,Muscicapa albicollis,Ficedula albicollis,Collared Flycatcher,colfly1,eBird/Clements 2025,Q690826,2492601,0B2F80584ED0F07E,Ficedula albicollis_Collared Flycatcher,,high,yes,Collared Flycatcher,General List (vol. I); engraved caption on the leaf; crosswalk
64,,Red-breasted Flycatcher,Muscicapa parva,Ficedula parva,Red-breasted Flycatcher,rebfly,eBird/Clements 2025,Q241499,2492605,6A3CA06B2496B003,Ficedula parva_Red-breasted Flycatcher,,high,yes,"Red-breasted Flycatcher; Taiga Flycatcher (F. albicilla) split, but that is the Asian form",General List (vol. I); engraved caption on the leaf; crosswalk
65,,Spotted Flycatcher,Muscicapa grisola,Muscicapa striata,Spotted Flycatcher,spofly1,eBird/Clements 2025,Q26607,2492576,EE8206E703914D22,Muscicapa striata_Spotted Flycatcher,,high,yes,Muscicapa grisola Linn. = Spotted Flycatcher M. striata,General List (vol. I); engraved caption on the leaf; crosswalk
66,,Great Shrike,Collurio Excubitor,Lanius excubitor,Great Gray Shrike,norshr1,eBird/Clements 2025,Q184508,2492858,61C2E0E1,Lanius excubitor_Great Gray Shrike,,high,yes,Great Grey Shrike L. excubitor; the American/NE Asian Northern Shrike (L. borealis) is split off and is not Gould's bird,General List (vol. I); engraved caption on the leaf; crosswalk
67,,Great Grey Shrike,Collurio meridionalis,Lanius meridionalis,Iberian Gray Shrike,ibgshr1,eBird/Clements 2025,Q705505,7341500,4AA93A1892DCA52C,Lanius meridionalis_Iberian Gray Shrike,,high,yes,"Lanius meridionalis Temm. = the southern (Iberian) grey shrike, now Iberian Grey Shrike. Trap: Gould's English ""Great Grey Shrike"" is on this plate, not the excubitor one",General List (vol. I); engraved caption on the leaf; crosswalk
68,,Lesser Grey Shrike,Collurio minor,Lanius minor,Lesser Gray Shrike,legshr2,eBird/Clements 2025,Q239393,2492854,8852337B06E8A14E,Lanius minor_Lesser Gray Shrike,,high,yes,Collurio minor Vig. = Lanius minor (Lesser Gray Shrike); same species,General List (vol. I); engraved caption on the leaf; crosswalk
69,,Red-backed Shrike,Lanius Collurio,Lanius collurio,Red-backed Shrike,rebshr1,eBird/Clements 2025,Q26671,7745240,F2CEFD1A4EA5F608,Lanius collurio_Red-backed Shrike,,high,yes,Lanius Collurio Linn. = Lanius collurio (Red-backed Shrike); same species,General List (vol. I); engraved caption on the leaf; crosswalk
70,,Woodchat,Lanius rufus,Lanius senator,Woodchat Shrike,wooshr1,eBird/Clements 2025,Q235052,2492867,7E70D490A6476D16,Lanius senator_Woodchat Shrike,,high,yes,Lanius rufus Briss. = Woodchat Shrike L. senator,General List (vol. I); engraved caption on the leaf; crosswalk
71,,Golden Oriole,Oriolus galbula,Oriolus oriolus,Eurasian Golden Oriole,eugori2,eBird/Clements 2025,Q25388,2488949,92A772BB,Oriolus oriolus_Eurasian Golden Oriole,,high,yes,Oriolus galbula Linn. = Eurasian Golden Oriole,General List (vol. I); engraved caption on the leaf; crosswalk
72,,"Black Ouzel, or Blackbird",Merula vulgaris,Turdus merula,Eurasian Blackbird,eurbla,eBird/Clements 2025,Q25234,2490719,6D7A9C93AD1830EB,Turdus merula_Eurasian Blackbird,,high,yes,Merula vulgaris = Eurasian Blackbird,General List (vol. I); engraved caption on the leaf; crosswalk
73,,Ring Ouzel,Merula torquata,Turdus torquatus,Ring Ouzel,rinouz1,eBird/Clements 2025,Q26641,7865305,CE71B4FF837F276A,Turdus torquatus_Ring Ouzel,,high,yes,Ring Ouzel,General List (vol. I); engraved caption on the leaf; crosswalk
74,,Migratory Ouzel,Merula migratoria,Turdus migratorius,American Robin,amerob,eBird/Clements 2025,Q460967,9510564,D77E4B418D581FB2,Turdus migratorius_American Robin,,high,yes,Turdus migratorius = American Robin,General List (vol. I); engraved caption on the leaf; crosswalk
75,,Black-throated Thrush,Turdus atrogularis,Turdus atrogularis,Black-throated Thrush,datthr1,eBird/Clements 2025,Q80780,4408790,AECDBFFA55C87E24,Turdus atrogularis_Black-throated Thrush,,high,yes,Black-throated Thrush (split from Dark-throated; Gould's name is the black-throated form),General List (vol. I); engraved caption on the leaf; crosswalk
76,,Fieldfare,Turdus pilaris,Turdus pilaris,Fieldfare,fieldf,eBird/Clements 2025,Q25777,2490737,D120D5A070E8123C,Turdus pilaris_Fieldfare,,high,yes,Turdus pilaris Linn. = Turdus pilaris (Fieldfare); same species,General List (vol. I); engraved caption on the leaf; crosswalk
77,,Missel Thrush,Turdus viscivorus,Turdus viscivorus,Mistle Thrush,misthr1,eBird/Clements 2025,Q178942,2490774,A95B43F1E9D10296,Turdus viscivorus_Mistle Thrush,,high,yes,Turdus viscivorus Linn. = Turdus viscivorus (Mistle Thrush); same species,General List (vol. I); engraved caption on the leaf; crosswalk
78,1. Song Thrush.,Song Thrush,Turdus musicus,Turdus philomelos,Song Thrush,sonthr1,eBird/Clements 2025,Q26349,7901064,D929EB214A698282,Turdus philomelos_Song Thrush,,high,yes,Gould used Turdus musicus for the Song Thrush (T. philomelos); the Redwing is its companion on this plate. Trap: Linnaeus's musicus is now read as the Redwing,General List (vol. I); engraved caption on the leaf; crosswalk
78,2. Redwing.,Redwing,Turdus Iliacus,Turdus iliacus,Redwing,redwin,eBird/Clements 2025,Q184825,2490781,A8A85BCF1AFB7BBD,Turdus iliacus_Redwing,,high,yes,Redwing,General List (vol. I); engraved caption on the leaf; crosswalk
79,,Naumann's Thrush,Turdus Naumannii,Turdus naumanni,Naumann's Thrush,dusthr1,eBird/Clements 2025,Q843175,2490732,22761AD4,Turdus naumanni_Naumann's Thrush,,high,yes,Naumann's Thrush (Dusky Thrush T. eunomus split off),General List (vol. I); engraved caption on the leaf; crosswalk
80,,Pallid Thrush,Turdus pallidus,,,,,,,,,,low,no,"Name = Pale Thrush (T. pallidus), but the European ""pallidus"" of Temminck's era was often the Eyebrowed Thrush (T. obscurus); cannot tell which Gould figured. Blank",General List (vol. I); crosswalk
81,,White's Thrush,Turdus Whitei,Zoothera aurea,White's Thrush,scathr2,eBird/Clements 2025,Q949662,4408785,8E267A2656A555F5,Zoothera aurea_White's Thrush,,high,yes,"White's Thrush, the Siberian bird now split from Scaly Thrush Z. dauma as Z. aurea",General List (vol. I); engraved caption on the leaf; crosswalk
82,,Siberian Thrush,Turdus Sibericus,Geokichla sibirica,Siberian Thrush,sibthr1,eBird/Clements 2025,Q258964,6100888,E7163B81013F6CCC,Geokichla sibirica_Siberian Thrush,,high,yes,Siberian Thrush,General List (vol. I); engraved caption on the leaf; crosswalk
83,,Water Ouzel,Cinclus aquaticus,Cinclus cinclus,White-throated Dipper,whtdip1,eBird/Clements 2025,Q201831,2495093,FDECE3B9278A17EC,Cinclus cinclus_White-throated Dipper,,high,yes,Cinclus aquaticus Bechst. = White-throated Dipper,General List (vol. I); engraved caption on the leaf; crosswalk
84,,Black-bellied Water Ouzel,Cinclus melanogaster,Cinclus cinclus,White-throated Dipper,whtdip1,eBird/Clements 2025,Q201831,2495093,FDECE3B9278A17EC,Cinclus cinclus_White-throated Dipper,subspecies,high,no,"Black-bellied Dipper is C. cinclus cinclus (N Europe), a form of White-throated Dipper",General List (vol. I); crosswalk
85,,Pallas's Water Ouzel,Cinclus Pallasii,Cinclus pallasii,Brown Dipper,brodip1,eBird/Clements 2025,Q1034960,5231774,4E5EB9872F37E3A1,Cinclus pallasii_Brown Dipper,,high,yes,Pallas's (Brown) Dipper,General List (vol. I); engraved caption on the leaf; crosswalk
86,,Rock Thrush,Petrocincla saxatilis,Monticola saxatilis,Rufous-tailed Rock-Thrush,rtrthr1,eBird/Clements 2025,Q235057,2490956,736D38E7F9967842,Monticola saxatilis_Rufous-tailed Rock-Thrush,,high,yes,Rock Thrush,General List (vol. I); engraved caption on the leaf; crosswalk
87,,Blue Thrush,Petrocincla cyanea,Monticola solitarius,Blue Rock-Thrush,burthr,eBird/Clements 2025,Q152144,2490955,41D76F4B19ACB4BD,Monticola solitarius_Blue Rock-Thrush,,high,yes,Petrocincla cyanea = Blue Rock Thrush,General List (vol. I); engraved caption on the leaf; crosswalk
88,,Black Wheatear,Saxicola cachinnans,Oenanthe leucura,Black Wheatear,blawhe1,eBird/Clements 2025,Q856062,5231236,1C98EA2F8CD4DD15,Oenanthe leucura_Black Wheatear,,high,yes,Saxicola cachinnans Temm. = Black Wheatear O. leucura,General List (vol. I); engraved caption on the leaf; crosswalk
89,,Pied Wheatear,Saxicola leucomela,Oenanthe pleschanka,Pied Wheatear,piewhe1,eBird/Clements 2025,Q763538,5231233,2FB34D83,Oenanthe pleschanka_Pied Wheatear,,high,yes,Saxicola leucomela Temm. = Pied Wheatear O. pleschanka,General List (vol. I); engraved caption on the leaf; crosswalk
90,,Wheatear,Saxicola Œnanthe,Oenanthe oenanthe,Northern Wheatear,norwhe,eBird/Clements 2025,Q26420,5231240,DF526047637004DD,Oenanthe oenanthe_Northern Wheatear,,high,yes,Saxicola Œnanthe Bechst. = Oenanthe oenanthe (Northern Wheatear); same species,General List (vol. I); engraved caption on the leaf; crosswalk
91,,Russet Wheatear,Saxicola stapazina,,,,,,,,,subspecies,low,no,"Temminck's stapazina (Russet Wheatear) is the black-throated morph of the Black-eared Wheatear, now split Western (O. hispanica) / Eastern (O. melanoleuca); cannot tell from the name which population Gould figured. Blank",General List (vol. I); crosswalk
92,,Black-eared Wheatear,Saxicola aurita,,,,,,,,,subspecies,low,no,"Pale-throated morph of the Black-eared Wheatear, now split Western (O. hispanica) / Eastern (O. melanoleuca); population not determinable from the list. Blank",General List (vol. I); crosswalk
93,,Whinchat,Saxicola rubetra,Saxicola rubetra,Whinchat,whinch1,eBird/Clements 2025,Q155869,2492521,A0EDAEA2E89A9A96,Saxicola rubetra_Whinchat,,high,yes,Saxicola rubetra Bechst. = Saxicola rubetra (Whinchat); same species,General List (vol. I); engraved caption on the leaf; crosswalk
94,,Stonechat,Saxicola rubicola,Saxicola rubicola,European Stonechat,stonec4,eBird/Clements 2025,Q838665,4408759,0EA8F8B905405FB3,Saxicola rubicola_European Stonechat,,high,yes,European Stonechat (split from African/Siberian),General List (vol. I); engraved caption on the leaf; crosswalk
95,,Redstart,Phoenicura ruticilla,Phoenicurus phoenicurus,Common Redstart,comred2,eBird/Clements 2025,Q26620,5739317,06DD9D954313582E,Phoenicurus phoenicurus_Common Redstart,,high,yes,Common Redstart,General List (vol. I); engraved caption on the leaf; crosswalk
96,,Black Redstart,Phoenicura tithys,Phoenicurus ochruros,Black Redstart,blared1,eBird/Clements 2025,Q26755,5739315,612B5C244E272075,Phoenicurus ochruros_Black Redstart,,high,yes,Phoenicura tithys = Black Redstart,General List (vol. I); engraved caption on the leaf; crosswalk
97,,Blue-throated Warbler,Phoenicura Suecica,Luscinia svecica,Bluethroat,blueth,eBird/Clements 2025,Q26578,4408732,AFD6FD811AA7D6A7,Luscinia svecica_Bluethroat,,high,yes,Blue-throated Warbler = Bluethroat,General List (vol. I); engraved caption on the leaf; crosswalk
98,,Robin,Erythaca rubecula,Erithacus rubecula,European Robin,eurrob1,eBird/Clements 2025,Q25334,2492462,C809B2B90399A43D,Erithacus rubecula_European Robin,,high,yes,Erythaca rubecula Swains. = Erithacus rubecula (European Robin); same species,General List (vol. I); engraved caption on the leaf; crosswalk
99,,Alpine Accentor,Accentor alpinus,Prunella collaris,Alpine Accentor,alpacc1,eBird/Clements 2025,Q208334,5231770,A783468FC167312E,Prunella collaris_Alpine Accentor,,high,yes,"Accentor alpinus Bechst. = Prunella collaris (Alpine Accentor); same species, older binomial",General List (vol. I); engraved caption on the leaf; crosswalk
100,,Hedge Accentor,Accentor modularis,Prunella modularis,Dunnock,dunnoc1,eBird/Clements 2025,Q26698,5231763,26530C865C4A655C,Prunella modularis_Dunnock,,high,yes,Hedge Accentor = Dunnock,General List (vol. I); engraved caption on the leaf; crosswalk
101,,Mountain Accentor,Accentor montanellus,Prunella montanella,Siberian Accentor,sibacc,eBird/Clements 2025,Q163049,5231759,D32200407D81F285,Prunella montanella_Siberian Accentor,,high,yes,Siberian Accentor,General List (vol. I); engraved caption on the leaf; crosswalk
102,,Reed Locustelle,Locustella fluviatilis,Locustella fluviatilis,River Warbler,eurwar2,eBird/Clements 2025,Q747787,2493549,2B020CA0ACF13B19,Locustella fluviatilis_River Warbler,,high,yes,River Warbler,General List (vol. I); engraved caption on the leaf; crosswalk
103,,Brake Locustelle,Locustella avicula,Locustella naevia,Common Grasshopper Warbler,cogwar1,eBird/Clements 2025,Q208710,2493548,BC0E4C9F87721B1A,Locustella naevia_Common Grasshopper-Warbler,,high,yes,Locustella avicula Ray = Grasshopper Warbler L. naevia,General List (vol. I); engraved caption on the leaf; crosswalk
104,,Willow Locustelle,Locustella luscinoïdes,Locustella luscinioides,Savi's Warbler,savwar1,eBird/Clements 2025,Q321272,2493551,2D46BB9888C846D0,Locustella luscinioides_Savi's Warbler,,high,yes,Savi's Warbler,General List (vol. I); engraved caption on the leaf; crosswalk
105,,Creeping Locustelle,Locustella certhiola,Helopsaltes certhiola,Pallas's Grasshopper Warbler,pagwar1,eBird/Clements 2025,Q1345750,2493556,4C3CF429E3FEFBA2,Helopsaltes certhiola_Pallas's Grasshopper Warbler,,high,yes,Pallas's Grasshopper Warbler,General List (vol. I); engraved caption on the leaf; crosswalk
106,,Great Sedge Warbler,Salicaria Turdoïdes,Acrocephalus arundinaceus,Great Reed Warbler,grrwar1,eBird/Clements 2025,Q180835,2493128,B283E33243C17D97,Acrocephalus arundinaceus_Great Reed Warbler,,high,yes,Salicaria turdoides = Great Reed Warbler,General List (vol. I); engraved caption on the leaf; crosswalk
107,,Olive-tree Salicaria,Salicaria Olivetorum,Hippolais olivetorum,Olive-tree Warbler,oltwar1,eBird/Clements 2025,Q63835,2493219,791DED180041E350,Hippolais olivetorum_Olive-tree Warbler,,high,yes,Salicaria Olivetorum Strickl. = Hippolais olivetorum (Olive-tree Warbler); same species,General List (vol. I); engraved caption on the leaf; crosswalk
108,,Reed Wren,Salicaria arundinacea,Acrocephalus scirpaceus,Common Reed Warbler,eurwar1,eBird/Clements 2025,Q159080,2493118,4B3E6D256004B252,Acrocephalus scirpaceus_Eurasian Reed Warbler,,high,yes,Reed Wren/Salicaria arundinacea = Eurasian Reed Warbler. Trap: modern A. arundinaceus is the Great Reed Warbler,General List (vol. I); engraved caption on the leaf; crosswalk
109,,Marsh Warbler,Salicaria palustris,Acrocephalus palustris,Marsh Warbler,marwar3,eBird/Clements 2025,Q210422,2493136,B675E006C3745A12,Acrocephalus palustris_Marsh Warbler,,high,yes,Salicaria palustris = Acrocephalus palustris (Marsh Warbler); same species,General List (vol. I); engraved caption on the leaf; crosswalk
110,,Sedge Warbler,Salicaria Phragmitis,Acrocephalus schoenobaenus,Sedge Warbler,sedwar1,eBird/Clements 2025,Q27236,2493129,FED5AED5C59A00B6,Acrocephalus schoenobaenus_Sedge Warbler,,high,yes,Salicaria phragmitis = Sedge Warbler,General List (vol. I); engraved caption on the leaf; crosswalk
111,1. Moustached Warbler.,Moustached Warbler,Salicaria melanopogon,Acrocephalus melanopogon,Moustached Warbler,mouwar1,eBird/Clements 2025,Q385273,2493124,E1559C49B1A6C31F,Acrocephalus melanopogon_Moustached Warbler,,high,yes,Salicaria melanopogon = Acrocephalus melanopogon (Moustached Warbler); same species,General List (vol. I); engraved caption on the leaf; crosswalk
111,2. Aquatic Warbler.,Aquatic Warbler,Salicaria aquatica,Acrocephalus paludicola,Aquatic Warbler,aquwar1,eBird/Clements 2025,Q242599,2493114,C15141A60961F8BC,Acrocephalus paludicola_Aquatic Warbler,,high,yes,Salicaria aquatica = Aquatic Warbler A. paludicola,General List (vol. I); engraved caption on the leaf; crosswalk
112,,Rufous Sedge Warbler,Salicaria galactotes,Cercotrichas galactotes,Rufous-tailed Scrub-Robin,rutscr1,eBird/Clements 2025,,,,Cercotrichas galactotes_Rufous-tailed Scrub-Robin,,high,yes,Sylvia galactotes Temm. = Rufous-tailed Scrub Robin (Rufous Bush Chat); Gould placed it with the reed warblers,General List (vol. I); engraved caption on the leaf; crosswalk
113,,Fantail Warbler,Salicaria cisticola,Cisticola juncidis,Zitting Cisticola,zitcis1,eBird/Clements 2025,Q210791,2492822,AEE2063F66AE0C70,Cisticola juncidis_Zitting Cisticola,,high,yes,Fantail Warbler = Zitting Cisticola,General List (vol. I); engraved caption on the leaf; crosswalk
114,,Cetti's Warbler,Salicaria ? Cetti,Cettia cetti,Cetti's Warbler,cetwar1,eBird/Clements 2025,Q650114,2493012,F3E9CE954FAF5EF5,Cettia cetti_Cetti's Warbler,,high,yes,Salicaria ? Cetti = Cettia cetti (Cetti's Warbler); same species,General List (vol. I); engraved caption on the leaf; crosswalk
115,,Silky Warbler,Salicaria ? sericea,Cettia cetti,Cetti's Warbler,cetwar1,eBird/Clements 2025,Q650114,2493012,F3E9CE954FAF5EF5,Cettia cetti_Cetti's Warbler,variant,judged,no,"Sylvia sericea Natterer is a synonym of Cetti's Warbler; Gould figured it as a second species ('Silky Warbler'). Confirm the plate looks like Cetti's | Decided 25 Sep 2026 on the review page, checked against Dresser and the KU catalogue (see gould_europe.yaml).",General List (vol. I); crosswalk
116,,Nightingale,Philomela luscinia,Luscinia megarhynchos,Common Nightingale,comnig1,eBird/Clements 2025,Q25393,7660710,7C7F0DEE5B364038,Luscinia megarhynchos_Common Nightingale,,high,yes,Gould's Nightingale = Common Nightingale L. megarhynchos; his Thrush Nightingale is plate 117. Trap: modern Luscinia luscinia is the Thrush Nightingale,General List (vol. I); engraved caption on the leaf; crosswalk
117,,Thrush Nightingale,Philomela Turdoïdes,Luscinia luscinia,Thrush Nightingale,thrnig1,eBird/Clements 2025,Q206130,2492542,6EC667529FB53E43,Luscinia luscinia_Thrush Nightingale,,high,yes,Thrush Nightingale (Sprosser),General List (vol. I); engraved caption on the leaf; crosswalk
118,,Gorget Warbler,Calliope Lathamii,Calliope calliope,Siberian Rubythroat,sibrub,eBird/Clements 2025,Q27075678,6090081,786B0F98D1EE4C54,Calliope calliope_Siberian Rubythroat,,high,yes,Gorget Warbler / Calliope lathamii = Siberian Rubythroat,General List (vol. I); engraved caption on the leaf; crosswalk
119,,"Orpheus Warbler, Curruca Orphea",,Curruca crassirostris,Eastern Orphean Warbler,eaowar2,eBird/Clements 2025,Q110257499,11098086,37015E6154731355,Curruca crassirostris_Eastern Orphean Warbler,,judged,yes,pinned beside the crosswalk's row for this plate,engraved caption on the leaf; gould_europe.yaml
119,,Orpheus Warbler,Curruca Orphea,Curruca hortensis,Western Orphean Warbler,weowar2,eBird/Clements 2025,Q110257498,10630343,95E7E0E5E3481A63,Curruca hortensis_Western Orphean Warbler,,judged,yes,"Orphean Warbler, since split Western (C. hortensis) / Eastern (C. crassirostris). Temminck's orphea is based on southern French/Italian birds, so Western is probable, but Gould may have figured a Dalmatian/eastern bird | Decided 25 Sep 2026 on the review page, checked against Dresser and the KU catalogue (see gould_europe.yaml).",General List (vol. I); engraved caption on the leaf; crosswalk
120,,Black-cap,Curruca atricapilla,Sylvia atricapilla,Eurasian Blackcap,blackc1,eBird/Clements 2025,Q188446,2492956,61F9065BE0965E1A,Sylvia atricapilla_Eurasian Blackcap,,high,yes,Curruca atricapilla Bechst. = Sylvia atricapilla (Eurasian Blackcap); same species,General List (vol. I); engraved caption on the leaf; crosswalk
121,,Garden Warbler,Curruca hortensis,Sylvia borin,Garden Warbler,garwar1,eBird/Clements 2025,Q202478,2492942,A6A4FC63261EA8CD,Sylvia borin_Garden Warbler,,high,yes,Garden Warbler; Curruca hortensis Bechst. of Gould's day is Sylvia borin. Trap: modern Curruca hortensis is the Western Orphean Warbler,General List (vol. I); engraved caption on the leaf; crosswalk
122,,Rüppell's Warbler,Curruca Ruppellii,,,,,,,,,,high,no,"Curruca Ruppellii = Curruca ruppeli, which is not a BirdNET V2.4 label; blank. Rüppell's Warbler",General List (vol. I); crosswalk
123,,Sardinian Warbler,Curruca melanocephala,Curruca melanocephala,Sardinian Warbler,sarwar1,eBird/Clements 2025,Q110257507,9990095,B0D094830E71F76A,Curruca melanocephala_Sardinian Warbler,,high,yes,Curruca melanocephala Lath. = Curruca melanocephala (Sardinian Warbler); same species,General List (vol. I); engraved caption on the leaf; crosswalk
124,,Sub-alpine Warbler,Curruca leucopogon,,,,,,,,,,low,no,"Subalpine Warbler, now split three ways (Western C. iberiae, Moltoni's C. subalpina, Eastern C. cantillans); leucopogon Meyer is an eastern name and BirdNET has only Western. Blank",General List (vol. I); crosswalk
125,1. Common White-throat.,Common White-throat,Curruca cinerea,Curruca communis,Greater Whitethroat,grewhi1,eBird/Clements 2025,Q110257516,10507373,14AFBA82D556918C,Curruca communis_Greater Whitethroat,,high,yes,Common Whitethroat,General List (vol. I); engraved caption on the leaf; crosswalk
125,2. Lesser White-throat.,Lesser White-throat,Curruca garrula,Curruca curruca,Lesser Whitethroat,leswhi4,eBird/Clements 2025,Q110257504,11034996,A99F93BCE984549A,Curruca curruca_Lesser Whitethroat,,high,yes,Lesser Whitethroat,General List (vol. I); engraved caption on the leaf; crosswalk
126,,Spectacle Warbler,Curruca conspicillata,Curruca conspicillata,Spectacled Warbler,spewar2,eBird/Clements 2025,,,BFECF5F8F49E2869,Curruca conspicillata_Spectacled Warbler,,high,yes,Curruca conspicillata = Curruca conspicillata (Spectacled Warbler); same species,General List (vol. I); engraved caption on the leaf; crosswalk
127,,Marmora's Warbler,Curruca Sarda,,,,,,,,,,high,no,"Curruca Sarda = Curruca sarda, which is not a BirdNET V2.4 label; blank. Marmora's Warbler",General List (vol. I); crosswalk
128,,Barred Warbler,Curruca nisoria,Curruca nisoria,Barred Warbler,barwar1,eBird/Clements 2025,Q104867606,10983621,1EA60B94FAFE0C5C,Curruca nisoria_Barred Warbler,,high,yes,Curruca nisoria = Curruca nisoria (Barred Warbler); same species,General List (vol. I); engraved caption on the leaf; crosswalk
129,,Dartford Warbler,Melizophilus provincialis,Curruca undata,Dartford Warbler,darwar1,eBird/Clements 2025,Q110257524,10355796,85629EF4042C9DBB,Curruca undata_Dartford Warbler,,high,yes,Dartford Warbler,General List (vol. I); engraved caption on the leaf; crosswalk
130,,Wren,Troglodytes Europæus,Troglodytes troglodytes,Eurasian Wren,winwre4,eBird/Clements 2025,Q25740,5231438,11A4055E89689538,Troglodytes troglodytes_Eurasian Wren,,high,yes,Eurasian Wren,General List (vol. I); engraved caption on the leaf; crosswalk
131,1. Willow Wren.,Willow Wren,Sylvia trochilus,Phylloscopus trochilus,Willow Warbler,wlwwar,eBird/Clements 2025,Q27239,2493052,88F4B969622B8268,Phylloscopus trochilus_Willow Warbler,,high,yes,Willow Wren = Willow Warbler,General List (vol. I); engraved caption on the leaf; crosswalk
131,2. Chiff-chaff.,Chiff-chaff,Sylvia rufa,Phylloscopus collybita,Common Chiffchaff,comchi1,eBird/Clements 2025,Q185784,2493091,458C8CBE3AABFD1E,Phylloscopus collybita_Common Chiffchaff,,high,yes,Sylvia rufa Lath. = Chiffchaff,General List (vol. I); engraved caption on the leaf; crosswalk
131,3. Wood Wren.,Wood Wren,Sylvia sibilatrix,Phylloscopus sibilatrix,Wood Warbler,woowar,eBird/Clements 2025,Q27075477,8128385,572C4C7FD4322D14,Phylloscopus sibilatrix_Wood Warbler,,high,yes,Wood Wren = Wood Warbler,General List (vol. I); engraved caption on the leaf; crosswalk
132,,Yellow Willow Wren,Sylvia Icterina,,,,,,,,,,low,no,"Vieillot's Sylvia icterina is nominally the Icterine Warbler, but Gould's 'Yellow Willow Wren' is set among the Phylloscopus and the Icterine seems to be his plate 133; the figure's identity is disputed. Blank",General List (vol. I); crosswalk
133,,Melodious Willow Wren,Sylvia Hippolais,Hippolais icterina,Icterine Warbler,ictwar1,eBird/Clements 2025,Q27674,2493220,869C978C8E5840C8,Hippolais icterina_Icterine Warbler,,judged,yes,"Temminck's Sylvia hippolais is the Icterine Warbler (Motacilla hippolais Linn.), but Gould's English 'Melodious Willow Wren' echoes the Melodious Warbler (H. polyglotta, lumped then); confirm on the plate (long primary projection = Icterine) | Decided 25 Sep 2026 on the review page, checked against Dresser and the KU catalogue (see gould_europe.yaml).",General List (vol. I); engraved caption on the leaf; crosswalk
133,,"Melodious Willow Wren, Sylvia Hippolais",,Hippolais polyglotta,Melodious Warbler,melwar1,eBird/Clements 2025,Q752539,2493214,DCDD1BCA24E978F5,Hippolais polyglotta_Melodious Warbler,,judged,yes,pinned beside the crosswalk's row for this plate,engraved caption on the leaf; gould_europe.yaml
134,,Natterer's Warbler,Sylvia Nattereri,Phylloscopus bonelli,Western Bonelli's Warbler,webwar1,eBird/Clements 2025,Q752489,2493070,C00674ED5FC9DB8A,Phylloscopus bonelli_Western Bonelli's Warbler,,judged,yes,"Sylvia nattereri Temm. = Bonelli's Warbler, now split Western (P. bonelli) / Eastern (P. orientalis). Gould's European bird is most likely western, but confirm | Decided 25 Sep 2026 on the review page, checked against Dresser and the KU catalogue (see gould_europe.yaml).",General List (vol. I); engraved caption on the leaf; crosswalk
134,,"Natterer's Warbler, Sylvia Nattereri",,Phylloscopus orientalis,Eastern Bonelli's Warbler,eabwar1,eBird/Clements 2025,Q805062,4408827,666F9FC9350991FD,Phylloscopus orientalis_Eastern Bonelli's Warbler,,judged,yes,pinned beside the crosswalk's row for this plate,engraved caption on the leaf; gould_europe.yaml
135,,Richard's Pipit,Anthus Richardi,Anthus richardi,Richard's Pipit,ricpip1,eBird/Clements 2025,Q904790,9465111,41ECD10E24E8772D,Anthus richardi_Richard's Pipit,,high,yes,Anthus Richardi Vieill. = Anthus richardi (Richard's Pipit); same species,General List (vol. I); engraved caption on the leaf; crosswalk
136,,Meadow Pipit,Anthus pratensis,Anthus pratensis,Meadow Pipit,meapip1,eBird/Clements 2025,Q26956,2490266,14873249B607CEB1,Anthus pratensis_Meadow Pipit,,high,yes,Anthus pratensis Bechst. = Anthus pratensis (Meadow Pipit); same species,General List (vol. I); engraved caption on the leaf; crosswalk
137,,Tawny Pipit,Anthus rufescens,Anthus campestris,Tawny Pipit,tawpip1,eBird/Clements 2025,Q27226,2490274,250CDA5828B68D0A,Anthus campestris_Tawny Pipit,,high,yes,Anthus rufescens Temm. = Tawny Pipit A. campestris,General List (vol. I); engraved caption on the leaf; crosswalk
138,,Rock or Shore Pipit,Anthus aquaticus,,,,,,,,,,low,no,"Anthus aquaticus Bechst. is the Water Pipit (A. spinoletta), but Gould's English ""Rock or Shore Pipit"" is the Rock Pipit (A. petrosus); the two were one species then and the plate could show either. Blank",General List (vol. I); crosswalk
139,,Tree Pipit,Anthus arboreus,Anthus trivialis,Tree Pipit,trepip,eBird/Clements 2025,Q143313,2490246,365F5E975B414FE6,Anthus trivialis_Tree Pipit,,high,yes,Tree Pipit,General List (vol. I); engraved caption on the leaf; crosswalk
140,,Red-throated Pipit,Anthus rufogularis,Anthus cervinus,Red-throated Pipit,retpip,eBird/Clements 2025,Q241347,2490283,319D044A667563CD,Anthus cervinus_Red-throated Pipit,,high,yes,Anthus rufogularis Temm. = Red-throated Pipit A. cervinus,General List (vol. I); engraved caption on the leaf; crosswalk
141,,Pied Wagtail,Motacilla Yarrellii,Motacilla alba,White Wagtail,whiwag,eBird/Clements 2025,Q25399,9687165,400E032C4624AA36,Motacilla alba_White Wagtail,subspecies,high,yes,"Pied Wagtail = M. alba yarrellii, a subspecies of White Wagtail",General List (vol. I); engraved caption on the leaf; crosswalk
142,,White-winged Wagtail,Motacilla lugubris,Motacilla alba,White Wagtail,whiwag,eBird/Clements 2025,Q25399,9687165,400E032C4624AA36,Motacilla alba_White Wagtail,subspecies,judged,no,"Pallas's lugubris is the black-backed (lugens) form of White Wagtail, once a species (Black-backed Wagtail), now in M. alba. Gould's figure may instead be a dark M. alba yarrellii; either way M. alba, but confirm it is not the Japanese Wagtail | Decided 25 Sep 2026 on the review page, checked against Dresser and the KU catalogue (see gould_europe.yaml).",General List (vol. I); crosswalk
143,,White Wagtail,Motacilla alba,Motacilla alba,White Wagtail,whiwag,eBird/Clements 2025,Q25399,9687165,400E032C4624AA36,Motacilla alba_White Wagtail,,high,no,Motacilla alba Linn. = Motacilla alba (White Wagtail); same species,General List (vol. I); crosswalk
144,,Yellow-headed Wagtail,Motacilla citreola,Motacilla citreola,Citrine Wagtail,citwag,eBird/Clements 2025,Q206540,2490307,5B0295C122B63ED3,Motacilla citreola_Citrine Wagtail,,high,yes,Motacilla citreola Pall. = Motacilla citreola (Citrine Wagtail); same species,General List (vol. I); engraved caption on the leaf; crosswalk
145,,Yellow Wagtail,Motacilla flava,Motacilla flava,Western Yellow Wagtail,eaywag1,eBird/Clements 2025,Q25984,9701857,5983D677,Motacilla flava_Western Yellow Wagtail,,high,yes,Yellow Wagtail (Western),General List (vol. I); engraved caption on the leaf; crosswalk
146,,Grey-headed Wagtail,Motacilla neglecta,Motacilla flava,Western Yellow Wagtail,eaywag1,eBird/Clements 2025,Q25984,9701857,5983D677,Motacilla flava_Western Yellow Wagtail,subspecies,high,no,"Grey-headed Wagtail, described by Gould, is M. flava thunbergi, a subspecies of Western Yellow Wagtail",General List (vol. I); crosswalk
147,,Grey Wagtail,Motacilla Boarula,Motacilla cinerea,Gray Wagtail,grywag,eBird/Clements 2025,Q201316,2490310,AE073221679039C2,Motacilla cinerea_Gray Wagtail,,high,yes,Grey Wagtail,General List (vol. I); engraved caption on the leaf; crosswalk
148,1. Fire-crested Wren.,Fire-crested Wren,Regulus ignicapillus,Regulus ignicapilla,Common Firecrest,firecr1,eBird/Clements 2025,Q27471,6093527,85B03849153146D8,Regulus ignicapilla_Common Firecrest,,high,yes,Firecrest,General List (vol. I); engraved caption on the leaf; crosswalk
148,2. Golden-crested Wren.,Golden-crested Wren,Regulus vulgaris,Regulus regulus,Goldcrest,goldcr1,eBird/Clements 2025,Q26657,2484596,A7CC62D6BD333F25,Regulus regulus_Goldcrest,,high,yes,Goldcrest,General List (vol. I); engraved caption on the leaf; crosswalk
149,,Dalmatian Regulus,Regulus modestus,Phylloscopus proregulus,Pallas's Leaf Warbler,palwar5,eBird/Clements 2025,Q752513,2493090,943E36CADFE7551B,Phylloscopus proregulus_Pallas's Leaf Warbler,,judged,yes,"Regulus modestus Gould (from a Dalmatian specimen) is a synonym of the Yellow-browed Warbler P. inornatus; Hume's (P. humei) is split but is not a European bird. Confirm | Decided 25 Sep 2026 on the review page, checked against Dresser and the KU catalogue (see gould_europe.yaml).",General List (vol. I); engraved caption on the leaf; crosswalk
150,,Great Tit,Parus major,Parus major,Great Tit,gretit1,eBird/Clements 2025,Q25485,9705453,7296BC772F2643AD,Parus major_Great Tit,,high,yes,Parus major Linn. = Parus major (Great Tit); same species,General List (vol. I); engraved caption on the leaf; crosswalk
151,1. Sombre Tit.,Sombre Tit,Parus lugubris,Poecile lugubris,Sombre Tit,somtit3,eBird/Clements 2025,Q574281,2487857,3EDDBA595BCD215E,Poecile lugubris_Sombre Tit,,high,yes,Sombre Tit,General List (vol. I); engraved caption on the leaf; crosswalk
151,2. Siberian Tit.,Siberian Tit,Parus Sibericus,Poecile cinctus,Gray-headed Chickadee,gyhchi,eBird/Clements 2025,Q574447,2487862,67504FA2052E4CBB,Poecile cinctus_Gray-headed Chickadee,,high,yes,Siberian Tit = Grey-headed Chickadee,General List (vol. I); engraved caption on the leaf; crosswalk
152,,Toupet Tit,Parus bicolor,Baeolophus bicolor,Tufted Titmouse,tuftit,eBird/Clements 2025,Q738534,2487887,B488AB7003F21AE7,Baeolophus bicolor_Tufted Titmouse,,high,yes,Parus bicolor Linn. = Tufted Titmouse,General List (vol. I); engraved caption on the leaf; crosswalk
153,,Azure Tit,Parus cyanus,Cyanistes cyanus,Azure Tit,azutit2,eBird/Clements 2025,Q499283,2487877,5AE72E2455477176,Cyanistes cyanus_Azure Tit,,high,yes,Azure Tit,General List (vol. I); engraved caption on the leaf; crosswalk
154,,Blue Tit,Parus cœruleus,Cyanistes caeruleus,Eurasian Blue Tit,blutit,eBird/Clements 2025,Q25404,2487879,9BE53D340F9A4305,Cyanistes caeruleus_Eurasian Blue Tit,,high,yes,"Parus cœruleus Linn. = Cyanistes caeruleus (Eurasian Blue Tit); same species, older binomial",General List (vol. I); engraved caption on the leaf; crosswalk
155,1. Cole Tit.,Cole Tit,Parus ater,Periparus ater,Coal Tit,coatit2,eBird/Clements 2025,Q191096,2487871,166CD4402D4A416B,Periparus ater_Coal Tit,,high,yes,Parus ater Linn. = Periparus ater (Coal Tit); same species,General List (vol. I); engraved caption on the leaf; crosswalk
155,2. Marsh Tit.,Marsh Tit,Parus palustris,Poecile palustris,Marsh Tit,martit2,eBird/Clements 2025,Q207838,2487843,523763E55D4A8153,Poecile palustris_Marsh Tit,,high,yes,"Marsh Tit (Willow Tit P. montanus, described 1827, was lumped; European Willow Tits in Britain went unrecognised till 1897)",General List (vol. I); engraved caption on the leaf; crosswalk
156,,Crested Tit,Parus cristatus,Lophophanes cristatus,Crested Tit,cretit2,eBird/Clements 2025,Q207831,2487883,E553193354C74B21,Lophophanes cristatus_Crested Tit,,high,yes,Parus cristatus Linn. = Lophophanes cristatus (Crested Tit); same species,General List (vol. I); engraved caption on the leaf; crosswalk
157,,Long-tailed Tit,Parus caudatus,Aegithalos caudatus,Long-tailed Tit,lottit1,eBird/Clements 2025,Q170831,2495000,547163C22167E31B,Aegithalos caudatus_Long-tailed Tit,,high,yes,Parus caudatus Linn. = Aegithalos caudatus (Long-tailed Tit); same species,General List (vol. I); engraved caption on the leaf; crosswalk
158,,"Bearded Tit, or Reed Bird",Calamophilus biarmicus,Panurus biarmicus,Bearded Reedling,bearee1,eBird/Clements 2025,Q192817,2493367,7D59F91D9548DCE7,Panurus biarmicus_Bearded Reedling,,high,yes,Bearded Tit = Bearded Reedling,General List (vol. I); engraved caption on the leaf; crosswalk
159,,Penduline Tit,Ægithalus pendulinus,Remiz pendulinus,Eurasian Penduline-Tit,euptit1,eBird/Clements 2025,Q273067,2487385,F81EB04951AA84BB,Remiz pendulinus_Eurasian Penduline-Tit,,high,yes,Ægithalus pendulinus Vig. = Remiz pendulinus (Eurasian Penduline-Tit); same species,General List (vol. I); engraved caption on the leaf; crosswalk
160,,Waxen Chatterer,Bombycivora garrula,Bombycilla garrulus,Bohemian Waxwing,bohwax,eBird/Clements 2025,Q26135,2484605,AEF821EC4625150E,Bombycilla garrulus_Bohemian Waxwing,,high,yes,Waxen Chatterer = Bohemian Waxwing,General List (vol. I); engraved caption on the leaf; crosswalk
161,,Black Lark,Alauda Tartarica,,,,,,,,,,high,no,"Alauda Tartarica = Melanocorypha yeltoniensis, which is not a BirdNET V2.4 label; blank. Alauda tatarica Pall. = Black Lark M. yeltoniensis",General List (vol. I); crosswalk
162,,Calandra Lark,Alauda Calandra,Melanocorypha calandra,Calandra Lark,callar1,eBird/Clements 2025,Q470853,2490613,BDC24A8AA8A51BF9,Melanocorypha calandra_Calandra Lark,,high,yes,Alauda Calandra Pall. = Melanocorypha calandra (Calandra Lark); same species,General List (vol. I); engraved caption on the leaf; crosswalk
163,,Short-toed Lark,Alauda brachydactyla,Calandrella brachydactyla,Greater Short-toed Lark,gstlar1,eBird/Clements 2025,Q24843,2490681,4091A51E,Calandrella brachydactyla_Greater Short-toed Lark,,high,yes,Greater Short-toed Lark,General List (vol. I); engraved caption on the leaf; crosswalk
164,,Shore Lark,Alauda alpestris,Eremophila alpestris,Horned Lark,horlar,eBird/Clements 2025,Q207249,9415596,77AFF9B86BC9FEE3,Eremophila alpestris_Horned Lark,,high,yes,Shore Lark = Horned Lark,General List (vol. I); engraved caption on the leaf; crosswalk
165,,Crested Lark,Alauda cristata,Galerida cristata,Crested Lark,crelar1,eBird/Clements 2025,,,,Galerida cristata_Crested Lark,,high,yes,Alauda cristata Linn. = Galerida cristata (Crested Lark); same species,General List (vol. I); engraved caption on the leaf; crosswalk
166,,Sky Lark,Alauda arvensis,Alauda arvensis,Eurasian Skylark,skylar,eBird/Clements 2025,Q25961,8077224,2D9A361995111F42,Alauda arvensis_Eurasian Skylark,,high,yes,Alauda arvensis Linn. = Alauda arvensis (Eurasian Skylark); same species,General List (vol. I); engraved caption on the leaf; crosswalk
167,,Wood Lark,Alauda arborea,Lullula arborea,Wood Lark,woolar1,eBird/Clements 2025,Q26969,2490604,742EC2F1CA97F56C,Lullula arborea_Wood Lark,,high,yes,Alauda arborea Linn. = Lullula arborea (Wood Lark); same species,General List (vol. I); engraved caption on the leaf; crosswalk
168,,Bifasciated Lark,Certhilauda bifasciata,Alaemon alaudipes,Greater Hoopoe-Lark,grhlar1,eBird/Clements 2025,Q899345,2490659,3E4513D9B079B399,Alaemon alaudipes_Greater Hoopoe-Lark,,high,yes,Certhilauda bifasciata = Greater Hoopoe-Lark,General List (vol. I); engraved caption on the leaf; crosswalk
169,,Lark-heeled Bunting,Plectrophanes Lapponica,Calcarius lapponicus,Lapland Longspur,laplon,eBird/Clements 2025,Q208703,2491678,3534E4CEBACCB166,Calcarius lapponicus_Lapland Longspur,,high,yes,Lapland Bunting = Lapland Longspur,General List (vol. I); engraved caption on the leaf; crosswalk
170,,Snow Bunting,Plectrophanes nivalis,Plectrophenax nivalis,Snow Bunting,snobun,eBird/Clements 2025,Q26416,2491719,9BEBC02505B416EE,Plectrophenax nivalis_Snow Bunting,,high,yes,Plectrophanes nivalis Meyer. = Plectrophenax nivalis (Snow Bunting); same species,General List (vol. I); engraved caption on the leaf; crosswalk
171,,Common Bunting,Emberiza miliaria,Emberiza calandra,Corn Bunting,corbun1,eBird/Clements 2025,Q27220,7634625,9A87EBB0B75C410B,Emberiza calandra_Corn Bunting,,high,yes,Common Bunting = Corn Bunting,General List (vol. I); engraved caption on the leaf; crosswalk
172,,Black-headed Bunting,Emberiza melanocephala,Emberiza melanocephala,Black-headed Bunting,blhbun1,eBird/Clements 2025,Q334183,9613112,E2D2CB88A9D95E42,Emberiza melanocephala_Black-headed Bunting,,high,yes,Emberiza melanocephala Scop. = Emberiza melanocephala (Black-headed Bunting); same species,General List (vol. I); engraved caption on the leaf; crosswalk
173,,Yellow Bunting,Emberiza citrinella,Emberiza citrinella,Yellowhammer,yellow2,eBird/Clements 2025,Q26205,2491534,56FB47C05CB7275F,Emberiza citrinella_Yellowhammer,,high,yes,"Yellow Bunting = Yellowhammer. Trap: BirdNET's ""Yellow Bunting"" is E. sulphurata",General List (vol. I); engraved caption on the leaf; crosswalk
174,,Yellow-breasted Bunting,Emberiza aureola,Emberiza aureola,Yellow-breasted Bunting,yebbun,eBird/Clements 2025,Q335535,2491518,7574C0E53A34CCFD,Emberiza aureola_Yellow-breasted Bunting,,high,yes,Emberiza aureola Pall. = Emberiza aureola (Yellow-breasted Bunting); same species,General List (vol. I); engraved caption on the leaf; crosswalk
175,,Cirl Bunting,Emberiza Cirlus,Emberiza cirlus,Cirl Bunting,cirbun1,eBird/Clements 2025,Q148583,7626513,9AAB8C2174EFDF60,Emberiza cirlus_Cirl Bunting,,high,yes,Emberiza Cirlus Linn. = Emberiza cirlus (Cirl Bunting); same species,General List (vol. I); engraved caption on the leaf; crosswalk
176,,Ortolan Bunting,Emberiza hortulana,Emberiza hortulana,Ortolan Bunting,ortbun1,eBird/Clements 2025,Q206630,2491482,4721056132879EB7,Emberiza hortulana_Ortolan Bunting,,high,yes,Emberiza hortulana Linn. = Emberiza hortulana (Ortolan Bunting); same species,General List (vol. I); engraved caption on the leaf; crosswalk
177,,Rustic Bunting,Emberiza rustica,Emberiza rustica,Rustic Bunting,rusbun,eBird/Clements 2025,Q286809,2491582,DA9746CEC82D30A3,Emberiza rustica_Rustic Bunting,,high,yes,Emberiza rustica Pall. = Emberiza rustica (Rustic Bunting); same species,General List (vol. I); engraved caption on the leaf; crosswalk
178,,Lesbian Bunting,Emberiza Lesbia,,,,,,,,,,low,no,Emberiza lesbia Gmel. is a doubtful name (usually sunk in Cirl Bunting or treated as a young/female bunting); no standing species. Blank,General List (vol. I); crosswalk
179,,Meadow Bunting,Emberiza cia,Emberiza cia,Rock Bunting,rocbun1,eBird/Clements 2025,Q205491,2491498,4836E64E80D5A372,Emberiza cia_Rock Bunting,,high,yes,"Meadow Bunting (Gould) = Rock Bunting. Trap: BirdNET's ""Meadow Bunting"" is E. cioides",General List (vol. I); engraved caption on the leaf; crosswalk
180,,Pine Bunting,Emberiza pithyornus,Emberiza leucocephalos,Pine Bunting,pinbun,eBird/Clements 2025,Q221423,2491472,43EF3EA79A531279,Emberiza leucocephalos_Pine Bunting,,high,yes,Emberiza pithyornus Pall. = Pine Bunting,General List (vol. I); engraved caption on the leaf; crosswalk
181,,Cretzschmar's Bunting,Emberiza cæsia,Emberiza caesia,Cretzschmar's Bunting,crebun2,eBird/Clements 2025,Q837753,2491490,A7F3E6AE9A1929F9,Emberiza caesia_Cretzschmar's Bunting,,high,yes,Emberiza cæsia Cretz. = Emberiza caesia (Cretzschmar's Bunting); same species,General List (vol. I); engraved caption on the leaf; crosswalk
182,,Marsh Bunting,Emberiza palustris,Emberiza schoeniclus,Reed Bunting,reebun,eBird/Clements 2025,Q26961,2491557,C0B9787440316E20,Emberiza schoeniclus_Reed Bunting,subspecies,high,yes,Emberiza palustris Savi = the thick-billed Reed Bunting (E. schoeniclus intermedia group),General List (vol. I); engraved caption on the leaf; crosswalk
183,,Reed Bunting,Emberiza schœniculus,Emberiza schoeniclus,Reed Bunting,reebun,eBird/Clements 2025,Q26961,2491557,C0B9787440316E20,Emberiza schoeniclus_Reed Bunting,,high,no,"Emberiza schœniculus Linn. = Emberiza schoeniclus (Reed Bunting); same species, older binomial",General List (vol. I); crosswalk
184,1. House Sparrow.,Common Sparrow,Pyrgita domestica,Passer domesticus,House Sparrow,houspa,eBird/Clements 2025,Q14683,5231190,240E33900CE34D44,Passer domesticus_House Sparrow,,high,yes,"anchor, verified on the plate",General List (vol. I); engraved caption on the leaf; crosswalk
184,2. Tree Sparrow.,Tree Sparrow,Pyrgita montana,Passer montanus,Eurasian Tree Sparrow,eutspa,eBird/Clements 2025,Q25968,5231198,C22FBF8D,Passer montanus_Eurasian Tree Sparrow,,high,yes,"anchor, verified on the plate",General List (vol. I); engraved caption on the leaf; crosswalk
185,1. Spanish Sparrow.,Spanish Sparrow,Pyrgita Hispaniolensis,Passer hispaniolensis,Spanish Sparrow,spaspa1,eBird/Clements 2025,Q466200,5231209,5A8E09A18B86D140,Passer hispaniolensis_Spanish Sparrow,,high,yes,Pyrgita Hispaniolensis Cuv. = Passer hispaniolensis (Spanish Sparrow); same species,General List (vol. I); engraved caption on the leaf; crosswalk
185,2. Alpine Sparrow.,Alpine Sparrow,Pyrgita Cisalpina,Passer italiae,Italian Sparrow,itaspa1,eBird/Clements 2025,Q937933,8426551,3718C3F9FDA2A7FB,Passer italiae_Italian Sparrow,,high,yes,Fringilla cisalpina Temm. = Italian Sparrow (a stabilised hybrid species; some lists keep it in House Sparrow),General List (vol. I); engraved caption on the leaf; crosswalk
186,,Doubtful Sparrow,Pyrgita petronia,Petronia petronia,Rock Sparrow,rocpet1,eBird/Clements 2025,Q736313,2492350,F8748F12A35515B1,Petronia petronia_Rock Sparrow,,high,yes,"""Doubtful Sparrow"" is only Gould's English name: Fringilla petronia Linn. = Rock Sparrow",General List (vol. I); engraved caption on the leaf; crosswalk
187,,Chaffinch,Fringilla Cælebs,Fringilla coelebs,Common Chaffinch,comcha,eBird/Clements 2025,Q25383,2494422,6364E4A5,Fringilla coelebs_Common Chaffinch,,high,yes,"Fringilla Cælebs Linn. = Fringilla coelebs (Common Chaffinch); same species, older binomial",General List (vol. I); engraved caption on the leaf; crosswalk
188,,Mountain or Bramble Finch,Fringilla montifringilla,Fringilla montifringilla,Brambling,brambl,eBird/Clements 2025,Q188877,2494441,E16B2C0328E05DC5,Fringilla montifringilla_Brambling,,high,yes,Brambling,General List (vol. I); engraved caption on the leaf; crosswalk
189,,Snow Finch,Fringilla nivalis,Montifringilla nivalis,White-winged Snowfinch,whwsno1,eBird/Clements 2025,Q499290,2492371,3E389D037AA10A4C,Montifringilla nivalis_White-winged Snowfinch,,high,yes,Snow Finch = White-winged Snowfinch,General List (vol. I); engraved caption on the leaf; crosswalk
190,,Winter Finch,Fringilla ? hyemalis,Junco hyemalis,Dark-eyed Junco,daejun,eBird/Clements 2025,Q525818,2492010,F8AFCAC715964EEB,Junco hyemalis_Dark-eyed Junco,,judged,yes,"Fringilla hyemalis Linn. = Dark-eyed Junco (Gould's 'Winter Finch', a straggler); confirm the figure is a slate junco | Decided 25 Sep 2026 on the review page, checked against Dresser and the KU catalogue (see gould_europe.yaml).",General List (vol. I); engraved caption on the leaf; crosswalk
191,,Common or Brown Linnet,Linaria Cannabina,Linaria cannabina,Eurasian Linnet,eurlin1,eBird/Clements 2025,Q27075852,8104397,32635892A4EB874F,Linaria cannabina_Eurasian Linnet,,high,yes,Linnet,General List (vol. I); engraved caption on the leaf; crosswalk
192,,"Mountain Linnet, or Twite",Linaria montana,Linaria flavirostris,Twite,twite1,eBird/Clements 2025,Q10965357,7668711,6CD4E38EB75CA3A0,Linaria flavirostris_Twite,,high,yes,Mountain Linnet = Twite,General List (vol. I); engraved caption on the leaf; crosswalk
193,,Mealy Redpole,Linaria canescens,,,,,,,,,,low,no,Linaria canescens Gould (Mealy Redpoll) is variously placed in Common Redpoll (A. flammea) or Arctic/Hoary Redpoll (A. hornemanni); BirdNET keeps both apart. Blank,General List (vol. I); crosswalk
194,,Lesser Redpole,Linaria minor,Acanthis flammea,Redpoll,redpol1,eBird/Clements 2025,Q20754771,5231630,A2BB98A9,Acanthis cabaret_Lesser Redpoll,,high,yes,Linaria minor Ray = Lesser Redpoll; eBird 2025 lumps the redpolls; this is the Lesser Redpoll form (ISSF lesred1),General List (vol. I); engraved caption on the leaf; crosswalk
195,,Serin Finch,Serinus flavescens,Serinus serinus,European Serin,eurser1,eBird/Clements 2025,Q271807,2494200,C3227709455B9AFF,Serinus serinus_European Serin,,high,yes,Serin,General List (vol. I); engraved caption on the leaf; crosswalk
196,,Goldfinch,Carduelis elegans,Carduelis carduelis,European Goldfinch,eurgol,eBird/Clements 2025,Q25418,2494686,1B235E0052ACC519,Carduelis carduelis_European Goldfinch,,high,yes,"anchor, verified on the plate",General List (vol. I); engraved caption on the leaf; crosswalk
197,,"Siskin, or Aberdevine",Carduelis spinus,Spinus spinus,Eurasian Siskin,eursis,eBird/Clements 2025,Q27075864,6092830,9820CECA12EC737D,Spinus spinus_Eurasian Siskin,,high,yes,Siskin,General List (vol. I); engraved caption on the leaf; crosswalk
198,,Citril Finch,Carduelis citrinella,Carduelis citrinella,Citril Finch,citfin1,eBird/Clements 2025,Q206550,2494632,039E0011AA4F1420,Carduelis citrinella_Citril Finch,,high,yes,Citril Finch,General List (vol. I); engraved caption on the leaf; crosswalk
199,,Hawfinch,Coccothraustes vulgaris,Coccothraustes coccothraustes,Hawfinch,hawfin,eBird/Clements 2025,Q174088,2494329,84E1F1149261F19E,Coccothraustes coccothraustes_Hawfinch,,high,yes,Hawfinch,General List (vol. I); engraved caption on the leaf; crosswalk
200,,Green Grosbeak,Coccothraustes chloris,Chloris chloris,European Greenfinch,eurgre1,eBird/Clements 2025,Q27075785,5845582,65BD2033E2A722C8,Chloris chloris_European Greenfinch,,high,yes,Green Grosbeak = European Greenfinch,General List (vol. I); engraved caption on the leaf; crosswalk
201,,Parrot Crossbill,Loxia pityopsittacus,Loxia pytyopsittacus,Parrot Crossbill,parcro2,eBird/Clements 2025,Q645055,2494154,CAAD3E23531C26C5,Loxia pytyopsittacus_Parrot Crossbill,,high,yes,"Loxia pityopsittacus Bechst. = Loxia pytyopsittacus (Parrot Crossbill); same species, older binomial",General List (vol. I); engraved caption on the leaf; crosswalk
202,,Common Crossbill,Loxia curvirostra,Loxia curvirostra,Red Crossbill,redcro,eBird/Clements 2025,Q26552,9629160,135564AAF6B01DA2,Loxia curvirostra_Red Crossbill,,high,yes,Common Crossbill = Red Crossbill,General List (vol. I); engraved caption on the leaf; crosswalk
203,,White-winged Crossbill,Loxia leucoptera,Loxia leucoptera,White-winged Crossbill,whwcro,eBird/Clements 2025,Q331190,8144830,80C297E6B82452E7,Loxia leucoptera_White-winged Crossbill,,high,yes,White-winged (Two-barred) Crossbill,General List (vol. I); engraved caption on the leaf; crosswalk
204,,Pine Grosbeak,Corythus enucleator,Pinicola enucleator,Pine Grosbeak,pingro,eBird/Clements 2025,Q214571,2494771,83AC4DAD94AFC411,Pinicola enucleator_Pine Grosbeak,,high,yes,Corythus enucleator Cuv. = Pinicola enucleator (Pine Grosbeak); same species,General List (vol. I); engraved caption on the leaf; crosswalk
205,,Siberian Grosbeak,Corythus longicauda,Carpodacus sibiricus,Long-tailed Rosefinch,lotros1,eBird/Clements 2025,Q27075750,7690055,463680BF69BE372A,Carpodacus sibiricus_Long-tailed Rosefinch,,high,yes,Corythus longicauda = Long-tailed Rosefinch,General List (vol. I); engraved caption on the leaf; crosswalk
206,,Scarlet Grosbeak,Erythrospiza erythrina,Carpodacus erythrinus,Common Rosefinch,comros,eBird/Clements 2025,Q46143,2494459,3A713345,Carpodacus erythrinus_Common Rosefinch,,high,yes,Scarlet Grosbeak = Common Rosefinch,General List (vol. I); engraved caption on the leaf; crosswalk
207,,Rosy Grosbeak,Erythrospiza rosea,,,,,,,,,,high,no,"Erythrospiza rosea = Carpodacus roseus, which is not a BirdNET V2.4 label; blank. Rosy Grosbeak = Pallas's Rosefinch",General List (vol. I); crosswalk
208,,Vinous Grosbeak,Erythrospiza githaginea,Bucanetes githagineus,Trumpeter Finch,trufin2,eBird/Clements 2025,Q559883,2494394,8049F70788740F8F,Bucanetes githagineus_Trumpeter Finch,,high,yes,Vinous Grosbeak = Trumpeter Finch,General List (vol. I); engraved caption on the leaf; crosswalk
209,,Bullfinch,Pyrrhula vulgaris,Pyrrhula pyrrhula,Eurasian Bullfinch,eurbul,eBird/Clements 2025,Q25382,2494543,24764DC7AD26E5F7,Pyrrhula pyrrhula_Eurasian Bullfinch,,high,yes,"Pyrrhula vulgaris Temm. = Pyrrhula pyrrhula (Eurasian Bullfinch); same species, older binomial",General List (vol. I); engraved caption on the leaf; crosswalk
210,,Starling,Sturnus vulgaris,Sturnus vulgaris,European Starling,eursta,eBird/Clements 2025,Q25469,9809229,94A4403295E2D9BE,Sturnus vulgaris_European Starling,,high,yes,"anchor, verified on the plate",General List (vol. I); engraved caption on the leaf; crosswalk
211,,Sardinian Starling,Sturnus unicolor,Sturnus unicolor,Spotless Starling,sposta1,eBird/Clements 2025,Q836833,2489104,B0D81671A5159DEB,Sturnus unicolor_Spotless Starling,,high,yes,Spotless Starling,General List (vol. I); engraved caption on the leaf; crosswalk
212,,Rose-coloured Pastor,Pastor roseus,Pastor roseus,Rosy Starling,rossta2,eBird/Clements 2025,Q20823352,5845386,24208346AD77666E,Pastor roseus_Rosy Starling,,high,yes,Rose-coloured Starling,General List (vol. I); engraved caption on the leaf; crosswalk
213,,Nutcracker,Nucifraga caryocatactes,Nucifraga caryocatactes,Northern Nutcracker,eurnut3,eBird/Clements 2025,,,,Nucifraga caryocatactes_Eurasian Nutcracker,,high,yes,Nucifraga caryocatactes Briss. = Nucifraga caryocatactes (Eurasian Nutcracker); same species,General List (vol. I); engraved caption on the leaf; crosswalk
214,,Jay,Garrulus glandarius,Garrulus glandarius,Eurasian Jay,eurjay1,eBird/Clements 2025,Q25354,5229493,D8D10F2C5A9AA49F,Garrulus glandarius_Eurasian Jay,,high,yes,Garrulus glandarius Briss. = Garrulus glandarius (Eurasian Jay); same species,General List (vol. I); engraved caption on the leaf; crosswalk
215,,Siberian Jay,Garrulus infaustus,Perisoreus infaustus,Siberian Jay,sibjay1,eBird/Clements 2025,Q214281,2482449,43E6246776E789EC,Perisoreus infaustus_Siberian Jay,,high,yes,Siberian Jay,General List (vol. I); engraved caption on the leaf; crosswalk
216,,Magpie,Pica caudata,Pica pica,Eurasian Magpie,eurmag1,eBird/Clements 2025,Q25307,5229490,FBBBA943D3AB65E8,Pica pica_Eurasian Magpie,,high,yes,Magpie,General List (vol. I); engraved caption on the leaf; crosswalk
217,,Azure-winged Magpie,Pica cyanea,Cyanopica cooki,Iberian Magpie,azwmag3,eBird/Clements 2025,Q12256020,5844936,D30A8AE1FDA18C0A,Cyanopica cooki_Iberian Magpie,,judged,yes,"Azure-winged Magpie, since split: Iberian (C. cooki) and East Asian (C. cyanus). Gould's European bird should be Iberian, but Wagler's name rests on Pallas's Asian bird and Gould may have figured an Asian skin; confirm | Decided 25 Sep 2026 on the review page, checked against Dresser and the KU catalogue (see gould_europe.yaml).",General List (vol. I); engraved caption on the leaf; crosswalk
217,,"Azure-winged Magpie, Pica cyanea",,Cyanopica cyanus,Azure-winged Magpie,azwmag2,eBird/Clements 2025,Q503807,7341881,659D6E44CDDBC5F1,Cyanopica cyanus_Azure-winged Magpie,,judged,yes,pinned beside the crosswalk's row for this plate,engraved caption on the leaf; gould_europe.yaml
218,,Alpine Chough,Pyrrhocorax Pyrrhocorax,Pyrrhocorax graculus,Yellow-billed Chough,yebcho1,eBird/Clements 2025,Q191386,2482553,45B512E2ECC3DB1D,Pyrrhocorax graculus_Yellow-billed Chough,,high,yes,Gould's 'Alpine Chough' (Temminck's use of Pyrrhocorax pyrrhocorax) = Yellow-billed Chough P. graculus; his red-billed Chough is plate 219. Trap: modern P. pyrrhocorax is the Red-billed,General List (vol. I); engraved caption on the leaf; crosswalk
219,,Chough,Fregilus graculus,Pyrrhocorax pyrrhocorax,Red-billed Chough,rebcho1,eBird/Clements 2025,Q643836,2482552,18D2C42A9AD30CD8,Pyrrhocorax pyrrhocorax_Red-billed Chough,,high,yes,Fregilus graculus = Red-billed Chough. Trap: modern P. graculus is the Alpine Chough,General List (vol. I); engraved caption on the leaf; crosswalk
220,,Raven,Corvus corax,Corvus corax,Common Raven,comrav,eBird/Clements 2025,Q25357,2482492,B9B272F40EE1570F,Corvus corax_Common Raven,,high,yes,Corvus corax Linn. = Corvus corax (Common Raven); same species,General List (vol. I); engraved caption on the leaf; crosswalk
221,,Carrion Crow,Corvus corone,Corvus corone,Carrion Crow,carcro1,eBird/Clements 2025,Q26198,9409796,26FB62DAE4262583,Corvus corone_Carrion Crow,,high,yes,Corvus corone Linn. = Corvus corone (Carrion Crow); same species,General List (vol. I); engraved caption on the leaf; crosswalk
222,,Hooded Crow,Corvus cornix,Corvus cornix,Hooded Crow,hoocro1,eBird/Clements 2025,Q25405,2482515,F13D8350,Corvus cornix_Hooded Crow,,high,yes,Corvus cornix Linn. = Corvus cornix (Hooded Crow); same species,General List (vol. I); engraved caption on the leaf; crosswalk
223,,Jackdaw,Corvus monedula,Coloeus monedula,Eurasian Jackdaw,eurjac,eBird/Clements 2025,,,D4C32F8E792B65BA,Corvus monedula_Eurasian Jackdaw,,high,yes,Corvus monedula Linn. = Corvus monedula (Eurasian Jackdaw); same species,General List (vol. I); engraved caption on the leaf; crosswalk
224,,Rook,Corvus frugilegus,Corvus frugilegus,Rook,rook1,eBird/Clements 2025,Q25386,2482513,1078FFEA23D9DD25,Corvus frugilegus_Rook,,high,yes,Corvus frugilegus Linn. = Corvus frugilegus (Rook); same species,General List (vol. I); engraved caption on the leaf; crosswalk
225,,Great Black Woodpecker,Picus martius,Dryocopus martius,Black Woodpecker,blawoo1,eBird/Clements 2025,Q143284,2477872,EDB4BBA6E765E593,Dryocopus martius_Black Woodpecker,,high,yes,Picus martius Linn. = Dryocopus martius (Black Woodpecker); same species,General List (vol. I); engraved caption on the leaf; crosswalk
226,,Green Woodpecker,Picus viridis,Picus viridis,Eurasian Green Woodpecker,eugwoo2,eBird/Clements 2025,Q166171,2478523,A01014FF0A909DD8,Picus viridis_Eurasian Green Woodpecker,,high,yes,"Green Woodpecker (Iberian P. sharpei split, not Gould's bird)",General List (vol. I); engraved caption on the leaf; crosswalk
227,,Grey-headed Green Woodpecker,Picus canus,Picus canus,Gray-headed Woodpecker,gyfwoo1,eBird/Clements 2025,Q201106,2478548,FC68F046,Picus canus_Gray-headed Woodpecker,,high,yes,Picus canus Gmel. = Picus canus (Gray-headed Woodpecker); same species,General List (vol. I); engraved caption on the leaf; crosswalk
228,,White-rumped Woodpecker,Picus leuconotus,Dendrocopos leucotos,White-backed Woodpecker,whbwoo1,eBird/Clements 2025,Q207290,2477927,4507ACD713D16392,Dendrocopos leucotos_White-backed Woodpecker,,high,yes,White-backed Woodpecker,General List (vol. I); engraved caption on the leaf; crosswalk
229,,Great Spotted Woodpecker,Picus major,Dendrocopos major,Great Spotted Woodpecker,grswoo,eBird/Clements 2025,Q26209,2477968,D754DB8552A7AA42,Dendrocopos major_Great Spotted Woodpecker,,high,yes,Picus major Linn. = Dendrocopos major (Great Spotted Woodpecker); same species,General List (vol. I); engraved caption on the leaf; crosswalk
230,,Middle Spotted Woodpecker,Picus medius,Dendrocoptes medius,Middle Spotted Woodpecker,miswoo1,eBird/Clements 2025,Q275591,8773033,504B2FD466B8E1D8,Dendrocoptes medius_Middle Spotted Woodpecker,,high,yes,Picus medius Linn. = Dendrocoptes medius (Middle Spotted Woodpecker); same species,General List (vol. I); engraved caption on the leaf; crosswalk
231,,Lesser Spotted Woodpecker,Picus minor,Dryobates minor,Lesser Spotted Woodpecker,leswoo1,eBird/Clements 2025,Q184518,,AB2F4BC0659B6630,Dryobates minor_Lesser Spotted Woodpecker,,high,yes,Picus minor Linn. = Dryobates minor (Lesser Spotted Woodpecker); same species,General List (vol. I); engraved caption on the leaf; crosswalk
232,,Three-toed Woodpecker,Apternus tridactylus,Picoides tridactylus,Eurasian Three-toed Woodpecker,ettwoo1,eBird/Clements 2025,Q210418,2477804,05B8A4F150564A49,Picoides tridactylus_Eurasian Three-toed Woodpecker,,high,yes,Three-toed Woodpecker (Eurasian),General List (vol. I); engraved caption on the leaf; crosswalk
233,,Wryneck,Yunx torquilla,Jynx torquilla,Eurasian Wryneck,eurwry,eBird/Clements 2025,Q25678,8012314,B2E6AB9FC2608DFA,Jynx torquilla_Eurasian Wryneck,,high,yes,Yunx torquilla Linn. = Jynx torquilla (Eurasian Wryneck); same species,General List (vol. I); engraved caption on the leaf; crosswalk
234,,Common Nuthatch,Sitta Europæa,Sitta europaea,Eurasian Nuthatch,eurnut2,eBird/Clements 2025,Q156767,2484916,9C2B53A087F44E10,Sitta europaea_Eurasian Nuthatch,,high,yes,Sitta Europæa Linn. = Sitta europaea (Eurasian Nuthatch); same species,General List (vol. I); engraved caption on the leaf; crosswalk
235,,Dalmatian Nuthatch,Sitta Syriaca,Sitta neumayer,Western Rock Nuthatch,rocnut1,eBird/Clements 2025,Q749701,2484890,,Sitta neumayer_Western Rock Nuthatch,,high,yes,Sitta syriaca Ehrenb. = Western Rock Nuthatch,General List (vol. I); engraved caption on the leaf; crosswalk
236,,Asiatic Nuthatch,Sitta Asiatica,Sitta europaea,Eurasian Nuthatch,eurnut2,eBird/Clements 2025,Q156767,2484916,9C2B53A087F44E10,Sitta europaea_Eurasian Nuthatch,subspecies,high,no,Sitta asiatica Temm. = the white-bellied Siberian race of Eurasian Nuthatch,General List (vol. I); crosswalk
237,,Common Creeper,Certhia familiaris,Certhia familiaris,Eurasian Treecreeper,eurtre1,eBird/Clements 2025,Q193593,2487603,73BE9A87F6A32D6A,Certhia familiaris_Eurasian Treecreeper,,judged,yes,"Treecreeper; Short-toed Treecreeper (C. brachydactyla) was lumped then and looks near-identical; confirm the figure (it probably is familiaris, as Gould's text is British/northern) | Decided 25 Sep 2026 on the review page, checked against Dresser and the KU catalogue (see gould_europe.yaml).",General List (vol. I); engraved caption on the leaf; crosswalk
238,,Hoopoe,Upupa epops,Upupa epops,Common Hoopoe,hoopoe,eBird/Clements 2025,Q25247,2498415,FA2F9125,Upupa epops_Eurasian Hoopoe,,high,yes,Upupa epops Linn. = Upupa epops (Eurasian Hoopoe); same species,General List (vol. I); engraved caption on the leaf; crosswalk
239,,Wall Creeper,Tichodroma phœnicoptera,Tichodroma muraria,Wallcreeper,wallcr1,eBird/Clements 2025,Q167230,2484918,89C425901C5B5343,Tichodroma muraria_Wallcreeper,,high,yes,Wallcreeper,General List (vol. I); engraved caption on the leaf; crosswalk
240,,Common Cuckoo,Cuculus Canorus,Cuculus canorus,Common Cuckoo,comcuc,eBird/Clements 2025,Q18845,5231918,B3D2C3C5B73EC8E8,Cuculus canorus_Common Cuckoo,,high,yes,Cuculus Canorus Linn. = Cuculus canorus (Common Cuckoo); same species,General List (vol. I); engraved caption on the leaf; crosswalk
241,,Great Spotted Cuckoo,Cuculus glandarius,Clamator glandarius,Great Spotted Cuckoo,grscuc1,eBird/Clements 2025,Q665363,2496464,3D67C56A490A60AE,Clamator glandarius_Great Spotted Cuckoo,,high,yes,Cuculus glandarius Linn. = Clamator glandarius (Great Spotted Cuckoo); same species,General List (vol. I); engraved caption on the leaf; crosswalk
242,,American Cuckoo,Coccyzus Americanus,Coccyzus americanus,Yellow-billed Cuckoo,yebcuc,eBird/Clements 2025,Q852265,2496287,0CF12F8155708DC8,Coccyzus americanus_Yellow-billed Cuckoo,,high,yes,Yellow-billed Cuckoo,General List (vol. I); engraved caption on the leaf; crosswalk
243,,Wood Pigeon,Columba palumbus,Columba palumbus,Common Wood-Pigeon,cowpig1,eBird/Clements 2025,Q26026,2495455,760F307A30689D66,Columba palumbus_Common Wood-Pigeon,,high,yes,Columba palumbus Linn. = Columba palumbus (Common Wood-Pigeon); same species,General List (vol. I); engraved caption on the leaf; crosswalk
244,,Stock Dove,Columba Œnas,Columba oenas,Stock Dove,stodov1,eBird/Clements 2025,Q26140,2495471,68E4C0D1404A46D8,Columba oenas_Stock Dove,,high,yes,Columba Œnas Linn. = Columba oenas (Stock Dove); same species,General List (vol. I); engraved caption on the leaf; crosswalk
245,,Rock Dove,Columba livia,Columba livia,Rock Pigeon,rocpig,eBird/Clements 2025,Q42326,2495414,BBA263C235B15B88,Columba livia_Rock Pigeon,,high,yes,"anchor, verified on the plate",General List (vol. I); engraved caption on the leaf; crosswalk
246,,Turtle Dove,Columba Turtur,Streptopelia turtur,European Turtle-Dove,eutdov,eBird/Clements 2025,Q168514,2495708,5788552B694ED7B5,Streptopelia turtur_European Turtle-Dove,,high,yes,Columba Turtur Linn. = Streptopelia turtur (European Turtle-Dove); same species,General List (vol. I); engraved caption on the leaf; crosswalk
247,,Common Pheasant,Phasianus Colchicus,Phasianus colchicus,Ring-necked Pheasant,rinphe1,eBird/Clements 2025,,,,Phasianus colchicus_Ring-necked Pheasant,,high,yes,"anchor, verified on the plate",General List (vol. I); engraved caption on the leaf; crosswalk
248,,"Capercailzie, or Cock of the Wood",Tetrao Urogallus,Tetrao urogallus,Western Capercaillie,wescap1,eBird/Clements 2025,Q129059,2473577,C3221EE24B948F50,Tetrao urogallus_Western Capercaillie,,high,yes,Tetrao Urogallus Linn. = Tetrao urogallus (Western Capercaillie); same species,General List (vol. I); engraved caption on the leaf; crosswalk
249,,Hybrid Grouse,Tetrao hybridus,,,,,,,,,,low,no,"Hybrid Capercaillie x Black Grouse (""Rackelhahn""), not a species. Blank",General List (vol. I); crosswalk
250,,Black Grouse,Tetrao Tetrix,Lyrurus tetrix,Black Grouse,blagro1,eBird/Clements 2025,,,D4441CD6E9C993EF,Lyrurus tetrix_Black Grouse,,high,yes,Tetrao Tetrix Linn. = Lyrurus tetrix (Black Grouse); same species,General List (vol. I); engraved caption on the leaf; crosswalk
251,,"Hazel Grouse, or Gelinotte",Bonasia Europæa,Tetrastes bonasia,Hazel Grouse,hazgro1,eBird/Clements 2025,Q182761,2473663,B8CA2EEB4E7E0CA3,Tetrastes bonasia_Hazel Grouse,,high,yes,Hazel Grouse,General List (vol. I); engraved caption on the leaf; crosswalk
252,,Red Grouse,Lagopus Scoticus,Lagopus lagopus,Willow Ptarmigan,wilpta,eBird/Clements 2025,Q178702,2473421,FC3D07C64FF2C915,Lagopus lagopus_Willow Ptarmigan,subspecies,high,yes,"Red Grouse = L. lagopus scotica, a subspecies of Willow Ptarmigan",General List (vol. I); engraved caption on the leaf; crosswalk
253,,Common Ptarmigan,Lagopus mutus,Lagopus muta,Rock Ptarmigan,rocpta1,eBird/Clements 2025,Q205930,5227679,79B161B7017DD7ED,Lagopus muta_Rock Ptarmigan,,high,yes,Ptarmigan,General List (vol. I); engraved caption on the leaf; crosswalk
254,,Rock Ptarmigan,Lagopus rupestris,Lagopus muta,Rock Ptarmigan,rocpta1,eBird/Clements 2025,Q205930,5227679,79B161B7017DD7ED,Lagopus muta_Rock Ptarmigan,subspecies,high,no,"Lagopus rupestris = L. muta rupestris (the American Rock Ptarmigan), same species as plate 253",General List (vol. I); crosswalk
255,,Willow Ptarmigan,Lagopus Saliceti,Lagopus lagopus,Willow Ptarmigan,wilpta,eBird/Clements 2025,Q178702,2473421,FC3D07C64FF2C915,Lagopus lagopus_Willow Ptarmigan,,high,no,"Lagopus saliceti Swains. = Willow Ptarmigan (Red Grouse, plate 252, is its subspecies)",General List (vol. I); crosswalk
256,,Short-toed Ptarmigan,Lagopus brachydactylus,,,,,,,,,,low,no,"Lagopus brachydactylus Temm. is a doubtful name, usually sunk in Willow Ptarmigan (Lagopus lagopus), but not certainly not a Rock Ptarmigan; blank unless the plate settles it",General List (vol. I); crosswalk
257,,Sand Grouse,Pterocles arenarius,Pterocles orientalis,Black-bellied Sandgrouse,blbsan1,eBird/Clements 2025,Q383182,2480193,06B41945B9E57EC4,Pterocles orientalis_Black-bellied Sandgrouse,,high,yes,Sand Grouse = Black-bellied Sandgrouse,General List (vol. I); engraved caption on the leaf; crosswalk
258,,Pintailed Sand Grouse,Pterocles setarius,Pterocles alchata,Pin-tailed Sandgrouse,pitsan1,eBird/Clements 2025,Q753741,2480204,493C4CF8D0200AB4,Pterocles alchata_Pin-tailed Sandgrouse,,high,yes,Pterocles setarius Temm. = Pin-tailed Sandgrouse,General List (vol. I); engraved caption on the leaf; crosswalk
259,,European Francolin,Francolinus vulgaris,Francolinus francolinus,Black Francolin,blkfra,eBird/Clements 2025,Q285165,5227919,50658B225BD16740,Francolinus francolinus_Black Francolin,,high,yes,Black Francolin,General List (vol. I); engraved caption on the leaf; crosswalk
260,,Red-legged Partridge,Perdix rubra,Alectoris rufa,Red-legged Partridge,relpar1,eBird/Clements 2025,Q754863,2474051,F71E0BE60C5B3C98,Alectoris rufa_Red-legged Partridge,,high,yes,"Perdix rubra Ray. = Alectoris rufa (Red-legged Partridge); same species, older binomial",General List (vol. I); engraved caption on the leaf; crosswalk
261,1. Barbary Partridge.,Barbary Partridge,Perdix petrosa,Alectoris barbara,Barbary Partridge,barpar2,eBird/Clements 2025,Q202423,2474045,D44B2846BB2436A7,Alectoris barbara_Barbary Partridge,,high,yes,"Perdix petrosa Lath. = Alectoris barbara (Barbary Partridge); same species, older binomial",General List (vol. I); engraved caption on the leaf; crosswalk
261,2. Greek Partridge.,Greek Partridge,Perdix saxatilis,Alectoris graeca,Rock Partridge,rocpar2,eBird/Clements 2025,Q492684,2474055,44437074E18EB422,Alectoris graeca_Rock Partridge,,high,yes,"Greek Partridge = Rock Partridge (Chukar split off, is Asian)",General List (vol. I); engraved caption on the leaf; crosswalk
262,,Common Partridge,Perdix cinerea,Perdix perdix,Gray Partridge,grypar,eBird/Clements 2025,Q26106,2473958,C013A20E7F91419D,Perdix perdix_Gray Partridge,,high,yes,Grey Partridge,General List (vol. I); engraved caption on the leaf; crosswalk
263,,Quail,Coturnix dactylisonans,Coturnix coturnix,Common Quail,comqua1,eBird/Clements 2025,Q28358,2474156,CAFE345DCABD8BF8,Coturnix coturnix_Common Quail,,high,yes,Common Quail,General List (vol. I); engraved caption on the leaf; crosswalk
264,,Andalusian Turnix,Hemipodius tachydromus,Turnix sylvaticus,Small Buttonquail,smabut2,eBird/Clements 2025,Q18836,2475001,0DA8BB90D5401FDB,Turnix sylvaticus_Small Buttonquail,,high,yes,Andalusian Hemipode = Small Buttonquail,General List (vol. I); engraved caption on the leaf; crosswalk
265,,Collared Pratincole,Glareola torquata,Glareola pratincola,Collared Pratincole,colpra,eBird/Clements 2025,Q330310,2480757,D56ABB4EE468E9EF,Glareola pratincola_Collared Pratincole,,high,yes,Collared Pratincole,General List (vol. I); engraved caption on the leaf; crosswalk
266,,Cream-coloured Courser,Cursorius Isabellinus,,,,,,,,,,high,no,"Cursorius Isabellinus = Cursorius cursor, which is not a BirdNET V2.4 label; blank. Cream-coloured Courser",General List (vol. I); crosswalk
267,,Great Bustard,Otis Tarda,,,,,,,,,,high,no,"Otis Tarda = Otis tarda, which is not a BirdNET V2.4 label; blank",General List (vol. I); crosswalk
268,,Ruffed Bustard,Otis Houbara,,,,,,,,,,low,no,"Houbara Bustard, now split (African C. undulata / Asian C. macqueenii); neither is a BirdNET label. Blank",General List (vol. I); crosswalk
269,,Little Bustard,Otis tetrax,Tetrax tetrax,Little Bustard,litbus1,eBird/Clements 2025,Q188601,5228228,56E3016D3370A6D5,Tetrax tetrax_Little Bustard,,high,yes,Otis tetrax Linn. = Tetrax tetrax (Little Bustard); same species,General List (vol. I); engraved caption on the leaf; crosswalk
270,,Common Crane,Grus cinerea,Grus grus,Common Crane,comcra,eBird/Clements 2025,Q4764,2474950,99B8841E764117B1,Grus grus_Common Crane,,high,yes,Common Crane,General List (vol. I); engraved caption on the leaf; crosswalk
271,,White Crane,Grus leucogeranus,Leucogeranus leucogeranus,Siberian Crane,sibcra1,eBird/Clements 2025,Q21949185,9531123,77845DAD1C49E8F1,Leucogeranus leucogeranus_Siberian Crane,,high,yes,Siberian Crane,General List (vol. I); engraved caption on the leaf; crosswalk
272,,Numidian Demoiselle,Anthropoïdes Virgo,Grus virgo,Demoiselle Crane,demcra1,eBird/Clements 2025,,,64DDD14DF2EB9B39,Anthropoides virgo_Demoiselle Crane,,high,yes,Demoiselle Crane,General List (vol. I); engraved caption on the leaf; crosswalk
273,,Common Heron,Ardea cinerea,Ardea cinerea,Gray Heron,graher1,eBird/Clements 2025,Q25273,9797180,6AC87967DC86D7EE,Ardea cinerea_Gray Heron,,high,yes,Ardea cinerea Lath. = Ardea cinerea (Gray Heron); same species,General List (vol. I); engraved caption on the leaf; crosswalk
274,,Purple Heron,Ardea purpurea,Ardea purpurea,Purple Heron,purher1,eBird/Clements 2025,Q160488,2480934,8D6CB009B4D20368,Ardea purpurea_Purple Heron,,high,yes,Ardea purpurea Linn. = Ardea purpurea (Purple Heron); same species,General List (vol. I); engraved caption on the leaf; crosswalk
275,,Squacco Heron,Ardea comata,Ardeola ralloides,Squacco Heron,squher1,eBird/Clements 2025,Q191394,2480906,CE73EBD7A90E9FCF,Ardeola ralloides_Squacco Heron,,high,yes,Ardea comata Pall. = Squacco Heron,General List (vol. I); engraved caption on the leaf; crosswalk
276,,Great Egret,Ardea alba,Ardea alba,Great Egret,greegr,eBird/Clements 2025,Q130730,9752617,49D9148A171E7F2E,Ardea alba_Great Egret,,high,yes,Ardea alba Linn. = Ardea alba (Great Egret); same species,General List (vol. I); engraved caption on the leaf; crosswalk
277,,Little Egret,Ardea garzetta,Egretta garzetta,Little Egret,litegr,eBird/Clements 2025,Q131709,2480876,A6E9EDE55D229ED9,Egretta garzetta_Little Egret,,high,yes,Ardea garzetta Linn. = Egretta garzetta (Little Egret); same species,General List (vol. I); engraved caption on the leaf; crosswalk
278,,Rufous-backed Egret,Ardea russata,Ardea ibis,Western Cattle-Egret,categr1,eBird/Clements 2025,,,AB1CB216,Bubulcus ibis_Cattle Egret,,high,yes,"Ardea russata Wagl. = Cattle Egret (buff breeding dress); Western/Eastern split pending in some lists, BirdNET keeps one Bubulcus ibis",General List (vol. I); engraved caption on the leaf; crosswalk
279,,Common Night Heron,Nycticorax Europæus,Nycticorax nycticorax,Black-crowned Night Heron,bcnher,eBird/Clements 2025,Q126216,2480863,6BB94D7EA4D041A8,Nycticorax nycticorax_Black-crowned Night-Heron,,high,yes,"Nycticorax Europæus Steph. = Nycticorax nycticorax (Black-crowned Night-Heron); same species, older binomial",General List (vol. I); engraved caption on the leaf; crosswalk
280,,Common Bittern,Botaurus stellaris,Botaurus stellaris,Eurasian Bittern,grebit1,eBird/Clements 2025,Q25709,2480910,0F42F11AC607C758,Botaurus stellaris_Great Bittern,,high,yes,Botaurus stellaris Steph. = Botaurus stellaris (Great Bittern); same species,General List (vol. I); engraved caption on the leaf; crosswalk
281,,Freckled Bittern,Botaurus lentiginosus,Botaurus lentiginosus,American Bittern,amebit,eBird/Clements 2025,Q743017,2480911,13E9F9B48CD5A08A,Botaurus lentiginosus_American Bittern,,high,yes,American Bittern,General List (vol. I); engraved caption on the leaf; crosswalk
282,,Little Bittern,Botaurus minutus,Botaurus minutus,Little Bittern,litbit1,eBird/Clements 2025,Q25587867,2480850,7AAD57ACA1C4ECA9,Ixobrychus minutus_Little Bittern,,high,yes,Botaurus minutus Selby. = Ixobrychus minutus (Little Bittern); same species,General List (vol. I); engraved caption on the leaf; crosswalk
283,,White Stork,Ciconia alba,Ciconia ciconia,White Stork,whisto1,eBird/Clements 2025,Q25352,2481912,28825494A08AFE5A,Ciconia ciconia_White Stork,,high,yes,"Ciconia alba Bellon. = Ciconia ciconia (White Stork); same species, older binomial",General List (vol. I); engraved caption on the leaf; crosswalk
284,,Black Stork,Ciconia nigra,Ciconia nigra,Black Stork,blasto1,eBird/Clements 2025,Q25398,2481909,E2817DAE1B24B31E,Ciconia nigra_Black Stork,,high,yes,Ciconia nigra Bellon. = Ciconia nigra (Black Stork); same species,General List (vol. I); engraved caption on the leaf; crosswalk
285,,Maguari Stork,Ciconia Maguari,,,,,,,,,,high,no,"Ciconia Maguari = Ciconia maguari, which is not a BirdNET V2.4 label; blank. Maguari Stork (a South American bird Gould admitted on one record)",General List (vol. I); crosswalk
286,,Spoonbill,Platalea leucorodia,Platalea leucorodia,Eurasian Spoonbill,eurspo1,eBird/Clements 2025,Q171360,2480801,A0A584C1E7D786FE,Platalea leucorodia_Eurasian Spoonbill,,high,yes,Platalea leucorodia Linn. = Platalea leucorodia (Eurasian Spoonbill); same species,General List (vol. I); engraved caption on the leaf; crosswalk
287,,Common Flamingo,Phœnicopterus ruber,Phoenicopterus roseus,Greater Flamingo,grefla3,eBird/Clements 2025,Q179863,4352332,0F9B5174A8ACF737,Phoenicopterus roseus_Greater Flamingo,,high,yes,Gould's Old World flamingo = Greater Flamingo P. roseus. Trap: modern P. ruber is the American Flamingo,General List (vol. I); engraved caption on the leaf; crosswalk
288,,Thick-kneed Bustard,Œdicnemus crepitans,Burhinus oedicnemus,Eurasian Thick-knee,eutkne1,eBird/Clements 2025,Q184834,2482100,C7DB323E37CEDBE6,Burhinus oedicnemus_Eurasian Thick-knee,,high,yes,Stone Curlew = Eurasian Thick-knee,General List (vol. I); engraved caption on the leaf; crosswalk
289,,Long-legged Plover,Himantopus melanopterus,Himantopus himantopus,Black-winged Stilt,bkwsti,eBird/Clements 2025,Q178821,5229126,AC6252CA7ACD600E,Himantopus himantopus_Black-winged Stilt,,high,yes,Black-winged Stilt,General List (vol. I); engraved caption on the leaf; crosswalk
290,,Grey Plover,Squatarola cinerea,Pluvialis squatarola,Black-bellied Plover,bkbplo,eBird/Clements 2025,Q18835,2480327,27903EF7E618A6A2,Pluvialis squatarola_Black-bellied Plover,,high,yes,Grey Plover,General List (vol. I); engraved caption on the leaf; crosswalk
291,,Lapwing,Vanellus cristatus,Vanellus vanellus,Northern Lapwing,norlap,eBird/Clements 2025,Q25392,2480242,F029489ABD9D1334,Vanellus vanellus_Northern Lapwing,,high,yes,"Vanellus cristatus Meyer. = Vanellus vanellus (Northern Lapwing); same species, older binomial",General List (vol. I); engraved caption on the leaf; crosswalk
292,,Keptuschka Lapwing,Vanellus Keptuschka,,,,,,,,,,high,no,"Vanellus Keptuschka = Vanellus gregarius, which is not a BirdNET V2.4 label; blank. Sociable Lapwing",General List (vol. I); crosswalk
293,,Spur-winged Plover,Pluvianus spinosus,Vanellus spinosus,Spur-winged Lapwing,spwlap1,eBird/Clements 2025,Q749126,5229142,F5E92B225F648330,Vanellus spinosus_Spur-winged Lapwing,,high,yes,Spur-winged Lapwing,General List (vol. I); engraved caption on the leaf; crosswalk
294,,Golden Plover,Charadrius pluvialis,Pluvialis apricaria,European Golden-Plover,eugplo,eBird/Clements 2025,Q21148,2480332,25A20BA6F7EA9D9A,Pluvialis apricaria_European Golden-Plover,,high,yes,Charadrius pluvialis Linn. = European Golden Plover,General List (vol. I); engraved caption on the leaf; crosswalk
295,,Dottrell,Charadrius morinellus,Eudromias morinellus,Eurasian Dotterel,eurdot,eBird/Clements 2025,Q202504,2480281,20BE9DF14579BD4A,Charadrius morinellus_Eurasian Dotterel,,high,yes,Dotterel,General List (vol. I); engraved caption on the leaf; crosswalk
296,,Ring Dottrell,Charadrius hiaticula,Charadrius hiaticula,Common Ringed Plover,corplo,eBird/Clements 2025,Q26816,9566659,EDA37B7C5D4A25ED,Charadrius hiaticula_Common Ringed Plover,,high,yes,Ringed Plover,General List (vol. I); engraved caption on the leaf; crosswalk
297,,Little Ring Dottrell,Charadrius minor,Thinornis dubius,Little Ringed Plover,lirplo,eBird/Clements 2025,Q18851,7937336,35EC3BBF166AB032,Charadrius dubius_Little Ringed Plover,,high,yes,Charadrius minor Meyer = Little Ringed Plover,General List (vol. I); engraved caption on the leaf; crosswalk
298,,Kentish Plover,Charadrius Cantianus,Anarhynchus alexandrinus,Kentish Plover,kenplo1,eBird/Clements 2025,Q18855,2480311,0A787822FDD6B58C,Charadrius alexandrinus_Kentish Plover,,high,yes,Kentish Plover,General List (vol. I); engraved caption on the leaf; crosswalk
299,,Red-chested Dottrell,Charadrius pyrrhothorax,,,,,,,,,,low,no,"Charadrius pyrrhothorax Temm. is a sand plover (Lesser Sand-Plover C. mongolus complex, now split Siberian/Tibetan); which daughter and even which sand plover is uncertain. Blank",General List (vol. I); crosswalk
300,,Oyster Catcher,Hæmatopus Ostralegus,Haematopus ostralegus,Eurasian Oystercatcher,euroys1,eBird/Clements 2025,Q25928,7788295,ED66316522B99A30,Haematopus ostralegus_Eurasian Oystercatcher,,high,yes,Hæmatopus Ostralegus Linn. = Haematopus ostralegus (Eurasian Oystercatcher); same species,General List (vol. I); engraved caption on the leaf; crosswalk
301,,Glossy Ibis,Ibis Falcinellus,Plegadis falcinellus,Glossy Ibis,gloibi,eBird/Clements 2025,Q178811,2480773,D4540F880A3EC3BB,Plegadis falcinellus_Glossy Ibis,,high,yes,Ibis Falcinellus Temm. = Plegadis falcinellus (Glossy Ibis); same species,General List (vol. I); engraved caption on the leaf; crosswalk
302,,Common Curlew,Numenius arquata,Numenius arquata,Eurasian Curlew,eurcur,eBird/Clements 2025,Q18854,2481792,3BB5CBA66CF48884,Numenius arquata_Eurasian Curlew,,high,yes,Numenius arquata Lath. = Numenius arquata (Eurasian Curlew); same species,General List (vol. I); engraved caption on the leaf; crosswalk
303,,Whimbrel,Numenius Phæopus,Numenius phaeopus,Eurasian Whimbrel,whimbr5,eBird/Clements 2025,,,,Numenius phaeopus_Whimbrel,,high,yes,Whimbrel (Eurasian); eBird splits Whimbrel; the binomial stays with Eurasian Whimbrel,General List (vol. I); engraved caption on the leaf; crosswalk
304,,Slender-billed Curlew,Numenius tenuirostris,,,,,,,,,,high,no,Slender-billed Curlew is not a BirdNET label (probably extinct). Blank,General List (vol. I); crosswalk
305,,Black-tailed Godwit,Limosa melanura,Limosa limosa,Black-tailed Godwit,bktgod,eBird/Clements 2025,Q18841,2481685,454B5CD5F5285B77,Limosa limosa_Black-tailed Godwit,,high,yes,Black-tailed Godwit,General List (vol. I); engraved caption on the leaf; crosswalk
306,,Bar-tailed Godwit,Limosa rufa,Limosa lapponica,Bar-tailed Godwit,batgod,eBird/Clements 2025,Q18864,2481681,9A684C997C1AF1BA,Limosa lapponica_Bar-tailed Godwit,,high,yes,Bar-tailed Godwit,General List (vol. I); engraved caption on the leaf; crosswalk
307,,Terek Godwit,Limosa Terek,Xenus cinereus,Terek Sandpiper,tersan,eBird/Clements 2025,Q18856,2481703,6D5992EEE12070E8,Xenus cinereus_Terek Sandpiper,,high,yes,Terek Godwit = Terek Sandpiper,General List (vol. I); engraved caption on the leaf; crosswalk
308,,Avocet,Recurvirostra Avocetta,Recurvirostra avosetta,Pied Avocet,pieavo1,eBird/Clements 2025,Q26147,2480259,C73ED2F5D88625BA,Recurvirostra avosetta_Pied Avocet,,high,yes,"Recurvirostra Avocetta Linn. = Recurvirostra avosetta (Pied Avocet); same species, older binomial",General List (vol. I); engraved caption on the leaf; crosswalk
309,,Spotted Redshank,Totanus fuscus,Tringa erythropus,Spotted Redshank,spored,eBird/Clements 2025,Q28103,2481725,0895DD84DB3A45D1,Tringa erythropus_Spotted Redshank,,high,yes,Totanus fuscus = Spotted Redshank,General List (vol. I); engraved caption on the leaf; crosswalk
310,,Redshank,Totanus calidris,Tringa totanus,Common Redshank,comred1,eBird/Clements 2025,Q18859,2481714,D6BFC73A3E067711,Tringa totanus_Common Redshank,,high,yes,Redshank,General List (vol. I); engraved caption on the leaf; crosswalk
311,,Semipalmated Sandpiper,Totanus semipalmatus,Tringa semipalmata,Willet,willet1,eBird/Clements 2025,Q831611,5789298,E7A14E91456CB432,Tringa semipalmata_Willet,,high,yes,Totanus semipalmatus Temm. = Willet. Trap: Gould's English 'Semipalmated Sandpiper' is not today's C. pusilla,General List (vol. I); engraved caption on the leaf; crosswalk
312,,Greenshank,Totanus glottis,Tringa nebularia,Common Greenshank,comgre,eBird/Clements 2025,Q18840,2481726,18B415D28BBF934C,Tringa nebularia_Common Greenshank,,high,yes,Greenshank,General List (vol. I); engraved caption on the leaf; crosswalk
313,,Bartram's Sandpiper,Totanus Bartramius,Bartramia longicauda,Upland Sandpiper,uplsan,eBird/Clements 2025,Q530194,2481705,BF1DA86E0714FD01,Bartramia longicauda_Upland Sandpiper,,high,yes,Bartram's Sandpiper = Upland Sandpiper,General List (vol. I); engraved caption on the leaf; crosswalk
314,,Marsh Sandpiper,Totanus stagnatilis,Tringa stagnatilis,Marsh Sandpiper,marsan,eBird/Clements 2025,Q28355,2481719,15CF9352AD0E92DF,Tringa stagnatilis_Marsh Sandpiper,,high,yes,Totanus stagnatilis Bechst. = Tringa stagnatilis (Marsh Sandpiper); same species,General List (vol. I); engraved caption on the leaf; crosswalk
315,1. Green Sandpiper.,Green Sandpiper,Totanus ochropus,Tringa ochropus,Green Sandpiper,grnsan,eBird/Clements 2025,Q28450,2481728,A7B17EFC92B53D29,Tringa ochropus_Green Sandpiper,,high,yes,Totanus ochropus Temm. = Tringa ochropus (Green Sandpiper); same species,General List (vol. I); engraved caption on the leaf; crosswalk
315,2. Wood Sandpiper.,Wood Sandpiper,Totanus Glareola,Tringa glareola,Wood Sandpiper,woosan,eBird/Clements 2025,Q18837,2481713,8E67DC5F68BDF62C,Tringa glareola_Wood Sandpiper,,high,yes,Totanus Glareola Temm. = Tringa glareola (Wood Sandpiper); same species,General List (vol. I); engraved caption on the leaf; crosswalk
316,,Common Sandpiper,Totanus Hypoleucus,Actitis hypoleucos,Common Sandpiper,comsan,eBird/Clements 2025,Q18850,2481800,8548B07ECA48773F,Actitis hypoleucos_Common Sandpiper,,high,yes,"Totanus Hypoleucus Temm. = Actitis hypoleucos (Common Sandpiper); same species, older binomial",General List (vol. I); engraved caption on the leaf; crosswalk
317,,Spotted Sandpiper,Totanus macularius,Actitis macularius,Spotted Sandpiper,sposan,eBird/Clements 2025,Q389691,,0D88C072E71FE4B8,Actitis macularius_Spotted Sandpiper,,high,yes,Totanus macularius Temm. = Actitis macularius (Spotted Sandpiper); same species,General List (vol. I); engraved caption on the leaf; crosswalk
318,,Turnstone,Strepsilas collaris,Arenaria interpres,Ruddy Turnstone,rudtur,eBird/Clements 2025,Q26892,2481776,DC3050A9771F2CE9,Arenaria interpres_Ruddy Turnstone,,high,yes,Turnstone,General List (vol. I); engraved caption on the leaf; crosswalk
319,,Woodcock,Scolopax rusticola,Scolopax rusticola,Eurasian Woodcock,eurwoo,eBird/Clements 2025,Q26114,2481700,BFE14290EA4326FA,Scolopax rusticola_Eurasian Woodcock,,high,yes,Scolopax rusticola Linn. = Scolopax rusticola (Eurasian Woodcock); same species,General List (vol. I); engraved caption on the leaf; crosswalk
320,,Great Snipe,Scolopax major,Gallinago media,Great Snipe,gresni1,eBird/Clements 2025,Q27171,2481831,BCCD5840C7A6D538,Gallinago media_Great Snipe,,high,yes,Great Snipe,General List (vol. I); engraved caption on the leaf; crosswalk
321,2. Common Snipe.,Sabine's Snipe,Scolopax Sabini,Gallinago gallinago,Common Snipe,comsni,eBird/Clements 2025,Q25692,2481819,9151E0BA75761647,Gallinago gallinago_Common Snipe,variant,judged,yes,"Sabine's Snipe is the melanistic morph of the Common Snipe, not a species; confirm Gould's figure is that dark snipe | Decided 25 Sep 2026 on the review page, checked against Dresser and the KU catalogue (see gould_europe.yaml).",General List (vol. I); engraved caption on the leaf; crosswalk
321,2. Common Snipe.,Common Snipe,Scolopax Gallinago,Gallinago gallinago,Common Snipe,comsni,eBird/Clements 2025,Q25692,2481819,9151E0BA75761647,Gallinago gallinago_Common Snipe,,high,yes,Scolopax Gallinago Linn. = Gallinago gallinago (Common Snipe); same species,General List (vol. I); engraved caption on the leaf; crosswalk
322,,Jack Snipe,Scolopax Gallinula,Lymnocryptes minimus,Jack Snipe,jacsni,eBird/Clements 2025,Q26711,2481835,1A15F0C6B4948C52,Lymnocryptes minimus_Jack Snipe,,high,yes,Scolopax gallinula Linn. = Jack Snipe,General List (vol. I); engraved caption on the leaf; crosswalk
323,,Grey Snipe,Macroramphus griseus,Limnodromus griseus,Short-billed Dowitcher,shbdow,eBird/Clements 2025,Q371633,2481672,4A3B2CFF53868550,Limnodromus griseus_Short-billed Dowitcher,,judged,yes,"Macroramphus griseus = Short-billed Dowitcher by name, but Long-billed (L. scolopaceus) was lumped then and is the usual European vagrant; confirm Gould's figure | Decided 25 Sep 2026 on the review page, checked against Dresser and the KU catalogue (see gould_europe.yaml).",General List (vol. I); engraved caption on the leaf; crosswalk
324,,Knot,Calidris Canutus,Calidris canutus,Red Knot,redkno,eBird/Clements 2025,Q27124,2481765,B5CE8FAD18923A94,Calidris canutus_Red Knot,,high,yes,Knot,General List (vol. I); engraved caption on the leaf; crosswalk
325,,Ruff,Machetes pugnax,Calidris pugnax,Ruff,ruff,eBird/Clements 2025,Q28122714,8250742,2DABF98FBEEAB7BB,Calidris pugnax_Ruff,,high,yes,Machetes pugnax Cuv. = Calidris pugnax (Ruff); same species,General List (vol. I); engraved caption on the leaf; crosswalk
326,,Buff-breasted Sandpiper,Tringa rufescens,Calidris subruficollis,Buff-breasted Sandpiper,bubsan,eBird/Clements 2025,Q27452709,8292425,3A3C62BC935BDA72,Calidris subruficollis_Buff-breasted Sandpiper,,high,yes,Tringa rufescens Vieill. = Buff-breasted Sandpiper,General List (vol. I); engraved caption on the leaf; crosswalk
327,,Pectoral Sandpiper,Tringa pectoralis,Calidris melanotos,Pectoral Sandpiper,pecsan,eBird/Clements 2025,Q260716,2481744,ACC99F35F0E8F7EB,Calidris melanotos_Pectoral Sandpiper,,high,yes,Tringa pectoralis Say = Pectoral Sandpiper,General List (vol. I); engraved caption on the leaf; crosswalk
328,,Pygmy Curlew,Tringa subarquata,Calidris ferruginea,Curlew Sandpiper,cursan,eBird/Clements 2025,Q62345,2481741,143A681C9BCE9A20,Calidris ferruginea_Curlew Sandpiper,,high,yes,Pygmy Curlew / Tringa subarquata = Curlew Sandpiper,General List (vol. I); engraved caption on the leaf; crosswalk
329,,"Dunlin, or Purre",Tringa variabilis,Calidris alpina,Dunlin,dunlin,eBird/Clements 2025,Q26650,2481759,15369E8EB4CBD064,Calidris alpina_Dunlin,,high,yes,Dunlin,General List (vol. I); engraved caption on the leaf; crosswalk
330,,Schinz's Sandpiper,Tringa Schinzii,Calidris fuscicollis,White-rumped Sandpiper,whrsan,eBird/Clements 2025,Q599749,2481756,153BA3069DFCDDCA,Calidris fuscicollis_White-rumped Sandpiper,,judged,yes,"Tringa schinzii Bonap. (not Brehm's Dunlin race) = White-rumped Sandpiper; but the name 'Schinz's Sandpiper' was also used in Europe for small Dunlins (C. alpina schinzii). Confirm on the plate (white rump, long wings) | Decided 25 Sep 2026 on the review page, checked against Dresser and the KU catalogue (see gould_europe.yaml).",General List (vol. I); engraved caption on the leaf; crosswalk
331,,Broad-billed Tringa,Tringa platyrhyncha,Calidris falcinellus,Broad-billed Sandpiper,brbsan,eBird/Clements 2025,Q28114227,7537888,0A14882F5F9F64E6,Calidris falcinellus_Broad-billed Sandpiper,,high,yes,Broad-billed Sandpiper,General List (vol. I); engraved caption on the leaf; crosswalk
332,,Little Sandpiper,Tringa minuta,Calidris minuta,Little Stint,litsti,eBird/Clements 2025,Q27232,2481749,9936FF4AFB430504,Calidris minuta_Little Stint,,high,yes,Little Stint,General List (vol. I); engraved caption on the leaf; crosswalk
333,,Temminck's Tringa,Tringa Temminckii,Calidris temminckii,Temminck's Stint,temsti,eBird/Clements 2025,Q58921,2481740,5ACF7FB313BEF9EA,Calidris temminckii_Temminck's Stint,,high,yes,Tringa Temminckii Leisl. = Calidris temminckii (Temminck's Stint); same species,General List (vol. I); engraved caption on the leaf; crosswalk
334,,Purple Sandpiper,Tringa maritima,Calidris maritima,Purple Sandpiper,pursan,eBird/Clements 2025,Q62359,2481743,0A0B84313ACFFB2F,Calidris maritima_Purple Sandpiper,,high,yes,Tringa maritima Brunn. = Calidris maritima (Purple Sandpiper); same species,General List (vol. I); engraved caption on the leaf; crosswalk
335,,Sanderling,Arenaria Calidris,Calidris alba,Sanderling,sander,eBird/Clements 2025,Q58958,2481748,06B9BD243A756B28,Calidris alba_Sanderling,,high,yes,Sanderling,General List (vol. I); engraved caption on the leaf; crosswalk
336,,Red-necked Phalarope,Phalaropus hyperboreus,Phalaropus lobatus,Red-necked Phalarope,renpha,eBird/Clements 2025,Q206840,5739290,E6F3BA54577746FB,Phalaropus lobatus_Red-necked Phalarope,,high,yes,Red-necked Phalarope,General List (vol. I); engraved caption on the leaf; crosswalk
337,,Grey Phalarope,Phalaropus platyrhynchus,Phalaropus fulicarius,Red Phalarope,redpha1,eBird/Clements 2025,Q208335,5229390,18A1938091EEEA73,Phalaropus fulicarius_Red Phalarope,,high,yes,Grey (Red) Phalarope,General List (vol. I); engraved caption on the leaf; crosswalk
338,,Coot,Fulica atra,Fulica atra,Eurasian Coot,eurcoo,eBird/Clements 2025,Q25376,2474377,B682B2A9C922D4C4,Fulica atra_Eurasian Coot,,high,yes,Fulica atra Linn. = Fulica atra (Eurasian Coot); same species,General List (vol. I); engraved caption on the leaf; crosswalk
339,,Water Rail,Rallus aquaticus,Rallus aquaticus,Water Rail,watrai1,eBird/Clements 2025,Q185099,2474831,DE1D2DF4456931FF,Rallus aquaticus_Water Rail,,high,yes,Rallus aquaticus Linn. = Rallus aquaticus (Water Rail); same species,General List (vol. I); engraved caption on the leaf; crosswalk
340,,Hyacinthine Porphyrio,Porphyrio hyacinthinus,Porphyrio porphyrio,Western Swamphen,purswa1,eBird/Clements 2025,Q187902,2474416,B6838E0C,Porphyrio porphyrio_Western Swamphen,,high,yes,"Porphyrio hyacinthinus Temm. = the Mediterranean purple swamphen, now Western Swamphen after the split",General List (vol. I); engraved caption on the leaf; crosswalk
341,,Land Rail,Gallinula crex,Crex crex,Corn Crake,corcra,eBird/Clements 2025,Q26017,4408498,7E2572426E200D08,Crex crex_Corn Crake,,high,yes,Land Rail = Corn Crake,General List (vol. I); engraved caption on the leaf; crosswalk
342,,Common Gallinule,Gallinula chloropus,Gallinula chloropus,Eurasian Moorhen,commoo3,eBird/Clements 2025,Q18847,5228199,8F82FF8C30667D90,Gallinula chloropus_Eurasian Moorhen,,high,yes,Moorhen,General List (vol. I); engraved caption on the leaf; crosswalk
343,,Spotted Crake,Zapornia porzana,Porzana porzana,Spotted Crake,spocra1,eBird/Clements 2025,Q194024,2474621,460708F99737A6A2,Porzana porzana_Spotted Crake,,high,yes,Spotted Crake,General List (vol. I); engraved caption on the leaf; crosswalk
344,,Baillon's Crake,Zapornia Baillonii,Zapornia pusilla,Baillon's Crake,baicra1,eBird/Clements 2025,Q237670,,34D5B04DE53894FF,Zapornia pusilla_Baillon's Crake,,high,yes,Baillon's Crake is today's Zapornia pusilla,General List (vol. I); engraved caption on the leaf; crosswalk
345,,Little Crake,Zapornia pusilla,Zapornia parva,Little Crake,litcra1,eBird/Clements 2025,Q270680,9272513,9106EBE6C0914933,Zapornia parva_Little Crake,,high,yes,Gould's Little Crake (Stephens's pusilla) = Zapornia parva; his Baillon's is plate 344. Trap: modern Z. pusilla is Baillon's Crake,General List (vol. I); engraved caption on the leaf; crosswalk
346,,Snow Goose,Anser hyperboreus,Anser caerulescens,Snow Goose,snogoo,eBird/Clements 2025,Q27074540,2498167,D3A260BCA65503C6,Anser caerulescens_Snow Goose,,high,yes,Snow Goose,General List (vol. I); engraved caption on the leaf; crosswalk
347,,Grey Lag Wild Goose,Anser ferus,Anser anser,Graylag Goose,gragoo,eBird/Clements 2025,Q25882,2498036,4AED44E819A43204,Anser anser_Graylag Goose,,high,yes,Greylag,General List (vol. I); engraved caption on the leaf; crosswalk
348,,Bean Goose,Anser segetum,,,,,,,,,,low,no,"Bean Goose, now split Taiga (A. fabalis) / Tundra (A. serrirostris); both winter in Britain and the plate could show either. Blank",General List (vol. I); crosswalk
349,,White-fronted Goose,Anser albifrons,Anser albifrons,Greater White-fronted Goose,gwfgoo,eBird/Clements 2025,Q172093,2498017,466E9077BE220EBE,Anser albifrons_Greater White-fronted Goose,,high,yes,Anser albifrons Steph. = Anser albifrons (Greater White-fronted Goose); same species,General List (vol. I); engraved caption on the leaf; crosswalk
350,,Bernicle Goose,Anser leucopsis,Branta leucopsis,Barnacle Goose,bargoo,eBird/Clements 2025,Q26680,5232464,3163ED86A508BB83,Branta leucopsis_Barnacle Goose,,high,yes,Barnacle Goose,General List (vol. I); engraved caption on the leaf; crosswalk
351,,Red-breasted Goose,Anser ruficollis,,,,,,,,,,high,no,"Anser ruficollis = Branta ruficollis, which is not a BirdNET V2.4 label; blank",General List (vol. I); crosswalk
352,,Brent Goose,Anser Brenta,Branta bernicla,Brant,brant,eBird/Clements 2025,Q27050,5232446,3E04020B54C14FCC,Branta bernicla_Brant,,high,yes,Brent Goose (BirdNET: Brant),General List (vol. I); engraved caption on the leaf; crosswalk
353,,Egyptian Goose,Chenalopex Egyptiaca,Alopochen aegyptiaca,Egyptian Goose,egygoo,eBird/Clements 2025,Q274179,2498252,DA2F24E310CF72A6,Alopochen aegyptiaca_Egyptian Goose,,high,yes,"Chenalopex Egyptiaca Steph. = Alopochen aegyptiaca (Egyptian Goose); same species, older binomial",General List (vol. I); engraved caption on the leaf; crosswalk
354,,Domestic Swan,Cygnus mansuetus,Cygnus olor,Mute Swan,mutswa,eBird/Clements 2025,Q25402,2498343,694C127A5D849FFE,Cygnus olor_Mute Swan,,high,yes,"Domestic (tame) Swan = Mute Swan; anchor, verified on the plate",General List (vol. I); engraved caption on the leaf; crosswalk
355,,"Whistling Swan, or Hooper",Cygnus ferus,Cygnus cygnus,Whooper Swan,whoswa,eBird/Clements 2025,Q25612,2498347,BDDB5670D2D20A55,Cygnus cygnus_Whooper Swan,,high,yes,Cygnus ferus = Whooper Swan ('Hooper'). Trap: BirdNET-era 'Whistling Swan' is the Tundra Swan,General List (vol. I); engraved caption on the leaf; crosswalk
356,,Bewick's Swan,Cygnus Bewickii,Cygnus columbianus,Tundra Swan,tunswa,eBird/Clements 2025,Q26603,2498338,0BCBA6B9CC19E7BA,Cygnus columbianus_Tundra Swan,subspecies,high,yes,"Bewick's Swan = C. columbianus bewickii, Tundra Swan",General List (vol. I); engraved caption on the leaf; crosswalk
357,,Common Shieldrake,Tadorna vulpanser,Tadorna tadorna,Common Shelduck,comshe,eBird/Clements 2025,Q25761,2498009,5EAB32D3007896F3,Tadorna tadorna_Common Shelduck,,high,yes,Common Shelduck,General List (vol. I); engraved caption on the leaf; crosswalk
358,,Ruddy Shieldrake,Tadorna rutila,Tadorna ferruginea,Ruddy Shelduck,rudshe,eBird/Clements 2025,Q170723,2498015,1F9D883EB44DEFD6,Tadorna ferruginea_Ruddy Shelduck,,high,yes,Ruddy Shelduck,General List (vol. I); engraved caption on the leaf; crosswalk
359,,Widgeon,Mareca Penelope,Mareca penelope,Eurasian Wigeon,eurwig,eBird/Clements 2025,Q28106837,8000602,15EE0D3685082E13,Mareca penelope_Eurasian Wigeon,,high,yes,Eurasian Wigeon,General List (vol. I); engraved caption on the leaf; crosswalk
360,,Shoveller Duck,Rhynchaspis clypeata,Spatula clypeata,Northern Shoveler,norsho,eBird/Clements 2025,Q28106731,8332393,ED4CE8E7CFF43696,Spatula clypeata_Northern Shoveler,,high,yes,Shoveler,General List (vol. I); engraved caption on the leaf; crosswalk
361,,Common Wild Duck,Anas Boschas,Anas platyrhynchos,Mallard,mallar3,eBird/Clements 2025,Q25348,9761484,85625D75F2524457,Anas platyrhynchos_Mallard,,high,yes,Mallard,General List (vol. I); engraved caption on the leaf; crosswalk
362,,Common Teal,Querquedula Crecca,Anas crecca,Green-winged Teal,gnwtea,eBird/Clements 2025,Q25700,8214667,115F04DDF18F7CFF,Anas crecca_Green-winged Teal,,high,yes,Common (Eurasian) Teal,General List (vol. I); engraved caption on the leaf; crosswalk
363,,Bimaculated Teal,Querquedula glocitans,,,,,,,,,,high,no,"Querquedula glocitans = Sibirionetta formosa, which is not a BirdNET V2.4 label; blank. Anas glocitans Pall. = Baikal Teal",General List (vol. I); crosswalk
364,,Gargany Teal,Querquedula circia,Spatula querquedula,Garganey,gargan,eBird/Clements 2025,Q28106902,9274012,F577BA0F5BB7BD3F,Spatula querquedula_Garganey,,high,yes,Garganey,General List (vol. I); engraved caption on the leaf; crosswalk
365,,Pintail Duck,Dafila caudacuta,Anas acuta,Northern Pintail,norpin,eBird/Clements 2025,Q25450,2498112,56CCA7179C9FA71D,Anas acuta_Northern Pintail,,high,yes,Pintail,General List (vol. I); engraved caption on the leaf; crosswalk
366,,Gadwall,Chauliodes strepera,Mareca strepera,Gadwall,gadwal,eBird/Clements 2025,Q28106966,9362027,C235A4D712BB8855,Mareca strepera_Gadwall,,high,yes,Gadwall,General List (vol. I); engraved caption on the leaf; crosswalk
367,,Red-headed Pochard,Fuligula ferina,Aythya ferina,Common Pochard,compoc,eBird/Clements 2025,Q26742,2498255,A96692E0C9F7508B,Aythya ferina_Common Pochard,,high,yes,Pochard,General List (vol. I); engraved caption on the leaf; crosswalk
368,,"White-eyed, or Castaneous Duck",Fuligula leucophthalma,Aythya nyroca,Ferruginous Duck,ferduc,eBird/Clements 2025,Q191723,2498259,7CF91527F5832F30,Aythya nyroca_Ferruginous Duck,,high,yes,White-eyed Duck = Ferruginous Duck,General List (vol. I); engraved caption on the leaf; crosswalk
369,,Red-crested Duck,Fuligula rufina,Netta rufina,Red-crested Pochard,recpoc,eBird/Clements 2025,Q244350,2498180,3EC2CDA952B4A18C,Netta rufina_Red-crested Pochard,,high,yes,Fuligula rufina Steph. = Netta rufina (Red-crested Pochard); same species,General List (vol. I); engraved caption on the leaf; crosswalk
370,,Tufted Duck,Fuligula cristata,Aythya fuligula,Tufted Duck,tufduc,eBird/Clements 2025,Q26444,2498261,67CEA1C1FC88F1DB,Aythya fuligula_Tufted Duck,,high,yes,Tufted Duck,General List (vol. I); engraved caption on the leaf; crosswalk
371,,Scaup Pochard,Fuligula marila,Aythya marila,Greater Scaup,gresca,eBird/Clements 2025,Q26635,2498265,25C94A8F90A829F7,Aythya marila_Greater Scaup,,high,yes,Scaup,General List (vol. I); engraved caption on the leaf; crosswalk
372,,Western Duck,Fuligula Dispar,,,,,,,,,,high,no,"Fuligula Dispar = Polysticta stelleri, which is not a BirdNET V2.4 label; blank. Anas dispar Sparrm. = Steller's Eider ('Western Duck')",General List (vol. I); crosswalk
373,,Marbled Duck,Fuligula marmorata,,,,,,,,,,high,no,"Fuligula marmorata = Marmaronetta angustirostris, which is not a BirdNET V2.4 label; blank. Marbled Duck (Teal)",General List (vol. I); crosswalk
374,,Eider Duck,Somateria mollissima,Somateria mollissima,Common Eider,comeid,eBird/Clements 2025,Q26696,2498352,B77377EEB852D0AF,Somateria mollissima_Common Eider,,high,yes,Somateria mollissima Leach. = Somateria mollissima (Common Eider); same species,General List (vol. I); engraved caption on the leaf; crosswalk
375,,King Duck,Somateria spectabilis,Somateria spectabilis,King Eider,kineid,eBird/Clements 2025,Q207846,2498350,F3D7491432CC59E7,Somateria spectabilis_King Eider,,high,yes,Somateria spectabilis Leach. = Somateria spectabilis (King Eider); same species,General List (vol. I); engraved caption on the leaf; crosswalk
376,,Surf Scoter,Oidemia perspicillata,Melanitta perspicillata,Surf Scoter,sursco,eBird/Clements 2025,Q742468,2498246,624078BAC17F8111,Melanitta perspicillata_Surf Scoter,,high,yes,Oidemia perspicillata Flem. = Melanitta perspicillata (Surf Scoter); same species,General List (vol. I); engraved caption on the leaf; crosswalk
377,,Velvet Scoter,Oidemia fusca,Melanitta fusca,Velvet Scoter,whwsco3,eBird/Clements 2025,Q40526803,7191092,,Melanitta fusca_Velvet Scoter,,high,yes,Velvet Scoter (American White-winged Scoter split off),General List (vol. I); engraved caption on the leaf; crosswalk
378,,Black Scoter,Oidemia nigra,Melanitta nigra,Common Scoter,blksco1,eBird/Clements 2025,Q27434,2498247,246981996A4998ED,Melanitta nigra_Common Scoter,,high,yes,Black Scoter of Gould = Common Scoter M. nigra (American Black Scoter M. americana split off). Trap: BirdNET's 'Black Scoter' is M. americana,General List (vol. I); engraved caption on the leaf; crosswalk
379,,Golden Eye,Clangula vulgaris,Bucephala clangula,Common Goldeneye,comgol,eBird/Clements 2025,Q29865,2498326,68EA281AF74846D2,Bucephala clangula_Common Goldeneye,,high,yes,Golden Eye,General List (vol. I); engraved caption on the leaf; crosswalk
380,,Barrow's Duck,Clangula Barrovii,Bucephala islandica,Barrow's Goldeneye,bargol,eBird/Clements 2025,Q369767,2498325,9456DEDF7E1AADF3,Bucephala islandica_Barrow's Goldeneye,,high,yes,Barrow's Goldeneye,General List (vol. I); engraved caption on the leaf; crosswalk
381,,Harlequin Duck,Clangula histrionica,Histrionicus histrionicus,Harlequin Duck,harduc,eBird/Clements 2025,Q331179,2498224,BCBD2EAECA774B19,Histrionicus histrionicus_Harlequin Duck,,high,yes,"Clangula histrionica Leach. = Histrionicus histrionicus (Harlequin Duck); same species, older binomial",General List (vol. I); engraved caption on the leaf; crosswalk
382,,Long-tailed Duck,Harelda glacialis,Clangula hyemalis,Long-tailed Duck,lotduc,eBird/Clements 2025,Q26597,2498273,AF0C7BDEC7CEBAAC,Clangula hyemalis_Long-tailed Duck,,high,yes,Long-tailed Duck,General List (vol. I); engraved caption on the leaf; crosswalk
383,,White-headed Duck,Undina leucocephala,,,,,,,,,,high,no,"Undina leucocephala = Oxyura leucocephala, which is not a BirdNET V2.4 label; blank",General List (vol. I); crosswalk
384,,Goosander,Mergus Merganser,Mergus merganser,Common Merganser,commer,eBird/Clements 2025,Q180991,9537647,407E2CA886367DBB,Mergus merganser_Common Merganser,,high,yes,Goosander,General List (vol. I); engraved caption on the leaf; crosswalk
385,,Red-breasted Merganser,Mergus serrator,Mergus serrator,Red-breasted Merganser,rebmer,eBird/Clements 2025,Q189609,2498375,8DB64266A42FC19B,Mergus serrator_Red-breasted Merganser,,high,yes,Mergus serrator Linn. = Mergus serrator (Red-breasted Merganser); same species,General List (vol. I); engraved caption on the leaf; crosswalk
386,,Hooded Merganser,Mergus cucullatus,Lophodytes cucullatus,Hooded Merganser,hoomer,eBird/Clements 2025,Q241349,2498408,60E6081E3DF8CFA4,Lophodytes cucullatus_Hooded Merganser,,high,yes,Mergus cucullatus Linn. = Lophodytes cucullatus (Hooded Merganser); same species,General List (vol. I); engraved caption on the leaf; crosswalk
387,,Smew,Mergus albellus,Mergellus albellus,Smew,smew,eBird/Clements 2025,Q200646,2498285,F1F520368CC95F88,Mergellus albellus_Smew,,high,yes,Mergus albellus Linn. = Mergellus albellus (Smew); same species,General List (vol. I); engraved caption on the leaf; crosswalk
388,,Great-crested Grebe,Podiceps cristatus,Podiceps cristatus,Great Crested Grebe,grcgre1,eBird/Clements 2025,Q25422,2482054,8F269702DC208010,Podiceps cristatus_Great Crested Grebe,,high,yes,Podiceps cristatus Lath. = Podiceps cristatus (Great Crested Grebe); same species,General List (vol. I); engraved caption on the leaf; crosswalk
389,,Red-necked Grebe,Podiceps rubricollis,Podiceps grisegena,Red-necked Grebe,rengre,eBird/Clements 2025,Q179919,2482051,1CBD2CED48B674A4,Podiceps grisegena_Red-necked Grebe,,high,yes,Red-necked Grebe,General List (vol. I); engraved caption on the leaf; crosswalk
390,,Horned Grebe,Podiceps cornutus,Podiceps auritus,Horned Grebe,horgre,eBird/Clements 2025,Q192058,2482059,018B316959E84738,Podiceps auritus_Horned Grebe,,high,yes,Gould's Horned Grebe = Slavonian/Horned Grebe P. auritus,General List (vol. I); engraved caption on the leaf; crosswalk
391,,Eared Grebe,Podiceps auritus,Podiceps nigricollis,Eared Grebe,eargre,eBird/Clements 2025,Q185183,2482065,32DCEC14D7AE129B,Podiceps nigricollis_Eared Grebe,,high,yes,Gould's Eared Grebe (Latham's auritus) = Black-necked Grebe P. nigricollis. Trap: modern P. auritus is the Horned Grebe (plate 390),General List (vol. I); engraved caption on the leaf; crosswalk
392,,"Little Grebe, or Dabchick",Podiceps minor,Tachybaptus ruficollis,Little Grebe,litgre1,eBird/Clements 2025,Q25421,2482048,215FEA89A0F19F5C,Tachybaptus ruficollis_Little Grebe,,high,yes,Little Grebe,General List (vol. I); engraved caption on the leaf; crosswalk
393,,Northern Diver,Colymbus glacialis,Gavia immer,Common Loon,comloo,eBird/Clements 2025,Q190342,2481962,7E02237895784E9A,Gavia immer_Common Loon,,high,yes,Great Northern Diver = Common Loon,General List (vol. I); engraved caption on the leaf; crosswalk
394,,Black-throated Diver,Colymbus arcticus,Gavia arctica,Arctic Loon,arcloo,eBird/Clements 2025,Q184432,2481959,CA5852BE6E617DBD,Gavia arctica_Arctic Loon,,high,yes,"Colymbus arcticus Linn. = Gavia arctica (Arctic Loon); same species, older binomial",General List (vol. I); engraved caption on the leaf; crosswalk
395,,Red-throated Diver,Colymbus septentrionalis,Gavia stellata,Red-throated Loon,retloo,eBird/Clements 2025,Q26691,2481958,6C50988A5445ED76,Gavia stellata_Red-throated Loon,,high,yes,"Colymbus septentrionalis Linn. = Gavia stellata (Red-throated Loon); same species, older binomial",General List (vol. I); engraved caption on the leaf; crosswalk
396,,Foolish Guillemot,Uria Troile,Uria aalge,Common Murre,commur,eBird/Clements 2025,Q21062,2481342,39F29B55EF9A542F,Uria aalge_Common Murre,,high,yes,Guillemot = Common Murre,General List (vol. I); engraved caption on the leaf; crosswalk
397,,Bridled Guillemot,Uria lacrymans,Uria aalge,Common Murre,commur,eBird/Clements 2025,Q21062,2481342,39F29B55EF9A542F,Uria aalge_Common Murre,variant,high,no,Bridled Guillemot is the bridled morph of the Common Murre,General List (vol. I); crosswalk
398,,Brunnich's Guillemot,Uria Brunnichii,Uria lomvia,Thick-billed Murre,thbmur,eBird/Clements 2025,Q728682,2481339,B70B5840ABCD5CFC,Uria lomvia_Thick-billed Murre,,high,yes,Brünnich's Guillemot = Thick-billed Murre,General List (vol. I); engraved caption on the leaf; crosswalk
399,,Black Guillemot,Uria Grylle,Cepphus grylle,Black Guillemot,blkgui,eBird/Clements 2025,Q212055,2481312,B5AA5952E13FE5F3,Cepphus grylle_Black Guillemot,,high,yes,Uria Grylle Lath. = Cepphus grylle (Black Guillemot); same species,General List (vol. I); engraved caption on the leaf; crosswalk
400,,Great Auk,Alca impennis,,,,,,,,,,high,no,"Great Auk: extinct, not a BirdNET label. Blank",General List (vol. I); crosswalk
401,,Razor-billed Auk,Alca Torda,Alca torda,Razorbill,razorb,eBird/Clements 2025,Q27102,8277073,64F4DD81371B269F,Alca torda_Razorbill,,high,yes,Alca Torda Linn. = Alca torda (Razorbill); same species,General List (vol. I); engraved caption on the leaf; crosswalk
402,,Little Auk,Mergulus alle,,,,,,,,,,high,no,"Mergulus alle = Alle alle, which is not a BirdNET V2.4 label; blank. Little Auk = Dovekie",General List (vol. I); crosswalk
403,,Puffin,Mormon Fratercula,Fratercula arctica,Atlantic Puffin,atlpuf,eBird/Clements 2025,Q26685,2481353,2771624B64AD7F2C,Fratercula arctica_Atlantic Puffin,,high,yes,"Mormon Fratercula Temm. = Fratercula arctica (Atlantic Puffin); same species, older binomial",General List (vol. I); engraved caption on the leaf; crosswalk
404,,Northern Puffin,Mormon glacialis,Fratercula arctica,Atlantic Puffin,atlpuf,eBird/Clements 2025,Q26685,2481353,2771624B64AD7F2C,Fratercula arctica_Atlantic Puffin,subspecies,high,no,"Mormon glacialis Leach = the large high-Arctic Atlantic Puffin, F. arctica naumanni",General List (vol. I); crosswalk
405,,Pelican,Pelecanus Onocrotalus,,,,,,,,,,high,no,"Pelecanus Onocrotalus = Pelecanus onocrotalus, which is not a BirdNET V2.4 label; blank",General List (vol. I); crosswalk
406,,Dalmatian Pelican,Pelecanus crispus,,,,,,,,,,high,no,"Pelecanus crispus = Pelecanus crispus, which is not a BirdNET V2.4 label; blank",General List (vol. I); crosswalk
407,,Common Cormorant,Phalacrocorax Carbo,Phalacrocorax carbo,Great Cormorant,grecor,eBird/Clements 2025,Q25440,2481890,ACD40E8C3CC720BF,Phalacrocorax carbo_Great Cormorant,,high,yes,Phalacrocorax Carbo Steph. = Phalacrocorax carbo (Great Cormorant); same species,General List (vol. I); engraved caption on the leaf; crosswalk
408,,Black Cormorant,Phalacrocorax Graculus,,,,,,,,,,low,no,"Pelecanus graculus Linn. is the Shag, but Gould's 'Black Cormorant' sits beside his separate Shag (plate 410); it may be a Shag in another dress or a cormorant. Blank",General List (vol. I); crosswalk
409,,Little Cormorant,Phalacrocorax pygmæus,,,,,,,,,,high,no,"Phalacrocorax pygmæus = Microcarbo pygmaeus, which is not a BirdNET V2.4 label; blank",General List (vol. I); crosswalk
410,,"Shag, or Green Cormorant",Phalacrocorax cristatus,,,,,,,,,,high,no,"Phalacrocorax cristatus = Gulosus aristotelis, which is not a BirdNET V2.4 label; blank. Shag",General List (vol. I); crosswalk
411,,Desmarest's Cormorant,Phalacrocorax Desmarestii,,,,,,,,,subspecies,high,no,"Phalacrocorax Desmarestii = Gulosus aristotelis, which is not a BirdNET V2.4 label; blank. Desmarest's Cormorant = the Mediterranean Shag, G. aristotelis desmarestii",General List (vol. I); crosswalk
412,,Solan Gannet,Sula Bassana,Morus bassanus,Northern Gannet,norgan,eBird/Clements 2025,Q26675,2480964,534FB490884C6D33,Morus bassanus_Northern Gannet,,high,yes,"Sula Bassana Briss. = Morus bassanus (Northern Gannet); same species, older binomial",General List (vol. I); engraved caption on the leaf; crosswalk
413,,Black-tailed Gannet,Sula melanura,,,,,,,,,,low,no,"Sula melanura Temm. = Cape Gannet (Morus capensis), not a BirdNET label. Blank",General List (vol. I); crosswalk
414,,Caspian Tern,Sterna Caspia,Hydroprogne caspia,Caspian Tern,caster1,eBird/Clements 2025,Q27129,2481236,BC06BC0D1056BC7B,Hydroprogne caspia_Caspian Tern,,high,yes,Sterna Caspia Pall. = Hydroprogne caspia (Caspian Tern); same species,General List (vol. I); engraved caption on the leaf; crosswalk
415,,Sandwich Tern,Sterna cantiaca,Thalasseus sandvicensis,Sandwich Tern,santer1,eBird/Clements 2025,Q27547,2481240,04B49AE78FFF9B68,Thalasseus sandvicensis_Sandwich Tern,,high,yes,"Sterna cantiaca Gmel. = Thalasseus sandvicensis (Sandwich Tern); same species, older binomial",General List (vol. I); engraved caption on the leaf; crosswalk
416,,Gull-billed Tern,Sterna Anglica,Gelochelidon nilotica,Gull-billed Tern,gubter2,eBird/Clements 2025,,,,Gelochelidon nilotica_Gull-billed Tern,,high,yes,Gull-billed Tern,General List (vol. I); engraved caption on the leaf; crosswalk
417,,Common Tern,Sterna Hirundo,Sterna hirundo,Common Tern,comter,eBird/Clements 2025,Q18875,9367409,4D2FF6F13790ED7E,Sterna hirundo_Common Tern,,high,yes,Sterna Hirundo Linn. = Sterna hirundo (Common Tern); same species,General List (vol. I); engraved caption on the leaf; crosswalk
418,,Roseate Tern,Sterna Dougallii,Sterna dougallii,Roseate Tern,roster,eBird/Clements 2025,Q321293,5229249,74236837A4AFD042,Sterna dougallii_Roseate Tern,,high,yes,Sterna Dougallii Mont. = Sterna dougallii (Roseate Tern); same species,General List (vol. I); engraved caption on the leaf; crosswalk
419,,Arctic Tern,Sterna Arctica,Sterna paradisaea,Arctic Tern,arcter,eBird/Clements 2025,Q26800,5229230,BDC5CF80BE6CFC21,Sterna paradisaea_Arctic Tern,,high,yes,"Sterna Arctica Temm. = Sterna paradisaea (Arctic Tern); same species, older binomial",General List (vol. I); engraved caption on the leaf; crosswalk
420,,Little Tern,Sterna minuta,Sternula albifrons,Little Tern,litter1,eBird/Clements 2025,Q12267692,5789279,17310BF0FE9BAC8A,Sternula albifrons_Little Tern,,high,yes,"Sterna minuta Linn. = Sternula albifrons (Little Tern); same species, older binomial",General List (vol. I); engraved caption on the leaf; crosswalk
421,,Noddy Tern,Sterna stolida,Anous stolidus,Brown Noddy,brnnod,eBird/Clements 2025,Q525717,2481113,A070171E774B95B5,Anous stolidus_Brown Noddy,,high,yes,Noddy = Brown Noddy,General List (vol. I); engraved caption on the leaf; crosswalk
422,,Black Tern,Viralva nigra,Chlidonias niger,Black Tern,blkter,eBird/Clements 2025,Q27215,2481119,115AF02DD58018FB,Chlidonias niger_Black Tern,,high,yes,"Viralva nigra Leach. = Chlidonias niger (Black Tern); same species, older binomial",General List (vol. I); engraved caption on the leaf; crosswalk
423,,White-winged Tern,Viralva leucoptera,Chlidonias leucopterus,White-winged Tern,whwter,eBird/Clements 2025,Q241753,2481120,43CAAEE3B0D305D9,Chlidonias leucopterus_White-winged Tern,,high,yes,"Viralva leucoptera Leach. = Chlidonias leucopterus (White-winged Tern); same species, older binomial",General List (vol. I); engraved caption on the leaf; crosswalk
424,,Moustache Tern,Viralva leucopareïa,Chlidonias hybrida,Whiskered Tern,whiter2,eBird/Clements 2025,Q233616,2481121,7AB4E42B260B5954,Chlidonias hybrida_Whiskered Tern,,high,yes,Moustache Tern = Whiskered Tern,General List (vol. I); engraved caption on the leaf; crosswalk
425,,Laughing Gull,Xema ridibunda,Chroicocephalus ridibundus,Black-headed Gull,bkhgul,eBird/Clements 2025,Q25634,6065824,FB02DD9658CC1EC6,Chroicocephalus ridibundus_Black-headed Gull,,high,yes,"anchor, verified on the plate: Gould's 'Laughing Gull' = Black-headed Gull",General List (vol. I); engraved caption on the leaf; crosswalk
426,,Black-winged Gull,Xema atricilla,Leucophaeus atricilla,Laughing Gull,laugul,eBird/Clements 2025,Q528764,6065844,6CDC3C9C8B50EA71,Leucophaeus atricilla_Laughing Gull,,high,yes,Larus atricilla Linn. = (American) Laughing Gull; Gould's English 'Black-winged Gull',General List (vol. I); engraved caption on the leaf; crosswalk
427,,Black-headed Gull,Xema melanocephala,Ichthyaetus melanocephalus,Mediterranean Gull,medgul1,eBird/Clements 2025,Q276189,8151548,052BFA8A77EED5AF,Ichthyaetus melanocephalus_Mediterranean Gull,,high,yes,"anchor, verified on the plate: Gould's 'Black-headed Gull' = Mediterranean Gull",General List (vol. I); engraved caption on the leaf; crosswalk
428,,Little Gull,Xema minuta,Hydrocoloeus minutus,Little Gull,litgul,eBird/Clements 2025,Q164467,6065841,F89FD6E3A367C008,Hydrocoloeus minutus_Little Gull,,high,yes,"Xema minuta Boje. = Hydrocoloeus minutus (Little Gull); same species, older binomial",General List (vol. I); engraved caption on the leaf; crosswalk
429,,Sabine's Gull,Xema Sabinii,Xema sabini,Sabine's Gull,sabgul,eBird/Clements 2025,Q212047,2481221,86182656472B476B,Xema sabini_Sabine's Gull,,high,yes,"Xema Sabinii Leach. = Xema sabini (Sabine's Gull); same species, older binomial",General List (vol. I); engraved caption on the leaf; crosswalk
430,,Great Black-backed Gull,Larus marinus,Larus marinus,Great Black-backed Gull,gbbgul,eBird/Clements 2025,Q26629,2481172,E826E9F3FBAED223,Larus marinus_Great Black-backed Gull,,high,yes,Larus marinus Linn. = Larus marinus (Great Black-backed Gull); same species,General List (vol. I); engraved caption on the leaf; crosswalk
431,,Lesser Black-backed Gull,Larus fuscus,Larus fuscus,Lesser Black-backed Gull,lbbgul,eBird/Clements 2025,Q27160,2481174,49025D8B171EFAD7,Larus fuscus_Lesser Black-backed Gull,,high,yes,Larus fuscus Linn. = Larus fuscus (Lesser Black-backed Gull); same species,General List (vol. I); engraved caption on the leaf; crosswalk
432,,Glaucous Gull,Larus glaucus,Larus hyperboreus,Glaucous Gull,glagul,eBird/Clements 2025,Q27375,2481127,A59FA446D6B40057,Larus hyperboreus_Glaucous Gull,,high,yes,Glaucous Gull,General List (vol. I); engraved caption on the leaf; crosswalk
433,,Iceland Gull,Larus Islandicus,Larus glaucoides,Iceland Gull,y00478,eBird/Clements 2025,Q174232,2481156,FB4FCB27,Larus glaucoides_Iceland Gull,,high,yes,Iceland Gull,General List (vol. I); engraved caption on the leaf; crosswalk
434,,Herring Gull,Larus argentatus,Larus argentatus,European Herring Gull,euhgul1,eBird/Clements 2025,,,,Larus argentatus_Herring Gull,,high,yes,"Herring Gull (European; American Herring Gull split in some lists, BirdNET keeps one); eBird splits Herring Gull; the binomial stays with European Herring Gull",General List (vol. I); engraved caption on the leaf; crosswalk
435,,Kittiwake Gull,Larus Rissa,Rissa tridactyla,Black-legged Kittiwake,bklkit,eBird/Clements 2025,Q26612,2481205,FB4D08F0837D4683,Rissa tridactyla_Black-legged Kittiwake,,high,yes,Kittiwake,General List (vol. I); engraved caption on the leaf; crosswalk
436,,Ivory Gull,Larus eburneus,,,,,,,,,,high,no,"Larus eburneus = Pagophila eburnea, which is not a BirdNET V2.4 label; blank",General List (vol. I); crosswalk
437,,Common Gull,Larus canus,Larus canus,Common Gull,mewgul,eBird/Clements 2025,Q26427,7982160,00DA9D9151189271,Larus canus_Common Gull,,high,yes,Larus canus Linn. = Larus canus (Common Gull); same species,General List (vol. I); engraved caption on the leaf; crosswalk
438,,Audouin's Gull,Larus Audouinii,Ichthyaetus audouinii,Audouin's Gull,audgul1,eBird/Clements 2025,Q519583,7406504,F7B9355E42C3F987,Ichthyaetus audouinii_Audouin's Gull,,high,yes,Larus Audouinii Temm. = Ichthyaetus audouinii (Audouin's Gull); same species,General List (vol. I); engraved caption on the leaf; crosswalk
439,,Skua,Lestris catarractes,Stercorarius skua,Great Skua,gresku1,eBird/Clements 2025,Q207760,2481618,BB041C6E5DB73FC7,Stercorarius skua_Great Skua,,high,yes,Skua = Great Skua,General List (vol. I); engraved caption on the leaf; crosswalk
440,,Pomarine Gull,Lestris Pomarinus,Stercorarius pomarinus,Pomarine Jaeger,pomjae,eBird/Clements 2025,Q212767,2481609,7CB8F5B711DE64D0,Stercorarius pomarinus_Pomarine Jaeger,,high,yes,Lestris Pomarinus Temm. = Stercorarius pomarinus (Pomarine Jaeger); same species,General List (vol. I); engraved caption on the leaf; crosswalk
441,,Richardson's Lestris,Lestris Richardsonii,Stercorarius parasiticus,Parasitic Jaeger,parjae,eBird/Clements 2025,Q203053,2481621,39086887E9EAFEB3,Stercorarius parasiticus_Parasitic Jaeger,,high,yes,Richardson's Skua = Arctic Skua (Parasitic Jaeger),General List (vol. I); engraved caption on the leaf; crosswalk
442,,Parasitic Gull,Lestris Parasiticus,Stercorarius longicaudus,Long-tailed Jaeger,lotjae,eBird/Clements 2025,Q216921,2481613,1D4464402EC9FD21,Stercorarius longicaudus_Long-tailed Jaeger,,judged,yes,"Temminck/Illiger's Lestris parasiticus was the Long-tailed Skua; Gould's Arctic Skua is 'Richardson's' (plate 441). Trap: modern S. parasiticus is the Arctic Skua. Confirm the long central tail feathers on the plate | Decided 25 Sep 2026 on the review page, checked against Dresser and the KU catalogue (see gould_europe.yaml).",General List (vol. I); engraved caption on the leaf; crosswalk
443,,Manks Shearwater,Puffinus Anglorum,Puffinus puffinus,Manx Shearwater,manshe,eBird/Clements 2025,Q208405,5229380,5AEDC00231A5201C,Puffinus puffinus_Manx Shearwater,,high,yes,"Puffinus Anglorum Ray. = Puffinus puffinus (Manx Shearwater); same species, older binomial",General List (vol. I); engraved caption on the leaf; crosswalk
444,,Dusky Shearwater,Puffinus obscurus,,,,,,,,,,low,no,"Puffinus obscurus of Gould's day covered the small dusky shearwaters (Barolo's P. baroli / Audubon's P. lherminieri), neither a BirdNET label. Blank",General List (vol. I); crosswalk
445,,Cinereous Shearwater,Puffinus cinereus,,,,,,,,,,low,no,"'Cinereous Shearwater' was used for both Cory's (Calonectris) and the Great Shearwater (Ardenna gravis, absent from BirdNET); cannot tell which. Blank",General List (vol. I); crosswalk
446,,Fulmar Petrel,Procellaria glacialis,Fulmarus glacialis,Northern Fulmar,norful,eBird/Clements 2025,Q26896,2481433,049D9AEA4AFBFDFA,Fulmarus glacialis_Northern Fulmar,,high,yes,Procellaria glacialis Linn. = Fulmarus glacialis (Northern Fulmar); same species,General List (vol. I); engraved caption on the leaf; crosswalk
447,1. Fork-tailed Storm Petrel.,Fork-tailed Storm Petrel,Thalassidroma Leachii,Hydrobates leucorhous,Leach's Storm-Petrel,lcspet,eBird/Clements 2025,Q211986,2482012,05E98392444BE5C7,Hydrobates leucorhous_Leach's Storm-Petrel,,high,yes,Leach's Storm Petrel,General List (vol. I); engraved caption on the leaf; crosswalk
448,2. Common Storm Petrel.,Common Storm Petrel,Thalassidroma pelagica,Hydrobates pelagicus,European Storm-Petrel,bripet,eBird/Clements 2025,Q27461,4408455,E1638A370D09095C,Hydrobates pelagicus_European Storm-Petrel,,high,yes,"Thalassidroma pelagica Selby. = Hydrobates pelagicus (European Storm-Petrel); same species, older binomial",General List (vol. I); engraved caption on the leaf; crosswalk
449,,Bulwer's Petrel,Thalassidroma ? Bulwerii,Bulweria bulwerii,Bulwer's Petrel,bulpet,eBird/Clements 2025,Q129413,2481606,058773E4925D5D2E,Bulweria bulwerii_Bulwer's Petrel,,high,yes,Thalassidroma ? Bulwerii = Bulweria bulwerii (Bulwer's Petrel); same species,General List (vol. I); engraved caption on the leaf; crosswalk
