plate,leaf,left_box,right_box,ocr,read,note
1,,389 7892 1207 7972,5912 7861 6422 7959,"Drawn from nature by J.JAudubon F, R,S.E,L,S. | Engraved by W.H.Lizars Edin! | Retouched by R.Havell Jun!",eye,no stop after the second J
2,,1643 6273 2201 6347,8521 6279 9221 6415,Drawn by J.J. Audubon. F.R.S.E. | Engraved by W.H.Lizars Edin! | Retouched by R.Havell.Jun!. London 1829.,eye,"after Audubon: -0.02H, stop"
3,,778 5951 1670 6039,3292 5941 4182 6043,"Drawn from nature by J.J.Audubon F,R,S. F,L,S. | Engraved, Brinted & Coloured,by R. Havell Jun?",eye,
4,,788 5946 1742 6030,3289 5935 4165 6023,"Drawn from nature by J.J.Audubon E, R,S.E,L,S. | Engraved, Printed & Coloured, by R.Havell, Jun!",eye,stop after Havell could be a comma
5,,761 6048 1685 6128,3365 6052 4147 6132,"Drawn from nature by J.J.Audubon F,R,S.F,L,S. | Engraved,Printed & Coloured,by R.Havell Jun™",eye,
6,,521 6224 1481 6320,8216 6139 8892 6267,Drawn from Nature byJohn J. Audubon.E.R.S.E. F.L.S. M.W.S. | Engraved byW.H. Lizars Edin™ | Retouched by R.Havell Jun™. London 1829.,scan,"a separate small italic line at the foot of the right corner, missed by the crop; third line (Coloured by R. Havell. Senr.) read at the sheet at 8x in B2: as recorded; after Audubon: -0.08H, stop"
7,,465 7069 1473 7171,4980 7073 5818 7223,"Drawn from Nature by J.J.Audubon, ER,S. F,LS. | Engraved by W H Lizars Edin! | Retouched by R.Havell Jun!. London 1829.",eye,"no stops after W and H; after Audubon: +0.06H vs 1 stop, tail visible, comma (+0.064H against the fitted baseline and +0.101H against the letters' feet)"
8,,656 5740 1872 5846,3532 5747 4218 5843,Drawn from Nature by John J.Audubon F.R.S.E.M.W.S. | Engraved by W.H.Lizars Edin™,scan,"a separate small italic line at the foot of the right corner, missed by the crop; third line read at the sheet at 8x in B2: as recorded"
9,,679 5341 1673 5421,3409 5350 4029 5442,Drawn from Nature by John J.Audubon F.R.S.E.M.W.S. | Engraved by W.H.Lizars Edin™,scan,"a separate small italic line at the foot of the right corner, missed by the crop; third line read at the sheet at 8x in B2: as recorded (no mark after Havell, a stop after Sen)"
10,,220 3451 912 3517,5391 3453 5785 3519,Drawn from Nature by John J.Audubon E.R.S.E.M.W.S. | Engraved by W.H.Lizars Edin?,scan,"the letter after Audubon is an E (E.R.S.E.M.W.S.), checked at 7x; a separate small italic line at the foot of the right corner, missed by the crop; third line read at the sheet at 8x in B2: as recorded (no mark after Havell or Senr); credit line reads ""E. R. S. E."" for F. R. S. E., an engraving slip, credited to John James Audubon (FOLIO_NAMES)"
11,,18 10706 916 10776,6247 10694 7039 10786,"Drawn from Nature by I.J.Audubon ER,S.FL,S. | Engraved Printed & Coloured by R.Havell.",eye,both crops grey and soft but legible
12,,10 7716 962 7822,5338 7701 6086 7797,"Drawn from Nature by J.J.Audubon, E,R,S.F,LS. | Engraved,Printed,&Coloured, by R.Havell.",eye,"after Audubon: +0.13H, comma"
13,,439 5437 1481 5511,3228 5437 3794 5511,"Drawn from Nature by John J. Audubon. F.R.S.E. M.W. S. | Engraved by R.Havell, Jun™.",scan,"a separate small italic line at the foot of the right corner, missed by the crop; Ruling 35: the mark after Audubon is a comma (tilted, lower than the stops; its tail is faint at 8x); third line read at the sheet (not in the checker's crops): the mark after Havell is a round dot about 0.15H below the baseline, lower than the line's end stop; comma; after Audubon: +0.07H, tail visible, comma"
14,,635 5434 1619 5508,3535 5416 4093 5496,"Drawn from Nature by John J. Audubon.F.R.S. M.W. S. | Engraved by R.Havell, Jun!.",scan,"a separate small italic line at the foot of the right corner, missed by the crop; third line read at the sheet (not in the checker's crops): the mark after Havell is a dot below the baseline with a slight tail; comma; after Audubon: +0.02H, stop"
15,,686 5477 1478 5543,3416 5479 3964 5553,Drawn by J.J. Audubon. F.R.S. E. M.W. S. | Engraved by R. Havell.Jun!,scan,"no stop visible under the superscript r; a separate small italic line at the foot of the right corner, missed by the crop; third line read at the sheet at 8x in B2: as recorded (the stop after Havell is a round dot); after Audubon: +0.02H, stop"
16,,709 7370 2047 7472,10734 7403 11652 7495,"Drawn from Nature and Published by John J. Audubon.F, R,S.F, I,S. | Engraved, Printed & Coloured.by R.Havell.",eye,"marks after Engraved and Coloured could be stops; after Audubon: +0.05H vs 1 stop, stop"
17,,615 8296 1905 8376,5557 8302 6605 8376,"Drawn from Nature and Published by John J. Audubon, F.R.S.E. M.W. S. | Engraved, Printed & Coloured,by R,Havell & Son, London.",eye,"Ruling 35: commas after Engraved, Coloured, Audubon and Son (taller than the stops, tails at 12x); after Audubon: +0.16H, comma"
18,,616 5467 1674 5551,3568 5465 4130 5549,"Drawn from Nature by John J. Audubon, F.R.S.E. M.W.S. | Engraved by R.Havell, Jun!",scan,"mark after Havell could be a comma; a separate small italic line at the foot of the right corner, missed by the crop; third line read at the sheet at 8x in B2: as recorded (the stop after Havell is on the baseline); after Audubon: +0.04H, tail visible, comma"
19,,1 5380 1077 5460,2872 5406 3433 5486,"Drawn from Nature by John J Audubon.F.R.S.E. M.W. S. | Engraved by R.Havell, Jun!",scan,"no stop after the second J; a separate small italic line at the foot of the right corner, missed by the crop; third line read at the sheet at 8x in B2: as recorded (no mark after Havell); after Audubon: +0.08H, 1.6x the height of the stops, comma"
20,,523 5273 1487 5347,3513 5292 4037 5362,"Drawn from Nature by John J.Audubon, F.R.S.E. M.W.S. | Engraved by R. Havell, Jun™",scan,"no stop visible under the superscript r; a separate small italic line at the foot of the right corner, missed by the crop; third line read at the sheet at 8x in B2: as recorded (no mark after Havell or Senr); after Audubon: +0.12H, comma"
21,,746 9653 2042 9741,6367 9661 7305 9749,"Drawn from Nature and Published by John J. Audubon, F, R, S.F,L,S. | Engraved, Printed and Coloured by R.Havell.",eye,"marks after F and R could be stops; after Audubon: +0.14H vs 2 stops, comma"
22,,30 7070 1250 7158,4809 7056 5939 7152,"Drawn from Nature and Fublished byJohn J.Audubon,F.R.S.E. M.W. S. | Engraved,Printed and Coloured byR.Havell & Son, London.",eye,"after Audubon: +0.10H, tail visible, comma"
23,,664 5649 1786 5741,2466 5433 4366 5833,"Drawn from Nature and Fublished by John J.Audubon, F,R,S.E.L,S. | ted Narbler | IAS. Lath, | ""Billerwood Tee, Watuenum prunifplium Ensraved. Printed & Colouread y A tavet",eye,"right crop also takes in the caption, the line runs on from its last line; no stop after Havell; commas versus stops in F,R,S.F,L,S uncertain; after Audubon: +0.15H vs 1 stop, comma"
24,,456 5533 1618 5599,3074 5533 3924 5601,"Drawn from Nature and Fublished by John J. Audubon, F.R.S.E. M.W. S. | Engraved. Printed & Colouredby R.Havell and Son.",eye,"after Audubon: +0.06H, tail visible, comma"
25,,477 5446 1621 5526,3022 5472 3938 5538,"Drawn from Nature and Published by John J. Audubon. F.R.S.E. M.W. S. | Engraved.Printed & Coloured by R.Havell & Son, London.",eye,"mark after Audubon is a round dot on the baseline, like the stops after J; stop (the checker read a comma at low confidence); after Audubon: +0.00H, stop"
26,,555 9620 1741 9700,6612 9598 7614 9686,"Drawn From Nature & Published by John J.Audubon. F.R.S.E. M.W.S. | Engraved, Printed, & Coloured by R.Havell & Son,Iondon",eye,"From has a capital F; after Audubon: +0.06H, stop"
27,,0 7246 1286 7338,5215 7234 6297 7340,"Drawn from Nature &Rublished byJohn J.Audubon.E. R.S.E. M.W.S. | Engraved. Printed & Coloured by R.Havell & Son, London.",eye,"mark after Son could be a comma; after Audubon: +0.08H, stop; after Son: +0.07H vs 2 stops, stop"
28,,508 5530 1598 5588,3223 5528 4145 5588,"Drawn from Nature and Published by John J.Audubon. F.R.S.E. M.W. S. | Engraved.Printed & Coloured byR.Havell & Son,London.",eye,"after Audubon: -0.00H, tail visible, comma"
29,,540 5780 1686 5830,3147 5762 4157 5830,"Drawnfrom Nature and Published by John J. Audubon, F.R.S.E. M.W.S. | Engraved, Frinted and Coloured,byR.Havell & Son. London.",eye,"after Audubon: +0.15H, comma"
30,,571 5591 1719 5656,3212 5591 4186 5656,"Drawn from Nature and Published by John J. Audubon. F. R.S. E. M.W.S. | Engraved, Printed & Coloured by R,Havell & Son, London.",eye,"mark after R looks like a comma; after Audubon: +0.07H, stop"
31,,1054 7366 2190 7458,11103 7278 11865 7362,"Drawn from Nature & Published by John J. Audubon. F, R,S. F.L.S. | En graved, Printed & Coloured,by R. Havell,",eye,"wide gap inside Engraved (En graved); stop after Coloured could be a comma; after Audubon: +0.09H vs 2 stops, stop"
32,,923 5530 2939 5672,8296 4647 8660 4761,"Drawn from Nature and Fublished by John J.Audubon, F.R.S.E., E.L.S., M.W.S. | 7 Male 1. F. 2.",scan,"right line read from the sheet; the crop showed the caption; after Audubon: +0.08H, stop; between honours: commas after E and S (+0.16H, +0.20H)"
33,,555 5641 1863 5703,2955 5632 4089 5703,"Drawn from Nature and Published byJohn J.Audubon, F.R.S.E., F.L.S., M.W.S. | Engraved.Printed & Coloured by R.Havell & Son. London._1828.",eye,"a low dash (written _) between London and the date; Ruling 35: commas after Engraved and Son (pointed tails at 12x); stop after Audubon (an oval dot on the baseline); after Audubon: +0.02H, stop; between honours: commas after E and S (+0.24H, +0.17H)"
34,,563 5748 1833 5811,3116 5764 4116 5811,"Drawn from Nature and Published byJohn J.Audubon,F.R.S. E., F.L.S.. M.W. S. | Engraved, Printed & Coloured,by R.Havell & Son London. 1828.",eye,"marks after Engraved and Coloured could be commas; after Audubon: +0.12H, comma; between honours: commas after E and S (+0.13H, +0.10H)"
35,,482 5641 1778 5704,2953 5638 4081 5704,"Drawn from Nature and Fublished by John J.Audubon, F.R.S.E.,F.I.S., M.W. S. | Engraved,Printed & Coloured by R.Havell & Son, London. 1828.",eye,"Ruling 35: commas after Engraved and Son (tails); the mark after Audubon is a comma (a round dot wholly below the baseline, lower than the F stop at 16x); after Audubon: +0.12H, comma; between honours: commas after E and S (+0.26H, +0.24H)"
36,,681 11026 1829 11106,7035 11084 8033 11158,"Drawn from Nature and Published by John J. Audubon F.R.S.E. F.L.S. M.W.S. | Engraved. Printed&Coloured,by R.Havell& Son, London. 1828.",eye,"after Audubon: +0.19H, comma"
37,,118 7702 1592 7774,5870 6989 6282 7117,"Drawn from Nature and Published byJohn J.Audubon. F.R.S.E. F. I. S. M.W. S. | /,Male1.F2.",scan,"right line read from the sheet; the crop showed the caption; after Audubon: +0.08H, stop"
38,,564 5550 1882 5622,2990 5555 4008 5622,"Drawn from Nature an d Published by John J. Audubon.E.R.S.E. F.L.S. M.W. S. | Engraved, Printed & Coloured, by R.Havell& Son,London, 1828",eye,"irregular gaps inside Engraved, Printed, Coloured and Son; a gap before the comma after London; after Audubon: +0.07H, stop"
39,,536 5644 1846 5708,2996 5639 4022 5708,"Drawn from Nature and Fublished by John J.Audubon, F.R.S.E. F.L.S. M.W.S. | En graved, Printed & Coloured,by R. Havell& Son,London,1828.",eye,"wide gap inside Engraved (En graved); after Audubon: +0.21H, comma"
40,,502 5740 1758 5805,2763 5728 4091 5805,"Drawn from Nature and Fublished by John J. Audubon. F. R.S.E. F. L. S. M.W. S. | Engraved by Rob!Havell,Jun!Printed & Coloured by R.Havell. Sen!.London. 1828.",eye,"after Audubon: +0.03H, stop"
41,,389 2706 881 2742,3779 2702 4259 2738,Drawn from Nature & Published by John J.Audubon.E.R.S.E. F.L.S. M.W. S. | Engraved by R.Havell.Jun!' Printed&Coloured by R.Havell Sen® London 1828,scan,both lines tiny in the crops; read on the sheet; capitals 8.5-9.5 px; stop or comma not judged (Ruling 35a)
42,,34 7607 1410 7677,4671 7586 6041 7660,"Drawn from Nature and Published byJohn J.Audubon, F. R.S. E. F. L.S. M.W. S. | Engraved by R.Havell. Jun! Printed &Coloured by R.Havell. Sen?London. 1828.",eye,"after Audubon: +0.09H, tail visible, comma"
43,,486 5655 1770 5712,2663 5646 3945 5712,Drawn from Nature and Publifhed by John J.Audubon.F.R.S.E . F.L.S. M.W. S. | Engrayed by R.Havell. Jun! Printed & Coloured. by R.Havell. Sen! London.1828.,eye,"Published is printed with a long s (Publiſhed); v of Engraved looks like y in a soft crop; after Audubon: -0.02H, stop"
44,,474 5589 1770 5659,2663 5590 3947 5665,"Drawn from Nature & Published by John J Audubon. F. R.S.E. F.L.S. M.W.S. | Engraved by R.HavellJun' Printed & Coloured, by R.Havell, Sen! London. 1828.",eye,"no stop between Havell and Junr.; the two words nearly touch on the plate and are spaced by the convention (Ruling 19), as ""R. Havell Junr."" is elsewhere; mark after the second Havell could be a stop; after Audubon: -0.01H, stop"
45,,535 5646 1831 5711,2791 5648 4143 5711,"Drawn from Nature & Published by John J.Audubon,F. R.S. E. F.L. S. M.W.S. | Engrave d by R.Havell, Jun"". Frinted & Coloured.by R.Havell. Sen"". London _1828.",eye,"a low dash (written _) between London and the date; after Audubon: +0.10H, comma"
46,,850 11513 2358 11601,6715 11516 8281 11608,"Drawn from Nature and Published by John J. Audubon, F.R.S. E. F.I.S. M.W. S. | Engraved by R.Havell.Jun"" Printed & Coloured by R.Havell, Sen"".London. 1828.",eye,"after Audubon: +0.12H, comma"
47,,97 7548 1463 7628,4730 7542 6118 7630,Drawn from Nature and Published by John J.Audubon F.R.S.E. F.I.S. M.W.S. | En graved by RHavell.Jun! Printed & Coloured by R.Havell Sen! London. 1828,eye,"stop after the first R faint; Ruling 35: comma after the second Havell (the dot lies wholly below the baseline; the first Havell's stop sits on it); after the second Havell: +0.15H, comma"
48,,715 5994 2085 6074,3143 5998 4463 6078,Drawn from Nature and Published by John J.Audubon.F.R.S.E. F.L.S. M.W. S. | Engraved by R.Havell.Jun! Printed & Coloured by R.Havell.Sen™. London. 1828.,eye,"after Audubon: +0.06H, tail visible, comma"
49,,566 5747 1880 5817,2788 5759 4132 5829,"Drawn from Nature and Published byJohn J.Audubon,F.R.S.E. F.I.S. M.W.S. | Enfraved by R.Havell, Jun!Printed & Coloured by R.Havell, Sen?London. 1828.",eye,"wide gap inside Engraved; marks after both Havells could be stops; after Audubon: +0.18H, comma"
50,,528 5698 1854 5758,2906 5699 4092 5758,"Drawn from Nature and Published by John J. Audubon. F. R.S.E. F. L.S. M.W. S. | Engraved by R. Havell Jun'! Printed& Colouredby R.Havell Sen! London, 1828",eye,"stop between Havell and Junr. uncertain; mark after London could be a stop; Ruling 35: the mark after Audubon is a comma (a dot below the baseline with a pointed bottom at 16x); no mark between Havell and Junr visible; after Audubon: +0.11H, comma"
51,,1195 11468 2387 11548,7083 11470 7775 11550,"Drawn from Nature & Published by John J. Audnbon. F.R,S.F,L,S. | Enfraved, Printed, & Coloured, by R.Havell.",eye,"Audnbon as engraved: the second u is printed as n (checked at 7x); after Audubon: +0.04H vs 2 stops, stop; credit line reads ""Audnbon"" for Audubon (an n for the second u), an engraving slip, credited to John James Audubon (FOLIO_NAMES)"
52,,162 7664 1326 7752,5161 7674 5869 7754,"Drawn from Nature, and Published by John J. Audubon. FR,S.F, L,S. | Engraved, Printed, & Coloured, by R.Havell.",eye,"after Audubon: -0.00H vs 1 stop, stop"
53,,570 5580 1636 5664,3178 5583 3870 5663,"Drawn from Nature & Published by John J. Audubon. F.R,S.I, L.S. | Engraved, Printed, & Coloured, by R.Havell.",eye,"mark between L and S faint or missing; after Audubon: +0.02H vs 2 stops, stop"
54,,508 5729 1618 5817,3095 5722 3821 5806,"Drawn from Nature & Published by John J. Audubon, F.R.S.E, L,S. | Engaved, Printed, & Coloured, by R.Havell.",eye,"after Audubon: +0.14H vs 2 stops, comma"
55,,591 5757 1657 5853,3127 5747 3869 5835,"Drawn from Nature & Published by John J. Audubon. F.R.,S.F,L,S. | Enfraved, Printed, & Coloured, by R. Havell.",eye,"after Audubon: -0.01H vs 1 stop, stop"
56,,1093 11445 2361 11541,7383 11434 8157 11526,"Drawn from Nature and Published by John J. Audubon, F,R,S.F, L,S. | Engraved Printed & Coloured by R. Havell.",eye,"after Audubon: +0.14H vs 1 stop, comma"
57,,653 7538 2553 7938,3982 7538 5882 7938,"Loggerhiad Sh | awn from Nature and Pubhshed by John J. Audubon. -,K,S,- | Engraved, Printed,& Coloured, b | ale 2. Ayeen Buar or Pouned lavrel Initar Imilasc estinéipria.",scan,"read on the sheet; the crop cut off the D of Drawn and the end of the right line; read at the sheet in B2: the right line ends in Havell with a comma; the left line's last S has a stop; end mark after Havell is a comma (round head, tail below the baseline), read at the sheet; the crop ended after by; comma between the honours (Ruling 34): the mark after the first S has a long tail; after Audubon: +0.07H vs baseline (the letters' feet), stop; between honours: comma after S, tail visible"
58,,537 5756 1655 5820,3018 5753 3724 5820,"Drawn from Nature and Published by John J.Audubon. F,R,S.E, L,S. | Engraved, Printed, & Coloured by R.Havell.",eye,"final mark after L,S looks like a comma; after Audubon: +0.00H vs 1 stop, stop"
59,,581 5560 1669 5640,3094 5553 3774 5637,"Drawn from Nature and Published by John J. Audubon, F,R,S.F,L,S. | Engraved, Printed, & Coloured, by R.Havell.",eye,"after Audubon: +0.14H vs 1 stop, comma"
60,,582 5794 1648 5878,3165 5798 3859 5882,"Drawn from Nature and Published by John J. Audubon, F,R,S.E ,L,S. | Engraved, Printed & Coloured by R.Havell.",eye,"F.R.S.E.L.S. as engraved: an E stands before L.S., where F.L.S. is expected (checked at 7x); after Audubon: +0.16H vs 1 stop, comma; credit line reads ""F. R. S. E. L. S."" for F. R. S. F. L. S. (an E where the F of F. L. S. belongs), an engraving slip, credited to John James Audubon (FOLIO_NAMES)"
61,,1021 11440 2237 11542,7092 11453 7886 11544,Drawn from Nature & Published by John J. Audubon. E.R.S.F.L.S. | Engraved. Printed. & Coloured.by R Havell.,eye,"no stop after R; after Audubon: -0.05H, stop"
62,,200 7747 1204 7817,5039 7744 5699 7822,"Drawn from Nature & Published by John J. Audubon. E,R,S.E,L,S. | Engraved, Printed, & Coloured, by R.Havell.",eye,"Ruling 35: the end mark is a short upright mark centred on the baseline, no tail; stop; after Audubon: +0.03H vs 1 stop, stop; after the end: +0.08H vs baseline (the letters' feet), stop"
63,,537 5669 1539 5749,3027 5658 3741 5750,"Drawn from Nature &Publishedby John J.Audubon.F,R,S.F.L,S. | Engraved. Printed & Coloured by R.Havell.",eye,"after Audubon: -0.01H vs 1 stop, stop"
64,,644 5738 1346 5822,3117 5735 3823 5823,"Drawn from Nature by Lucy Audubon. | Engraved, Printed,& Coloured, by R.Havell",eye,"no stop after Havell; after Audubon: -0.07H vs baseline (the letters' feet), stop"
65,,589 5699 1677 5773,3017 5691 3749 5779,"Drawn from Nature and Published by John J. Audubon, F,R,S E,L,S. | Engraved, Printed,& Coloured,by R.Havell.",eye,"no clear mark between the first S and F; after Audubon: +0.14H vs baseline (the letters' feet), comma"
66,,1232 11751 2480 11865,7518 11690 8330 11800,"Drawn from Nature and Published by John J. Audubon E,R.S.E., 1,,S. | Engraved, Printed,&Coloured,by R.Havell .",eye,
67,,269 7756 1329 7827,5175 7734 5905 7827,"Drawn from Nature and Published by John J.Audubon. E.R,S.F, L.S. | Engraved, Printed, & Coloured,by R.Havell.",eye,"after Audubon: -0.02H vs 1 stop, stop"
68,,968 6038 1958 6101,3643 6038 4281 6101,"Drawn from Nature and Published by John J.Audubon. F.R,S.FI,S. | Engraved, Printed,& Coloured,by R.Havell.",eye,"mark after Printed could be a stop; Ruling 35: commas after Printed and Coloured (teardrops with tails at 8x); after Audubon: -0.01H vs 1 stop, stop"
69,,640 5831 1628 5897,3107 5808 3859 5900,"Drawn from Nature &Published by John J.Audubon. F.R.S.FI.S. | Engraved, Printed & Coloured by R.Havell.",eye,"after Audubon: +0.10H vs 1 stop, comma"
70,,778 5450 1124 5542,3376 5979 4122 6059,"Shape of Iail | Engraved, Printed, &Coloured,by R.Havell.",scan,"Drawn line read on the sheet; the left crop showed the caption; left line read at the sheet in B2: as recorded, no comma between the honours; after Audubon: +0.01H vs 2 stops, stop"
71,,1091 7324 2085 7398,10643 7360 11297 7434,"Drawn from Nature and Published by John J.Audubon.F,R,S.F.L.S. | Engraved, Printed &Coloured by R.Havell.",eye,"after Audubon: -0.09H vs 1 stop, stop"
72,,1814 6885 2930 6969,8636 6911 9362 7003,"Drawn from Wature and Published by John J.Audubon. E,R,S.F,I,S. | Engraved Printed &Coloured by R.Havell .",eye,"after Audubon: -0.03H vs 1 stop, stop"
73,,640 5749 1570 5815,3158 5787 3818 5848,"Drawn from Nature and Publishedby John J.Audubon, F.R.S.E.LS. | Engraved Printed & Coloured by R.Havell.",eye,"after Audubon: +0.07H vs 1 stop, stop"
74,,712 5856 1654 5924,3333 5848 3983 5918,"Drawn from Nature and Published by John J. Audubon,F,R,S.E,.L,S . | Engraved.Printed & Coloured by R.Havell.",eye,"after Audubon: +0.13H vs 2 stops, comma"
75,,840 5752 1770 5822,3250 5763 3898 5827,"Drawn from Nature and Published by John J.Audubon, F.R.S.E.L.S. | Engraved, Printed,& Coloured, by R.Havell.",eye,"gap inside Engraved (E ngraved); after Audubon: +0.08H vs 2 stops, 1.7x the height of the stops, comma"
76,,1236 7327 2170 7415,10909 7332 11611 7416,"Drawn from Nature&Published by.John JAudubon, F,R,S. F,LS. | Engraved. Printed &Coloured by R.Havell.",eye,"stop after the second J faint; after Audubon: +0.14H vs 2 stops, comma"
77,,292 7569 1192 7635,5213 7573 5855 7639,"Drawn from Nature and Fublished by John J. Audubon. E,R,$ EL,S. | Engraved,Printed,& Coloured,by R.Havell.",eye,"first S after R has a stray mark through it; no clear mark between it and F; after Audubon: -0.07H vs 2 stops, stop"
78,,601 5784 1467 5837,3277 5784 3897 5837,Drawn from Nature and Published by John J.Audubon. E.R.S.E. L.S. | Engraved. Printed & Coloured by R.Havell.,eye,"after Audubon: -0.06H vs 2 stops, stop"
79,,496 5812 1364 5859,3256 5805 3838 5859,Drawn from Nature and Published by John J.Audubon. F.R.S. F.L.S. | Engraved. Printed &Coloured by R.Havell.,eye,"after Audubon: +0.01H, stop"
80,,174 3543 1092 3609,5017 3543 5589 3609,Drawn from Nature and Published by John J.Audubon. F.R.S.F.L.S. | Engraved.Printed &Coloured by R.Havell.,eye,"after Audubon: -0.01H, stop"
81,,1555 11639 2725 11719,7390 11629 8188 11731,"Drawn from Nature and Published by John J.Audubon. E,R,S.E,L,S. | Engraved, Printed & Coloured by R.Havell.",eye,"after Audubon: -0.02H vs 1 stop, stop"
82,,302 7762 1488 7850,5490 7779 6266 7871,"Drawn from Nature and Published by John J. Audubon, E,R,S. E,L,S. | Engraved,Printed,& Coloured by R.HaveIl.",eye,"after Audubon: +0.17H vs 2 stops, comma"
83,,544 5717 1516 5787,3226 5715 3844 5785,"Drawn from Nature and Published by John J.Audubon, E,R,S. F,I,S. | Engraved,Printed & Coloured by R.Havell.",eye,"mark after Engraved could be a comma; after Audubon: +0.17H vs 1 stop, comma"
84,,563 5714 1451 5772,3284 5720 3880 5786,Drawn from Natnre and Pubhshedby John J.Audubon FRS F L S | Engraved Printed &Coloured by RHavell.,scan,"the print is broken (Nature reads Natnre, Published reads Pubhshed); read as Nature and Published"
85,,590 5675 1546 5741,3258 5661 3916 5735,Drawn from Nature & Fublished by John J.Audubon. F.R.S. E.L.S. | Engraved. Printed & Coloured by R.Havell.,eye,"after Audubon: -0.01H, stop"
86,,520 11345 1666 11451,6905 11322 7631 11424,"Drawn from Nature and Published by John J.Audubon, F,R,S .E.L,S. | Engraved, Printed,&Coloured by R.Havell.",eye,"after Audubon: +0.02H vs 1 stop, tail visible, comma"
87,,397 7691 1427 7771,5317 7690 6023 7782,"Drawn from Nature and Published by John J.Audubon, FR,S,F,LS, | Engraved, Printed, & Coloured,by R.Havell.",eye,"final mark after F,L,S looks like a comma; after Audubon: +0.12H vs baseline (the letters' feet), comma"
88,,800 5870 1654 5936,3495 5858 4073 5932,"Drawnfrom Nature and Publishedby John J.Audubon.F.R.S.P.I.S. | Engraved, Printed & Coloured by R.Havell.",eye,"F.R.S.P.L.S. as engraved: a P stands before L.S., where F.L.S. is expected (checked at 7x); after Audubon: +0.09H, stop; credit line reads ""F. R. S. P. L. S."" for F. R. S. F. L. S. (a P where the F of F. L. S. belongs), an engraving slip, credited to John James Audubon (FOLIO_NAMES)"
89,,742 5835 1572 5923,3513 5841 4079 5907,"Drawn from Nature and Published by Joln.LAndubon. EB,S.F,L,S. | Engraved. Printed &Coloured by R.Havell.",scan,"the print is soft and broken (John reads Joln, Audubon reads Andubon); read as John and Audubon; after Audubon: +0.03H vs 2 stops, stop"
90,,617 5824 1513 5898,3340 5832 3922 5898,"Drawn from Nature and Published by John J.Audubon ER,S.F,L,S. | Engraved, Printed & Coloured by R Havell.",eye,mark after Engraved could be a stop
91,,1276 11565 2304 11649,7724 11535 8414 11619,"Drawn from Nature and Published by John J.Audubon.F.R,S.F,L,S. | Engraved, Printed, &Coloured,by R Havell.",eye,"stop after R faint; after Audubon: -0.04H vs 1 stop, stop"
92,,146 7617 1242 7697,5003 7627 5737 7697,"Drawn from Nature and Published by John J.Audubon, E,R.S.F,L,S . | Engraved,Printed,& Coloured, by RHavell.",eye,"after Audubon: +0.10H vs 1 stop, comma (+0.097H against the fitted baseline and +0.109H against the letters' feet, mean +0.103H)"
93,,672 5814 1558 5880,3336 5803 3940 5887,"Drawn from Nature and Publishedby John J.Audubon,F,R.S. F,L,S. | Engraved, Printed & Coloured by R.Havell.",eye,"after Audubon: +0.21H vs 1 stop, comma"
94,,714 5784 1624 5850,3387 5770 3995 5844,"Drawn from Nature and Published by John J.Audubon,F,R,S.F,LS. | Engraved.Printed & Coloured by R.Havell.",eye,"after Audubon: +0.30H vs 1 stop, comma"
95,,550 5653 1612 5715,3236 5659 4052 5718,"Drawn from Nature and Published by John J.Audubon E.R.S's. L& E. E.L.S. &c. | Engraved, Printed & Coloured by RHavell Jun: London. 1830.",eye,"&c. is engraved as one word, the & and the c touching; stop after it; credit line reads ""F. R. S's. L. & E. F. L. S. &c."", the fullest string of postnominals in the folio, as engraved, credited to John James Audubon (FOLIO_NAMES)"
96,,826 11405 1876 11483,7136 11412 7866 11483,"Drawn from Nature and Published by John J.Audubon,E,R,S. F,L,S. | Engraved, Printed, & Coloured,by R.Havell.",eye,"after Audubon: +0.11H vs 1 stop, comma"
97,,200 7643 1234 7731,4961 7642 5661 7726,"Drawn from Nature and Pubhished by John J.Audubon F,R,S.F,I.S. | Engraved, Printed &Coloured by R.Havell.",eye,li of Published run together; mark after Engraved could be a stop
98,,560 5314 1406 5371,2984 5315 3542 5371,"Drawn from Nature and Published by John J.Audubon,F,R,S.F,L,S . | Engraved.Frinted &Coloured by R.HaveIl.",eye,"mark after Engraved could be a stop; after Audubon: +0.22H vs 2 stops, comma"
99,,128 3207 994 3270,4645 3207 5239 3270,"Drawn from Nature and Published by John J.Audubon, F,R,S.E,LS. | Engraved, Printed & Coloured by R.Havell.",eye,"after Audubon: +0.23H vs baseline (the letters' feet), comma"
100,,685 5562 1589 5636,3183 5574 3781 5645,"Drawn from. Nature and Published by John J.Audubon, F.R,S.F,L,S. | Engraved,Printed & Coloured by R.Havell.",eye,after Audubon: not measured (the mark is fused to the foot of the n); kept as read
101,,1395 11550 2363 11646,7494 11513 8388 11627,"Drawn from nature by J.J.Audubon E,R,S.F,L,S. | Enfraved, printed & Coloured, by R.Havell,",eye,
102,,281 7527 1245 7614,5234 7531 6062 7614,"Drawn from nature by J.J. Audubon F,R,S. F, L,S. | Engraved, printed & Coloured, by R. Havell,",eye,
103,,149 5149 907 5223,2559 5160 3297 5244,"Drawn from nature by J.J.Audubon F,R,S.F,L.,S. | Engraved, printed & Coloured, by R.Havell,Jun"".",eye,
104,,742 5798 1686 5869,3281 5792 4095 5869,"Drawn from nature by J.J.Audubon F, R,S.F,L,S. | Engraved prmted & Coloured,by R.Havell Jun""",eye,
105,,637 5753 1639 5836,3172 5749 4010 5836,"Drawn from nature by J.J. Audubon F.R,S .F,L,S. | Engraved, printed & Coloured, by R. Havell,",eye,
106,,475 7561 2375 7961,11412 7773 12350 7857,"Drawn from Naturo by L.IAndubon F.RS.E.L.S. | London 182 | Engraved, Printed &Coloured be Rllavol!",scan,"the third digit of the date is broken and reads 3; the line stands in two groups, Havell and then London 1831"
107,,348 7814 1126 7876,5251 7797 6221 7885,"Drawn from Nature by J.JAudubon F.R.S. F.L.S. | Engraved, Printed &Coloured by R Havell. | London 1831.",eye,London 1831. stands apart at the right end of the same line
108,,274 3493 994 3559,4927 3514 5763 3578,"Drawn from Nature by J. J. Audubon E.R.S. F.L.S. | Engraved,Printed & Coloured by R.Havell Jun™ London.1831.",eye,
109,,678 5810 1370 5876,3372 5817 4184 5879,"Drawn from Nature by J.J.Audubon E.R.S. E.I.S. | Engraved.Printed & Coloured by R.Havell, | Iondon 18 31.",eye,London 1831. stands apart at the right end of the same line; date engraved with a gap (18 31)
110,,622 5734 1354 5785,3087 5728 3955 5785,"Drawn from Nature by J.J.Audubon F.R.S. F.L.S. | Engraved,Printed & Coloured by R.Havell Jun™ London. 1831.",eye,a low dash (written _) between London and the date
111,,128 10078 938 10144,6122 10084 6864 10172,"Drawu from Nature by J.J.Audubon, F,R.S.F,LS. | Engraved, Printed, & Coloured.by R.Havell.",eye,"after Audubon: +0.18H vs 2 stops, comma"
112,,317 7067 1029 7125,4862 7011 5668 7091,Drawn from Nature by J.J.Audubon.F.R.S. F.L.S. | Engraved. Printed &Coloured by R.Havell.London_1831.,eye,"a low dash (written _) between London and the date; after Audubon: -0.05H, stop"
113,,734 5730 1486 5796,3332 5725 4180 5795,Drawn from Nature by J.J.Audubon F.R.S. F.L.S. | Engraved.Printed & Coloured by R.Havell. London. 1831.,eye,a low dash (written _) between London and the date
114,,752 5782 1450 5830,3416 5768 4230 5830,"Drawn from Nature by J.J.Audubon F.R.S.E.L.S. | Engraved, Frinted & Coloured by R.Havell | London.1881.",eye,"the date reads 1881 as shown, the 3 closed like an 8 (checked at 12x)"
115,,562 5814 1314 5864,3089 5808 3959 5864,Drawn from Nature by J.J.Audubon. F.R.S. F.L.S. | London_1831. | Engraved. Frinted & Coloured by R.Havell,eye,"mark between London and 1831 is a short low dash, written _; London.1831. stands apart at the right end of the line; after Audubon: +0.01H, stop"
116,,1089 11479 1833 11553,7562 11471 8302 11545,"Drawn from Nature byJ.J.Audubon E.R,S.E.L,S. | Engraved,Printed,& Coloured,by R.Havell, Iondon .",eye,stop after R could be a comma
117,,475 7585 1319 7651,5487 7520 6235 7612,"Drawn from Nature by J.J.Audubon FR,S.EL,S. | Engraved, Frinted, & Coloured,by R.Havell.",eye,
118,,657 5784 1423 5864,3433 5790 4037 5864,"Drawn from Nature by J.J.Audubon, ER,S.FLS. | Engraved,Frinted,& Coloure d, by R.Havell.",eye,"after Audubon: +0.17H vs 2 stops, comma"
119,,640 6008 1366 6078,3424 6011 4112 6091,"Drawn from Nature by J.J.Audubon, F.R,S.E,L,S. | Engraved,Printed,& Coloured, by R.Havell, Iondon.",eye,"Ruling 35: the mark after Audubon is a round dot on the baseline; stop; after Audubon: +0.09H vs 1 stop, stop"
120,,764 5817 1472 5879,3622 5802 4224 5868,"Drawn from Nature by J.J.Audubon,F,R,S.F,L,S . | Engraved, Printed, & Coloured,by R.Havell.",eye,after Audubon: not measured (the mark is fused to the foot of the n); kept as read
121,,82 3190 320 3216,1837 3192 2091 3222,"Drann from Nature by J.JAudubon, ERS, ELS. | Engraved, Printed.& Coloured, by R.Havell, London,",scan,both crops tiny; stops and commas uncertain; capitals 6.0-7.0 px; stop or comma not judged (Ruling 35a)
122,,199 7622 865 7696,5194 7609 5906 7701,"Drawn from Nature by J.J.Audubon.F,R,S.F,L.S. | Engraved, Printed, & Coloured,by R.Havell, Iondon.",eye,"Ruling 35: the mark after Audubon is a round dot on the baseline; stop; after Audubon: +0.00H vs 1 stop, stop"
123,,667 5752 1205 5810,3259 5712 4125 5830,"DrawnfromNature by J JAudubon.E.R,S. F.LS. | is odoratus. Engraved,Printed & Coloured, by R.Havell Iondon.",eye,"right crop also takes in the end of the caption (odoratus.); no stops after the initials J J; after Audubon: +0.02H vs 1 stop, stop"
124,,654 5775 1790 5885,3567 5810 4171 5880,"Treen Black-a | Drawn from Nature by JJ.Audubon, ER,S.FLS. | . Engraved, Printed,&Coloured,byR.Havell, Iondon.",eye,"no stop after the first J; a stray mark before Engraved; caption between the lines excluded; after Audubon: +0.19H vs 2 stops, comma"
125,,692 5824 1370 5890,3561 5820 4251 5894,"Drawn from Nature by J.J.Audubon,FR.S.E.LS. | Engraved, Printed,& Coloured, by R.Havell, London.",eye,"after Audubon: +0.17H vs 1 stop, comma"
126,,697 11453 1451 11518,7044 11433 7940 11518,"Drawn from NaturebyJ.J.Audubon,F.R,S.F,LS. | Engraved,Printed,& Coloured by R.Havell, London.",eye,"after Audubon: +0.04H vs 2 stops, stop (no tail is plainly visible at 10x)"
127,,252 7758 978 7828,4597 7491 6497 7891,"Drawn from Natureby J.JAudubon F,R.S.ELS. | nd Hemlock, Tacus canadensis. Engeared Brimed caoue s y itlrel oa on.",eye,"right-corner crop missed; the Engraved line is in the left crop, after the caption"
128,,677 5787 1417 5861,3398 5777 4106 5851,"Drawn from Nature by J.J.Audubon F.R.S. F,L.S. | Engraved,Printed, & Coloured, by R.Havell.Iondon.",eye,
129,,764 5739 1384 5805,3584 5749 4168 5812,"Drawn from Nature by IJAudubon,FR.S.FIS. | Engraved Printed &Coloured byR.Havell.",eye,"stop after the first J faint; Ruling 35: the comma after Audubon has a tail; mark after Havell sits wholly below the baseline, a diamond dot lower than the stop after Engraved; comma at 16x (the checker kept a stop, uncertain); after Audubon: +0.06H vs 1 stop, tail visible, comma; after Havell: +0.13H vs 1 stop, comma"
130,,622 5739 1332 5805,3374 5733 4066 5813,"Drawn from Nature by J.J. Audubon, ERS.F,LS. | Engraved.Printed.&Coloured.by R.Havell. London.",eye,"no clear mark between R and S; marks after Engraved and Printed could be commas; after Audubon: +0.11H vs 2 stops, comma"
131,,988 11424 1798 11508,7343 11422 8297 11514,"Drawn from Nature by J.J.Audubon, E.R,S. F,LS. | Engraved, Printed& Coloured,byR. Havell, London, 1832.",eye,"after Audubon: +0.07H vs 1 stop, tail visible, comma"
132,,303 7738 1143 7812,5244 7744 6184 7832,"Drawn from Nature by J.J. Audubon, F.R.S. FLS. | Engraved,Printed, & Coloured, by R.Havell, London 1832.",eye,"mark after Havell could be a comma; after Audubon: +0.05H vs 1 stop, tail visible, comma"
133,,612 5707 1394 5791,3156 5706 4046 5794,"Drawnfrom Nature by J.J.Audubon. E.R.S.E.LS. | Engraved,Printed,& Coloure d, by R. Havell, London,1832",eye,"no stop after 1832; after Audubon: -0.02H, stop"
134,,130 5155 804 5225,2547 5156 3291 5236,"Drawn from Nature by J.J.Audubon, ERS.ELS. | Engraved, Printed & Coloured by R.Havell, London, 18 32.",eye,"both crops grey and soft but legible; after Audubon: +0.30H vs 2 stops, comma"
135,,691 5816 1421 5896,3391 5820 4185 5900,"Drawn from Nature by J.J.Audubon ER,S.F,L,S. | Engrave d Printed & Coloured by R.Havell,London1832.",eye,
136,,1055 11216 1997 11296,7292 11204 8208 11292,"Drawn from Nature by J.J.Audubon E.R.S.E.L.S. | Engraved, Printed, & Coloured by R.Havell. London,1832.",eye,
137,,338 7589 1062 7659,5309 7566 6175 7646,"Drawn from Nature byJ.J.Audubon.F.R.S. F.L.S. | Engraved Printed & Colouredby R. Havell. London, 1832.",eye,"after Audubon: +0.02H, stop"
138,,520 5727 1202 5797,3232 5716 4016 5804,"Drawn from Natureby J.J.Audubon F.R.S. F.L.S . | Engraved, Printed,& Coloured,by R.Havell,London.1832.",eye,
139,,714 5699 1392 5761,3365 5700 4125 5780,"Drawn from Nature by J.J.Audubon,E.R.S.F,L.S. | Engraved, Printed, &Coloured by R. Havell London, 1832.",eye,"right line faint after Printed; no mark visible between Havell and London; after Audubon: +0.18H, comma"
140,,502 5727 1216 5811,3144 5732 3994 5820,"Drawn from Nature byJ.J. Audubon, E,R,S.EL,S. | Engraved, Printed, & Coloure d. by R. Havell, London, 1832.",eye,"wide gap inside Coloured (Coloure d); after Audubon: +0.23H vs baseline (the letters' feet), comma"
141,,1071 11392 1895 11466,7563 11372 8343 11446,"Drawn from Nature byJ.J.Audubon FR,S.FLS. | Engraved,Printed, & Coloured, by R.Havell, London.",eye,
142,,170 7648 1016 7740,5007 7628 6133 7734,"Drawn from Nature by J.J.Audubon, E R.S. E,LS. | es anered | Engraved,Printed,& Coloured,byR.Havell,London.",eye,"a caption fragment (...us cinerea) between the lines excluded; after Audubon: +0.06H vs 1 stop, tail visible, comma"
143,,598 5886 1372 5956,2655 5563 4555 5963,"Drawn from Nature by J.J.Audubon F.R,S. F.L,S. | Ushade. Solanum Dulcamara. | Enfraved Finted & Coloured by R Havell London.1832.",eye,"right-corner crop missed; the Engraved line is in the left crop, after the caption"
144,,628 5848 1396 5932,3419 5854 4167 5924,"Drawn from Nature byJ.J.Audubon, ER,S EL,S. | Enfraved Printed & Coloured by R.Havell London, 1832.",eye,"no mark between the first S and F; after Audubon: +0.19H vs baseline (the letters' feet), comma"
145,,656 5850 1368 5920,3352 5853 4142 5927,"Drawn from Nature byJ.J.Audubon E,R,S.E,L,S. | Engraved, Printed, & Coloured, by R.Havell, London, 1832.",eye,
146,,880 11353 1832 11459,7335 11370 8211 11450,"Drawn from Nature by J.J.Audubon, F.R.S.F.L.S. | Engraved, Printed, & Coloured, by R. Havell. London. 1832.",eye,"after Audubon: +0.13H, comma"
147,,265 7744 1069 7818,5127 7742 6065 7816,"Drawn from Nature by J.J.Audubon, E,R,S.ELS. | Engraved, Printed, & Coloured, by R.Havell, London. 1832.",eye,"after Audubon: +0.18H vs 2 stops, comma"
148,,192 5163 824 5225,2688 5149 3368 5219,"Drawn from Nature by J.J.Audubon, ER,S.F,LS. | Engraved, Printed, & Coloured, by R.Havell, London, 1832 .",eye,"both crops grey and soft but legible; after Audubon: +0.09H, 3.2x the height of the stops, comma"
149,,752 5840 1504 5906,3389 5854 4167 5922,"Drawn from Nature by J.J.Audub on, E,R,S.F.L,S. | Enfraved, Frinted, & Coloured, by R.Havell, London,183 2.",eye,"after Audubon: +0.06H vs 1 stop, tail visible, comma"
150,,663 5711 1235 5769,3369 5709 4101 5775,"Dr awu from Nature by J.J.Audubon F,R,S.F.LS. | Engraved, Printed, & Coloured, by R.Havell, London, 1832.",eye,"honours' initials normalised (Rulings 23 and 24): the reading ran ""AudubonF, R."" together, written ""Audubon F. R."""
151,,975 10826 1761 10931,6998 10822 7870 10910,"Drawn from Nature by J.J.Audubon F,RS.E,LS. | Engraved., Frinted & Coloured, by R.Havell.London. 1832.",eye,
152,,274 7718 1020 7784,5204 7712 6172 7800,"Drawn from Nature by J.J.Audubon E.R,S.EL.S. | Engraved, Printed, & Coloured, by R.Havell, Iondon 1832.",eye,
153,,612 5910 1258 5967,3160 5887 3970 5967,"Drawn from Nature by J.J.Audubon ER.S.FLS. | Enfraved, Printed & Coloured, by R.Havell, London . 1832.",eye,mark after Engraved could be a stop
154,,754 5779 1496 5849,3418 5791 4256 5864,Drawn from Nature by J.J.Audubon FRS.FLS. | Enfraved Printed &Coloured by R.Havell London 1832,eye,"no marks visible between F, R and S or between F, L and S; no stop after 1832"
155,,282 5625 1030 5691,2917 5600 3779 5684,"Drawn from Nature by J.J.Audubon F.R.S. F.L.S . | Engraved, Printed & Coloured by R.Havell,London, 1832 .",eye,both lines faint and widely spaced but legible
156,,457 11180 2357 11580,7507 11440 8271 11514,"Drava from Waure by I.J.Audubon, FRS.TLS | Engraved. Printed & Coloured, byR.Havell London, 1833",scan,"left crop is a heavily inked, noisy image taken from mid-plate, not the left corner; its stops uncertain; mark after Coloured could be a stop; no stop after 1833; a separate oval dot sits on the baseline after Audubon at the sheet (the checker's coarse crop fused it with the n); stop; after Audubon: -0.01H, stop"
157,,209 7771 949 7845,5350 7757 6202 7837,"Drawn from Nature by J.J.Audubon,E.RS. F.L.S. | Engraved, Printed & Coloured, by R.Havell, London 1833.",eye,"ri of Printed broken (reads Pnnted); after Audubon: +0.09H, 2.0x the height of the stops, comma"
158,,468 5850 1076 5916,3350 5854 4040 5920,"Drawn from Nature by J.J.Audubon, E.R.S.ELS. | Engraved. Frınted & Coloured. by R.Havell, London. 1833.",eye,"ri of Printed broken; after Audubon: +0.12H vs 2 stops, comma"
159,,510 6032 1226 6103,3464 6045 4210 6103,"Drawn from Nature by J.J.Audubon. E.R.S.E.L.S. | Engraved, Printed & Coloured, byR.Havell,London. 1833.",eye,"after Audubon: +0.08H, stop"
160,,528 5786 1210 5852,3299 5786 4077 5860,"Drawn ffom Nature by J.J.Audubon, ER.S.FLS. | Engraved, Printed & Coloured, by R.Havell, London,1833.",eye,"after Audubon: +0.05H, 1.8x the height of the stops, comma"
161,,1142 11393 1868 11477,7798 11374 8522 11440,"Drawn from. Nature by J.J.Audubon, E.RS.FLS. | Engraved, Frinted & Coloured byRHavell,Iondon, 1833.",eye,"stop between R and Havell faint; mark after Engraved could be a stop; after Audubon: +0.16H, comma"
162,,381 7754 991 7812,5552 7683 6326 7753,"Drawn from Nature by J.J.Audubon FRS.FIS. | Engcaved, Printed & Coloured, by R.Havell, London, 1833.",eye,
163,,654 5890 1382 5960,3360 5899 4156 5973,"Drawn from Nature by J.J.Audubon, FRS.FLS. | Engraved, Printed & Coloured, by R.Havell, London,1833 .",eye,"after Audubon: +0.14H vs 1 stop, comma"
164,,552 5636 1202 5698,3299 5645 4061 5711,"Drawn. Trom. Nature by JJ Andubon, ERS. ELS. | Kugraved, Printed & Coloured, by R.Havell, London, 1833.",scan,"both crops blurred; stops and commas uncertain; no stop visible after the second J; faint grey specks after Drawn and after from are not recorded (specks, not marks of the line); after Audubon: +0.20H, comma"
165,,220 7685 1076 7769,3839 7614 4993 7738,"Drawn from Nature by J.JAndubon, F,R.S. E.LS. | Engraved, Printed & Coloured by R.Hlavell, London. 1833.",scan,"credit lines read from this sheet at 8x; read on havell-v2/sheet-165.jpg, the University of Pittsburgh's scan (the Havell plate; the v1 sheet was the lithograph); capitals 23 px (left line) and 24 px (right line), so Ruling 35a does not apply; after Audubon: +0.17H vs 2 stops, tail visible, comma; the mark after the first S is a round dot level with the line's stops (+0.00H against the two J stops and the end stop, 1.3x their height, no tail): a stop, no comma between the honours (Ruling 34); commas after Engraved and Havell (tails below the baseline at 8x); no mark after Printed or Coloured; no separate stop after London visible (only the foot serif of the n); stops after the last S and after 1833 separate and round, the second faint; the u of Audubon is crowded against the A, but at 8× its stems have separate top serifs and join at the foot: a u; the OCR draft's stop after London is the n's foot serif (a flat dash, like the foot of the d of Coloured); the boxes are on the v2 sheet (the v1 sheet's were on the lithograph)"
166,,649 11245 2549 11645,7696 11437 8458 11517,"from | Engraved, Printed & Coloured,by R.Havell, London, 1833.",scan,"left crop empty; both lines in the right crop; the Drawn line is degraded (dithered), its punctuation uncertain; a comma with a tail below the baseline follows Audubon at the sheet (the checker's coarse crop showed none); after Audubon: +0.16H, comma"
167,,1636 6146 2310 6212,8400 6156 9096 6222,"Drawn from Nature, byJ.J.Aududon, ERS E.L,S | Engraved. Printed, & Coloured byR.Havell, London 1833",eye,"Aududon as engraved: a d stands where b should be (checked at 12x); after Audubon: -0.01H vs 2 stops, stop; credit line reads ""Aududon"" for Audubon (a d where the b belongs), an engraving slip, credited to John James Audubon (FOLIO_NAMES); honours' initials normalised (Rulings 23 and 24): the reading had ""F. RS"", written ""F. R. S."""
168,,728 5699 2008 5813,2441 5464 4341 5864,"Forked-tailed | Drawn from Nature by J.J.Audubon, FR.S.E.LS. | SCICAPA SAVANA. Mate Pordonia Lasianthus. | Engraved, Frinted, & Coloured byR Havell, 1833.",eye,"right-corner crop missed; the Engraved line is in the left crop, after the caption; after Audubon: +0.15H, comma"
169,,684 5821 1412 5887,3557 5825 4231 5891,"Drawn from Nature by J.J.Audubon, F.R.S. E.L.S . | Engraved, Printed,& Coloured, by R.Havell, 1833.",eye,"after Audubon: +0.05H, 1.6x the height of the stops, comma"
170,,683 5903 1339 5961,3469 5896 4167 5966,"Drawn from Nature by J.J.Audubon FR.S.EL.S. | Engraved, Printed, & Coloured, by R Havell, 1833.",eye,wide gaps inside Audubon (Audub on) and 1833 (18 33)
171,,1077 11494 1815 11574,7783 11532 8451 11606,"Drawn from Nature by J.J.Audubon, ER.S.FLS. | Engraved, Printed & Coloured, by R.Havell 1833.",eye,"commas versus stops in F,R,S and F,L,S uncertain; after Audubon: +0.06H vs 2 stops, 1.9x the height of the stops, comma"
172,,1096 3785 1552 3829,5049 3754 5501 3802,"Dravn from Nature by J.J.Audubon FR.S ELS | Engraved, Printed & Coloured, by R.Havell, 1833.",eye,both lines small and faint; no stop after the last S; capitals 13.0 px; stop or comma not judged (Ruling 35a)
173,,325 3549 707 3584,2074 3545 2460 3581,Drawn from Nature byJ.J Andubon ERS ELS | Emfraved Trured & Colomred. Ixr R.llavell 1853,scan,both lines tiny and faint; the date reads 1833; capitals 12.0-13.0 px; stop or comma not judged (Ruling 35a)
174,,354 3566 740 3596,2060 3563 2476 3596,"Drawn from Nature byJ.J.Audubon.FR.S E.L.S | Engraved, Prunted,& Coloured,by R.llavell,London 1833 .",scan,both lines tiny in the crops; stops and commas uncertain; capitals 10.0-11.8 px; stop or comma not judged (Ruling 35a)
175,,446 3552 872 3596,2163 3532 2587 3580,"Draww from Natureby J.J Audubon ERS.ELS. | Engraved, Printed & Coloured, by R.Havell, 1633.",scan,both lines faint; Drawn almost faded out; no stop visible after the second J; digits of 1833 faint; capitals 13.3-13.5 px; stop or comma not judged (Ruling 35a)
176,,847 5186 1375 5238,7701 5170 8231 5222,"Drawn from Nature by J.J.Audubon. E.R.S.E.LS. | Engraved, Frinted, & Coloured. by R.Havell, London,1833.",eye,"after Audubon: -0.03H vs 2 stops, stop"
177,,148 4648 574 4688,3324 4627 3838 4675,"Drawn from Nature by J.J.Audubon ER,S.FL.S | Engraved. Printed,&: Coloured, by R.Havell, London.1833.",eye,no stop after the last S; capitals 10.0-12.0 px; stop or comma not judged (Ruling 35a)
178,,408 3524 864 3568,2184 3507 2586 3555,"Drawn frow Nature by J.J.Audubon E.R.S.EL.S. | Engraved, Printed & Coloured, by R.Havell.",eye,both lines small; capitals 14.0 px; stop or comma not judged (Ruling 35a)
179,,372 3482 780 3514,2099 3470 2537 3514,"Drawn from Nature by J.J.Audubon, ERS.ELS. | Engraved, Priuted & Coloured by K.Havell, 1333.",eye,both lines small; digits of 1833 faint; capitals 11.0 px; stop or comma not judged (Ruling 35a)
180,,388 3546 874 3590,2086 3555 2550 3602,"Drawn from Nature by JJ.Audubon ER.S. ELS | Engraved, Trinted.& Coloured. by R.Havell, 1833.",eye,left line faint; no stop after the first J or after the last S; capitals 12.8-13.0 px; stop or comma not judged (Ruling 35a)
181,,798 7089 1338 7159,4637 7086 5125 7138,"Prawn from Nature by J JAudubon FRS FLS. | Engraved, Printed.& Coloured, by R.Havell 1833.",eye,"no stops after the initials J J; mark after Havell could be a speck; capitals 14.0 px; stop or comma not judged (Ruling 35a); honours' initials normalised (Rulings 23 and 24): the reading had ""FRS"", written ""F. R. S."""
182,,223 7751 1027 7831,5383 7734 6237 7818,"Drawn from Nature by J.J.Audubon.F.R.S.F.L.S . | Engraved, Printed,& Coloured byR.Havell. London.1833.",eye,"wide gap between Drawn and from; marks after Coloured and London could be stops; after Audubon: -0.02H, stop"
183,,419 3528 861 3559,2184 3521 2548 3559,"Drawn Trom Nature by J.J.Andubon, E.R.S. F.L.S. | Emgraved. Printed. & Coloured, bv R.llavell.",scan,both lines tiny and faint; stops and commas uncertain; capitals 10.5-11.5 px; stop or comma not judged (Ruling 35a)
184,,358 5437 1080 5499,3534 5441 4240 5511,"Drawn from Nature by J.JAudubon.E, R.S F.L,S | Enfraved, Printed, & Coloured,by R.Havell, 1833.",eye,"no stop after the first S or the last S; after Audubon: -0.01H vs 1 stop, stop"
185,,130 3696 636 3724,2306 3695 2722 3734,"Drawn from Nature by J.J.Audubon. FR.S.F.L.S. | Engraved, Printed, & Coloured, by R.llavell, 1833.",scan,"both lines tiny and faint; last digits of 1833 faint; a pencil stroke beside the left line, not part of it; capitals 10.0-10.3 px; stop or comma not judged (Ruling 35a)"
186,,199 4479 785 4537,5934 4547 6502 4618,"Drawn from Nature by J.J.Audubon E.R.S.E.I..S | Engraved, Printed, & Coloured, byK.Havell, 1834.",eye,left crop grey; no stop after the last S
187,,118 4673 634 4713,3304 4695 3748 4739,"Drawn from Nature by J.J.Audubon, FR.S.F,L.S. | Engraved, Printed & Coloured, by R.Havell, 1831.",eye,both lines small; capitals 11.0-12.0 px; stop or comma not judged (Ruling 35a)
188,,388 3533 846 3570,2089 3512 2525 3560,"Drawn fram Nature by J.J.Audubon,F.R,S.F, L,S. | Engraved, Printed & Coloured, by R. Havell, 1834",scan,"both lines small and faint; last digit of 1834 faint, a final stop may be lost; capitals 10.5-11.0 px; stop or comma not judged (Ruling 35a)"
189,,406 3574 866 3611,2123 3570 2549 3610,"Drawn Trom Nature by L.J.Audnbon, ER.S.F.LS. | Engraved, Printed,& Coloured,by R.Havell, 1834",eye,no stop visible after 1834; capitals 10.0-11.5 px; stop or comma not judged (Ruling 35a)
190,,572 3464 1018 3508,2218 3483 2668 3531,"Drawn from Nature by J.J.Andubon E.R,S.E,L.S. | Engraved, Printed, & Coloured, by K.Havell,1834.",eye,both lines small; capitals 10.5-11.3 px; stop or comma not judged (Ruling 35a)
191,,802 4331 2702 4731,5320 4331 7220 4731,".. J.J.Andubon. FR.S.EL..S. | Rndraved, Printed, & Colouted, by R.Harell, 1834.",scan,left 'Nature b' almost faded out; right 'Engraved' and 'Coloured' faint; capitals 11.5-12.0 px; stop or comma not judged (Ruling 35a)
192,,70 4734 562 4778,2070 4422 3970 4822,"Drawn from Nature by J.J.Audubon, E.R.S. E.L.S. | Malt, L.P. 2. Stunmer Plamage D. 3. Young orWirdes D.F.A.bialitqus apujelie. Entored Trinted & Caoured Jyk Navell 13t | EXCTBITOR . | AITS",scan,"right credit line fades after Havell, and its date is lost to the fading; blank paper follows the faint digits (183), so the line is faded, not cut by the sheet's edge; left line capitals 10.8 px; stop or comma not judged (Ruling 35a)"
193,,482 3567 946 3611,2053 3561 2509 3605,"Prawn fiom Natue by J.J.Andubon F,R.S.F.L.S. | Engraved, Printed,& Coloured, by R.Havell, 1831.",eye,both lines small; capitals 10.0-11.0 px; stop or comma not judged (Ruling 35a)
194,,378 3520 866 3554,2086 3514 2514 3554,"Drawn from Nature by J.J.Andubon, E,R,S. F,L,S. | Engraved, Printed & Coloured by R.Havell 1834.",eye,both lines small; capitals 10.5-11.0 px; stop or comma not judged (Ruling 35a)
195,,330 3543 756 3583,2120 3539 2500 3579,"Drawn from Nature by J.J.Audubon E.R.S. F,L,S. | Engraved, Printed, & Coloured,by R.Havell. ..",scan,"the date after Havell is too faint to read, only traces; faded date after Havell, illegible; capitals 10.0-9.5 px; stop or comma not judged (Ruling 35a)"
196,,607 7091 1099 7143,4609 7084 5085 7132,"Drawn from Nature by J.JAudubon, E.R.S.E.LS. | Engraved Printed & Coloured by R.Havell, 1834.",eye,"small crop; marks in F,R.S. F,L,S. could be stops or commas; capitals 11.0-12.0 px; stop or comma not judged (Ruling 35a)"
197,,166 4748 672 4792,2070 4422 3970 4822,"Drarn fram Nature by J.J.Andubon, FRS. F,L.S | S'TRA, Tn Male adult. 1. Young Male. 2,3. F'emale adult, 4. Young Femate,s, Henlock | Engraved, Printed& Coloured, by R.Havell, g",scan,"right credit line fades after Havell, and its date is lost to the fading; blank paper follows the faint digits (18), so the line is faded, not cut by the sheet's edge; left line capitals 11.5 px; stop or comma not judged (Ruling 35a)"
198,,630 5775 1480 5841,3352 5771 4062 5845,"Drawn from Nature by J.J.Audubon,E.R.S.F, I.S. | Engraved, Printed,& Coloured, by R.Havell.",eye,"stop after Printed could be a comma; after Audubon: +0.16H vs 2 stops, comma"
199,,496 3501 944 3543,2017 3501 2433 3543,"Drawn from Nature by J.J.Audubon ER.S. F,LS. | Engraved, Printed, & Colouned,by R.Havell, 1831.",eye,small crop; stop after Coloured could be a comma; a stray dot before Engraved is not recorded (a speck); capitals 10.0-10.8 px; stop or comma not judged (Ruling 35a)
200,,211 2153 679 2189,3111 2154 3503 2191,Drawn from Nature by J.J: Andubon F.R.S.F.I.S. | Enfraved Printed & Coloured by R.Havell.,eye,colon after the second J could be a stop and a speck; final stop could be a comma; capitals 10.8-9.5 px; stop or comma not judged (Ruling 35a)
201,,1311 11535 2301 11613,7505 11520 8407 11612,"Drawn from Nature by J.J.Audubon, F,R,S. F,L,S. | Engraved Printed & Coloured by R. Havell",eye,"after Audubon: +0.32H, comma"
202,,282 5744 1126 5814,7329 5767 8021 5833,"Drawn from Nature by J.J,Andubon E,R,S. F,L,S. | Enfraved Printed & Coloured by R. Havell, 1834.",eye,
203,,134 3115 918 3181,2857 2868 4757 3268,"Drawn. from Nature by J.J.Audnbon E. R.S. F.L.S. | d. Male spring plumage,1. Young autumnal plumage,2. | Engraved, Frinted, & Coloured, by R. Havell, 1831.",eye,"right-corner crop missed; the Engraved line is in the left crop, after the caption; stop after Drawn could be a speck"
204,,384 5652 1132 5718,3745 5632 4465 5712,"Drawn from Nature by J.J.Audubon, F.R, S.T,L,S. | Engraved, Printed, & Coloured,by R.Havell,1831:",eye,"after Audubon: +0.12H, comma"
205,,209 4173 1091 4247,5071 4184 5905 4254,"Drawn from Nature by J.J.Audubon E.R,S. F,I,S. | Engraved, Printed, & Coloured, by R. Havell, 1834.",eye,
206,,986 11452 1856 11522,7332 11443 8190 11517,"Drawn from Nature by J.J.Audubon, F,R.S. F,I,S. | Enfraved. Printed, & Coloured, by R.Havell, 1834.",eye,"after Audubon: +0.08H vs 2 stops, tail visible, comma"
207,,302 7146 1120 7216,4826 7125 5710 7221,"Drawn from. Nature by J.J.Audubon. FRS FL.S | Engraved, Printed, & Coloured, by R.Havell, 1834.",eye,no separate stop after Audubon visible (only the foot serif of the n)
208,,454 3615 1292 3699,4554 3406 6454 3806,"from Nature by J.J.Audubon F.R.S.F.I,S. | Drawn | Engraved Printed.& Coloured by R.Havell. 1834",eye,mark after Printed could be a stop
209,,30 3109 792 3171,4621 3110 5365 3184,"Drawn from Nature by J.J. Audubon, F,R,S.F,L,S | Engraved, Printed, & Coloured. by R.Havell, 1834.",eye,"stop after Engraved could be a comma; after Audubon: +0.13H vs 2 stops, comma"
210,,48 3390 866 3460,4567 3392 5477 3498,"Drawn from Nature by J.J. Audubon, F, R, S. F, L,S. | Engraved, Printed, & Coloured, by R.Havell, 1834:",eye,"after Audubon: +0.17H, comma"
211,,1192 11149 2182 11241,7480 11170 8364 11258,"Drawn from Nature by J.J.Audubon, F.R.S. F, L,S. | Engraved, Printed & Coloured by R. Havell. 1834.",eye,"after Audubon: +0.29H, comma"
212,,1805 5845 2807 5925,7937 5809 8755 5897,"Drawn from Nature by J.J.Audubon, E.R.S.E, L,S. | Engraved, Printed, & Coloured, by R.Havell, 1834.",eye,"after Audubon: +0.19H vs baseline (the letters' feet), comma"
213,,537 3601 1461 3703,5276 3597 5988 3677,"Drawn from Nature by J.J. Audubon, F.R,S. F,L,S. | Engraved, Pinted, & Coloured, by R.Havell, 1834",eye,"stop after Audubon could be a comma; the r of Printed is indistinct; right crop ends at 1834, a final stop may be cut off; after Audubon: +0.10H vs 2 stops, tail visible, comma"
214,,109 3240 995 3314,4646 3223 5428 3307,"Drawn from Nature by J.J.Audubon, F,R.S.F,L,S. | Engraved, Printed, & Coloured, by R.Havell, 1834.",eye,"after Audubon: +0.14H vs 1 stop, comma"
215,,199 3377 933 3451,4541 3381 5335 3469,"Drawn from Nature by J.J.Audubon. F, R,S.E,L,S. | Enfraved, Printed, & Coloured, by R.Havell, 1831.",eye,"after Audubon: +0.06H vs 3 stops, stop (the fitted baseline lay 5.6 px above the letters' feet; against the feet and the stops the mark is level)"
216,,146 10203 972 10269,6232 10207 7054 10281,"Drawn from Nature by J.J.Aububon, E, R, S. F, L, S. | Engraved. Printed & Coloured, by R.Havell, 1834.",eye,"Aububon as engraved; after Audubon: not measured (the mark is fused to the foot of the n); kept as read; credit line reads ""Aububon"" for Audubon (a b where the d belongs), an engraving slip, credited to John James Audubon (FOLIO_NAMES)"
217,,2213 6008 4113 6408,8151 6160 9097 6256,"fature by J.J.Andubon, ER,S. F.I,S. | Sош | Enfraved. Frinted, & Coloured, by R.Havell, 1834.",scan,"left line read on the sheet; the crop cut off Drawn from; after Audubon: +0.03H vs 1 stop, tail visible, comma"
218,,182 3306 1054 3394,4518 3253 5378 3345,"Drawn from Nature by J.J.Audubon. E.R.S. F.L.S. | Engraved, Printed, & Coloured by R.Havell, 1831:",eye,"after Audubon: -0.03H vs 2 stops, stop"
219,,461 4298 1277 4378,4999 4286 5785 4366,"Drawn. from Nature by J.J.Andubon, E.R.S. E.L.S. | Engraved, Printed, & Coloured, by R.Havell, 1831.",eye,"after Audubon: +0.16H vs 2 stops, comma"
220,,447 3371 1311 3445,4977 3371 5803 3459,"Drawn. from Nature by J.J.Audubon. T.R.S. T.L.S. | Engraved, Printed, & Coloured, by R. Havell, 1834.",eye,"after Audubon: +0.03H vs 2 stops, stop"
221,,1327 7426 3227 7826,10043 7426 11943 7826,"rawn from Nature by J.J.Audubon. F.R.S. F,L.S. | Engraved. Printed, & Coloured, by R.Havell. 1834.",scan,"left line read on the sheet; the crop cut off the D; after Audubon: +0.01H vs 2 stops, stop"
222,,1922 6255 2886 6369,8294 6263 9136 6355,"Drawn from Nature by J.J.Audubon, F,R, S. F, I, S. | Engraved, Printed, & Coloured, by R.Havell, 1834.",eye,"after Audubon: +0.15H, comma"
223,,337 3443 1159 3517,5104 3451 5858 3525,"Drawn from Nature by J.J.Audubon, F, R,S. F,L,S. | Engraved, Printed, & Coloured, byR.Havell, 1834.",eye,by and R run together; after Audubon: not measured (the mark is fused to the foot of the n); kept as read
224,,226 3215 1396 3259,4998 3251 5806 3325,Engraved Printed & Coloured by R. Havell 1834,scan,"Drawn line read on the sheet; the left crop showed the picture's lower edge; after Audubon: +0.14H, comma"
225,,160 3185 998 3247,4637 3176 5381 3250,"Drawn. from Nature by J.J.Audubon, F,R,S. F,L,S. | Engraved, Printed,& Coloured,by R.Havell, 1334.",eye,"the mark after 1834 is a dark dot on the baseline with a faint speck beside it; stop (checker: comma); after Audubon: +0.15H vs 2 stops, comma; after the end: -0.05H, stop"
226,,417 4242 731 4272,2861 4244 3165 4280,Drawn from Nature by J.J.Audubon FR S. FI S. | Engraved Printed & Coloured by R.Havell 1834.,eye,"small crop; no stops visible after the Fs or the L, may be lost to resolution; capitals 8.0-8.5 px; stop or comma not judged (Ruling 35a)"
227,,1828 6139 2604 6205,8198 6137 8924 6217,"Drawn. from Nature by J.J,Audubon, F, R, S. F,L, S. | Engraved Frinted & Coloured by R.Harell,1834.",eye,the v of Havell looks like an r in the heavy print; after Audubon: not measured (the mark is fused to the foot of the n); kept as read
228,,574 3449 1338 3511,5163 3440 5877 3514,"Drawn. from Natuxe by J. J. Audubon, E.R, S. F, L.S. | Enfraved. Printed & Coloured, by R. Havell 1834",eye,"after Audubon: -0.11H, 1.7x the height of the stops, comma"
229,,302 3454 1112 3520,5092 3449 5852 3519,"Drawn from Nature by J.J.Audubon. I, R, S. F, I,S. | Engraved, Printed, & Coloured by RHavell, 1834.",eye,"stop after R merges with the tail of the R; Ruling 35: comma after Havell (a short tail at 8x); the end stop is round; after Audubon: -0.02H vs 2 stops, stop"
230,,89 3178 1003 3252,4734 3196 5458 3262,"Drawn from. Nature by J.J.Andubon, E.R.S. F.L.S. | Engraved, Printed, & Coloured,by R. Havell, 1831.",eye,"marks in F.R.S. F,L.S. faint; stops and commas hard to tell apart; left line capitals 14.98 px (mean of 14.75 and 15.0-15.4, two measurements); stop or comma not judged (Ruling 35a)"
231,,465 2786 915 2822,4185 2784 4519 2820,"Drawn from Nature by J.J.Audubon. F.R.S. F.I..S. | Eugraved. Printed, & Coloured by R.Havell 1834.",eye,"small crop; marks in F.R,S. F.L,S. could be stops or commas; capitals 7.0-8.5 px; stop or comma not judged (Ruling 35a)"
232,,2374 5907 4274 6307,8605 6072 9343 6142,"by J.J.Andubon, F,R,S. F,L.S | Engraved. Printed, & Coloured, by R.Havell, 1834.",scan,"left line read on the sheet; the crop cut it off; after Audubon: +0.03H, stop"
233,,142 3312 868 3374,4729 3315 5433 3381,"Drawn from Nature by J.J.Andubon, F, R.S. E. L,S. | Engraved, Printed, & Coloured,by R.Harell, 1834.",eye,"the v of Havell looks like an r; after Audubon: +0.05H, stop"
234,,1685 3781 3585 4181,5294 3948 6076 4014,"S. F,LS. | Ring-neched Duck | FULIGUI | Engraved, Printed, & Coloured, by R. Havell, 1834.",scan,"left line read on the sheet; the crop cut it off; left line read at the sheet (the checker's crops showed only its end): the mark after Audubon is a comma, a dot below the baseline with a tail at 14x; after Audubon: +0.10H, comma"
235,,27 3232 749 3290,4673 3240 5411 3320,"Drawn from Nature by J.J.Audubon, F.R.S. F,L.S. | Engraved, Printed, & Coloured, by R.. Havell, 1834.",eye,"a second dot after R. (speck or doubled stop); after Audubon: -0.02H vs 2 stops, 1.6x the height of the stops, comma"
236,,284 3138 2184 3538,4972 3357 5416 3397,"Drawn from Nature,by J.J.Audubon. F,R,S. F.L.S. | Engraved. Printed. & Coloured.by R.Havell. London.1835.",eye,small crops; stop after Nature could be a comma; capitals 9.3-9.5 px; stop or comma not judged (Ruling 35a)
237,,89 5306 785 5364,5020 5135 6920 5535,Drawn from Nature by J.JAudubon. F.R.S F.L.S,scan,"right credit line too faint to read: only specks and traces of a date (183?) at its end; left line read at the sheet in B2: as recorded; at the right only specks, no whole line; after Audubon: +0.04H vs 2 stops, stop"
238,,52 3605 902 3671,4794 3581 5836 3683,"Drawn From Nature, by J.J.Audubon. F.R.S. F.L.S. | Engraved, Printed, & Coloured. by R, Havell. Landon, 1835.",eye,"faint thin print; stop after Nature could be a comma; comma after R as engraved; a scratch crosses London and the 8 of 1835; after Audubon: -0.01H, stop"
239,,66 3101 934 3185,4466 3106 5444 3194,"Drawn from Nature by J.J. Audubon, F.R,S EL.S | Engraved, Brinted & Coloured by R.Havelt, London, 1835.",scan,"faint thin print; the mark after the first S sits high like a colon; no final stop visible after F,L,S, the left crop may cut it off; after Audubon: +0.11H vs baseline (the letters' feet), comma"
240,,154 4866 996 4914,2291 4844 3225 4906,FLS. | Drawu from Nature by J.J.Audubon. F.R.S. | Engraved Printed & Coloured by R. Havell.London. 1835.,eye,"after Audubon: +0.02H, stop"
241,,222 10249 1092 10319,6039 10262 6995 10342,"Drawn from Nature,by J.J.Audubon. F.R,S. F,L,S. | Engraved,Printed, & Coloured, by R.Havell. London. 1835.",eye,"a dot before the comma after Printed (speck or stop); after Audubon: -0.07H, stop"
242,,368 7417 1262 7483,5172 7423 6158 7497,"Drawn from Nature, by J.J.Audubon. F.R,S. F.L.S. | Enfraved, Printed, & Coloured, by R. Havell. London. 1835.",eye,"after Audubon: +0.00H, stop"
243,,131 3294 997 3368,4348 3318 5268 3384,"Drawn from Nature,by J,J, Audubon, F,R,S. F,L,S. | Engraved, Printed,& Coloured. by R, Havell. London, 1835.",eye,"commas after the Js and after R as engraved; after Audubon: +0.08H vs 1 stop, stop (+0.060H against the fitted baseline and +0.105H against the letters' feet, mean +0.083H)"
244,,130 3254 1050 3324,4319 3245 5305 3311,"Drawn from Nature, by J,J.Aubudon. F.R.S. F.L.S. | Engraved, Printed, & Coloured, by R,Havell.London.1835.",eye,"Aubudon as engraved; after Audubon: -0.01H, stop; credit line reads ""Aubudon"" for Audubon (the b and d swapped), an engraving slip, credited to John James Audubon (FOLIO_NAMES)"
245,,138 3089 1004 3155,4784 3117 5714 3191,"Drawn from Nature by J,J,Andubon, F.R.S. F,L,S. | Engraved, Printed, & Coloured, by R,Havell, London, 1833.",eye,"commas after the Js and after R as engraved; stops after Engraved and Printed could be commas; after Audubon: -0.10H, stop"
246,,350 2065 604 2091,2773 2052 3331 2092,"Drawn from Nature, Dy J.J.Audubon, F.R.S. F.I S. | Engraved, Printed, & Coloured, by R.Haven. London 1895-",eye,small crops; stops and commas hard to tell apart; capitals 6.0-8.8 px; stop or comma not judged (Ruling 35a)
247,,1172 5959 2076 6029,8657 5948 9637 6022,"Drawn from Nature, by J.J.Audubon. F,R,S. F,L,S. | Enfraved,Printed, & Coloured, by R. Havell. London. 1835.",eye,"after Audubon: -0.05H vs 1 stop, stop"
248,,100 3926 942 3988,5290 3935 6198 4009,"Drawn from Nature,by J.J.Audubon.F.R.S. F.L.S. | Engraved, Printed, & Coloured, by R. Havell. London. 1835.",eye,"after Audubon: +0.01H, stop"
249,,89 3825 977 3877,4408 3809 5334 3883,". Drawn from Nature,by J,J,Audubon. F,R.S. F.L.S. | Engraved, Printed, & Coloured, by R. Havell, London. 1835.",eye,"commas after the Js as engraved; after Audubon: +0.06H vs 1 stop, stop"
250,,198 5172 1076 5242,2404 5193 3354 5267,"Drawn from Nature by J,J, Audubon.F,R,S. F,L, S. | Engraved,Printed, & Coloured, by R, Havell. London. 1835.",eye,"commas after the Js and after R as engraved; after Audubon: -0.12H, stop"
251,,954 11039 1712 11101,7312 11029 8020 11104,"Drawn from Nature by J.J Aububon, F.R,S. F.L,S. | Engraved. Printed,& Coloured, by R. Havell 1835",eye,"Aububon as engraved; after Audubon: +0.14H vs 2 stops, comma; between honours: comma after S, +0.16H vs 2 stops, comma; credit line reads ""Aububon"" for Audubon (a b where the d belongs), an engraving slip, credited to John James Audubon (FOLIO_NAMES)"
252,,1456 5652 2386 5736,7750 5621 8746 5717,"Drawn from Nature,by J.J,Audubon. F.R,S. F,L.S. | Engraved, Printed,& Coloured, by R,Havell,London. 1835.",eye,"commas after the Js and after R as engraved; after Audubon: +0.02H vs 1 stop, stop"
253,,92 4132 962 4202,4911 4124 5849 4194,"Drawn from Namre, by J,J,Audubon. F.R,S. F.L,S. | Engraved, Printed, & Coloured, by R.Havell. London . 1835.",eye,"commas after the Js as engraved; after Audubon: +0.01H vs baseline (the letters' feet), stop"
254,,100 4124 1564 4172,4924 4165 5892 4245,"Engraved, Printed,& Coloured, by R, Havell, London .1835.",scan,"left line read on the sheet; the crop showed the picture's lower edge; after Audubon: -0.06H vs 2 stops, stop"
255,,116 4065 984 4135,5119 4090 6057 4164,"Drawn from Nature, by J,J,Audubon.F,R,S. F,L,S. | Engraved,Printed, & Coloured, by R. Havell.London.1835.",eye,"commas after the Js as engraved; after Audubon: -0.01H vs 1 stop, stop"
256,,770 7244 2670 7644,11033 7404 11725 7484,"Drawn from Nature by J.J.Audubon. F.R.S. F.L.S. | Engraved. Printed, & Coloured, by R.Havell. 1835.",eye,"after Audubon: +0.01H, stop"
257,,123 8128 939 8186,5142 8134 5866 8200,"Drawn from Nature by J.J. Audubon FR S. F I.S. | Engraved. Printed. & Coloured, by R.Havell, 1835.",eye,no stops visible inside F R S and F L S
258,,217 3362 911 3420,4229 3350 4853 3408,"Drawn from Nature by J.J.Audubon F.R.S. F.L..S. | Engraved. Printed, & Coloured, by R.Havell,1835.",eye,"Ruling 35: commas after Engraved and Printed (teardrops at 16x); stop after Coloured; after Audubon: -0.15H, stop"
259,,31 3835 797 3893,4775 3836 5463 3906,"Drawn. from Nature by J.J.Audubon. F. R.S. F.L..S. | Engraved. Printed, & Colonred, by R.Havell, 1835.",eye,"the u of Nature and of Coloured print like n; after Audubon: -0.08H vs 2 stops, stop"
260,,88 3010 954 3076,4177 2996 5123 3070,"Drawn.from Nature,by J,J,Audubon. F.R.S. F.L.S. | Engraved, Printed,& Coloured, by R,Havell, London, 1835.",eye,"a comma-like mark between Drawn and from, probably a scratch; a raised dot after the first S; commas after the Js and after R as engraved; a comma-like tick between Drawn and from is not recorded (a speck); after Audubon: +0.07H, stop"
261,,1391 11227 2137 11301,7633 11222 8315 11306,"Drawn from Nature by J.J.Audubon F R S.FL S. | Engraved Printed, & Coloured,by R.Havell.1835",eye,no stops visible inside F R S and F L S; by and R run together; no stop after 1835
262,,214 5551 972 5617,7562 5505 8280 5607,"Drawn from Nature by J.J. Andubon E.R.S. F. I.,S. | Engraved, Printed & Coloured, by R.Havell. 1835.",eye,"comma after Engraved could be a stop; the mark after Audubon sits 0.17H below the line's stops, a comma (the checker kept the recorded stop as uncertain); after Audubon: +0.13H, comma; after Engraved: +0.40H vs 1 stop, comma"
263,,547 3413 1339 3487,5036 3415 5746 3495,"Drawn from Nature by J.J.Audubon, F.R.S. F,L,S. | Enfraved, Printed, & Coloured, by R. Havell, 1835.",eye,"after Audubon: +0.09H, 1.6x the height of the stops, comma"
264,,54 3290 768 3352,4466 3283 5196 3357,Praw from Natate by J.J.Audubon. E.R.S. F.I.S. | . Engraved. Printed. & Coloured. by R. Havell.1835.,eye,"an extra dot after the first J; faint print; after Audubon: +0.04H, stop"
265,,132 3108 896 3174,4649 3124 5393 3198,"Drawn from Nature by J.J•Audubon, F.R.S. F.L.S. | Engraved, Printed. & Coloured, by R. Havell, 1835.",eye,"the mark after R looks like a colon, crossed by a scratch; after Audubon: +0.01H, stop"
266,,188 6775 906 6845,9560 6769 10290 6875,"Drawn from Nature by JJAudubon FR.S FLS | Engraved.Printed, & Coloured, by R.Havell, 1835.",eye,no stops visible on the left line; a scratch crosses Printed; the v of Havell looks like an r
267,,223 8128 873 8202,5016 8135 5870 8205,"Drawn from Nature by J.J.Andubon,ER.S.EL.S. | Engraved. Printed,& Coloured.by R.Havell.1835.",eye,"speckled print; marks in F R.S.F,L,S. uncertain; after Audubon: +0.10H, comma"
268,,979 4099 1911 4173,5629 4090 6541 4174,"Drawn from Nature by J.J.Audubon. F.R.S. F.L.S. | Enfraved, Printed, & Coloured, by R.Havell, London. 1835.",eye,"after Audubon: +0.04H, stop"
269,,58 3739 812 3849,4261 3746 5285 3798,"Prawn from Nature by J.J. Audubon, E.R.S.E.L.S. | Pncon1 Dited & Clonned he R Horall 1835",scan,"right credit line cut off at its foot, read from the upper parts of its letters; letter-tops test (Ruling 15): every letter can still be told, so the reading stands; no mark is visible on the cut-off right line; none recorded; after Audubon: +0.14H vs 1 stop, comma"
270,,110 3090 1036 3138,4249 3091 5241 3157,"Drawn Trom Nature,by J.J.Audubon. F.R.S. E.L.S. | Engraved, Printed, X Coloured, by R.Havell. London, 1835.",eye,"faint thin print; after Audubon: +0.03H vs 2 stops, stop"
271,,3230 10543 3666 10653,6289 10619 6951 10685,Male Adult. | Engraved Frinted & Coloured• by R.Havell 1835.,scan,"left line read on the sheet; the crop showed the caption; left line read at the sheet (the checker's crops showed the labels): a comma with a tail after Audubon; after Audubon: +0.05H, tail visible, comma"
272,,141 5386 921 5444,6226 5383 6918 5467,"Drawn from Nature by J.J.Audubon. FR S. FL.S. | Engraved, Prınted,& Coloured, by R.Havell",scan,"the date after Havell is too faint to read, only traces; after Audubon: +0.01H, stop"
273,,110 3727 1034 3793,4573 3742 5505 3812,"Drawn from Nature.by J.J,Audubon. F.R.S. F.L..S. | Engraved, Frinted, & Coloured, by R.Havell, London.1835.",eye,"after Audubon: -0.03H, stop"
274,,152 3921 1042 3983,4846 3939 5720 4009,"Drawn from Nature, by J.J,Andubon, F.R, S. E.L,S. | Engraved, Printed,& Coloured, by R,Havell, London, 1835.",eye,"comma after R as engraved; after Audubon: -0.03H vs 2 stops, 1.6x the height of the stops, comma (+0.11H by the re-review, and a tail shows at 7x)"
275,,96 3087 898 3149,4402 3080 5206 3146,"Drawn from Nature.by J,J.Audubon. F.R.S. F.L.S. | Engraved, Printed & Coloured,by R.Havell, London.1835.",eye,"commas after the Js and after R as engraved; the L of London prints broken; after Audubon: -0.01H, stop"
276,,0 7040 1900 7440,11027 7200 11719 7280,"Drawn from Nature by J.J.Audubon, FR S.FL | Engraved Printed & Coloured by R.Havell, 1835.",scan,"left line read in full on the sheet; the crop cut it off after F L; left line read in full at the sheet in B2: honours complete, final stop present; after Audubon: +0.06H vs 2 stops, 1.6x the height of the stops, comma"
277,,246 7463 1190 7533,5210 7459 6214 7543,"Drawn from Nature,by J.J.Audubon. F.R.S. F.L.S. | Engraved , Printed,& Coloured,by R. Havell, London.1835.",eye,"commas after Engraved and Printed could be stops; Ruling 35: comma after Printed (tail at 16x); mark after Havell is a teardrop with a pointed lower end (16x), unlike the round stop after R; comma (checker: stop); after Audubon: -0.00H, stop"
278,,155 3125 901 3177,4503 3112 5161 3182,"Drawn from Nature by J.J.Audubon, FR S.F LS. . | Engraved Printed & Coloured by R.Havell, 1835.",eye,a second dot after F L S. (likely a speck); the R before Havell prints like a K; left line capitals 14.5 px; stop or comma not judged (Ruling 35a)
279,,151 3083 873 3141,4755 3078 5417 3140,"Drawn from Nature by J.J. Audubon F R S. F LS. | Engraved, Printed, & Coloured, by R. Havell. 1835.",eye,
280,,110 5147 830 5209,2577 5141 3255 5211,"Drawn from Nature by J.J.Audubon FRS.F.LS. | Engraved, Printed, & Coloured, by R. Havell. 1835.",eye,a dot below the second F (speck)
281,,1504 7561 3404 7961,11423 7758 12207 7838,"om Nature by J.J.Audubon. F. R. S.F. L.S. | Engraved Printed, & Coloured, by R. Havell. 1835.",scan,"left line read on the sheet; the crop cut off Drawn from; after Audubon: +0.03H, stop"
282,,220 5508 970 5574,6536 5516 7224 5582,"Drawn from Nature by JJ Audubon FR.S FLS | Engraved, Frinted & Coloured, by R.Havell, 1835.",eye,no stops visible after the Js or inside F R S and F L S
283,,80 2879 780 2945,3855 2864 4523 2934,"Drawn from Natute by J. J. Andubou F R.S. FL.S.. | Engraved, Printed. & Coloured, by R.Havell, 1835.",eye,"a second dot after F L.S. (speck or doubled stop); the v of Engraved prints like an r; at 16x the left line ends in a comma and then a smaller separate dot (S,.); capitals 13.0-14.0 px; stop or comma not judged (Ruling 35a)"
284,,84 3237 818 3299,4597 3236 5375 3310,"Drawn from Nature by J.J.Audubon FR S. F L. S. | Engraved, Printed & Coloured by R.Havell. 1835,",eye,the line ends with a comma
285,,83 3157 827 3215,4456 3145 5278 3219,"Drawn. from Nature by J.J.Andubon, ER.S. F,L,S. | Engraved, Printed, & Coloured. by R. Havell. 1835.",eye,"after Audubon: +0.11H vs 1 stop, comma"
286,,6026 7544 6470 7650,11127 7275 12011 7363,ANSER | Engraved. Printed. & Coloured. by R. Havell 1836.,scan,"left line ends after F L with blank paper beyond: no final S is printed; read on the sheet; left line confirmed at the sheet in B2 (x 1154-2110): it ends at L; after Audubon: +0.16H vs 1 stop, comma; credit line ends ""F. L"" with no final S printed (F. L. S. expected), an engraving slip, credited to John James Audubon (FOLIO_NAMES)"
287,,193 5207 1001 5259,7497 5201 8245 5267,"Drawn fron Nature br J.J | br J.J. Andubon: FRS. FL S | Engraved, Printed. & Coloured, by R.Havell, 1835.",eye,left line faint: stops in F.R.S. F.L.S. hard to see; no stop visible after 1835 at the crop edge; after Audubon: not measured (the mark is fused to the foot of the n); kept as read
288,,1186 4327 2066 4393,5951 4322 6751 4392,"Drawn from Nature by J.J.Audubon, F R S.F LS. | Engraved, Printed, & Coloured, by R.Havell, 1836.",eye,"stop after Printed could be a comma; after Audubon: +0.25H, comma"
289,,102 3232 974 3316,4355 3244 5247 3314,"Drawn from Nature by J.J Andubon, F R S. F L S. | Enfraved, Printed. & Colóured, by R. Havell, 1835.",eye,"no stop after the second J; comma after Audubon could be a stop; a speck above the R; after Audubon: +0.06H vs 2 stops, 1.9x the height of the stops, comma"
290,,45 3061 1109 3141,4409 3066 5251 3136,"by J.J.Audubon, FR S.F L.S. | from Nature | Drawn | Engraved. Printed, & Coloured, by R. Havell, 1835.",eye,"stops within F.R.S. and F.L.S. not visible; after Audubon: +0.12H, comma"
291,,153 10180 837 10260,6293 10228 7081 10308,"Drawn from Nature by J.J.Audubon t | Engraved. Printed, & Coloured.by R. Havell, 1836.",scan,"left line ends after Audubon and a stray mark: no F.R.S. F.L.S. is printed; left line read at the sheet in B2: no honours engraved; right line's marks as recorded; credit line names Audubon with no postnominals (no F. R. S. F. L. S. is printed), credited to John James Audubon (FOLIO_NAMES)"
292,,184 5411 1040 5481,7472 5405 8306 5475,"Drawn from. Nature by J.J.Audubon FR.S. FLS. | Engraved, Printed, & Coloured, by R.Havell, 1836.",eye,
293,,952 4170 1806 4232,5853 4171 6635 4237,Drawn from Nature by J.J.Audubon FR S.F LS. | Engraved Printed & Coloured by R.Havell 1836,eye,no punctuation on the right line except the stop after R
294,,154 3082 1006 3144,4403 3045 5271 3133,Drawn from Nature by J.J.Audubon FR S. FL S. | Engraved. Printed & Coloured by R. Havell. 1836,eye,"a second dot after F L S. (speck); a raised dot after 1836, likely a speck"
295,,126 2636 904 2698,3853 2640 4525 2710,"Drawn from Nature by J.J.Audubon, FR S. F L.S. | Engraved, Printed,& Coloured, by R. Havell, 1836.",eye,specks before the first J and after F L S.; capitals 14.0 px; stop or comma not judged (Ruling 35a)
296,,1365 7528 2215 7608,11202 7551 12046 7635,"Drawn fcom Nature by J.J.Audubon. FR S. F I S, | Entraved Printed & Colotured by R.Havell, 1836.",eye,"Colotured as engraved (checked at 8x); the mark after the last S of the left line is comma-like with a short tail; kept as recorded; after Audubon: +0.05H vs baseline (the letters' feet), stop"
297,,1208 5901 2212 5985,8584 5911 9388 6003,"Drawn from Nature by J.J. Audubon, F R S. F LS. | Engrave d, Printed, & Coloured byR.Havell, 1836,",eye,"a gap inside Engrave d; by and R run together; after Audubon: +0.15H, comma"
298,,158 3721 1016 3791,4673 3676 5571 3772,"Drawn from Nature by J.J. Audubon,F R S. E L S. | Enfraved, Printed, & Coloured, by R.Havell, 1836.",eye,"after Audubon: +0.13H, comma"
299,,147 3045 1003 3103,4369 3021 5237 3109,"Drawn. from Nature by J.J.Audubon F R S. FLS. | Enfraved, Printed. & Coloured, by R.Havell,1836.",eye,a second dot after F L S. (speck)
300,,94 3283 802 3349,4108 3271 4790 3329,"Drawn from Nature by J.J. Audubon, F K S. F 1,S | Fnóraved. Printed, & Coloured,by R.Havell, 1836.",eye,top of Engraved clipped by the plate edge; specks around the R of F R S and after Coloured; left line capitals 13.8 px; stop or comma not judged (Ruling 35a)
301,,1323 7402 3223 7802,10007 7402 11907 7802,,scan,read on the sheet; both crops were blank; both lines read at the sheet in B2 (the crops were blank): as recorded
302,,1260 6094 2134 6164,8718 6119 9620 6215,"Drawn from Nature by J.J. Audubon FR S.F L S. | Engraved. Printed, & Coloured,byR.Havell. 1836.",eye,the u of Nature prints like n
303,,798 3843 1640 3905,5307 3832 6123 3906,"Drawn. from Nature by J.J.Audubon. F R S. FLS. | Enfraved, Printed, & Coloured. by R. Havell. 1836.",eye,"Ruling 35: the mark after Havell is a round dot on the baseline at 16x; stop; after Audubon: -0.01H, stop; after Havell: +0.03H, stop"
304,,760 3783 1538 3845,5196 3768 6006 3856,Drawn from Nature by J.J.Audubon. F R. S. F IS. | Enfraved. Printed & Coloured. by R.Havell. 1836.,eye,"after Audubon: +0.01H vs 2 stops, stop"
305,,321 3375 1235 3449,4927 3348 5801 3440,"Drawn from Nature by J. J. Audubon. F.R.S. F. L.S. | Enfraved, Printed, & Coloured, by R. Havell, 1836",eye,"no stop after 1836; after Audubon: +0.07H vs 2 stops, tail visible, comma"
306,,581 6669 2481 7069,9935 6834 10843 6904,"Drawn from Nature byJ.J.Audubon, F.R. S. F. L.S. | Engraved. Printed & Coloured,by R.Havell. 1836.",eye,"faint thin print; final stop on the left line faint; stop after Coloured could be a comma; Ruling 35: stop after Havell (a round dot at 16x); commas after Engraved and Coloured (small tails); after Audubon: +0.14H, comma; after Havell: +0.04H vs 2 stops, stop"
307,,1270 6253 2078 6323,8963 6220 9733 6316,"Drawn from Nature by J.J.Audubon FR S. FIS. | Enfraved. Printed & Coloured, by R.Havell 1836.",eye,"Ruling 35: commas after Engraved and Coloured (slanted, below the baseline at 16x)"
308,,773 3851 1583 3909,5309 3841 6119 3907,Drawn from Nature by J. J. Audubon. F. R.S. F. L.. S. | Engraved. Printed. & Coloured by R.Havell.1836.,eye,"a second dot after the L (speck or doubled stop); after Audubon: +0.08H, stop"
309,,283 5014 991 5066,3326 5023 4048 5085,Drawn fro Nature by J.J.Andubon. E.K.S. | FLS | Engraved. Printed & Coloured.by R Havell.1836,eye,"stops in the left line faint; stop after Havell could be the foot of the 1; no separate stop after Havell visible (the foot serif of the 1 runs back to the l); after Audubon: +0.10H, comma"
310,,822 3844 1638 3910,5285 3846 6083 3926,Drawn hom Nature by J.J.Audubon FR S.FLS. | Engraved Printed & Coloured by R.Havell 1836.,eye,the f of from prints like a capital F; a second dot after F L S. (speck)
311,,535 4797 939 4833,3175 4792 3537 4832,Drawa from Nature by J.J. Audubon. F.R.S. F.I. S. | Engraved. Printed & Coloured by R.Havell.1836.,eye,small crops; capitals 10.5 px; stop or comma not judged (Ruling 35a)
312,,1376 6201 2206 6289,8983 6190 9775 6282,"from Nature by J.J Audubon, F.R.S. F.L.S. | Drawn | Engraved, Printed & Coloured by R. Havell 1836.",eye,"no stop after the second J; marks after Audubon and Engraved could be stops; after Audubon: +0.11H, comma"
313,,1020 4154 2008 4224,5796 4153 6638 4233,"Drawnfrom Nature byJ.J. Audubon.F.R.S. F. I. S. | Enfraved, Printed & Coloured by R Havell,1836.",eye,"Drawn and from run together; no stop after R; after Audubon: +0.05H, stop"
314,,872 3845 1726 3915,5154 3824 6016 3890,Drawn from Nature by J. J.Audubon. F.R.S. F.I..S. | Engraved.Printed & Coloured by R.Havell.1836.,eye,"from and Nature run together; a second dot after the L (speck or doubled stop); after Audubon: -0.13H, stop"
315,,465 3205 1259 3263,4631 3184 5389 3254,"Drawn from Nature by J.J. Audubon, F.R S. F.L. S. | Engraved. Printed & Coloured by R.Havell 1836.",eye,"no stop visible after R; final stop on the left line faint; after Audubon: +0.07H, 1.8x the height of the stops, comma"
316,,1158 10116 1966 10186,6693 10174 7493 10244,"Drawn from Nature by J.J.Audubon. F.R.S. F. I.S. | Engraved. Printed and Coloured, by R Havell 1836",eye,"stops after R, Havell and 1836 very faint; after Audubon: +0.12H, comma"
317,,1394 6006 2294 6090,8671 6011 9549 6099,"Drawn from Nature by J.J. Audubon. F.R.S. F.I. S. | Enfraved, Printed and Coloured, by R.Havell, 1836.",eye,"from and Nature run together; after Audubon: +0.04H, stop"
318,,963 3811 1767 3869,5167 3818 6017 3888,"Drawn from Nature by J. J. Audubon. F. R. S. F. L.S. | Engraved, Prruted and Coloured by R Havell 1836",eye,"stop after Engraved could be a comma; Ruling 35: comma after Engraved (tail); stop after Havell (round at 16x); after Audubon: +0.05H, stop; after Havell: +0.06H, stop"
319,,765 5093 1511 5145,3060 5103 3710 5161,Drawn from Nature by J.J. Audubon FR S F.1. | Engraved Printed and Coloured by R.Havell 1836.,eye,"left line pale; stops after the initials not clearly visible; Ruling 35: comma after Coloured (hangs below the baseline); stop after Engraved (round at 16x); after Audubon: +0.15H vs baseline (the letters' feet), comma; after Engraved: +0.09H vs 1 stop, stop; after Coloured: +0.15H vs 1 stop, comma; after Havell: +0.14H vs 1 stop, comma"
320,,918 3829 1678 3891,5250 3826 6026 3892,"Drawn from Nature byJ.J.Andubon.F. R.S. F.I.. S. | Engraved, Printed and Coloured.by R. Havell.1836.",eye,"comma after Engraved could be a stop; after Audubon: +0.06H, stop"
321,,1375 7497 2273 7571,11164 7523 12058 7625,"Drawn from Nature by J.J.Audubon. F. R.S. F. I. S. | Engraved, Printed and Coloured byR.Havell,1836.",eye,"after Audubon: +0.08H, stop"
322,,1945 6126 2875 6206,8021 6072 9007 6174,Drawn fromNature byJ.J.Audubon. F.R. S. F.I.S. | Engraved. Printed and Coloured.by R.Havell. 1836.,eye,"after Audubon: +0.05H, stop"
323,,108 6290 890 6356,4730 6288 5482 6354,Drawn from Nature by J.J. Audubon F.R.S. F.L. S. | Engraved. Printed and Coloured by R. Havell.1836.,eye,left line pale; no stop visible after Audubon
324,,415 5695 1087 5753,3870 5703 4536 5761,Drawn from Nature by J.J. Andubon. F. R.S. F.L.S | Engraved. Printed and Coloured.by R.Havell.1836.,eye,"after Audubon: +0.08H, stop"
325,,1008 4308 1910 4378,5913 4314 6669 4384,Drawn from Nature byJ.J. Audubon. F.R.S. F. I.S. | Engraved. Printed and Coloured by R.Havell.1836.,eye,"mark after Havell is a round dot, no tail at 16x; stop (checker: comma, less certain); after Audubon: +0.10H, comma; after Havell: +0.06H, stop"
326,,390 2261 642 2289,2014 1976 3839 2376,"Drawn from Nature brJJ Audubon, F.R.S. F.L S",scan,both lines tiny; right line at the foot of the crop; capitals 7.0 px; stop or comma not judged (Ruling 35a)
327,,1381 6249 2149 6323,9034 6251 9784 6331,"Drawn from Nature byJ. J. Audubon,F.R.S. F.L.S. | Engraved, Printed and Coloured,by R.Havell,1836.",eye,"commas after Audubon and Engraved could be stops; after Audubon: +0.17H, comma"
328,,1027 3890 1815 3948,5276 3889 6040 3951,"Drawn from Nature by J.J. Audubon F.R.S. F.L..S. | Engraved, Printed and Coloured.by R.Havell.1836.",eye,"commas after Audubon, Engraved and Havell could be stops; after Audubon: +0.13H, comma"
329,,399 3140 1225 3214,4486 3171 5292 3241,"Drawn from Nature by J.J.Audubon. F.R.S. F.L..S. | Engraved. Printed and Coloured by R.Havell,1836.",eye,"comma after Havell could be a stop; after Audubon: +0.11H, comma; after Havell: +0.12H vs 2 stops, comma"
330,,416 3040 1116 3110,4392 3057 5200 3137,"Drawn from Nature by.J.J.Audubon,F.R.S. F. L. S. | Engraved. Printed and Coloured.by R.Havell.1836.",eye,"after Audubon: +0.13H, comma"
331,,1350 6016 3250 6416,10250 6016 12150 6416,,scan,"read on the sheet; both crops showed the picture; after Audubon: +0.05H, stop"
332,,1386 6166 2214 6232,8890 6118 9754 6206,"Drawn from Nature byJ.J.Audubon.F.R.S. F.I.S. | Engraved, Printed and Coloured by R.Havell. 1836.",eye,"Ruling 35: comma after Engraved (a teardrop at 16x); after Audubon: +0.11H, comma"
333,,738 5308 1508 5374,5668 5297 6442 5367,"Drawn from Nature byJ.J.Audubon, F.R.S. F.I..S. | Engraved, Printed and Coloured.by R.Havell, 1836.",eye,"a dot between Nature and by looks like a speck; after Audubon: +0.14H, comma"
334,,914 3971 1686 4037,5451 3974 6197 4036,"Drawn from Nature by J.J. Audubon, F.K.S. F.I..S. | Engraved.Printed and Coloured brR.Havell.1836.",eye,"after Audubon: +0.08H vs 2 stops, stop"
335,,447 3196 1101 3248,4713 3186 5345 3244,"Drawn from Nature by.J.J.Audubon, F.R.S. F.L.S. | Engraved Frinted and Coloured by R Havell. 1836.",eye,"marks after Engraved, Printed and Havell could be stops; stop after R faint; Ruling 35: commas after Audubon, Engraved, Printed and Havell kept (below the baseline, small tails at 8x); the stop after 1836 is a faint dot with a smear beside it; after Audubon: +0.12H, comma; after Engraved: +0.13H vs 1 stop, comma; after Printed: +0.10H vs 1 stop, comma; after Havell: +0.11H vs 1 stop, comma (+0.120H against the fitted baseline and +0.095H against the letters' feet, mean +0.108H)"
336,,1376 11443 2084 11509,7723 11452 8405 11522,Drawn from Nature by J.J.Audubon. F.R.S. F.L.S. | Engraved.Printed and Coloured byR.Havell 1836.,eye,"mark after Engraved is a round dot about 1 px low, no tail at 16x; stop (checker: comma, less certain); after Audubon: +0.09H vs 7 stops, stop (a round dot with a pointed foot; no tail is plainly visible at 10x); after Engraved: +0.09H vs 2 stops, stop"
337,,1447 6033 3347 6433,8339 6198 9091 6268,Drawn from Nature br.J.JAudubon. F.R.S. F.L.S | Engraved. Printed and Coloured by R. Havell. 1836,eye,"left line pale; no stop visible after the last S; after Audubon: +0.06H, stop"
338,,1593 5327 2231 5385,7199 5317 7927 5383,"Drawn from Nature by J.J.Audubon,F.R.S. F.L.S. | Engraved. Printed and Coloured by R.Havell.1836.",eye,"comma after Audubon could be a stop; Ruling 35: comma after Engraved (a pointed tail); stop after Audubon (round, like the F stop); after Audubon: +0.08H, stop"
339,,410 3181 1074 3243,4730 3177 5398 3239,Drawn from Nature by J.J. Audubon F R.S. F.L.S | Engrave d. Printe d and Coloured.byR. Havell 1836.,eye,"left line pale; no stop visible after Audubon, the first F or the last S; a dot after Nature looks like a speck; Ruling 35: the mark after Audubon is a faint comma (lower than the J stop at 12x); after Audubon: +0.10H, comma"
340,,440 3155 1074 3221,4673 3144 5335 3206,Drawn from Nature by J.JAndubon.F.R.S. F.L..S. | Engraved Printed and Coloured by R Havell 1836.,eye,"left line pale, stops after the initials and in F. R. S. faint; comma after Engraved could be a stop; no stop visible after 1836; after Audubon: +0.05H, stop"
341,,1216 6771 3116 7171,9044 6771 10944 7171,n from Nature bv J.J Audubon FR S. F.L.S | Engraved. Printed and Coloured by RHavel,scan,"read on the sheet; the crops cut off the start of the left line and the end of the right; Ruling 35: comma after Engraved (faint, hangs below the baseline at 14x); left line read at the sheet in B2: no stop after its last S; after Engraved: +0.12H vs 1 stop, comma; left line capitals 12.0 px; stop or comma not judged (Ruling 35a)"
342,,1466 6360 2340 6426,9040 6333 9860 6403,Drawn from Nature byJ. J.Audubon. F.R.S. F.I. S. | Engraved. Printed and Coloured byR.Havell 1836.,eye,"Ruling 35: the mark after Audubon is a comma (round but 0.14H below the F stop at 16x); after Audubon: +0.13H, comma"
343,,456 4570 1236 4636,7008 4560 7754 4648,"Drawn from Nature by J.J.Audibon, F R S. FLS. | Enfraved, Printe d, & Coloured, by R.Havell, 1836.",eye,"comma after Audubon could be a stop; no stops between the letters of F R S and F L S; after Audubon: +0.10H vs 2 stops, tail visible, comma"
344,,432 3177 1146 3247,4722 3184 5346 3250,"Drawn from Nature by J.J.Andubon, FR S. FLS. | Engraved. Frinted, & Coloured,by R.Havell, 1836",eye,"commas after Engraved and Printed could be stops; no stop visible after 1836; after Audubon: +0.14H, comma"
345,,1206 4321 2030 4387,5825 4296 6559 4380,"Drawn from Nature by J.J. Audubon, FR S. FI S. | Enfraved, Printed, & Coloured,by R.Havell, 1836",eye,"no stop visible after 1836; after Audubon: +0.13H, comma"
346,,1350 7561 3250 7961,10250 7561 12150 7961,wn from Nature by J.J. Audubon.F. R.S. E. I.S. | Engraved. Printed and Coloured by R.Havell. ],scan,"read on the sheet; the crops cut off the start of the left line and the date; both lines read at the sheet in B2: as recorded; after Audubon: +0.09H, stop"
347,,419 8109 1253 8183,5854 8117 6620 8191,Drawn from Nature by J.J.Audubon. F.R.S. F.I.S. | Engraved.Printed and Coloured byRHavell.1836.,eye,"after Audubon: +0.10H, stop"
348,,1032 4888 1886 4954,7110 4907 7904 4977,Drawn from Nature byJ.J.Audubon. F.R.S. F. I. S. | Engraved.Printed and Coloured by R.Havell.1836.,eye,"after Audubon: +0.06H, stop"
349,,543 3143 1251 3195,4563 3148 5277 3210,"Drawn from Nature by J.J. Audobon. F.R.S. F.L..S | Engraved Printed and Coloured by R.Havell,1836.",eye,"comma after Havell could be a stop; Ruling 35: comma after Havell kept as the checker read it (a vertical oval below the baseline in faint print); after Audubon: +0.15H, comma; after Havell: +0.15H vs 2 stops, comma"
350,,551 3122 1297 3180,4460 3113 5250 3183,"Drawn from Nature by J.J.Andubon. F.R.S. F.L. S. | Engraved, Printed and Coloured by R.Havell,1836",eye,"stops in the left line faint; comma after Engraved could be a stop; after Audubon: -0.02H, stop"
351,,868 10149 2768 10549,5917 10149 7817 10549,"uboa T.A.S. 7.1.3 | tawau fir | Engraved, Printed aad Coloured, Yy R.Havell 1837",scan,"both corner crops missed; the lines show mid-crop and are heavily degraded, punctuation uncertain; after Audubon: +0.10H vs 2 stops, stop"
352,,718 8199 1404 8265,5229 8132 5949 8202,"Drawn from Nature by J.J. Audubon. F.R.S. F.L..S. | Engraved Printed and Coloured by R.Havell,1837.",eye,"comma after Havell could be a stop; Ruling 35: comma after Havell kept (a round blob 0.13H below the stops, the lowest on the line; weak); after Audubon: +0.05H, stop; after Havell: +0.13H, comma"
353,,363 5457 1017 5509,3562 5437 4174 5495,"Drawn from Nature by J. J.Audubon. F.R.S. E.L.S. | Engraved. Printed and Coloured.byR Havel 1, 1837.",eye,"stop after R faint; Ruling 35: comma after Havell (a tail at 14x); the mark after 1837 is a faint dot on the baseline, no tail; stop (checker: comma, less certain); after Audubon: +0.07H, stop; after Havell: +0.08H vs 1 stop, tail visible, comma; after the end: -0.02H vs 1 stop, stop"
354,,700 5740 1400 5802,3512 5717 4268 5791,Drawn from Nature byJ.J.Audubon. E.R.S. F.L.S | Engraved.Printed and Coloured.by R.Havell.1837.,eye,"no stop visible after the last S of the left line; after Audubon: +0.04H, stop"
355,,573 5185 1367 5243,3013 5175 3789 5241,"Drawn from Nature bv J.J. Audubon. F.R.S. F.L.S. | Engraved. Printed and Coloured by R.Havell, 1837:",eye,"mark after 1837 looks like a colon, probably a stop with a speck above it; Ruling 35: the mark after 1837 is two dots, one at the x-height and one on the baseline, one above the other: a colon; after Audubon: +0.02H, stop; after Engraved: +0.09H vs 2 stops, stop; after Havell: +0.07H vs 2 stops, 1.6x the height of the stops, comma"
356,,958 11236 2858 11636,6722 11236 8622 11636,Drawn from Nature byJ.J.Audubon F.R.S. E.L. S | Engraved Printed and Coloured by R.Havell 1837,eye,"both lines pale; no stop visible after Audubon, after the last S, or after 1837"
357,,0 6949 825 7029,4867 6922 5657 6992,"Drawn from Nature by J.J. Audubon. F.R.S. F.L.S. | Engraved, Printed and Coloured by R.Havell. 1837",eye,"comma after Engraved could be a stop; no stop visible after 1837; after Audubon: +0.02H, stop"
358,,459 5473 1213 5531,3650 5467 4340 5525,"Drawn fiom Nature by J.J.Andubon, F.R.S. E.L.S. | Engraved. Printed and Coloured by R.Havell. 1837.",eye,"mark after Engraved is a dot on the baseline, no tail at 14x; stop (checker: comma); after Audubon: +0.09H, stop; after Engraved: +0.06H, stop"
359,,854 6649 1732 6719,4106 6649 4870 6711,Drawn from Nature by J.J. Audubon. F.R.S. F.L.S. | Enfraved. Printed and Coloured byR.Havell.1837.,eye,"stop after Engraved could be a comma; after Audubon: +0.07H, stop"
360,,722 5251 1390 5295,3137 5241 3801 5307,Drawn from Nature by J.J.Audubon. F.R. S. F.L.S. | Engraved. Printed and Coloured by R.Havell.1837,eye,"both lines pale; mark after Engraved is a faint round dot about 1 px below the baseline, no tail at 14x; after Audubon: -0.03H, stop; after Engraved: +0.13H vs 1 stop, comma"
361,,212 6513 1038 6579,9277 6564 10041 6648,"Drawn from Nature byJ.d. Audubon, F.R. S. F.L.S. | Engraved. Printed and Coloured by R.Havell, 1837",eye,"stop after F.R. S could be a comma; no stop visible after 1837; after Audubon: +0.089H and +0.13H by two measurements, mean +0.11H, comma (Ruling 35c)"
362,,153 7267 883 7325,5230 7283 5936 7340,"Drawn from Nature by J.J. Audubon, F.R.S. E.L.. S | Engraved. Printed and Coloured by B.llavell. 1837",eye,"left line pale, from barely visible; no stop visible after the last S or after 1837; after Audubon: +0.16H vs 1 stop, comma"
363,,532 5378 1240 5426,3103 5374 3883 5436,Drawn from Nature by J.J.Audubon. F.R.S. F.I.. S. | Engraved Printed and Coloured by R. Havel1.1837,eye,"no stop visible after 1837; after Audubon: +0.02H, stop"
364,,626 5181 1474 5243,3128 5180 3878 5246,"Drawn from Nature by J.J.Audubon, F.R.S. F.L,S . | Engraved, Prmted, & ‚Coloured, by R.Harell. 1837",eye,"stops after each F in the left line could be commas; a dot before Coloured looks like a speck; no stop visible after 1837; after Audubon: +0.14H, comma"
365,,561 3193 1355 3245,4528 3181 5316 3261,Drawn trom Nature by .J. Audubon. E.R.S. F.L.S. | Engraved. Printed and Coloured br R.Havell 1837,eye,"no stop visible after 1837; after Audubon: +0.04H, stop"
366,,239 10128 1097 10202,5291 10116 6691 10234,"Drawn from Nature by J.J.Audubon.F.R.S. F.I..S | Engraved. Printed and Colou red by R.Havell,1837",eye,"a dot between Drawn and from looks like a speck; comma after Havell could be a stop; after Audubon: +0.06H, stop"
367,,214 7723 2114 8123,5284 7939 6080 8001,"Drawn from Nature by J.J. Audubon. F.R.S. F.L.S. | Engraved, Printed and Coloured by R.Havell.1837",eye,"comma after Engraved could be a stop; after Audubon: +0.24H, comma"
368,,1358 4742 2248 4812,6426 4733 7268 4813,"Drawn from Nature by J.J.Audubon.F.R.S F.L.S. | Engraved, Printed and Coloured,by R.Havell. 1837.",eye,"no stop after R.S; after Audubon: +0.03H, stop"
369,,335 5307 1139 5365,3240 5319 4018 5371,Drawn from Nature by J.J. Audubon. F.R.S. F.L.S | Engraved. Printed and Coloured by R.Havell.1837,eye,"after Audubon: +0.05H, stop"
370,,608 3258 1428 3328,4687 3275 5481 3341,"Drawn from Nature by J.J. Audubon, F.R.S. F.L.S | Engraved. Printed and Coloured by R.Havell 1837",eye,"comma after Audubon could be a stop; after Audubon: +0.06H, 1.7x the height of the stops, comma"
371,,290 6622 1118 6692,9276 6591 9978 6665,"Drawn from Nature by J.J.Andubon, F.R.S. F.L.. S. | Engraved.Printed and Coloured by R.Havell. 1837",eye,"no stop visible after 1837; after Audubon: +0.17H, comma"
372,,99 7268 973 7342,5211 7266 6089 7340,Drawn from Nature by I.J.Audubon F. R.S. F. L.S. | Engraved Printed and Coloured by R.Havell. 1837,eye,no stop visible after Audubon or after 1837; comma after Engraved could be a stop
373,,898 5674 1572 5736,3408 5655 4050 5713,Drawn from Nature byJ.J. Audübon. F.R.S. F.L.S | Engraved. Printed and Coloured by R. Havell. 1837.,eye,"ink blot over the second u of Audubon; no stop visible after the last S or after 1837; after Audubon: +0.03H, stop"
374,,172 5329 894 5373,3240 5349 4004 5401,Drawn from Nature by J. J.Audnbon F.R.S. F.L..S | Engraved. Printed and Colonred by R.Havell. 1837,eye,left line pale; no stop visible after Audubon; a stray mark over the R of F. R. S.; after Audubon: not measured (no separate mark found); kept as read
375,,677 5322 1485 5374,3032 5308 3874 5374,"Drawn from Nature by J. J.Audubon, F.R.S. F.L. S. | Engraved. Printed and Coloured. by B. Havell. 1837.",eye,"after Audubon: +0.11H, comma"
376,,1234 6878 3134 7278,9207 6878 11107 7278,,scan,"both lines faint, stops not visible; last digit of 1837 faint"
377,,760 5566 1526 5632,8384 5521 9138 5591,"Drawn from Nature byJ.J.Audubon, F.R.S. F.L.S. | Engraved. Printed and Coloured by R Havell.1837",eye,"after Audubon: +0.08H, stop"
378,,264 7121 1036 7187,5110 7107 5908 7165,Drawn from Namre by J.J.Audubon. F.R.S. F.L.S. | Engraved Frinted aud Coloured by R Havell. 1837.,eye,"after Audubon: +0.09H, stop"
379,,710 5908 1534 5974,3408 5905 4226 5975,"Drawn from Nature by J. J.Audubon.F.R.S. F.I.S. | Engraved,Frinted and Coloured,byR.Havell 1837.",eye,"comma after Engraved could be a stop; after Audubon: +0.05H, stop"
380,,242 5569 1036 5631,3601 5576 4307 5634,Drawn from Nature by J. J. Audubon. F.R. S. F.L.S. | Engraved. Printed and Coloured by R. Havell. 1837,eye,"after Audubon: +0.03H, stop"
381,,1255 7453 2169 7533,11182 7447 12046 7527,Drawa from Nature by J.J. Audubon. F.R.S. F.I. S. | Engraved.Printed and Coloured.by R.Havell. 1837,eye,"mark after Engraved is a round dot on the baseline, like the stop after R; stop; after Audubon: -0.01H, stop; after Engraved: +0.03H vs 1 stop, stop"
382,,1597 6231 2481 6311,8793 6218 9667 6310,Drawn from Nature by J.J.Audubon. F.R.S. F I.S. | Engraved.Printed and Coloured by R.Havell. 1837.,eye,"no stop after the F of F L.S.; after Audubon: +0.01H, stop"
383,,666 5261 1380 5309,3187 5278 3887 5330,"Drawn from Nature by J. J. Audnbon. F. R.S. F.L.S. | Engraved Printed and Coloured by R. Havell, 1837",eye,"mark after Engraved is a very faint dot on the baseline, no tail; stop (checker: comma, a dot below the baseline); after Audubon: -0.12H, stop; after Engraved: +0.10H vs 2 stops, stop"
384,,754 5682 1686 5748,3310 5677 4168 5747,"Drawn from Nature byJ.J. Audubon. E. R.S. F.L.S. | Engraved. Printed and Coloured by R.Havell, 1837.",eye,"mark after Engraved is a large round dot on the baseline, no tail at 14x; stop (checker: comma); after Audubon: +0.06H, stop; after Engraved: +0.06H vs 2 stops, stop"
385,,311 5113 1007 5171,3433 5108 4127 5170,"Pawn froin Nature bvJ.J.Andubou, E.K S. F.L.S | Engraved Printed and Coloured by K.Havell. 1837",eye,"left line pale, stop after R faint; mark after Engraved is a round dot on the baseline, like the stop after R; stop (checker: comma); after Audubon: +0.18H vs 2 stops, comma; after Engraved: +0.04H, stop"
386,,573 3044 933 3080,4495 3052 4845 3082,"Drawn from Naturc by J.J. Audubon, F. R.S. F.I. S. | Engraved.Printed and Coloured by R.Havell. 1837.",scan,"both crops very small; punctuation hard to make out; mark after Audubon is a round dot on the baseline at 12x, no tail; stop (checker: comma, low confidence); capitals 9.0-9.3 px; stop or comma not judged (Ruling 35a)"
387,,793 5485 1545 5543,6391 5465 7165 5531,"Drawn from Nature by J.J. Audubon, F.R.S. F.L.S. | Engraved, Priuted and Coloured by R Havell,1837",eye,"Ruling 35: commas after Engraved, Coloured and Havell (dots wholly below the baseline at 12x); after Audubon: +0.23H, comma; after Engraved: +0.15H vs 2 stops, comma; after Coloured: +0.16H vs 2 stops, comma; after Havell: +0.20H vs 2 stops, comma"
388,,653 5422 1359 5480,3223 5388 3837 5462,Dawu tiom Nature byJ.d.Audubon F.R.S FL.S. | Eugraved. Frinted and Coloured by K.Hlavell 18,scan,"date read at the sheet in B2: 1837, faint but every digit shows"
389,,660 5142 1382 5208,3177 5172 3851 5224,"Drawn from Nature by J.J.Andubon, F.K.S. T.L.S. | Engrave d Printed and. Coloured by R. Havell 1837.",eye,"after Audubon: +0.22H, comma"
390,,725 5077 1367 5129,2998 5085 3644 5143,"Drawn from Nature, bv J.J. Audubon, F.R.S. E. L. S | Engraved Printed and Coloured.by R Havell, 1837",eye,a dot after Nature looks like a speck; capitals 14.0 px; stop or comma not judged (Ruling 35a)
391,,1327 7457 2303 7537,11192 7473 12086 7553,Drawn from Nature by J.J. Audubon. F.R.S. F.L.S. | Engraved. Printed and Coloured by R. Havell .1837,eye,"the stop after Havell sits against 1837 with a gap before it; after Audubon: +0.08H, stop; after Havell: -0.03H vs 2 stops, stop"
392,,1680 5650 2378 5738,7738 5714 8440 5780,Drawn from NaturebyJ.J. Audubon F.R.S. F.T..S. | Engraved.Printed aud Colouned by R.llavell 1837.,eye,"after Audubon: +0.06H, stop"
393,,643 5073 1399 5125,2942 5269 3830 5375,"Drawn from Nature by J J.Audubon. F.R.S. F.L.S. | OCCIDENTALAS, Townsaa: | SIATA | 1. Male: 5. Fimate.",scan,"right line read on the sheet, above the caption; the crop showed the caption; right line read at the sheet in B2: as recorded; after Audubon: -0.02H, stop"
394,,1011 5377 1331 5447,3101 5122 3713 5192,"1. Male. Spring. | Engraved.Printed and Coloured bv R Havell, 1837",scan,"left line read on the sheet; the crop showed the caption; left line read at the sheet (the checker's crop showed the caption): the mark after Audubon sits 0.15H below the line's other stops; comma; a faint separate dot follows 1837 at 14x; end stop (the checker saw none); after Audubon: +0.12H, comma"
395,,676 5124 1442 5186,3017 5306 3893 5390,"Drawn fron Nature byJ.J. Audubon, F. R.S. F.L.. S. | SYLVIA NIGRESCENS, Zownseud.",scan,"right line read on the sheet, above the caption; the crop showed the caption; right line read at the sheet (the checker's crop showed the caption): the mark after Havell is a comma, a tapering tail below the baseline at 14x; no stop after 1837; after Audubon: +0.07H, stop"
396,,208 2843 2108 3243,4613 3046 5017 3082,Engraved: Printed and Coloured by R.Havell. 1837,scan,"left crop empty; both lines in the right crop, small and faint; mark after Engraved looks like a colon; no stop visible after R; final stop faint; capitals 10.0-9.0 px; stop or comma not judged (Ruling 35a)"
397,,1152 6395 3052 6795,8470 6395 10370 6795,Drawn from Nature by J.J. Audubon.F. R.S. F.L.S. | Engraved. Printed and Coloured byRHavell 1837.,eye,"after Audubon: +0.04H, stop"
398,,602 5086 1310 5148,3293 5052 3975 5122,"Drawn from Nature byJ.J. Auduibon F.R.S. F.1.S. | Engraved Printed and Coloured, by R. Havell. 1837",eye,"mark after Audubon is a low dash, probably a stop; no stop visible after 1837; no separate stop after Audubon visible (a tick fused to the foot serif of the n)"
399,,872 5221 1152 5291,2910 5233 3666 5366,"SYLVIA | SYLVIA PHILADELPHA, | 7. Male: 5. Female.",scan,"read on the sheet; both crops showed the caption; read at the sheet (the checker's crops showed the title); the mark after Audubon is a round dot well below the baseline (about 0.14H), a comma; a faint separate grey dot follows 1837, as on the other 1837 plates: end stop; after Audubon: +0.15H, comma"
400,,760 5245 1524 5293,3120 5249 3828 5311,Drawn from Nature by J.J. Audubon F.R.S. F.L.S | Engraved. Printed and Colonred by RHavell.1837,eye,both lines pale; no stop visible after Audubon or after 1837
401,,0 6307 1900 6707,9136 6465 9946 6549,Drawn from Nature by J.J.Audubon F.R.S F.L.S | Engraved Printed and Coloured by Rob Havell. 1838.,eye,"after Audubon: +0.128H and +0.04H by two measurements, mean +0.08H, stop (Ruling 35c; the dot is level with the J. stops)"
402,,970 4821 1724 4891,6926 4849 7870 4919,"Drawn from Nature by J.J.Audubon, V.R.S. F.L..S. | Engraved, Printed and Coloured by Rob!Havell. 1838.",eye,"a 5. to the left of the right line is not part of the credit; comma after Engraved could be a stop; after Audubon: +0.22H, comma"
403,,502 3112 1320 3182,4353 3120 5255 3190,"Drawn from Nature by J.J. Audubon, F.R.S F.T.S | Engraved Printed and Coloured by Rob!Havell. 1838.",eye,"no stop visible after either S of the left line; comma after Engraved could be a stop; after Audubon: +0.11H vs 2 stops, comma"
404,,495 3168 1215 3226,4686 3141 5386 3211,Drawn from Nature bv J.J.Audubon F.R.S. F.L..S. | Engraved Printed and Coloured byRob!Havell.1838.,eye,"comma after Audubon could be a stop; after Audubon: +0.15H, comma"
405,,558 3193 1410 3255,4450 3186 5278 3252,"Drawn from Nature by J. J.Audubon, F.R.S. F.L.S. | Engraved Printed and Coloured by Kob! Havell. 1838.",eye,"a dash after F. R. S. looks like a flaw; a faint raised dash between the stop after S and the next F is not recorded (not a mark of the line); after Audubon: +0.19H vs 7 stops, comma"
406,,1024 7266 1792 7358,11238 7271 12016 7395,"Drawn from Nature by J.J.Audubon, F.R.S, E.L.S. | Engraved. Printed, & Coloured. by R.Havell,1838.",eye,"comma after F.R.S could be a stop; Ruling 34: the comma after the first S has a long tail (8x); after Audubon: +0.14H vs 2 stops, comma; between honours: comma after S (+0.27H)"
407,,1532 5746 2362 5816,7767 5732 8631 5816,Drawn from Nature by J.JAudubon F.RS F.LS. | Engraved. Printed and Coloured byRob Havell.1838.,eye,"stops in the left line faint; after Audubon: +0.05H, stop"
408,,1331 4881 2205 4961,6483 4877 7447 4965,Drawn from Nature by J.J. Audubon.F R.S. F.L.S. | Enfraved. Printed and Coloured by Robt Havell. 1838.,eye,"no stop after the first F; a low dash between Drawn and from looks like a flaw; after Audubon: +0.01H, stop"
409,,537 4060 1353 4140,5790 4054 6720 4142,Drawn from Nature by I.J.Audubon. F. R.S. F.1.S. | Engraved. Printed and Colonred by Rob! Havell. 1838.,eye,"after Audubon: -0.01H vs 2 stops, stop"
410,,212 5167 1082 5229,3204 5155 4180 5225,Drawn from Nature br J.J.Audubon. F.R.S. F.L.S | Engraved. Printed and Coloured byRob! Havell. 1838.,eye,"no stop visible after the last S of the left line; after Audubon: +0.06H, stop"
411,,1313 7570 2299 7644,11105 7574 12121 7654,"Drawn from Nature by J.J. Audubon.F.R.S. F.I S. | Engraved,Printed and Coloure d byRobtHavell. 1838.",eye,"no stop after the L of F. L S.; after Audubon: +0.12H, comma"
412,,3369 6581 4691 6699,6913 6597 8079 6685,"PHALACROCORAY | RESPLENDENS, Ind | PHALACROCOBAX TOWNSENDI, 1ad",scan,"read on the sheet; both crops showed the caption; read at the sheet (the checker's crops showed the title): a faint but separate grey dot follows Audubon, as faint as the line's other stops; after Audubon: +0.13H, comma"
413,,539 3251 1289 3303,4581 3218 5389 3302,"Drawn from Nature by J.J.Audubon .F.R.S. F.I.S. | Engraved. Printed and Coloured byRob!Havell,1838.",eye,"after Audubon: +0.12H, comma"
414,,688 5092 1452 5140,3113 5092 3905 5154,Drawn from Nature by JJ Audubon. F R.S. F.L.S | Engraved Printed and Coloured by Rob! Havell. 1838.,eye,"stops after the initials faint; after Audubon: +0.07H, stop"
415,,357 5158 1001 5210,2916 5133 3602 5203,"Irawn from Nature by J. J.Andubon. E. R.S. F.L.S. | Ingraved.Printed and Coloured by Rob!Havel!, 1838.",eye,"stops in F.R.S. F.L.S. faint; comma after Havell could be a stop; after Audubon: +0.06H, stop"
416,,1006 10257 1854 10341,6909 10214 7777 10294,' Drawn from Nature by J.J.Auduibon F.R.S. F.I. S. | Engraved Printed and Colonred by Rob Havel1 1858,eye,"left line faint: stops after Audubon and in F.R.S. F.L.S. barely visible; 1838 faint; an isolated dot before Drawn is not recorded (a speck); after Audubon: -0.06H, stop"
417,,385 8100 1193 8158,5558 8142 6468 8208,"Drawn from Nature by J.J. Andubon F R.S. F.L.S. | Engraved P'rited and Coloured br Rob! Havell, 1838.",eye,"stop after the first F of F.R.S. faint; comma after Havell could be a stop; after Audubon: +0.10H, comma"
418,,1201 4786 2071 4866,6525 4810 7429 4890,"Drawn from Nature byJ.J.Audubon, F.R.S. F.I.S. | Engraved Printed and Coloured by Rob Havell, 1838.",eye,"stop after Engraved could be a comma; comma after Havell could be a stop; after Audubon: +0.21H, comma"
419,,502 5028 1260 5090,2937 5028 3781 5098,Drawn from Nature by J.J.Audubon.F.R.S. F.L.S. | Engraved. Printed and Coloured by Rob! Havell. 1838,eye,"stop after 1838 faint; after Audubon: +0.00H, stop"
420,,595 5078 1351 5130,3074 5064 3914 5130,"Drawn from Nature by J.J. Audubon, F.R.S. F.L.S | Engraved. Printed and. Coloured by Rob.Havell. 1838.",eye,"comma after Audubon could be a stop; after Audubon: +0.14H, comma"
421,,747 7417 2647 7817,11130 7575 12078 7659,Drawn from Nature by J.J.Audubon.F.R.S. F.I.S | Engraved.Printedand Coloured by Robt Havell. 1838.,eye,"left crop empty; both lines are in the right crop, the Drawn line above; no stop after F.L.S; after Audubon: +0.09H, stop"
422,,0 7826 808 7888,6049 7869 6791 7935,Drawn. from Nature by J.J. Audubon.F.R.S. F.L.S. | Engraved Printed and Coloured by Rob! Havel I13,scan,"the date after Havell is too faint to read, only traces; after Audubon: +0.07H, stop"
423,,494 3685 1358 3755,5419 3688 6325 3762,Drawn from Nature. by J.J. Audubon.F. R.S. F.I.S. | Engraved Printed and Coloured by RobtHavell. 1838.,eye,"no stop under the t of Robt; after Audubon: +0.08H, stop"
424,,435 5190 1251 5248,3218 5178 4060 5244,"Drawn from Nature by J. J. Audubon.F.R.S. F.L.S. | Engraved, Printed and Coloured by Rob! Havell. 1833.",eye,"after Audubon: +0.03H, stop"
425,,527 4660 1207 4718,2762 4648 3438 4714,Drawn from Nature by J.J. Audubon. F.R.S. F.L.S. | Engraved. Printed and Coloured by Rob.Havell. 18 38.,eye,"after Audubon: +0.14H, comma"
426,,1022 10471 1922 10555,6881 10434 7849 10508,"Drawn from Nature byJ.J.Audubon, F.R.S. F. L. S. | Engraved Printed and Coloured by Rob! Havell. 1838.",eye,"stop after L in F.L.S. not visible; after Audubon: -0.01H, stop"
427,,1844 5905 2678 5975,7845 5922 8667 6002,"Drawn from Nature by I.J Audubon. F.R.S. F.L..S | Eugraved. Printed and Coloured by Rob! Havell, 1838",eye,"left line faint: no stop visible after the second J; stops in F.R.S. F.L.S. faint; after Audubon: +0.10H, comma"
428,,171 4965 953 5023,3224 4957 4130 5031,Drawn from Nature by J.J.Audubon. F. R.S. F.L.S | Engraved. Printed and Coloured by Rob! Havell. 1838.,eye,"stops in F.R.S. faint; comma after Havell could be a stop; after Audubon: +0.05H vs 2 stops, stop"
429,,482 3770 1410 3840,4863 3605 6763 4005,Drawn from Nature by J.J. Audubon. F. R.S. F.L.S. | Engraved.Printed and Coloured by Rob! Havell. 1838.,eye,"right-corner crop missed; both lines are in the left crop, the Engraved line under the picture; after Audubon: +0.11H, comma"
430,,566 3216 1402 3278,4542 3215 5364 3289,"Drawn from Nature by J.J.Audubon. F.R.S. F. I..S. | Engraved, Printed and Coloured by Rob! Havell. 1838.",eye,"after Audubon: +0.07H, stop"
431,,1409 11193 2485 11267,7143 11219 8317 11307,"Drawn from Nature byJ. J. Audubon, F.R.S. F.L.S. | Enfraved. Printed and Coloured byRobtHavell.1838.",eye,"after Audubon: +0.099H and +0.15H by two measurements, mean +0.12H, comma (Ruling 35c)"
432,,2493 6220 3211 6294,7809 5956 8665 6030,"STRIX CTNICTLARIA, | Eingraved Printed and Coloured by Rob Havell 1838.",scan,"left line read on the sheet; the crop showed the caption; left line read at the sheet (the checker's crops showed the title): the mark after Audubon is a faint round dot barely below the baseline, no tail; stop (the reader's comma could not be confirmed); after Audubon: +0.08H vs 2 stops, stop"
433,,361 5626 879 5700,3357 5584 4107 5664,"1. Young Male. ?. Old Female. | TURDUS AQUATICUS, Hiren",scan,"read on the sheet; both crops showed the caption; after Audubon: +0.01H, stop"
434,,604 4828 1460 4890,2894 5239 3804 5319,"Drawn from Nature by J.J.Audubon.F.R.S. F.L.S. | TYBANNULA NIGBICANS, Swains",scan,"right line read on the sheet, above the caption; the crop showed the caption; after Audubon: -0.02H, stop"
435,,782 5198 1556 5246,2813 5187 3671 5253,"Drawn from Nature by J.J.Audubon, F.R.S. F.L.S | Engraved. Printed and Coloured by Rob! Havell, 1838.",eye,"left line faint; commas after Audubon and Havell could be stops; after Audubon: -0.04H, 3.3x the height of the stops, comma"
