volume,plate,list_name,list_latin,caption_latin,bhl_barcode,bhl_item,leaf,bhl_page,orientation,rotate,scan_url,page_url,sheet_asset,crop_asset,notes
I,1,Black Vulture,Otogyps calvus,OTOCYPS CALVUS.,BirdsAsiaJohnGoIGoul,115342,28,37485686,portrait,0,https://bhl-open-data.s3.us-east-2.amazonaws.com/images/BirdsAsiaJohnGoIGoul/BirdsAsiaJohnGoIGoul_0028.jp2,https://www.biodiversitylibrary.org/page/37485686,sheet-BirdsAsiaJohnGoIGoul-0028.jpg,crop-BirdsAsiaJohnGoIGoul-0028.jpg,"not pinned in Featherframe: stood up and cut by the folio's rules, the crop not reviewed"
I,2,Bengal Vulture,Gyps Bengalensis,GYPS BENGALENSIS.,BirdsAsiaJohnGoIGoul,115342,32,37485682,portrait,0,https://bhl-open-data.s3.us-east-2.amazonaws.com/images/BirdsAsiaJohnGoIGoul/BirdsAsiaJohnGoIGoul_0032.jp2,https://www.biodiversitylibrary.org/page/37485682,sheet-BirdsAsiaJohnGoIGoul-0032.jpg,crop-BirdsAsiaJohnGoIGoul-0032.jpg,"not pinned in Featherframe: stood up and cut by the folio's rules, the crop not reviewed"
I,3,Shaheen Falcon,Falco Peregrinator,FALCO PEREGRINATOR.,BirdsAsiaJohnGoIGoul,115342,36,37485678,portrait,0,https://bhl-open-data.s3.us-east-2.amazonaws.com/images/BirdsAsiaJohnGoIGoul/BirdsAsiaJohnGoIGoul_0036.jp2,https://www.biodiversitylibrary.org/page/37485678,sheet-BirdsAsiaJohnGoIGoul-0036.jpg,crop-BirdsAsiaJohnGoIGoul-0036.jpg,"not pinned in Featherframe: stood up and cut by the folio's rules, the crop not reviewed"
I,4,Red-naped Falcon,Falco Babylonicus,"FALCO BABYLONICUS, Gurney",BirdsAsiaJohnGoIGoul,115342,40,37485644,portrait,0,https://bhl-open-data.s3.us-east-2.amazonaws.com/images/BirdsAsiaJohnGoIGoul/BirdsAsiaJohnGoIGoul_0040.jp2,https://www.biodiversitylibrary.org/page/37485644,sheet-BirdsAsiaJohnGoIGoul-0040.jpg,crop-BirdsAsiaJohnGoIGoul-0040.jpg,"not pinned in Featherframe: stood up and cut by the folio's rules, the crop not reviewed"
I,5,Saker Falcon,Falco sacer,FALCO SACER.,BirdsAsiaJohnGoIGoul,115342,44,37485648,portrait,0,https://bhl-open-data.s3.us-east-2.amazonaws.com/images/BirdsAsiaJohnGoIGoul/BirdsAsiaJohnGoIGoul_0044.jp2,https://www.biodiversitylibrary.org/page/37485648,sheet-BirdsAsiaJohnGoIGoul-0044.jpg,crop-BirdsAsiaJohnGoIGoul-0044.jpg,"not pinned in Featherframe: stood up and cut by the folio's rules, the crop not reviewed"
I,6,Lanner Falcon,Falco lamas,FALCO LANARIUS .,BirdsAsiaJohnGoIGoul,115342,48,37485652,portrait,0,https://bhl-open-data.s3.us-east-2.amazonaws.com/images/BirdsAsiaJohnGoIGoul/BirdsAsiaJohnGoIGoul_0048.jp2,https://www.biodiversitylibrary.org/page/37485652,sheet-BirdsAsiaJohnGoIGoul-0048.jpg,crop-BirdsAsiaJohnGoIGoul-0048.jpg,"the caption reads Falco lanarius; the List's Latin is Falco lamas; not pinned in Featherframe: stood up and cut by the folio's rules, the crop not reviewed"
I,7,Jugger Falcon,Falco ducer,FALCO JUCGER: Gray.,BirdsAsiaJohnGoIGoul,115342,52,37485656,portrait,0,https://bhl-open-data.s3.us-east-2.amazonaws.com/images/BirdsAsiaJohnGoIGoul/BirdsAsiaJohnGoIGoul_0052.jp2,https://www.biodiversitylibrary.org/page/37485656,sheet-BirdsAsiaJohnGoIGoul-0052.jpg,crop-BirdsAsiaJohnGoIGoul-0052.jpg,"not pinned in Featherframe: stood up and cut by the folio's rules, the crop not reviewed"
I,8,White-winged Red-footed Kestrel,Erythropus amurensis,ERYTHROPUS AMURENSIS.,BirdsAsiaJohnGoIGoul,115342,56,37485660,portrait,0,https://bhl-open-data.s3.us-east-2.amazonaws.com/images/BirdsAsiaJohnGoIGoul/BirdsAsiaJohnGoIGoul_0056.jp2,https://www.biodiversitylibrary.org/page/37485660,sheet-BirdsAsiaJohnGoIGoul-0056.jpg,crop-BirdsAsiaJohnGoIGoul-0056.jpg,
I,9,Rufous-breasted Spilornis,Spilornis rufipectus,"SPILORNIS RUFIPECTUS, Loudd",BirdsAsiaJohnGoIGoul,115342,60,37485664,portrait,0,https://bhl-open-data.s3.us-east-2.amazonaws.com/images/BirdsAsiaJohnGoIGoul/BirdsAsiaJohnGoIGoul_0060.jp2,https://www.biodiversitylibrary.org/page/37485664,sheet-BirdsAsiaJohnGoIGoul-0060.jpg,crop-BirdsAsiaJohnGoIGoul-0060.jpg,"not pinned in Featherframe: stood up and cut by the folio's rules, the crop not reviewed"
I,10,Black-and-white Crested Eagle,Spizaetus alboniger,"SPIZAETUS ALBONIGER, Blyth.",BirdsAsiaJohnGoIGoul,115342,64,37485668,portrait,0,https://bhl-open-data.s3.us-east-2.amazonaws.com/images/BirdsAsiaJohnGoIGoul/BirdsAsiaJohnGoIGoul_0064.jp2,https://www.biodiversitylibrary.org/page/37485668,sheet-BirdsAsiaJohnGoIGoul-0064.jpg,crop-BirdsAsiaJohnGoIGoul-0064.jpg,"not pinned in Featherframe: stood up and cut by the folio's rules, the crop not reviewed"
I,11,Govinda Kite,Milvus Govinda,"MILVUS GOVINDA, Sykes.",BirdsAsiaJohnGoIGoul,115342,68,37485672,portrait,0,https://bhl-open-data.s3.us-east-2.amazonaws.com/images/BirdsAsiaJohnGoIGoul/BirdsAsiaJohnGoIGoul_0068.jp2,https://www.biodiversitylibrary.org/page/37485672,sheet-BirdsAsiaJohnGoIGoul-0068.jpg,crop-BirdsAsiaJohnGoIGoul-0068.jpg,"not pinned in Featherframe: stood up and cut by the folio's rules, the crop not reviewed"
I,12,Celebean Elanus,Elanus hypoleucus,"ELANUS HYPOLEUCUS, Gould",BirdsAsiaJohnGoIGoul,115342,72,37485714,portrait,0,https://bhl-open-data.s3.us-east-2.amazonaws.com/images/BirdsAsiaJohnGoIGoul/BirdsAsiaJohnGoIGoul_0072.jp2,https://www.biodiversitylibrary.org/page/37485714,sheet-BirdsAsiaJohnGoIGoul-0072.jpg,crop-BirdsAsiaJohnGoIGoul-0072.jpg,"not pinned in Featherframe: stood up and cut by the folio's rules, the crop not reviewed"
I,13,Indian Scops Owl,Scops pennatus,SCOPS PENNATA.,BirdsAsiaJohnGoIGoul,115342,76,37485718,portrait,0,https://bhl-open-data.s3.us-east-2.amazonaws.com/images/BirdsAsiaJohnGoIGoul/BirdsAsiaJohnGoIGoul_0076.jp2,https://www.biodiversitylibrary.org/page/37485718,sheet-BirdsAsiaJohnGoIGoul-0076.jpg,crop-BirdsAsiaJohnGoIGoul-0076.jpg,"not pinned in Featherframe: stood up and cut by the folio's rules, the crop not reviewed"
I,14,Bay Owl,Phodilus badius,PHODILUS BADIUS.,BirdsAsiaJohnGoIGoul,115342,80,37485722,portrait,0,https://bhl-open-data.s3.us-east-2.amazonaws.com/images/BirdsAsiaJohnGoIGoul/BirdsAsiaJohnGoIGoul_0080.jp2,https://www.biodiversitylibrary.org/page/37485722,sheet-BirdsAsiaJohnGoIGoul-0080.jpg,crop-BirdsAsiaJohnGoIGoul-0080.jpg,
I,15,Brodie's Owlet,Athene Brodiei,ATHENE BRODIEI.,BirdsAsiaJohnGoIGoul,115342,84,37485726,portrait,0,https://bhl-open-data.s3.us-east-2.amazonaws.com/images/BirdsAsiaJohnGoIGoul/BirdsAsiaJohnGoIGoul_0084.jp2,https://www.biodiversitylibrary.org/page/37485726,sheet-BirdsAsiaJohnGoIGoul-0084.jpg,crop-BirdsAsiaJohnGoIGoul-0084.jpg,
I,16,Speckled Wood-Owl,Syrnium ocellatum,"SYRNIUM OCELLATUM, Less.",BirdsAsiaJohnGoIGoul,115342,88,37485730,portrait,0,https://bhl-open-data.s3.us-east-2.amazonaws.com/images/BirdsAsiaJohnGoIGoul/BirdsAsiaJohnGoIGoul_0088.jp2,https://www.biodiversitylibrary.org/page/37485730,sheet-BirdsAsiaJohnGoIGoul-0088.jpg,crop-BirdsAsiaJohnGoIGoul-0088.jpg,
I,17,Indian Screech Owl,Strix indica,"STRIX INDICA, Blyth.",BirdsAsiaJohnGoIGoul,115342,92,37485734,portrait,0,https://bhl-open-data.s3.us-east-2.amazonaws.com/images/BirdsAsiaJohnGoIGoul/BirdsAsiaJohnGoIGoul_0092.jp2,https://www.biodiversitylibrary.org/page/37485734,sheet-BirdsAsiaJohnGoIGoul-0092.jpg,crop-BirdsAsiaJohnGoIGoul-0092.jpg,"not pinned in Featherframe: stood up and cut by the folio's rules, the crop not reviewed"
I,18,Grass-Owl,Strix candida,"STRIX CANDIDA, Tickell.",BirdsAsiaJohnGoIGoul,115342,96,37485738,portrait,0,https://bhl-open-data.s3.us-east-2.amazonaws.com/images/BirdsAsiaJohnGoIGoul/BirdsAsiaJohnGoIGoul_0096.jp2,https://www.biodiversitylibrary.org/page/37485738,sheet-BirdsAsiaJohnGoIGoul-0096.jpg,crop-BirdsAsiaJohnGoIGoul-0096.jpg,"not pinned in Featherframe: stood up and cut by the folio's rules, the crop not reviewed"
I,19,Mahratta Nightjar,Caprimulgus Mahrattensis,CAPRIMULGUS MAHRATTENSIS: Sykes,BirdsAsiaJohnGoIGoul,115342,100,37485742,portrait,0,https://bhl-open-data.s3.us-east-2.amazonaws.com/images/BirdsAsiaJohnGoIGoul/BirdsAsiaJohnGoIGoul_0100.jp2,https://www.biodiversitylibrary.org/page/37485742,sheet-BirdsAsiaJohnGoIGoul-0100.jpg,crop-BirdsAsiaJohnGoIGoul-0100.jpg,"not pinned in Featherframe: stood up and cut by the folio's rules, the crop not reviewed"
I,20,Palm Roof-Swift,Cypselus infumatus,"CYPSELUS INFUMATUS, Sclat.",BirdsAsiaJohnGoIGoul,115342,104,37485746,portrait,0,https://bhl-open-data.s3.us-east-2.amazonaws.com/images/BirdsAsiaJohnGoIGoul/BirdsAsiaJohnGoIGoul_0104.jp2,https://www.biodiversitylibrary.org/page/37485746,sheet-BirdsAsiaJohnGoIGoul-0104.jpg,crop-BirdsAsiaJohnGoIGoul-0104.jpg,"not pinned in Featherframe: stood up and cut by the folio's rules, the crop not reviewed"
I,21,Crested Tree-Swift,Dendrochelidon coronatus,DENDROCHELIDON CORONATUS.,BirdsAsiaJohnGoIGoul,115342,108,37485750,portrait,0,https://bhl-open-data.s3.us-east-2.amazonaws.com/images/BirdsAsiaJohnGoIGoul/BirdsAsiaJohnGoIGoul_0108.jp2,https://www.biodiversitylibrary.org/page/37485750,sheet-BirdsAsiaJohnGoIGoul-0108.jpg,crop-BirdsAsiaJohnGoIGoul-0108.jpg,
I,22,Klecho Tree-Swift,Dendrochelidon Klecho,DENDROCHELIDON KLECHO.,BirdsAsiaJohnGoIGoul,115342,112,37485754,portrait,0,https://bhl-open-data.s3.us-east-2.amazonaws.com/images/BirdsAsiaJohnGoIGoul/BirdsAsiaJohnGoIGoul_0112.jp2,https://www.biodiversitylibrary.org/page/37485754,sheet-BirdsAsiaJohnGoIGoul-0112.jpg,crop-BirdsAsiaJohnGoIGoul-0112.jpg,"not pinned in Featherframe: stood up and cut by the folio's rules, the crop not reviewed"
I,23,Wallace's Tree-Swift,Dendrochelidon Wallacei,"DENDROCHELIDON WALACEI, Gould.",BirdsAsiaJohnGoIGoul,115342,116,37485758,portrait,0,https://bhl-open-data.s3.us-east-2.amazonaws.com/images/BirdsAsiaJohnGoIGoul/BirdsAsiaJohnGoIGoul_0116.jp2,https://www.biodiversitylibrary.org/page/37485758,sheet-BirdsAsiaJohnGoIGoul-0116.jpg,crop-BirdsAsiaJohnGoIGoul-0116.jpg,"not pinned in Featherframe: stood up and cut by the folio's rules, the crop not reviewed"
I,24,Bearded Tree-Swift,Dendrochelidon mystaceus,DENDROCHELIDON MYSTACEUS.,BirdsAsiaJohnGoIGoul,115342,120,37485762,portrait,0,https://bhl-open-data.s3.us-east-2.amazonaws.com/images/BirdsAsiaJohnGoIGoul/BirdsAsiaJohnGoIGoul_0120.jp2,https://www.biodiversitylibrary.org/page/37485762,sheet-BirdsAsiaJohnGoIGoul-0120.jpg,crop-BirdsAsiaJohnGoIGoul-0120.jpg,
I,25,Hooded Tree-Swift,Dendrochelidon comatus,DENDROCHELIDON COMATUS.,BirdsAsiaJohnGoIGoul,115342,124,37485766,portrait,0,https://bhl-open-data.s3.us-east-2.amazonaws.com/images/BirdsAsiaJohnGoIGoul/BirdsAsiaJohnGoIGoul_0124.jp2,https://www.biodiversitylibrary.org/page/37485766,sheet-BirdsAsiaJohnGoIGoul-0124.jpg,crop-BirdsAsiaJohnGoIGoul-0124.jpg,
I,26,Wire-tailed Swallow,Hirundo filifera,"HURUNDO FILFERA, Steph.",BirdsAsiaJohnGoIGoul,115342,128,37485770,portrait,0,https://bhl-open-data.s3.us-east-2.amazonaws.com/images/BirdsAsiaJohnGoIGoul/BirdsAsiaJohnGoIGoul_0128.jp2,https://www.biodiversitylibrary.org/page/37485770,sheet-BirdsAsiaJohnGoIGoul-0128.jpg,crop-BirdsAsiaJohnGoIGoul-0128.jpg,"not pinned in Featherframe: stood up and cut by the folio's rules, the crop not reviewed"
I,27,Western Mosque-Swallow,Cecropis rufula,CECROPIS RUFULA.,BirdsAsiaJohnGoIGoul,115342,132,37485774,portrait,0,https://bhl-open-data.s3.us-east-2.amazonaws.com/images/BirdsAsiaJohnGoIGoul/BirdsAsiaJohnGoIGoul_0132.jp2,https://www.biodiversitylibrary.org/page/37485774,sheet-BirdsAsiaJohnGoIGoul-0132.jpg,crop-BirdsAsiaJohnGoIGoul-0132.jpg,"not pinned in Featherframe: stood up and cut by the folio's rules, the crop not reviewed"
I,28,Daurian Mosque-Swallow,Cecropis Daurica,CECROPIS DAURICA.,BirdsAsiaJohnGoIGoul,115342,136,37485778,portrait,0,https://bhl-open-data.s3.us-east-2.amazonaws.com/images/BirdsAsiaJohnGoIGoul/BirdsAsiaJohnGoIGoul_0136.jp2,https://www.biodiversitylibrary.org/page/37485778,sheet-BirdsAsiaJohnGoIGoul-0136.jpg,crop-BirdsAsiaJohnGoIGoul-0136.jpg,
I,29,Indian Mosque-Swallow,Cecropis erythropygia,CECROPIS ERYTHROPYGIA .,BirdsAsiaJohnGoIGoul,115342,140,37485782,portrait,0,https://bhl-open-data.s3.us-east-2.amazonaws.com/images/BirdsAsiaJohnGoIGoul/BirdsAsiaJohnGoIGoul_0140.jp2,https://www.biodiversitylibrary.org/page/37485782,sheet-BirdsAsiaJohnGoIGoul-0140.jpg,crop-BirdsAsiaJohnGoIGoul-0140.jpg,"not pinned in Featherframe: stood up and cut by the folio's rules, the crop not reviewed"
I,30,Ceylonese Mosque-Swallow,Cecropis hyperythra,CECROPIS HYPERYTHRA .,BirdsAsiaJohnGoIGoul,115342,144,37485786,portrait,0,https://bhl-open-data.s3.us-east-2.amazonaws.com/images/BirdsAsiaJohnGoIGoul/BirdsAsiaJohnGoIGoul_0144.jp2,https://www.biodiversitylibrary.org/page/37485786,sheet-BirdsAsiaJohnGoIGoul-0144.jpg,crop-BirdsAsiaJohnGoIGoul-0144.jpg,"not pinned in Featherframe: stood up and cut by the folio's rules, the crop not reviewed"
I,31,Nepal Martin-Swallow,Delichon Nipalensis,DELICHON NIPALENSIS.,BirdsAsiaJohnGoIGoul,115342,148,37485790,portrait,0,https://bhl-open-data.s3.us-east-2.amazonaws.com/images/BirdsAsiaJohnGoIGoul/BirdsAsiaJohnGoIGoul_0148.jp2,https://www.biodiversitylibrary.org/page/37485790,sheet-BirdsAsiaJohnGoIGoul-0148.jpg,crop-BirdsAsiaJohnGoIGoul-0148.jpg,"not pinned in Featherframe: stood up and cut by the folio's rules, the crop not reviewed"
I,32,Bungalow Swallow,Hypurolepis domicola,HYPUROLEPIS DOMICOLA .,BirdsAsiaJohnGoIGoul,115342,152,37485794,portrait,0,https://bhl-open-data.s3.us-east-2.amazonaws.com/images/BirdsAsiaJohnGoIGoul/BirdsAsiaJohnGoIGoul_0152.jp2,https://www.biodiversitylibrary.org/page/37485794,sheet-BirdsAsiaJohnGoIGoul-0152.jpg,crop-BirdsAsiaJohnGoIGoul-0152.jpg,"not pinned in Featherframe: stood up and cut by the folio's rules, the crop not reviewed"
I,33,Indian Cliff-Swallow,Lagenoplastes fluvicola,LAGENOPLASTES TLUVICOLA.,BirdsAsiaJohnGoIGoul,115342,156,37485798,portrait,0,https://bhl-open-data.s3.us-east-2.amazonaws.com/images/BirdsAsiaJohnGoIGoul/BirdsAsiaJohnGoIGoul_0156.jp2,https://www.biodiversitylibrary.org/page/37485798,sheet-BirdsAsiaJohnGoIGoul-0156.jpg,crop-BirdsAsiaJohnGoIGoul-0156.jpg,
I,34,Pirik Bee-eater,Merops quinticolor,"MEROPS QUINTICOLOR, Vieill.",BirdsAsiaJohnGoIGoul,115342,160,37485802,portrait,0,https://bhl-open-data.s3.us-east-2.amazonaws.com/images/BirdsAsiaJohnGoIGoul/BirdsAsiaJohnGoIGoul_0160.jp2,https://www.biodiversitylibrary.org/page/37485802,sheet-BirdsAsiaJohnGoIGoul-0160.jpg,crop-BirdsAsiaJohnGoIGoul-0160.jpg,
I,35,Hurrial Bee-eater,Merops viridis,"MEROPS VIRIDIS, Linn.",BirdsAsiaJohnGoIGoul,115342,164,37485806,portrait,0,https://bhl-open-data.s3.us-east-2.amazonaws.com/images/BirdsAsiaJohnGoIGoul/BirdsAsiaJohnGoIGoul_0164.jp2,https://www.biodiversitylibrary.org/page/37485806,sheet-BirdsAsiaJohnGoIGoul-0164.jpg,crop-BirdsAsiaJohnGoIGoul-0164.jpg,
I,36,Philippine Bee-eater,Merops Philippinus,"MEROPS PHILIPPINUS, Linn.",BirdsAsiaJohnGoIGoul,115342,168,37485810,portrait,0,https://bhl-open-data.s3.us-east-2.amazonaws.com/images/BirdsAsiaJohnGoIGoul/BirdsAsiaJohnGoIGoul_0168.jp2,https://www.biodiversitylibrary.org/page/37485810,sheet-BirdsAsiaJohnGoIGoul-0168.jpg,crop-BirdsAsiaJohnGoIGoul-0168.jpg,
I,37,Blue-throated Nyctiornis,Nyctiornis Athertoni,VYCTIORNIS ATHERTONI.,BirdsAsiaJohnGoIGoul,115342,172,37485814,portrait,0,https://bhl-open-data.s3.us-east-2.amazonaws.com/images/BirdsAsiaJohnGoIGoul/BirdsAsiaJohnGoIGoul_0172.jp2,https://www.biodiversitylibrary.org/page/37485814,sheet-BirdsAsiaJohnGoIGoul-0172.jpg,crop-BirdsAsiaJohnGoIGoul-0172.jpg,
I,38,Red-throated Nyctiornis,Nyctiornis amictus,NYCTIORNIS AMICTUS.,BirdsAsiaJohnGoIGoul,115342,176,37485818,portrait,0,https://bhl-open-data.s3.us-east-2.amazonaws.com/images/BirdsAsiaJohnGoIGoul/BirdsAsiaJohnGoIGoul_0176.jp2,https://www.biodiversitylibrary.org/page/37485818,sheet-BirdsAsiaJohnGoIGoul-0176.jpg,crop-BirdsAsiaJohnGoIGoul-0176.jpg,
I,39,Forsten's Bee-eater,Meropogon Forsteni,MEROPOGON FORSTENI.,BirdsAsiaJohnGoIGoul,115342,180,37485822,portrait,0,https://bhl-open-data.s3.us-east-2.amazonaws.com/images/BirdsAsiaJohnGoIGoul/BirdsAsiaJohnGoIGoul_0180.jp2,https://www.biodiversitylibrary.org/page/37485822,sheet-BirdsAsiaJohnGoIGoul-0180.jpg,crop-BirdsAsiaJohnGoIGoul-0180.jpg,"not pinned in Featherframe: stood up and cut by the folio's rules, the crop not reviewed"
I,40,Hombron's Kingfisher,Actenoides Hombroni,ACTENOIDES HOMBRONI.,BirdsAsiaJohnGoIGoul,115342,184,37485826,portrait,0,https://bhl-open-data.s3.us-east-2.amazonaws.com/images/BirdsAsiaJohnGoIGoul/BirdsAsiaJohnGoIGoul_0184.jp2,https://www.biodiversitylibrary.org/page/37485826,sheet-BirdsAsiaJohnGoIGoul-0184.jpg,crop-BirdsAsiaJohnGoIGoul-0184.jpg,"not pinned in Featherframe: stood up and cut by the folio's rules, the crop not reviewed"
I,41,Lindsay's Kingfisher,Actenoides Lindsayi,"ACTENOIDES LINDSAYI,",BirdsAsiaJohnGoIGoul,115342,188,37485830,portrait,0,https://bhl-open-data.s3.us-east-2.amazonaws.com/images/BirdsAsiaJohnGoIGoul/BirdsAsiaJohnGoIGoul_0188.jp2,https://www.biodiversitylibrary.org/page/37485830,sheet-BirdsAsiaJohnGoIGoul-0188.jpg,crop-BirdsAsiaJohnGoIGoul-0188.jpg,
I,42,Sumatra Kingfisher,Actenoides concretus,ACTENOIDES CONCRETUS .,BirdsAsiaJohnGoIGoul,115342,192,37485834,portrait,0,https://bhl-open-data.s3.us-east-2.amazonaws.com/images/BirdsAsiaJohnGoIGoul/BirdsAsiaJohnGoIGoul_0192.jp2,https://www.biodiversitylibrary.org/page/37485834,sheet-BirdsAsiaJohnGoIGoul-0192.jpg,crop-BirdsAsiaJohnGoIGoul-0192.jpg,
I,43,Indian Kingfisher,Halcyon fusca,HALCYON FUSCA.,BirdsAsiaJohnGoIGoul,115342,196,37485838,portrait,0,https://bhl-open-data.s3.us-east-2.amazonaws.com/images/BirdsAsiaJohnGoIGoul/BirdsAsiaJohnGoIGoul_0196.jp2,https://www.biodiversitylibrary.org/page/37485838,sheet-BirdsAsiaJohnGoIGoul-0196.jpg,crop-BirdsAsiaJohnGoIGoul-0196.jpg,"not pinned in Featherframe: stood up and cut by the folio's rules, the crop not reviewed"
I,44,Manilla Kingfisher,Halcyon gularis,HALCYON GULARIS.,BirdsAsiaJohnGoIGoul,115342,200,37485842,portrait,0,https://bhl-open-data.s3.us-east-2.amazonaws.com/images/BirdsAsiaJohnGoIGoul/BirdsAsiaJohnGoIGoul_0200.jp2,https://www.biodiversitylibrary.org/page/37485842,sheet-BirdsAsiaJohnGoIGoul-0200.jpg,crop-BirdsAsiaJohnGoIGoul-0200.jpg,
I,45,Black-capped Kingfisher,Halcyon atricapillus,HALCYON ATRICAPILLUS.,BirdsAsiaJohnGoIGoul,115342,204,37485846,portrait,0,https://bhl-open-data.s3.us-east-2.amazonaws.com/images/BirdsAsiaJohnGoIGoul/BirdsAsiaJohnGoIGoul_0204.jp2,https://www.biodiversitylibrary.org/page/37485846,sheet-BirdsAsiaJohnGoIGoul-0204.jpg,crop-BirdsAsiaJohnGoIGoul-0204.jpg,
I,46,Blue-and-white Kingfisher,Halcyon fulgidus,"HALCYON FULGIDUS, Gould.",BirdsAsiaJohnGoIGoul,115342,208,37485850,portrait,0,https://bhl-open-data.s3.us-east-2.amazonaws.com/images/BirdsAsiaJohnGoIGoul/BirdsAsiaJohnGoIGoul_0208.jp2,https://www.biodiversitylibrary.org/page/37485850,sheet-BirdsAsiaJohnGoIGoul-0208.jpg,crop-BirdsAsiaJohnGoIGoul-0208.jpg,"not pinned in Featherframe: stood up and cut by the folio's rules, the crop not reviewed"
I,47,Many-coloured Kingfisher,Halcyon omnicolor,HALCYON OMNICOLOR.,BirdsAsiaJohnGoIGoul,115342,212,37485854,portrait,0,https://bhl-open-data.s3.us-east-2.amazonaws.com/images/BirdsAsiaJohnGoIGoul/BirdsAsiaJohnGoIGoul_0212.jp2,https://www.biodiversitylibrary.org/page/37485854,sheet-BirdsAsiaJohnGoIGoul-0212.jpg,crop-BirdsAsiaJohnGoIGoul-0212.jpg,"not pinned in Featherframe: stood up and cut by the folio's rules, the crop not reviewed"
I,48,Banded Kingfisher,Carcineutes pulchellus,"CARCINEUTES PULCHELLUS, Horsf.",BirdsAsiaJohnGoIGoul,115342,216,37485858,portrait,0,https://bhl-open-data.s3.us-east-2.amazonaws.com/images/BirdsAsiaJohnGoIGoul/BirdsAsiaJohnGoIGoul_0216.jp2,https://www.biodiversitylibrary.org/page/37485858,sheet-BirdsAsiaJohnGoIGoul-0216.jpg,crop-BirdsAsiaJohnGoIGoul-0216.jpg,
I,49,Black-faced Kingfisher,Carcineutes melanops,CARCINEUTES MELANOPS.,BirdsAsiaJohnGoIGoul,115342,220,37485862,portrait,0,https://bhl-open-data.s3.us-east-2.amazonaws.com/images/BirdsAsiaJohnGoIGoul/BirdsAsiaJohnGoIGoul_0220.jp2,https://www.biodiversitylibrary.org/page/37485862,sheet-BirdsAsiaJohnGoIGoul-0220.jpg,crop-BirdsAsiaJohnGoIGoul-0220.jpg,"not pinned in Featherframe: stood up and cut by the folio's rules, the crop not reviewed"
I,50,Tenasserim Kingfisher,Carcineutes amabilis,"CARCINEUTES AMABILIS, Hume.",BirdsAsiaJohnGoIGoul,115342,224,37485866,portrait,0,https://bhl-open-data.s3.us-east-2.amazonaws.com/images/BirdsAsiaJohnGoIGoul/BirdsAsiaJohnGoIGoul_0224.jp2,https://www.biodiversitylibrary.org/page/37485866,sheet-BirdsAsiaJohnGoIGoul-0224.jpg,crop-BirdsAsiaJohnGoIGoul-0224.jpg,"not pinned in Featherframe: stood up and cut by the folio's rules, the crop not reviewed"
I,51,Mantled Kingfisher,Dacelo Tyro,"DACELO TYRO, G.R. Gray.",BirdsAsiaJohnGoIGoul,115342,228,37485870,portrait,0,https://bhl-open-data.s3.us-east-2.amazonaws.com/images/BirdsAsiaJohnGoIGoul/BirdsAsiaJohnGoIGoul_0228.jp2,https://www.biodiversitylibrary.org/page/37485870,sheet-BirdsAsiaJohnGoIGoul-0228.jpg,crop-BirdsAsiaJohnGoIGoul-0228.jpg,"not pinned in Featherframe: stood up and cut by the folio's rules, the crop not reviewed"
I,52,Great Alcedo,Alcedo grandis,"ALCEDO GRANDIS, Blyth.",BirdsAsiaJohnGoIGoul,115342,232,37485874,portrait,0,https://bhl-open-data.s3.us-east-2.amazonaws.com/images/BirdsAsiaJohnGoIGoul/BirdsAsiaJohnGoIGoul_0232.jp2,https://www.biodiversitylibrary.org/page/37485874,sheet-BirdsAsiaJohnGoIGoul-0232.jpg,crop-BirdsAsiaJohnGoIGoul-0232.jpg,"not pinned in Featherframe: stood up and cut by the folio's rules, the crop not reviewed"
I,53,Indian Kingfisher,Alcedo Bengalensis,"ALCEDO BENCALENSIS, Gme.",BirdsAsiaJohnGoIGoul,115342,236,37485878,portrait,0,https://bhl-open-data.s3.us-east-2.amazonaws.com/images/BirdsAsiaJohnGoIGoul/BirdsAsiaJohnGoIGoul_0236.jp2,https://www.biodiversitylibrary.org/page/37485878,sheet-BirdsAsiaJohnGoIGoul-0236.jpg,crop-BirdsAsiaJohnGoIGoul-0236.jpg,"not pinned in Featherframe: stood up and cut by the folio's rules, the crop not reviewed"
I,54,Indian Roller,Coracias indica,"CORACIAS INDICA, Linn.",BirdsAsiaJohnGoIGoul,115342,240,37485882,portrait,0,https://bhl-open-data.s3.us-east-2.amazonaws.com/images/BirdsAsiaJohnGoIGoul/BirdsAsiaJohnGoIGoul_0240.jp2,https://www.biodiversitylibrary.org/page/37485882,sheet-BirdsAsiaJohnGoIGoul-0240.jpg,crop-BirdsAsiaJohnGoIGoul-0240.jpg,
I,55,Burmese Roller,Coracias affinis,"CORACIAS AFFINIS, M. All.",BirdsAsiaJohnGoIGoul,115342,244,37485886,portrait,0,https://bhl-open-data.s3.us-east-2.amazonaws.com/images/BirdsAsiaJohnGoIGoul/BirdsAsiaJohnGoIGoul_0244.jp2,https://www.biodiversitylibrary.org/page/37485886,sheet-BirdsAsiaJohnGoIGoul-0244.jpg,crop-BirdsAsiaJohnGoIGoul-0244.jpg,"not pinned in Featherframe: stood up and cut by the folio's rules, the crop not reviewed"
I,56,Temminck's Roller,Coracias Temmincki,CORACIAS TEMMINCKI.,BirdsAsiaJohnGoIGoul,115342,248,37485890,portrait,0,https://bhl-open-data.s3.us-east-2.amazonaws.com/images/BirdsAsiaJohnGoIGoul/BirdsAsiaJohnGoIGoul_0248.jp2,https://www.biodiversitylibrary.org/page/37485890,sheet-BirdsAsiaJohnGoIGoul-0248.jpg,crop-BirdsAsiaJohnGoIGoul-0248.jpg,"not pinned in Featherframe: stood up and cut by the folio's rules, the crop not reviewed"
I,57,Javan Eurylaime,Eurylaimus Javanicus,"EWRYLAIMYS JAVANICUS , Horsf",BirdsAsiaJohnGoIGoul,115342,252,37485894,portrait,0,https://bhl-open-data.s3.us-east-2.amazonaws.com/images/BirdsAsiaJohnGoIGoul/BirdsAsiaJohnGoIGoul_0252.jp2,https://www.biodiversitylibrary.org/page/37485894,sheet-BirdsAsiaJohnGoIGoul-0252.jpg,crop-BirdsAsiaJohnGoIGoul-0252.jpg,
I,58,Hooded Eurylaime,Eurylaimus ochromelas,"ETRYLAIMUS OCHROMALUS, RF",BirdsAsiaJohnGoIGoul,115342,256,37485898,portrait,0,https://bhl-open-data.s3.us-east-2.amazonaws.com/images/BirdsAsiaJohnGoIGoul/BirdsAsiaJohnGoIGoul_0256.jp2,https://www.biodiversitylibrary.org/page/37485898,sheet-BirdsAsiaJohnGoIGoul-0256.jpg,crop-BirdsAsiaJohnGoIGoul-0256.jpg,"not pinned in Featherframe: stood up and cut by the folio's rules, the crop not reviewed"
I,59,Great-billed Eurylaime,Cymbirhynchus macrorhynchus,CYMBIRHYNCHUS MACRORHYNCHUS .,BirdsAsiaJohnGoIGoul,115342,260,37485902,portrait,0,https://bhl-open-data.s3.us-east-2.amazonaws.com/images/BirdsAsiaJohnGoIGoul/BirdsAsiaJohnGoIGoul_0260.jp2,https://www.biodiversitylibrary.org/page/37485902,sheet-BirdsAsiaJohnGoIGoul-0260.jpg,crop-BirdsAsiaJohnGoIGoul-0260.jpg,
I,60,Allied Eurylaime,Cymbirhynchus affinis,"CYMBIRHYNCHUS AFFINIS, Blyth.",BirdsAsiaJohnGoIGoul,115342,264,37485906,portrait,0,https://bhl-open-data.s3.us-east-2.amazonaws.com/images/BirdsAsiaJohnGoIGoul/BirdsAsiaJohnGoIGoul_0264.jp2,https://www.biodiversitylibrary.org/page/37485906,sheet-BirdsAsiaJohnGoIGoul-0264.jpg,crop-BirdsAsiaJohnGoIGoul-0264.jpg,"not pinned in Featherframe: stood up and cut by the folio's rules, the crop not reviewed"
I,61,Great Eurylaime,Corydon Sumatranus,CORYDON SUMATRANUS.,BirdsAsiaJohnGoIGoul,115342,268,37485910,portrait,0,https://bhl-open-data.s3.us-east-2.amazonaws.com/images/BirdsAsiaJohnGoIGoul/BirdsAsiaJohnGoIGoul_0268.jp2,https://www.biodiversitylibrary.org/page/37485910,sheet-BirdsAsiaJohnGoIGoul-0268.jpg,crop-BirdsAsiaJohnGoIGoul-0268.jpg,
I,62,Lunated Eurylaime,Serilophus lunatus,"SERILOPHUS LUNATUS, Gould",BirdsAsiaJohnGoIGoul,115342,272,37485914,portrait,0,https://bhl-open-data.s3.us-east-2.amazonaws.com/images/BirdsAsiaJohnGoIGoul/BirdsAsiaJohnGoIGoul_0272.jp2,https://www.biodiversitylibrary.org/page/37485914,sheet-BirdsAsiaJohnGoIGoul-0272.jpg,crop-BirdsAsiaJohnGoIGoul-0272.jpg,
I,63,Red-backed EEurylaime,Serilophus rubropygius,SERILOPHUS RUBROPYGUS,BirdsAsiaJohnGoIGoul,115342,276,37485918,portrait,0,https://bhl-open-data.s3.us-east-2.amazonaws.com/images/BirdsAsiaJohnGoIGoul/BirdsAsiaJohnGoIGoul_0276.jp2,https://www.biodiversitylibrary.org/page/37485918,sheet-BirdsAsiaJohnGoIGoul-0276.jpg,crop-BirdsAsiaJohnGoIGoul-0276.jpg,"not pinned in Featherframe: stood up and cut by the folio's rules, the crop not reviewed"
I,64,Dalhousie's Eurylaime,Psarisoinus Dalhousie,PSARISOMUS DALHOUSIE.,BirdsAsiaJohnGoIGoul,115342,280,37485922,portrait,0,https://bhl-open-data.s3.us-east-2.amazonaws.com/images/BirdsAsiaJohnGoIGoul/BirdsAsiaJohnGoIGoul_0280.jp2,https://www.biodiversitylibrary.org/page/37485922,sheet-BirdsAsiaJohnGoIGoul-0280.jpg,crop-BirdsAsiaJohnGoIGoul-0280.jpg,
I,65,Steere's Broadbill,Sarcophanops Steerii,"SARCOPHANOPS STEERI, Sharpe.",BirdsAsiaJohnGoIGoul,115342,284,37485926,portrait,0,https://bhl-open-data.s3.us-east-2.amazonaws.com/images/BirdsAsiaJohnGoIGoul/BirdsAsiaJohnGoIGoul_0284.jp2,https://www.biodiversitylibrary.org/page/37485926,sheet-BirdsAsiaJohnGoIGoul-0284.jpg,crop-BirdsAsiaJohnGoIGoul-0284.jpg,"not pinned in Featherframe: stood up and cut by the folio's rules, the crop not reviewed"
I,66,Indian Hoopoe,Upupa nigripennis,"UPUPA NIGRIPENNIS, Gould:",BirdsAsiaJohnGoIGoul,115342,288,37485930,portrait,0,https://bhl-open-data.s3.us-east-2.amazonaws.com/images/BirdsAsiaJohnGoIGoul/BirdsAsiaJohnGoIGoul_0288.jp2,https://www.biodiversitylibrary.org/page/37485930,sheet-BirdsAsiaJohnGoIGoul-0288.jpg,crop-BirdsAsiaJohnGoIGoul-0288.jpg,"not pinned in Featherframe: stood up and cut by the folio's rules, the crop not reviewed"
I,67,Duvaucel's Trogon,Harpactes Duvauceli,HARPACTES DUVAUCELI.,BirdsAsiaJohnGoIGoul,115342,292,37485934,portrait,0,https://bhl-open-data.s3.us-east-2.amazonaws.com/images/BirdsAsiaJohnGoIGoul/BirdsAsiaJohnGoIGoul_0292.jp2,https://www.biodiversitylibrary.org/page/37485934,sheet-BirdsAsiaJohnGoIGoul-0292.jpg,crop-BirdsAsiaJohnGoIGoul-0292.jpg,
I,68,Malacca Trogon,Harpactes rutilus,HARPACTES RUTILUS.,BirdsAsiaJohnGoIGoul,115342,296,37485938,portrait,0,https://bhl-open-data.s3.us-east-2.amazonaws.com/images/BirdsAsiaJohnGoIGoul/BirdsAsiaJohnGoIGoul_0296.jp2,https://www.biodiversitylibrary.org/page/37485938,sheet-BirdsAsiaJohnGoIGoul-0296.jpg,crop-BirdsAsiaJohnGoIGoul-0296.jpg,"not pinned in Featherframe: stood up and cut by the folio's rules, the crop not reviewed"
I,69,Hodgson's Trogon,Harpactes Hodgsoni,"HARPACTES HODGSONI, Gould.",BirdsAsiaJohnGoIGoul,115342,300,37485942,portrait,0,https://bhl-open-data.s3.us-east-2.amazonaws.com/images/BirdsAsiaJohnGoIGoul/BirdsAsiaJohnGoIGoul_0300.jp2,https://www.biodiversitylibrary.org/page/37485942,sheet-BirdsAsiaJohnGoIGoul-0300.jpg,crop-BirdsAsiaJohnGoIGoul-0300.jpg,"not pinned in Featherframe: stood up and cut by the folio's rules, the crop not reviewed"
I,70,Diard's Trogon,Harpactes Diardi,HARPACTES DIARDI.,BirdsAsiaJohnGoIGoul,115342,304,37485946,portrait,0,https://bhl-open-data.s3.us-east-2.amazonaws.com/images/BirdsAsiaJohnGoIGoul/BirdsAsiaJohnGoIGoul_0304.jp2,https://www.biodiversitylibrary.org/page/37485946,sheet-BirdsAsiaJohnGoIGoul-0304.jpg,crop-BirdsAsiaJohnGoIGoul-0304.jpg,
I,71,Mountain Trogon,Harpactes Oreskios,HARPACTES ORESKIOS.,BirdsAsiaJohnGoIGoul,115342,308,37485950,portrait,0,https://bhl-open-data.s3.us-east-2.amazonaws.com/images/BirdsAsiaJohnGoIGoul/BirdsAsiaJohnGoIGoul_0308.jp2,https://www.biodiversitylibrary.org/page/37485950,sheet-BirdsAsiaJohnGoIGoul-0308.jpg,crop-BirdsAsiaJohnGoIGoul-0308.jpg,
I,72,Reinwardt's Trogon,Harpactes Reinwardti,HARPACTES REINWARDTI.,BirdsAsiaJohnGoIGoul,115342,312,37485954,portrait,0,https://bhl-open-data.s3.us-east-2.amazonaws.com/images/BirdsAsiaJohnGoIGoul/BirdsAsiaJohnGoIGoul_0312.jp2,https://www.biodiversitylibrary.org/page/37485954,sheet-BirdsAsiaJohnGoIGoul-0312.jpg,crop-BirdsAsiaJohnGoIGoul-0312.jpg,"not pinned in Featherframe: stood up and cut by the folio's rules, the crop not reviewed"
I,73,Macklot's Trogon,Harpactes Mackloti,HARPACTES MACKLOTI.,BirdsAsiaJohnGoIGoul,115342,316,37485958,portrait,0,https://bhl-open-data.s3.us-east-2.amazonaws.com/images/BirdsAsiaJohnGoIGoul/BirdsAsiaJohnGoIGoul_0316.jp2,https://www.biodiversitylibrary.org/page/37485958,sheet-BirdsAsiaJohnGoIGoul-0316.jpg,crop-BirdsAsiaJohnGoIGoul-0316.jpg,"not pinned in Featherframe: stood up and cut by the folio's rules, the crop not reviewed"
I,74,Kasumba Trogon,Harpactes Kasumba,"HARPACTES KASUMBA,",BirdsAsiaJohnGoIGoul,115342,320,37485962,portrait,0,https://bhl-open-data.s3.us-east-2.amazonaws.com/images/BirdsAsiaJohnGoIGoul/BirdsAsiaJohnGoIGoul_0320.jp2,https://www.biodiversitylibrary.org/page/37485962,sheet-BirdsAsiaJohnGoIGoul-0320.jpg,crop-BirdsAsiaJohnGoIGoul-0320.jpg,
I,75,Fasciated Trogon,Harpactes fasciatus,HARPACTES FASCIATUS.,BirdsAsiaJohnGoIGoul,115342,324,37485966,portrait,0,https://bhl-open-data.s3.us-east-2.amazonaws.com/images/BirdsAsiaJohnGoIGoul/BirdsAsiaJohnGoIGoul_0324.jp2,https://www.biodiversitylibrary.org/page/37485966,sheet-BirdsAsiaJohnGoIGoul-0324.jpg,crop-BirdsAsiaJohnGoIGoul-0324.jpg,
I,76,Rosy-breasted Trogon,Harpactes ardens,HARPACTES ARDENS.,BirdsAsiaJohnGoIGoul,115342,328,37485970,portrait,0,https://bhl-open-data.s3.us-east-2.amazonaws.com/images/BirdsAsiaJohnGoIGoul/BirdsAsiaJohnGoIGoul_0328.jp2,https://www.biodiversitylibrary.org/page/37485970,sheet-BirdsAsiaJohnGoIGoul-0328.jpg,crop-BirdsAsiaJohnGoIGoul-0328.jpg,
II,1,Green Cochoa,Cochoa viridis,COCHOA VIRIDIS: Hodgs:,BirdsAsiaJohnGoIIGoul,118636,12,38533993,portrait,0,https://bhl-open-data.s3.us-east-2.amazonaws.com/images/BirdsAsiaJohnGoIIGoul/BirdsAsiaJohnGoIIGoul_0012.jp2,https://www.biodiversitylibrary.org/page/38533993,sheet-BirdsAsiaJohnGoIIGoul-0012.jpg,crop-BirdsAsiaJohnGoIIGoul-0012.jpg,
II,2,Purple Cochoa,Cochoa purpurea,COCHOA PURPUREA: Hodgs:,BirdsAsiaJohnGoIIGoul,118636,16,38533997,portrait,0,https://bhl-open-data.s3.us-east-2.amazonaws.com/images/BirdsAsiaJohnGoIIGoul/BirdsAsiaJohnGoIIGoul_0016.jp2,https://www.biodiversitylibrary.org/page/38533997,sheet-BirdsAsiaJohnGoIIGoul-0016.jpg,crop-BirdsAsiaJohnGoIIGoul-0016.jpg,"not pinned in Featherframe: stood up and cut by the folio's rules, the crop not reviewed"
II,3,Grey-throated Pericrocotus,Pericrocotus griseogularis,"PERICROCOTUS GRISEIGULARIS, Gould.",BirdsAsiaJohnGoIIGoul,118636,20,38534001,portrait,0,https://bhl-open-data.s3.us-east-2.amazonaws.com/images/BirdsAsiaJohnGoIIGoul/BirdsAsiaJohnGoIIGoul_0020.jp2,https://www.biodiversitylibrary.org/page/38534001,sheet-BirdsAsiaJohnGoIIGoul-0020.jpg,crop-BirdsAsiaJohnGoIIGoul-0020.jpg,"not pinned in Featherframe: stood up and cut by the folio's rules, the crop not reviewed"
II,4,Canton Pericrocotus,Pericrocotus cantonensis,PERICOCOTIS CANTONENSIS. Swinh.,BirdsAsiaJohnGoIIGoul,118636,24,38534005,portrait,0,https://bhl-open-data.s3.us-east-2.amazonaws.com/images/BirdsAsiaJohnGoIIGoul/BirdsAsiaJohnGoIIGoul_0024.jp2,https://www.biodiversitylibrary.org/page/38534005,sheet-BirdsAsiaJohnGoIIGoul-0024.jpg,crop-BirdsAsiaJohnGoIIGoul-0024.jpg,
II,5,Yellow-throated Pericrocotus,Pericrocotus solaris,PERICROCOTUS SOLARIS:Blyh.,BirdsAsiaJohnGoIIGoul,118636,28,38534009,portrait,0,https://bhl-open-data.s3.us-east-2.amazonaws.com/images/BirdsAsiaJohnGoIIGoul/BirdsAsiaJohnGoIIGoul_0028.jp2,https://www.biodiversitylibrary.org/page/38534009,sheet-BirdsAsiaJohnGoIIGoul-0028.jpg,crop-BirdsAsiaJohnGoIIGoul-0028.jpg,
II,6,Cawnpore Pericrocotus,Pericrocotus erythropygius,PERICROCOTUS ERYTHROPYGIUS.,BirdsAsiaJohnGoIIGoul,118636,32,38534013,portrait,0,https://bhl-open-data.s3.us-east-2.amazonaws.com/images/BirdsAsiaJohnGoIIGoul/BirdsAsiaJohnGoIIGoul_0032.jp2,https://www.biodiversitylibrary.org/page/38534013,sheet-BirdsAsiaJohnGoIIGoul-0032.jpg,crop-BirdsAsiaJohnGoIIGoul-0032.jpg,
II,7,Great Pericrocotus,Pericrocotus speciosus,"PERICROCOTUS SPECIOSUS,",BirdsAsiaJohnGoIIGoul,118636,36,38534017,portrait,0,https://bhl-open-data.s3.us-east-2.amazonaws.com/images/BirdsAsiaJohnGoIIGoul/BirdsAsiaJohnGoIIGoul_0036.jp2,https://www.biodiversitylibrary.org/page/38534017,sheet-BirdsAsiaJohnGoIIGoul-0036.jpg,crop-BirdsAsiaJohnGoIIGoul-0036.jpg,
II,8,Orange Pericrocotus,Pericrocotus flammeus,PERICROCOTUS FLAMMEUS.,BirdsAsiaJohnGoIIGoul,118636,40,38534021,portrait,0,https://bhl-open-data.s3.us-east-2.amazonaws.com/images/BirdsAsiaJohnGoIIGoul/BirdsAsiaJohnGoIIGoul_0040.jp2,https://www.biodiversitylibrary.org/page/38534021,sheet-BirdsAsiaJohnGoIIGoul-0040.jpg,crop-BirdsAsiaJohnGoIIGoul-0040.jpg,
II,9,Little Pericrocotus,Pericrocotus peregrinus,PERICROCOTUS PEREGRINIS.,BirdsAsiaJohnGoIIGoul,118636,44,38534025,portrait,0,https://bhl-open-data.s3.us-east-2.amazonaws.com/images/BirdsAsiaJohnGoIIGoul/BirdsAsiaJohnGoIIGoul_0044.jp2,https://www.biodiversitylibrary.org/page/38534025,sheet-BirdsAsiaJohnGoIIGoul-0044.jpg,crop-BirdsAsiaJohnGoIIGoul-0044.jpg,
II,10,Rosy Pericrocotus,Pericrocotus roseus,PERICROCOTUS ROSEUS.,BirdsAsiaJohnGoIIGoul,118636,48,38534029,portrait,0,https://bhl-open-data.s3.us-east-2.amazonaws.com/images/BirdsAsiaJohnGoIIGoul/BirdsAsiaJohnGoIIGoul_0048.jp2,https://www.biodiversitylibrary.org/page/38534029,sheet-BirdsAsiaJohnGoIIGoul-0048.jpg,crop-BirdsAsiaJohnGoIIGoul-0048.jpg,"not pinned in Featherframe: stood up and cut by the folio's rules, the crop not reviewed"
II,11,Grey Pericrocotus,Pericrocotus cinereus,"PERICROCOTUS CINEREUS, Lafr",BirdsAsiaJohnGoIIGoul,118636,52,38534033,portrait,0,https://bhl-open-data.s3.us-east-2.amazonaws.com/images/BirdsAsiaJohnGoIIGoul/BirdsAsiaJohnGoIIGoul_0052.jp2,https://www.biodiversitylibrary.org/page/38534033,sheet-BirdsAsiaJohnGoIIGoul-0052.jpg,crop-BirdsAsiaJohnGoIIGoul-0052.jpg,
II,12,Philippine-Island Thickhead,Hylopterpe philippinensis,"HYLOTERPE PHGIPPINENSIS, Walder",BirdsAsiaJohnGoIIGoul,118636,56,38534037,portrait,0,https://bhl-open-data.s3.us-east-2.amazonaws.com/images/BirdsAsiaJohnGoIIGoul/BirdsAsiaJohnGoIIGoul_0056.jp2,https://www.biodiversitylibrary.org/page/38534037,sheet-BirdsAsiaJohnGoIIGoul-0056.jpg,crop-BirdsAsiaJohnGoIIGoul-0056.jpg,
II,13,Grey-headed Pteruthius,Pteruthius eralatus,"PTERUTHTUS ÆRALATUS, Tickell.",BirdsAsiaJohnGoIIGoul,118636,60,38534041,portrait,0,https://bhl-open-data.s3.us-east-2.amazonaws.com/images/BirdsAsiaJohnGoIIGoul/BirdsAsiaJohnGoIIGoul_0060.jp2,https://www.biodiversitylibrary.org/page/38534041,sheet-BirdsAsiaJohnGoIIGoul-0060.jpg,crop-BirdsAsiaJohnGoIIGoul-0060.jpg,
II,14,Himalayan Pteruthius,Pteruthius erythropterus,PTERTTHIUS ERYTHROPTERIS.,BirdsAsiaJohnGoIIGoul,118636,64,38534045,portrait,0,https://bhl-open-data.s3.us-east-2.amazonaws.com/images/BirdsAsiaJohnGoIIGoul/BirdsAsiaJohnGoIIGoul_0064.jp2,https://www.biodiversitylibrary.org/page/38534045,sheet-BirdsAsiaJohnGoIIGoul-0064.jpg,crop-BirdsAsiaJohnGoIIGoul-0064.jpg,"not pinned in Featherframe: stood up and cut by the folio's rules, the crop not reviewed"
II,15,Rufous-bellied Pteruthius,Pteruthius rufiventer,"PTERUTHUS RUFIVENTER, Blyth.",BirdsAsiaJohnGoIIGoul,118636,68,38534049,portrait,0,https://bhl-open-data.s3.us-east-2.amazonaws.com/images/BirdsAsiaJohnGoIIGoul/BirdsAsiaJohnGoIIGoul_0068.jp2,https://www.biodiversitylibrary.org/page/38534049,sheet-BirdsAsiaJohnGoIIGoul-0068.jpg,crop-BirdsAsiaJohnGoIIGoul-0068.jpg,
II,16,Black-eared Allotrius,Allotrius melanotis,ALLOTRIUS MELANOTIS.,BirdsAsiaJohnGoIIGoul,118636,72,38534053,portrait,0,https://bhl-open-data.s3.us-east-2.amazonaws.com/images/BirdsAsiaJohnGoIIGoul/BirdsAsiaJohnGoIIGoul_0072.jp2,https://www.biodiversitylibrary.org/page/38534053,sheet-BirdsAsiaJohnGoIIGoul-0072.jpg,crop-BirdsAsiaJohnGoIIGoul-0072.jpg,
II,17,Yellow-green Allotrius,Allotrius xanthochloris,ALLOTRIUS XANTHOCHLORIS.,BirdsAsiaJohnGoIIGoul,118636,76,38534057,portrait,0,https://bhl-open-data.s3.us-east-2.amazonaws.com/images/BirdsAsiaJohnGoIIGoul/BirdsAsiaJohnGoIIGoul_0076.jp2,https://www.biodiversitylibrary.org/page/38534057,sheet-BirdsAsiaJohnGoIIGoul-0076.jpg,crop-BirdsAsiaJohnGoIIGoul-0076.jpg,
II,18,Paradise Flycatcher,Muscipeta Paradisi,MUSCIPETA PARADISI.,BirdsAsiaJohnGoIIGoul,118636,80,38534061,portrait,0,https://bhl-open-data.s3.us-east-2.amazonaws.com/images/BirdsAsiaJohnGoIIGoul/BirdsAsiaJohnGoIIGoul_0080.jp2,https://www.biodiversitylibrary.org/page/38534061,sheet-BirdsAsiaJohnGoIIGoul-0080.jpg,crop-BirdsAsiaJohnGoIIGoul-0080.jpg,
II,19,Ince's Paradise Flycatcher,Muscipeta Incei,"MUSCIPETA INCEI, Gould.",BirdsAsiaJohnGoIIGoul,118636,84,38534065,portrait,0,https://bhl-open-data.s3.us-east-2.amazonaws.com/images/BirdsAsiaJohnGoIIGoul/BirdsAsiaJohnGoIIGoul_0084.jp2,https://www.biodiversitylibrary.org/page/38534065,sheet-BirdsAsiaJohnGoIIGoul-0084.jpg,crop-BirdsAsiaJohnGoIIGoul-0084.jpg,
II,20,Grand Niltava,Niltava grandis,VILTAVA GRANDIS.,BirdsAsiaJohnGoIIGoul,118636,88,38534069,portrait,0,https://bhl-open-data.s3.us-east-2.amazonaws.com/images/BirdsAsiaJohnGoIIGoul/BirdsAsiaJohnGoIIGoul_0088.jp2,https://www.biodiversitylibrary.org/page/38534069,sheet-BirdsAsiaJohnGoIIGoul-0088.jpg,crop-BirdsAsiaJohnGoIIGoul-0088.jpg,
II,21,Sundara Niltava,Niltava Sundara,VILTAVA SUNDARA: Hodgs,BirdsAsiaJohnGoIIGoul,118636,92,38534073,portrait,0,https://bhl-open-data.s3.us-east-2.amazonaws.com/images/BirdsAsiaJohnGoIIGoul/BirdsAsiaJohnGoIIGoul_0092.jp2,https://www.biodiversitylibrary.org/page/38534073,sheet-BirdsAsiaJohnGoIIGoul-0092.jpg,crop-BirdsAsiaJohnGoIIGoul-0092.jpg,
II,22,MacGregor's Niltava,Niltava MacGregoriae,VILTAVA MACCREGORLE.,BirdsAsiaJohnGoIIGoul,118636,96,38534077,portrait,0,https://bhl-open-data.s3.us-east-2.amazonaws.com/images/BirdsAsiaJohnGoIIGoul/BirdsAsiaJohnGoIIGoul_0096.jp2,https://www.biodiversitylibrary.org/page/38534077,sheet-BirdsAsiaJohnGoIIGoul-0096.jpg,crop-BirdsAsiaJohnGoIIGoul-0096.jpg,
II,23,Jericho Sun-bird,Nectarinia Osea,NECTARINIA OSEA. Bonap.,BirdsAsiaJohnGoIIGoul,118636,100,38534081,portrait,0,https://bhl-open-data.s3.us-east-2.amazonaws.com/images/BirdsAsiaJohnGoIIGoul/BirdsAsiaJohnGoIIGoul_0100.jp2,https://www.biodiversitylibrary.org/page/38534081,sheet-BirdsAsiaJohnGoIIGoul-0100.jpg,crop-BirdsAsiaJohnGoIIGoul-0100.jpg,
II,24,Ceylonese Sun-bird,Nectarinia Zelonica,NECTARINIA ZEYLONICA .,BirdsAsiaJohnGoIIGoul,118636,104,38534085,portrait,0,https://bhl-open-data.s3.us-east-2.amazonaws.com/images/BirdsAsiaJohnGoIIGoul/BirdsAsiaJohnGoIIGoul_0104.jp2,https://www.biodiversitylibrary.org/page/38534085,sheet-BirdsAsiaJohnGoIIGoul-0104.jpg,crop-BirdsAsiaJohnGoIIGoul-0104.jpg,
II,25,Penang Sun-bird,Nectarinia insignis,NECTARINIA INSIGNIS. Gould.,BirdsAsiaJohnGoIIGoul,118636,108,38534089,portrait,0,https://bhl-open-data.s3.us-east-2.amazonaws.com/images/BirdsAsiaJohnGoIIGoul/BirdsAsiaJohnGoIIGoul_0108.jp2,https://www.biodiversitylibrary.org/page/38534089,sheet-BirdsAsiaJohnGoIIGoul-0108.jpg,crop-BirdsAsiaJohnGoIIGoul-0108.jpg,"not pinned in Featherframe: stood up and cut by the folio's rules, the crop not reviewed"
II,26,Mrs. Gould's Sun-bird,Nectarinia Gouldiae,NECTARINIA GOULDIA .,BirdsAsiaJohnGoIIGoul,118636,112,38534093,portrait,0,https://bhl-open-data.s3.us-east-2.amazonaws.com/images/BirdsAsiaJohnGoIIGoul/BirdsAsiaJohnGoIIGoul_0112.jp2,https://www.biodiversitylibrary.org/page/38534093,sheet-BirdsAsiaJohnGoIIGoul-0112.jpg,crop-BirdsAsiaJohnGoIIGoul-0112.jpg,
II,27,Black-breasted Sun-bird,Nectarinia saturata,NECTARINIA SATURATA.,BirdsAsiaJohnGoIIGoul,118636,116,38534097,portrait,0,https://bhl-open-data.s3.us-east-2.amazonaws.com/images/BirdsAsiaJohnGoIIGoul/BirdsAsiaJohnGoIIGoul_0116.jp2,https://www.biodiversitylibrary.org/page/38534097,sheet-BirdsAsiaJohnGoIIGoul-0116.jpg,crop-BirdsAsiaJohnGoIIGoul-0116.jpg,
II,28,Fiery-tailed Sun-bird,Nectarinia ignicauda,VECTARIVIA IGNICAUDA.,BirdsAsiaJohnGoIIGoul,118636,120,38534101,portrait,0,https://bhl-open-data.s3.us-east-2.amazonaws.com/images/BirdsAsiaJohnGoIIGoul/BirdsAsiaJohnGoIIGoul_0120.jp2,https://www.biodiversitylibrary.org/page/38534101,sheet-BirdsAsiaJohnGoIIGoul-0120.jpg,crop-BirdsAsiaJohnGoIIGoul-0120.jpg,
II,29,Goulpourah Sun-bird,Nectarinia Goalpariensis,NECTARIVIA COALPARIENSIS.,BirdsAsiaJohnGoIIGoul,118636,124,38534105,portrait,0,https://bhl-open-data.s3.us-east-2.amazonaws.com/images/BirdsAsiaJohnGoIIGoul/BirdsAsiaJohnGoIIGoul_0124.jp2,https://www.biodiversitylibrary.org/page/38534105,sheet-BirdsAsiaJohnGoIIGoul-0124.jpg,crop-BirdsAsiaJohnGoIIGoul-0124.jpg,"not pinned in Featherframe: stood up and cut by the folio's rules, the crop not reviewed"
II,30,Vigors' Sun-bird,Nectarinia Vigorsii,VECTARINIA VICORSH: Sykes.,BirdsAsiaJohnGoIIGoul,118636,128,38534109,portrait,0,https://bhl-open-data.s3.us-east-2.amazonaws.com/images/BirdsAsiaJohnGoIIGoul/BirdsAsiaJohnGoIIGoul_0128.jp2,https://www.biodiversitylibrary.org/page/38534109,sheet-BirdsAsiaJohnGoIIGoul-0128.jpg,crop-BirdsAsiaJohnGoIIGoul-0128.jpg,
II,31,Nepaulese Sun-bird,Nectarinia Nipalensis,NECTARINIA NIPALENSIS.,BirdsAsiaJohnGoIIGoul,118636,132,38534113,portrait,0,https://bhl-open-data.s3.us-east-2.amazonaws.com/images/BirdsAsiaJohnGoIIGoul/BirdsAsiaJohnGoIIGoul_0132.jp2,https://www.biodiversitylibrary.org/page/38534113,sheet-BirdsAsiaJohnGoIIGoul-0132.jpg,crop-BirdsAsiaJohnGoIIGoul-0132.jpg,
II,32,Asiatic Sun-bird,Nectarinia Asiatica,NECTARINIA ASIATICA.,BirdsAsiaJohnGoIIGoul,118636,136,38534117,portrait,0,https://bhl-open-data.s3.us-east-2.amazonaws.com/images/BirdsAsiaJohnGoIIGoul/BirdsAsiaJohnGoIIGoul_0136.jp2,https://www.biodiversitylibrary.org/page/38534117,sheet-BirdsAsiaJohnGoIIGoul-0136.jpg,crop-BirdsAsiaJohnGoIIGoul-0136.jpg,
II,33,Loten's Sun-bird,Nectarinia Lotenia,"NECTARINIA LOTENIA,",BirdsAsiaJohnGoIIGoul,118636,140,38534121,portrait,0,https://bhl-open-data.s3.us-east-2.amazonaws.com/images/BirdsAsiaJohnGoIIGoul/BirdsAsiaJohnGoIIGoul_0140.jp2,https://www.biodiversitylibrary.org/page/38534121,sheet-BirdsAsiaJohnGoIIGoul-0140.jpg,crop-BirdsAsiaJohnGoIIGoul-0140.jpg,
II,34,Plain Zosterops,Zosterops simplex,"ZOSTEROPS SIMPLEX, Swinh.",BirdsAsiaJohnGoIIGoul,118636,144,38534125,portrait,0,https://bhl-open-data.s3.us-east-2.amazonaws.com/images/BirdsAsiaJohnGoIIGoul/BirdsAsiaJohnGoIIGoul_0144.jp2,https://www.biodiversitylibrary.org/page/38534125,sheet-BirdsAsiaJohnGoIIGoul-0144.jpg,crop-BirdsAsiaJohnGoIIGoul-0144.jpg,
II,35,Chestnut-sided Zosterops,Zosterops erythropleura,"ZOSTEROPS ERYTHROPLEURUS, Swinh.",BirdsAsiaJohnGoIIGoul,118636,148,38534129,portrait,0,https://bhl-open-data.s3.us-east-2.amazonaws.com/images/BirdsAsiaJohnGoIIGoul/BirdsAsiaJohnGoIIGoul_0148.jp2,https://www.biodiversitylibrary.org/page/38534129,sheet-BirdsAsiaJohnGoIIGoul-0148.jpg,crop-BirdsAsiaJohnGoIIGoul-0148.jpg,
II,36,Red-collared Diceum,Diceum retrocinctum,"DICÆUM RETROCINCTUM, Gould.",BirdsAsiaJohnGoIIGoul,118636,152,38534133,portrait,0,https://bhl-open-data.s3.us-east-2.amazonaws.com/images/BirdsAsiaJohnGoIIGoul/BirdsAsiaJohnGoIIGoul_0152.jp2,https://www.biodiversitylibrary.org/page/38534133,sheet-BirdsAsiaJohnGoIIGoul-0152.jpg,crop-BirdsAsiaJohnGoIIGoul-0152.jpg,"not pinned in Featherframe: stood up and cut by the folio's rules, the crop not reviewed"
II,37,Yellow-throated Diceum,Diceum dorsale,"DICÆUM DORSALE, Sharpe.",BirdsAsiaJohnGoIIGoul,118636,156,38534137,portrait,0,https://bhl-open-data.s3.us-east-2.amazonaws.com/images/BirdsAsiaJohnGoIIGoul/BirdsAsiaJohnGoIIGoul_0156.jp2,https://www.biodiversitylibrary.org/page/38534137,sheet-BirdsAsiaJohnGoIIGoul-0156.jpg,crop-BirdsAsiaJohnGoIIGoul-0156.jpg,"not pinned in Featherframe: stood up and cut by the folio's rules, the crop not reviewed"
II,38,Red-backed Dicaeum,Diceum cruentum,DICÆUM CRUENTATUM.,BirdsAsiaJohnGoIIGoul,118636,160,38534141,portrait,0,https://bhl-open-data.s3.us-east-2.amazonaws.com/images/BirdsAsiaJohnGoIIGoul/BirdsAsiaJohnGoIIGoul_0160.jp2,https://www.biodiversitylibrary.org/page/38534141,sheet-BirdsAsiaJohnGoIIGoul-0160.jpg,crop-BirdsAsiaJohnGoIIGoul-0160.jpg,
II,39,Pryer's Dicaeum,Diceum Pryeri,"DICÆUM PRYERI, Sharpe.",BirdsAsiaJohnGoIIGoul,118636,164,38534145,portrait,0,https://bhl-open-data.s3.us-east-2.amazonaws.com/images/BirdsAsiaJohnGoIIGoul/BirdsAsiaJohnGoIIGoul_0164.jp2,https://www.biodiversitylibrary.org/page/38534145,sheet-BirdsAsiaJohnGoIIGoul-0164.jpg,crop-BirdsAsiaJohnGoIIGoul-0164.jpg,"not pinned in Featherframe: stood up and cut by the folio's rules, the crop not reviewed"
II,40,Fire-breasted Myzanthe,Myzanthe ignipectus,"MYZANTHE IGNIPECTUS, Hodgs.",BirdsAsiaJohnGoIIGoul,118636,168,38534149,portrait,0,https://bhl-open-data.s3.us-east-2.amazonaws.com/images/BirdsAsiaJohnGoIIGoul/BirdsAsiaJohnGoIIGoul_0168.jp2,https://www.biodiversitylibrary.org/page/38534149,sheet-BirdsAsiaJohnGoIIGoul-0168.jpg,crop-BirdsAsiaJohnGoIIGoul-0168.jpg,
II,41,Legge's Flower-pecker,Prionochilus vincens,"PRIONOCHILUS VINCENS, Sclater:",BirdsAsiaJohnGoIIGoul,118636,172,38534153,portrait,0,https://bhl-open-data.s3.us-east-2.amazonaws.com/images/BirdsAsiaJohnGoIIGoul/BirdsAsiaJohnGoIIGoul_0172.jp2,https://www.biodiversitylibrary.org/page/38534153,sheet-BirdsAsiaJohnGoIIGoul-0172.jpg,crop-BirdsAsiaJohnGoIIGoul-0172.jpg,"not pinned in Featherframe: stood up and cut by the folio's rules, the crop not reviewed"
II,42,Naga Nuthatch,Sitta nagaensis,"SITTA NAGAENSIS, Goduin-Austen.",BirdsAsiaJohnGoIIGoul,118636,176,38534157,portrait,0,https://bhl-open-data.s3.us-east-2.amazonaws.com/images/BirdsAsiaJohnGoIIGoul/BirdsAsiaJohnGoIIGoul_0176.jp2,https://www.biodiversitylibrary.org/page/38534157,sheet-BirdsAsiaJohnGoIIGoul-0176.jpg,crop-BirdsAsiaJohnGoIIGoul-0176.jpg,
II,43,Beautiful Nuthatch,Sitta formosa,SITTA FORMOSA: Blyt.,BirdsAsiaJohnGoIIGoul,118636,180,38534161,portrait,0,https://bhl-open-data.s3.us-east-2.amazonaws.com/images/BirdsAsiaJohnGoIIGoul/BirdsAsiaJohnGoIIGoul_0180.jp2,https://www.biodiversitylibrary.org/page/38534161,sheet-BirdsAsiaJohnGoIIGoul-0180.jpg,crop-BirdsAsiaJohnGoIIGoul-0180.jpg,"not pinned in Featherframe: stood up and cut by the folio's rules, the crop not reviewed"
II,44,Cinnamon-bellied Nuthatch,Sitta cinnamomeoventris,SITTA CINNAMOVENTRIS: Blyth.,BirdsAsiaJohnGoIIGoul,118636,184,38534165,portrait,0,https://bhl-open-data.s3.us-east-2.amazonaws.com/images/BirdsAsiaJohnGoIIGoul/BirdsAsiaJohnGoIIGoul_0184.jp2,https://www.biodiversitylibrary.org/page/38534165,sheet-BirdsAsiaJohnGoIIGoul-0184.jpg,crop-BirdsAsiaJohnGoIIGoul-0184.jpg,
II,45,Chestnut-bellied Nuthatch,Sitta castaneoventris,SITTA CASTANEOVENTRIS: Frankl:,BirdsAsiaJohnGoIIGoul,118636,188,38534169,portrait,0,https://bhl-open-data.s3.us-east-2.amazonaws.com/images/BirdsAsiaJohnGoIIGoul/BirdsAsiaJohnGoIIGoul_0188.jp2,https://www.biodiversitylibrary.org/page/38534169,sheet-BirdsAsiaJohnGoIIGoul-0188.jpg,crop-BirdsAsiaJohnGoIIGoul-0188.jpg,"not pinned in Featherframe: stood up and cut by the folio's rules, the crop not reviewed"
II,46,White-faced Nuthatch,Sitta leucopsis,SITTA LEUCOPSIS:Gould.,BirdsAsiaJohnGoIIGoul,118636,192,38534173,portrait,0,https://bhl-open-data.s3.us-east-2.amazonaws.com/images/BirdsAsiaJohnGoIIGoul/BirdsAsiaJohnGoIIGoul_0192.jp2,https://www.biodiversitylibrary.org/page/38534173,sheet-BirdsAsiaJohnGoIIGoul-0192.jpg,crop-BirdsAsiaJohnGoIIGoul-0192.jpg,"not pinned in Featherframe: stood up and cut by the folio's rules, the crop not reviewed"
II,47,Himalayan Nuthatch,Sitta Himalayensis,SITTA HIMALAYENSIS: Jard: & Selby.,BirdsAsiaJohnGoIIGoul,118636,196,38534177,portrait,0,https://bhl-open-data.s3.us-east-2.amazonaws.com/images/BirdsAsiaJohnGoIIGoul/BirdsAsiaJohnGoIIGoul_0196.jp2,https://www.biodiversitylibrary.org/page/38534177,sheet-BirdsAsiaJohnGoIIGoul-0196.jpg,crop-BirdsAsiaJohnGoIIGoul-0196.jpg,
II,48,White-naped Tit,Parus venustulus,"PARUS VENUSTULUS, Swinh.",BirdsAsiaJohnGoIIGoul,118636,200,38534181,portrait,0,https://bhl-open-data.s3.us-east-2.amazonaws.com/images/BirdsAsiaJohnGoIIGoul/BirdsAsiaJohnGoIIGoul_0200.jp2,https://www.biodiversitylibrary.org/page/38534181,sheet-BirdsAsiaJohnGoIIGoul-0200.jpg,crop-BirdsAsiaJohnGoIIGoul-0200.jpg,
II,49,Chestnut-bellied Tit,Parus castaneoventris,"PARUS CASTANEOVENTRIS, Could.",BirdsAsiaJohnGoIIGoul,118636,204,38534185,portrait,0,https://bhl-open-data.s3.us-east-2.amazonaws.com/images/BirdsAsiaJohnGoIIGoul/BirdsAsiaJohnGoIIGoul_0204.jp2,https://www.biodiversitylibrary.org/page/38534185,sheet-BirdsAsiaJohnGoIIGoul-0204.jpg,crop-BirdsAsiaJohnGoIIGoul-0204.jpg,
II,50,Elegant Tit,Parus elegans,"PARUS ELEGANS, Lesson",BirdsAsiaJohnGoIIGoul,118636,208,38534189,portrait,0,https://bhl-open-data.s3.us-east-2.amazonaws.com/images/BirdsAsiaJohnGoIIGoul/BirdsAsiaJohnGoIIGoul_0208.jp2,https://www.biodiversitylibrary.org/page/38534189,sheet-BirdsAsiaJohnGoIIGoul-0208.jpg,crop-BirdsAsiaJohnGoIIGoul-0208.jpg,
II,51,Sultan Tit,Melanochlora Sultanea,MELANOCELORA SULTANEA.,BirdsAsiaJohnGoIIGoul,118636,212,38534193,portrait,0,https://bhl-open-data.s3.us-east-2.amazonaws.com/images/BirdsAsiaJohnGoIIGoul/BirdsAsiaJohnGoIIGoul_0212.jp2,https://www.biodiversitylibrary.org/page/38534193,sheet-BirdsAsiaJohnGoIIGoul-0212.jpg,crop-BirdsAsiaJohnGoIIGoul-0212.jpg,
II,52,Yellow-cheeked Tit,Parus xanthogenys,"PARTS XANTHOGENYS, Vig.",BirdsAsiaJohnGoIIGoul,118636,216,38534197,portrait,0,https://bhl-open-data.s3.us-east-2.amazonaws.com/images/BirdsAsiaJohnGoIIGoul/BirdsAsiaJohnGoIIGoul_0216.jp2,https://www.biodiversitylibrary.org/page/38534197,sheet-BirdsAsiaJohnGoIIGoul-0216.jpg,crop-BirdsAsiaJohnGoIIGoul-0216.jpg,
II,53,Spotted Tit,Parus Spilonotus,"PARUS SPILONOTUS, Blyth.",BirdsAsiaJohnGoIIGoul,118636,220,38534201,portrait,0,https://bhl-open-data.s3.us-east-2.amazonaws.com/images/BirdsAsiaJohnGoIIGoul/BirdsAsiaJohnGoIIGoul_0220.jp2,https://www.biodiversitylibrary.org/page/38534201,sheet-BirdsAsiaJohnGoIIGoul-0220.jpg,crop-BirdsAsiaJohnGoIIGoul-0220.jpg,
II,54,Jerdon's Tit,Parus Jerdoni,"PARUS JERDONI, Blyth",BirdsAsiaJohnGoIIGoul,118636,224,38534205,portrait,0,https://bhl-open-data.s3.us-east-2.amazonaws.com/images/BirdsAsiaJohnGoIIGoul/BirdsAsiaJohnGoIIGoul_0224.jp2,https://www.biodiversitylibrary.org/page/38534205,sheet-BirdsAsiaJohnGoIIGoul-0224.jpg,crop-BirdsAsiaJohnGoIIGoul-0224.jpg,"not pinned in Featherframe: stood up and cut by the folio's rules, the crop not reviewed"
II,55,Ash-coloured Tit,Parus cinereus,"PARTS CINEREUS, Viill.",BirdsAsiaJohnGoIIGoul,118636,228,38534209,portrait,0,https://bhl-open-data.s3.us-east-2.amazonaws.com/images/BirdsAsiaJohnGoIIGoul/BirdsAsiaJohnGoIIGoul_0228.jp2,https://www.biodiversitylibrary.org/page/38534209,sheet-BirdsAsiaJohnGoIIGoul-0228.jpg,crop-BirdsAsiaJohnGoIIGoul-0228.jpg,
II,56,Chinese Tit,Parus minor,"PARUS MINOR, Temm & Schleg.",BirdsAsiaJohnGoIIGoul,118636,232,38534213,portrait,0,https://bhl-open-data.s3.us-east-2.amazonaws.com/images/BirdsAsiaJohnGoIIGoul/BirdsAsiaJohnGoIIGoul_0232.jp2,https://www.biodiversitylibrary.org/page/38534213,sheet-BirdsAsiaJohnGoIIGoul-0232.jpg,crop-BirdsAsiaJohnGoIIGoul-0232.jpg,
II,57,Mountain-Tit,Parus monticolus,"PARUS MONTICOLUS, Vig.",BirdsAsiaJohnGoIIGoul,118636,236,38534217,portrait,0,https://bhl-open-data.s3.us-east-2.amazonaws.com/images/BirdsAsiaJohnGoIIGoul/BirdsAsiaJohnGoIIGoul_0236.jp2,https://www.biodiversitylibrary.org/page/38534217,sheet-BirdsAsiaJohnGoIIGoul-0236.jpg,crop-BirdsAsiaJohnGoIIGoul-0236.jpg,
II,58,Grey Tit,Parus dichrous,"PARUS DICROUS, Hodgs.",BirdsAsiaJohnGoIIGoul,118636,240,38534221,portrait,0,https://bhl-open-data.s3.us-east-2.amazonaws.com/images/BirdsAsiaJohnGoIIGoul/BirdsAsiaJohnGoIIGoul_0240.jp2,https://www.biodiversitylibrary.org/page/38534221,sheet-BirdsAsiaJohnGoIIGoul-0240.jpg,crop-BirdsAsiaJohnGoIIGoul-0240.jpg,
II,59,Rufous-bellied Tit,Parus rubidiventris,"PARUS RUBIDIVENTRIS, Blyth",BirdsAsiaJohnGoIIGoul,118636,244,38534225,portrait,0,https://bhl-open-data.s3.us-east-2.amazonaws.com/images/BirdsAsiaJohnGoIIGoul/BirdsAsiaJohnGoIIGoul_0244.jp2,https://www.biodiversitylibrary.org/page/38534225,sheet-BirdsAsiaJohnGoIIGoul-0244.jpg,crop-BirdsAsiaJohnGoIIGoul-0244.jpg,
II,60,Rufous-naped Tit,Parus rufonuchalis,"PARUS RUFONUCHALIS, Blyth.",BirdsAsiaJohnGoIIGoul,118636,248,38534229,portrait,0,https://bhl-open-data.s3.us-east-2.amazonaws.com/images/BirdsAsiaJohnGoIIGoul/BirdsAsiaJohnGoIIGoul_0248.jp2,https://www.biodiversitylibrary.org/page/38534229,sheet-BirdsAsiaJohnGoIIGoul-0248.jpg,crop-BirdsAsiaJohnGoIIGoul-0248.jpg,
II,61,Black-crested Tit,Parus melanolophus,"PARUS MELANOLOPHUS, Vigors.",BirdsAsiaJohnGoIIGoul,118636,252,38534233,portrait,0,https://bhl-open-data.s3.us-east-2.amazonaws.com/images/BirdsAsiaJohnGoIIGoul/BirdsAsiaJohnGoIIGoul_0252.jp2,https://www.biodiversitylibrary.org/page/38534233,sheet-BirdsAsiaJohnGoIIGoul-0252.jpg,crop-BirdsAsiaJohnGoIIGoul-0252.jpg,"not pinned in Featherframe: stood up and cut by the folio's rules, the crop not reviewed"
II,62,Yarkand Tit,Leptopoecile Sophiae,"LEPТОPECIE SOPHA, Cab.",BirdsAsiaJohnGoIIGoul,118636,256,38534237,portrait,0,https://bhl-open-data.s3.us-east-2.amazonaws.com/images/BirdsAsiaJohnGoIIGoul/BirdsAsiaJohnGoIIGoul_0256.jp2,https://www.biodiversitylibrary.org/page/38534237,sheet-BirdsAsiaJohnGoIIGoul-0256.jpg,crop-BirdsAsiaJohnGoIIGoul-0256.jpg,
II,63,Exile Tit,Psaltria exilis,"PSAITRIA EXIIS, Temm.",BirdsAsiaJohnGoIIGoul,118636,260,38534241,portrait,0,https://bhl-open-data.s3.us-east-2.amazonaws.com/images/BirdsAsiaJohnGoIIGoul/BirdsAsiaJohnGoIIGoul_0260.jp2,https://www.biodiversitylibrary.org/page/38534241,sheet-BirdsAsiaJohnGoIIGoul-0260.jpg,crop-BirdsAsiaJohnGoIIGoul-0260.jpg,"not pinned in Featherframe: stood up and cut by the folio's rules, the crop not reviewed"
II,64,Red-headed Tit,Psaltria erythrocephala,PSALTRIA ERYTHROCEPHALA.,BirdsAsiaJohnGoIIGoul,118636,264,38534245,portrait,0,https://bhl-open-data.s3.us-east-2.amazonaws.com/images/BirdsAsiaJohnGoIIGoul/BirdsAsiaJohnGoIIGoul_0264.jp2,https://www.biodiversitylibrary.org/page/38534245,sheet-BirdsAsiaJohnGoIIGoul-0264.jpg,crop-BirdsAsiaJohnGoIIGoul-0264.jpg,"not pinned in Featherframe: stood up and cut by the folio's rules, the crop not reviewed"
II,65,Elegant Tit,Psaltria concinna,"PSALTRIA CONCINNA, Gould.",BirdsAsiaJohnGoIIGoul,118636,268,38534249,portrait,0,https://bhl-open-data.s3.us-east-2.amazonaws.com/images/BirdsAsiaJohnGoIIGoul/BirdsAsiaJohnGoIIGoul_0268.jp2,https://www.biodiversitylibrary.org/page/38534249,sheet-BirdsAsiaJohnGoIIGoul-0268.jpg,crop-BirdsAsiaJohnGoIIGoul-0268.jpg,
II,66,Afghan Tit,Psaltria leucogenys,PSALTRIA? LEUCOGENYS.,BirdsAsiaJohnGoIIGoul,118636,272,38534253,portrait,0,https://bhl-open-data.s3.us-east-2.amazonaws.com/images/BirdsAsiaJohnGoIIGoul/BirdsAsiaJohnGoIIGoul_0272.jp2,https://www.biodiversitylibrary.org/page/38534253,sheet-BirdsAsiaJohnGoIIGoul-0272.jpg,crop-BirdsAsiaJohnGoIIGoul-0272.jpg,"not pinned in Featherframe: stood up and cut by the folio's rules, the crop not reviewed"
II,67,White-throated Tit,Acanthiparus niveogularis,"ACANTHIPARUS NIVEOGULARIS, Gould",BirdsAsiaJohnGoIIGoul,118636,276,38534257,portrait,0,https://bhl-open-data.s3.us-east-2.amazonaws.com/images/BirdsAsiaJohnGoIIGoul/BirdsAsiaJohnGoIIGoul_0276.jp2,https://www.biodiversitylibrary.org/page/38534257,sheet-BirdsAsiaJohnGoIIGoul-0276.jpg,crop-BirdsAsiaJohnGoIIGoul-0276.jpg,
II,68,Chestnut-breasted Tit,Acanthiparus Jouschistos,ACANTHIPARUS ? JOUSCHISTOS.,BirdsAsiaJohnGoIIGoul,118636,280,38534261,portrait,0,https://bhl-open-data.s3.us-east-2.amazonaws.com/images/BirdsAsiaJohnGoIIGoul/BirdsAsiaJohnGoIIGoul_0280.jp2,https://www.biodiversitylibrary.org/page/38534261,sheet-BirdsAsiaJohnGoIIGoul-0280.jpg,crop-BirdsAsiaJohnGoIIGoul-0280.jpg,
II,69,Silvery-throated Tit,Mecistura glaucogularis,"MECISTURA GHAUCUGULARIS, Gould",BirdsAsiaJohnGoIIGoul,118636,284,38534265,portrait,0,https://bhl-open-data.s3.us-east-2.amazonaws.com/images/BirdsAsiaJohnGoIIGoul/BirdsAsiaJohnGoIIGoul_0284.jp2,https://www.biodiversitylibrary.org/page/38534265,sheet-BirdsAsiaJohnGoIIGoul-0284.jpg,crop-BirdsAsiaJohnGoIIGoul-0284.jpg,
II,70,Chinese Penduline Tit,Aigithalus consobrinus,"ÆEGITHALUS CONSOBRINUS, Swirh.",BirdsAsiaJohnGoIIGoul,118636,288,38534269,portrait,0,https://bhl-open-data.s3.us-east-2.amazonaws.com/images/BirdsAsiaJohnGoIIGoul/BirdsAsiaJohnGoIIGoul_0288.jp2,https://www.biodiversitylibrary.org/page/38534269,sheet-BirdsAsiaJohnGoIIGoul-0288.jpg,crop-BirdsAsiaJohnGoIIGoul-0288.jpg,
II,71,Flame-fronted Flower-pecker,Aigithalus flammiceps,"ÆGITHALUS FLAMMICEPS, Burton.",BirdsAsiaJohnGoIIGoul,118636,292,38534273,portrait,0,https://bhl-open-data.s3.us-east-2.amazonaws.com/images/BirdsAsiaJohnGoIIGoul/BirdsAsiaJohnGoIIGoul_0292.jp2,https://www.biodiversitylibrary.org/page/38534273,sheet-BirdsAsiaJohnGoIIGoul-0292.jpg,crop-BirdsAsiaJohnGoIIGoul-0292.jpg,"not pinned in Featherframe: stood up and cut by the folio's rules, the crop not reviewed"
II,72,Philippine Oriole,Oriolus chinensis,"ORIOLUS CHINENSIS, Linn.",BirdsAsiaJohnGoIIGoul,118636,296,38534277,portrait,0,https://bhl-open-data.s3.us-east-2.amazonaws.com/images/BirdsAsiaJohnGoIIGoul/BirdsAsiaJohnGoIIGoul_0296.jp2,https://www.biodiversitylibrary.org/page/38534277,sheet-BirdsAsiaJohnGoIIGoul-0296.jpg,crop-BirdsAsiaJohnGoIIGoul-0296.jpg,
II,73,Broderip's Oriole,Oriolus Broderipi,"ORIOLUS BRODERIPI, Bonap",BirdsAsiaJohnGoIIGoul,118636,300,38534281,portrait,0,https://bhl-open-data.s3.us-east-2.amazonaws.com/images/BirdsAsiaJohnGoIIGoul/BirdsAsiaJohnGoIIGoul_0300.jp2,https://www.biodiversitylibrary.org/page/38534281,sheet-BirdsAsiaJohnGoIIGoul-0300.jpg,crop-BirdsAsiaJohnGoIIGoul-0300.jpg,"not pinned in Featherframe: stood up and cut by the folio's rules, the crop not reviewed"
II,74,Maroon Oriole,Psaropholus Trailli,PSAROPHOLUS TRAULLI.,BirdsAsiaJohnGoIIGoul,118636,304,38534285,portrait,0,https://bhl-open-data.s3.us-east-2.amazonaws.com/images/BirdsAsiaJohnGoIIGoul/BirdsAsiaJohnGoIIGoul_0304.jp2,https://www.biodiversitylibrary.org/page/38534285,sheet-BirdsAsiaJohnGoIIGoul-0304.jpg,crop-BirdsAsiaJohnGoIIGoul-0304.jpg,
II,75,Red Oriole,Psaropholus ardens,"PSAROPHOLUS ARDENS, Swinh.",BirdsAsiaJohnGoIIGoul,118636,308,38534289,portrait,0,https://bhl-open-data.s3.us-east-2.amazonaws.com/images/BirdsAsiaJohnGoIIGoul/BirdsAsiaJohnGoIIGoul_0308.jp2,https://www.biodiversitylibrary.org/page/38534289,sheet-BirdsAsiaJohnGoIIGoul-0308.jpg,crop-BirdsAsiaJohnGoIIGoul-0308.jpg,"not pinned in Featherframe: stood up and cut by the folio's rules, the crop not reviewed"
III,1,Clouded Thrush,Turdus fuscatus,"TURDUS FUSCATUS, Pall.",BirdsAsiaJohnGoIIIGoul,118635,12,38533713,portrait,0,https://bhl-open-data.s3.us-east-2.amazonaws.com/images/BirdsAsiaJohnGoIIIGoul/BirdsAsiaJohnGoIIIGoul_0012.jp2,https://www.biodiversitylibrary.org/page/38533713,sheet-BirdsAsiaJohnGoIIIGoul-0012.jpg,crop-BirdsAsiaJohnGoIIIGoul-0012.jpg,
III,2,Red-throated Thrush,Turdus ruficollis,"TURDUS RUFICOLLIS, Pall.",BirdsAsiaJohnGoIIIGoul,118635,16,38533709,portrait,0,https://bhl-open-data.s3.us-east-2.amazonaws.com/images/BirdsAsiaJohnGoIIIGoul/BirdsAsiaJohnGoIIIGoul_0016.jp2,https://www.biodiversitylibrary.org/page/38533709,sheet-BirdsAsiaJohnGoIIIGoul-0016.jpg,crop-BirdsAsiaJohnGoIIIGoul-0016.jpg,
III,3,Gould's Thrush,Turdus Gouldi,"TURDUS GOULDI, J.Verr.",BirdsAsiaJohnGoIIIGoul,118635,20,38533705,portrait,0,https://bhl-open-data.s3.us-east-2.amazonaws.com/images/BirdsAsiaJohnGoIIIGoul/BirdsAsiaJohnGoIIIGoul_0020.jp2,https://www.biodiversitylibrary.org/page/38533705,sheet-BirdsAsiaJohnGoIIIGoul-0020.jpg,crop-BirdsAsiaJohnGoIIIGoul-0020.jpg,"not pinned in Featherframe: stood up and cut by the folio's rules, the crop not reviewed"
III,4,Affghan Thrush,Merula unicolor,"MERULA UNICOLOR, Gould.",BirdsAsiaJohnGoIIIGoul,118635,24,38533701,portrait,0,https://bhl-open-data.s3.us-east-2.amazonaws.com/images/BirdsAsiaJohnGoIIIGoul/BirdsAsiaJohnGoIIIGoul_0024.jp2,https://www.biodiversitylibrary.org/page/38533701,sheet-BirdsAsiaJohnGoIIIGoul-0024.jpg,crop-BirdsAsiaJohnGoIIIGoul-0024.jpg,
III,5,Chestnut-coloured Merula,Merula castanea,"MERULA CASTANEA, Gould",BirdsAsiaJohnGoIIIGoul,118635,28,38533697,portrait,0,https://bhl-open-data.s3.us-east-2.amazonaws.com/images/BirdsAsiaJohnGoIIIGoul/BirdsAsiaJohnGoIIIGoul_0028.jp2,https://www.biodiversitylibrary.org/page/38533697,sheet-BirdsAsiaJohnGoIIIGoul-0028.jpg,crop-BirdsAsiaJohnGoIIIGoul-0028.jpg,"not pinned in Featherframe: stood up and cut by the folio's rules, the crop not reviewed"
III,6,White-collared Merula,Merula albocincta,MERULA ALBOCINCTA.,BirdsAsiaJohnGoIIIGoul,118635,32,38533693,portrait,0,https://bhl-open-data.s3.us-east-2.amazonaws.com/images/BirdsAsiaJohnGoIIIGoul/BirdsAsiaJohnGoIIIGoul_0032.jp2,https://www.biodiversitylibrary.org/page/38533693,sheet-BirdsAsiaJohnGoIIIGoul-0032.jpg,crop-BirdsAsiaJohnGoIIIGoul-0032.jpg,
III,7,Grey-winged Merula,Merula Boulboul,MERULA BOULBOUL.,BirdsAsiaJohnGoIIIGoul,118635,36,38533689,portrait,0,https://bhl-open-data.s3.us-east-2.amazonaws.com/images/BirdsAsiaJohnGoIIIGoul/BirdsAsiaJohnGoIIIGoul_0036.jp2,https://www.biodiversitylibrary.org/page/38533689,sheet-BirdsAsiaJohnGoIIIGoul-0036.jpg,crop-BirdsAsiaJohnGoIIIGoul-0036.jpg,
III,8,Chestnut-bellied Rock-Thrush,Petrocincla erythrogastra,PETROCINCLA ERYTHROGASTRA.,BirdsAsiaJohnGoIIIGoul,118635,40,38533655,portrait,0,https://bhl-open-data.s3.us-east-2.amazonaws.com/images/BirdsAsiaJohnGoIIIGoul/BirdsAsiaJohnGoIIIGoul_0040.jp2,https://www.biodiversitylibrary.org/page/38533655,sheet-BirdsAsiaJohnGoIIIGoul-0040.jpg,crop-BirdsAsiaJohnGoIIIGoul-0040.jpg,
III,9,Crested Spizixos,Spizixos canifrons,"SPIZIXOS CANIFRONS, Blyth.",BirdsAsiaJohnGoIIIGoul,118635,44,38533659,portrait,0,https://bhl-open-data.s3.us-east-2.amazonaws.com/images/BirdsAsiaJohnGoIIIGoul/BirdsAsiaJohnGoIIIGoul_0044.jp2,https://www.biodiversitylibrary.org/page/38533659,sheet-BirdsAsiaJohnGoIIIGoul-0044.jpg,crop-BirdsAsiaJohnGoIIIGoul-0044.jpg,
III,10,Chinese Spizixos,Spizixos semitorques,"SPIZIXOS SEMITORQUES, Swinh.",BirdsAsiaJohnGoIIIGoul,118635,48,38533663,portrait,0,https://bhl-open-data.s3.us-east-2.amazonaws.com/images/BirdsAsiaJohnGoIIIGoul/BirdsAsiaJohnGoIIIGoul_0048.jp2,https://www.biodiversitylibrary.org/page/38533663,sheet-BirdsAsiaJohnGoIIIGoul-0048.jpg,crop-BirdsAsiaJohnGoIIIGoul-0048.jpg,
III,11,Chinese Bulbul,Ixus sinensis,IZUS SINENSIS .,BirdsAsiaJohnGoIIIGoul,118635,52,38533667,portrait,0,https://bhl-open-data.s3.us-east-2.amazonaws.com/images/BirdsAsiaJohnGoIIIGoul/BirdsAsiaJohnGoIIIGoul_0052.jp2,https://www.biodiversitylibrary.org/page/38533667,sheet-BirdsAsiaJohnGoIIIGoul-0052.jpg,crop-BirdsAsiaJohnGoIIIGoul-0052.jpg,
III,12,Formosan Hypsipetes,Hypsipetes nigerrima,"HYPSIPETES NIGERRIMA, Gould.",BirdsAsiaJohnGoIIIGoul,118635,56,38533671,portrait,0,https://bhl-open-data.s3.us-east-2.amazonaws.com/images/BirdsAsiaJohnGoIIIGoul/BirdsAsiaJohnGoIIIGoul_0056.jp2,https://www.biodiversitylibrary.org/page/38533671,sheet-BirdsAsiaJohnGoIIIGoul-0056.jpg,crop-BirdsAsiaJohnGoIIIGoul-0056.jpg,"not pinned in Featherframe: stood up and cut by the folio's rules, the crop not reviewed"
III,13,Javanese Phyllornis,Phyllornis Javensis,PHYLLORNIS JAVENSIS.,BirdsAsiaJohnGoIIIGoul,118635,60,38533675,portrait,0,https://bhl-open-data.s3.us-east-2.amazonaws.com/images/BirdsAsiaJohnGoIIIGoul/BirdsAsiaJohnGoIIIGoul_0060.jp2,https://www.biodiversitylibrary.org/page/38533675,sheet-BirdsAsiaJohnGoIIIGoul-0060.jpg,crop-BirdsAsiaJohnGoIIIGoul-0060.jpg,"not pinned in Featherframe: stood up and cut by the folio's rules, the crop not reviewed"
III,14,Hardwick's Phyllornis,Phyllornis Hardwicki,PHYLLORNIS HARDWICKI.,BirdsAsiaJohnGoIIIGoul,118635,64,38533679,portrait,0,https://bhl-open-data.s3.us-east-2.amazonaws.com/images/BirdsAsiaJohnGoIIIGoul/BirdsAsiaJohnGoIIIGoul_0064.jp2,https://www.biodiversitylibrary.org/page/38533679,sheet-BirdsAsiaJohnGoIIIGoul-0064.jpg,crop-BirdsAsiaJohnGoIIIGoul-0064.jpg,
III,15,Hodgson's Phyllornis,Phyllornis Hodgsoni,PHYLLORNIS HODGSONI.,BirdsAsiaJohnGoIIIGoul,118635,68,38533683,portrait,0,https://bhl-open-data.s3.us-east-2.amazonaws.com/images/BirdsAsiaJohnGoIIIGoul/BirdsAsiaJohnGoIIIGoul_0068.jp2,https://www.biodiversitylibrary.org/page/38533683,sheet-BirdsAsiaJohnGoIIIGoul-0068.jpg,crop-BirdsAsiaJohnGoIIIGoul-0068.jpg,"not pinned in Featherframe: stood up and cut by the folio's rules, the crop not reviewed"
III,16,Malabar Phyllornis,Phyllornis Malabaricus,PHYLLORNIS MALABARICUS.,BirdsAsiaJohnGoIIIGoul,118635,72,38533725,portrait,0,https://bhl-open-data.s3.us-east-2.amazonaws.com/images/BirdsAsiaJohnGoIIIGoul/BirdsAsiaJohnGoIIIGoul_0072.jp2,https://www.biodiversitylibrary.org/page/38533725,sheet-BirdsAsiaJohnGoIIIGoul-0072.jpg,crop-BirdsAsiaJohnGoIIIGoul-0072.jpg,"not pinned in Featherframe: stood up and cut by the folio's rules, the crop not reviewed"
III,17,Jerdon's Phyllornis,Phyllornis Jerdoni,PHYLLORNIS JERDONI®,BirdsAsiaJohnGoIIIGoul,118635,76,38533729,portrait,0,https://bhl-open-data.s3.us-east-2.amazonaws.com/images/BirdsAsiaJohnGoIIIGoul/BirdsAsiaJohnGoIIIGoul_0076.jp2,https://www.biodiversitylibrary.org/page/38533729,sheet-BirdsAsiaJohnGoIIIGoul-0076.jpg,crop-BirdsAsiaJohnGoIIIGoul-0076.jpg,
III,18,All-green Phyllornis,Phyllornis cyanopogon,"PHYLLORNIS CYANOPOGON, Temm.",BirdsAsiaJohnGoIIIGoul,118635,80,38533733,portrait,0,https://bhl-open-data.s3.us-east-2.amazonaws.com/images/BirdsAsiaJohnGoIIIGoul/BirdsAsiaJohnGoIIIGoul_0080.jp2,https://www.biodiversitylibrary.org/page/38533733,sheet-BirdsAsiaJohnGoIIIGoul-0080.jpg,crop-BirdsAsiaJohnGoIIIGoul-0080.jpg,
III,19,Malayan Fairy Bluebird,Irena cyanea,IRENA CYANEA.,BirdsAsiaJohnGoIIIGoul,118635,84,38533737,portrait,0,https://bhl-open-data.s3.us-east-2.amazonaws.com/images/BirdsAsiaJohnGoIIIGoul/BirdsAsiaJohnGoIIIGoul_0084.jp2,https://www.biodiversitylibrary.org/page/38533737,sheet-BirdsAsiaJohnGoIIIGoul-0084.jpg,crop-BirdsAsiaJohnGoIIIGoul-0084.jpg,"not pinned in Featherframe: stood up and cut by the folio's rules, the crop not reviewed"
III,20,Bornean Fairy Bluebird,Irena criniger,IRENA CRINIGER.,BirdsAsiaJohnGoIIIGoul,118635,88,38533741,portrait,0,https://bhl-open-data.s3.us-east-2.amazonaws.com/images/BirdsAsiaJohnGoIIIGoul/BirdsAsiaJohnGoIIIGoul_0088.jp2,https://www.biodiversitylibrary.org/page/38533741,sheet-BirdsAsiaJohnGoIIIGoul-0088.jpg,crop-BirdsAsiaJohnGoIIIGoul-0088.jpg,"not pinned in Featherframe: stood up and cut by the folio's rules, the crop not reviewed"
III,21,Indian Fairy Bluebird,Irena puella,IRENA PUELLA.,BirdsAsiaJohnGoIIIGoul,118635,92,38533745,portrait,0,https://bhl-open-data.s3.us-east-2.amazonaws.com/images/BirdsAsiaJohnGoIIIGoul/BirdsAsiaJohnGoIIIGoul_0092.jp2,https://www.biodiversitylibrary.org/page/38533745,sheet-BirdsAsiaJohnGoIIIGoul-0092.jpg,crop-BirdsAsiaJohnGoIIIGoul-0092.jpg,
III,22,Blue-mantled Fairy Bluebird,Irena cyanogastra,"IRENA CYANOGASTRA, Vigors.",BirdsAsiaJohnGoIIIGoul,118635,96,38533749,portrait,0,https://bhl-open-data.s3.us-east-2.amazonaws.com/images/BirdsAsiaJohnGoIIIGoul/BirdsAsiaJohnGoIIIGoul_0096.jp2,https://www.biodiversitylibrary.org/page/38533749,sheet-BirdsAsiaJohnGoIIIGoul-0096.jpg,crop-BirdsAsiaJohnGoIIIGoul-0096.jpg,
III,23,Black-mantled Fairy Bluebird,Irena melanochlamys,"IRENA MELANOCHLAMYS, Sharpe.",BirdsAsiaJohnGoIIIGoul,118635,100,38533753,portrait,0,https://bhl-open-data.s3.us-east-2.amazonaws.com/images/BirdsAsiaJohnGoIIIGoul/BirdsAsiaJohnGoIIIGoul_0100.jp2,https://www.biodiversitylibrary.org/page/38533753,sheet-BirdsAsiaJohnGoIIIGoul-0100.jpg,crop-BirdsAsiaJohnGoIIIGoul-0100.jpg,"not pinned in Featherframe: stood up and cut by the folio's rules, the crop not reviewed"
III,24,Dial Bird,Copsychus saularis,COPSYCHUS SAULARIS.,BirdsAsiaJohnGoIIIGoul,118635,104,38533757,portrait,0,https://bhl-open-data.s3.us-east-2.amazonaws.com/images/BirdsAsiaJohnGoIIIGoul/BirdsAsiaJohnGoIIIGoul_0104.jp2,https://www.biodiversitylibrary.org/page/38533757,sheet-BirdsAsiaJohnGoIIIGoul-0104.jpg,crop-BirdsAsiaJohnGoIIIGoul-0104.jpg,
III,25,Malaccan Dial Bird,Copsychus Mindanensis,COPSYCHUS MINDANENSIS.,BirdsAsiaJohnGoIIIGoul,118635,108,38533761,portrait,0,https://bhl-open-data.s3.us-east-2.amazonaws.com/images/BirdsAsiaJohnGoIIIGoul/BirdsAsiaJohnGoIIIGoul_0108.jp2,https://www.biodiversitylibrary.org/page/38533761,sheet-BirdsAsiaJohnGoIIIGoul-0108.jpg,crop-BirdsAsiaJohnGoIIIGoul-0108.jpg,
III,26,Chestnut-bellied Dial Bird,Copsychus suavis,"COPSYCHUS SUAVIS, Sclat.",BirdsAsiaJohnGoIIIGoul,118635,112,38533765,portrait,0,https://bhl-open-data.s3.us-east-2.amazonaws.com/images/BirdsAsiaJohnGoIIIGoul/BirdsAsiaJohnGoIIIGoul_0112.jp2,https://www.biodiversitylibrary.org/page/38533765,sheet-BirdsAsiaJohnGoIIIGoul-0112.jpg,crop-BirdsAsiaJohnGoIIIGoul-0112.jpg,"not pinned in Featherframe: stood up and cut by the folio's rules, the crop not reviewed"
III,27,Bligh's Whistling Thrush,Myiophoneus Blighi,"MYTOPHONUS, Arrenga). BLIGHI, Holdsworth.",BirdsAsiaJohnGoIIIGoul,118635,116,38533769,portrait,0,https://bhl-open-data.s3.us-east-2.amazonaws.com/images/BirdsAsiaJohnGoIIIGoul/BirdsAsiaJohnGoIIIGoul_0116.jp2,https://www.biodiversitylibrary.org/page/38533769,sheet-BirdsAsiaJohnGoIIIGoul-0116.jpg,crop-BirdsAsiaJohnGoIIIGoul-0116.jpg,"not pinned in Featherframe: stood up and cut by the folio's rules, the crop not reviewed"
III,28,Formosan Whistling Thrush,Myiophoneus insularis,"MYIOPHONEUS INSULARIS, Gould",BirdsAsiaJohnGoIIIGoul,118635,120,38533773,portrait,0,https://bhl-open-data.s3.us-east-2.amazonaws.com/images/BirdsAsiaJohnGoIIIGoul/BirdsAsiaJohnGoIIIGoul_0120.jp2,https://www.biodiversitylibrary.org/page/38533773,sheet-BirdsAsiaJohnGoIIIGoul-0120.jpg,crop-BirdsAsiaJohnGoIIIGoul-0120.jpg,
III,29,White-bellied Callene,Callene albiventris,"CALLENE ALBIVENTRIS , Fairb.",BirdsAsiaJohnGoIIIGoul,118635,124,38533777,portrait,0,https://bhl-open-data.s3.us-east-2.amazonaws.com/images/BirdsAsiaJohnGoIIIGoul/BirdsAsiaJohnGoIIIGoul_0124.jp2,https://www.biodiversitylibrary.org/page/38533777,sheet-BirdsAsiaJohnGoIIIGoul-0124.jpg,crop-BirdsAsiaJohnGoIIIGoul-0124.jpg,
III,30,Slender-billed Chat-Thrush,Leioptila annectens,"LIOPTILA ANNECTANS, Blyth.",BirdsAsiaJohnGoIIIGoul,118635,128,38533781,portrait,0,https://bhl-open-data.s3.us-east-2.amazonaws.com/images/BirdsAsiaJohnGoIIIGoul/BirdsAsiaJohnGoIIIGoul_0128.jp2,https://www.biodiversitylibrary.org/page/38533781,sheet-BirdsAsiaJohnGoIIIGoul-0128.jpg,crop-BirdsAsiaJohnGoIIIGoul-0128.jpg,
III,31,Himalayan Conostoma,Conostoma emodium,"COVOSTOMA ÆEMODTUM, Hoags",BirdsAsiaJohnGoIIIGoul,118635,132,38533785,portrait,0,https://bhl-open-data.s3.us-east-2.amazonaws.com/images/BirdsAsiaJohnGoIIIGoul/BirdsAsiaJohnGoIIIGoul_0132.jp2,https://www.biodiversitylibrary.org/page/38533785,sheet-BirdsAsiaJohnGoIIIGoul-0132.jpg,crop-BirdsAsiaJohnGoIIIGoul-0132.jpg,
III,32,Black-and-white Sibia,Sibia melanoleuca,"SIBIA MELANOLEUCA, Tickell.",BirdsAsiaJohnGoIIIGoul,118635,136,38533789,portrait,0,https://bhl-open-data.s3.us-east-2.amazonaws.com/images/BirdsAsiaJohnGoIIIGoul/BirdsAsiaJohnGoIIIGoul_0136.jp2,https://www.biodiversitylibrary.org/page/38533789,sheet-BirdsAsiaJohnGoIIIGoul-0136.jpg,crop-BirdsAsiaJohnGoIIIGoul-0136.jpg,
III,33,Red-kneed Pomatorhinus,Pomatorhinus erythrocnemis,"POMATORHINUS ERYTHROCNEMIS, Gould.",BirdsAsiaJohnGoIIIGoul,118635,140,38533793,portrait,0,https://bhl-open-data.s3.us-east-2.amazonaws.com/images/BirdsAsiaJohnGoIIIGoul/BirdsAsiaJohnGoIIIGoul_0140.jp2,https://www.biodiversitylibrary.org/page/38533793,sheet-BirdsAsiaJohnGoIIIGoul-0140.jpg,crop-BirdsAsiaJohnGoIIIGoul-0140.jpg,
III,34,Scimitar-bill,Xiphoramphus superciliaris,"XIPHORHAMPHUS SUPERCILIARIS, Blyth.",BirdsAsiaJohnGoIIIGoul,118635,144,38533797,portrait,0,https://bhl-open-data.s3.us-east-2.amazonaws.com/images/BirdsAsiaJohnGoIIIGoul/BirdsAsiaJohnGoIIIGoul_0144.jp2,https://www.biodiversitylibrary.org/page/38533797,sheet-BirdsAsiaJohnGoIIIGoul-0144.jpg,crop-BirdsAsiaJohnGoIIIGoul-0144.jpg,
III,35,Crimson-winged Trochalopteron,Trochalopteron phoeniceum,TROCHALOPTERON PHŒMICEUM.,BirdsAsiaJohnGoIIIGoul,118635,148,38533801,portrait,0,https://bhl-open-data.s3.us-east-2.amazonaws.com/images/BirdsAsiaJohnGoIIIGoul/BirdsAsiaJohnGoIIIGoul_0148.jp2,https://www.biodiversitylibrary.org/page/38533801,sheet-BirdsAsiaJohnGoIIIGoul-0148.jpg,crop-BirdsAsiaJohnGoIIIGoul-0148.jpg,"not pinned in Featherframe: stood up and cut by the folio's rules, the crop not reviewed"
III,36,Beautiful Trochalopteron,Trochalopteron formosum,"TROCHALOPTERON FORMOSUM, J.Verr.",BirdsAsiaJohnGoIIIGoul,118635,152,38533805,portrait,0,https://bhl-open-data.s3.us-east-2.amazonaws.com/images/BirdsAsiaJohnGoIIIGoul/BirdsAsiaJohnGoIIIGoul_0152.jp2,https://www.biodiversitylibrary.org/page/38533805,sheet-BirdsAsiaJohnGoIIIGoul-0152.jpg,crop-BirdsAsiaJohnGoIIIGoul-0152.jpg,"not pinned in Featherframe: stood up and cut by the folio's rules, the crop not reviewed"
III,37,Allied Thrush,Trochalopteron affine,"TROCHALOPTERON AFFINE, Hodgs.",BirdsAsiaJohnGoIIIGoul,118635,156,38533809,portrait,0,https://bhl-open-data.s3.us-east-2.amazonaws.com/images/BirdsAsiaJohnGoIIIGoul/BirdsAsiaJohnGoIIIGoul_0156.jp2,https://www.biodiversitylibrary.org/page/38533809,sheet-BirdsAsiaJohnGoIIIGoul-0156.jpg,crop-BirdsAsiaJohnGoIIIGoul-0156.jpg,
III,38,Variegated Thrush,Trochalopteron variegatum,TROCHALOPTERON VARIEGATUM.,BirdsAsiaJohnGoIIIGoul,118635,160,38533813,portrait,0,https://bhl-open-data.s3.us-east-2.amazonaws.com/images/BirdsAsiaJohnGoIIIGoul/BirdsAsiaJohnGoIIIGoul_0160.jp2,https://www.biodiversitylibrary.org/page/38533813,sheet-BirdsAsiaJohnGoIIIGoul-0160.jpg,crop-BirdsAsiaJohnGoIIIGoul-0160.jpg,
III,39,Cinereous Trochalopteron,Trochalopteron cineraceum,"TROCHALOPTERON CINERACEUM, Godwin-dusten.",BirdsAsiaJohnGoIIIGoul,118635,164,38533817,portrait,0,https://bhl-open-data.s3.us-east-2.amazonaws.com/images/BirdsAsiaJohnGoIIIGoul/BirdsAsiaJohnGoIIIGoul_0164.jp2,https://www.biodiversitylibrary.org/page/38533817,sheet-BirdsAsiaJohnGoIIIGoul-0164.jpg,crop-BirdsAsiaJohnGoIIIGoul-0164.jpg,"not pinned in Featherframe: stood up and cut by the folio's rules, the crop not reviewed"
III,40,White-eyebrowed Trochalopteron,Trochalopteron virgatum,"TROCHALOPTERON VIRGATUM, GodwinAuster.",BirdsAsiaJohnGoIIIGoul,118635,168,38533821,portrait,0,https://bhl-open-data.s3.us-east-2.amazonaws.com/images/BirdsAsiaJohnGoIIIGoul/BirdsAsiaJohnGoIIIGoul_0168.jp2,https://www.biodiversitylibrary.org/page/38533821,sheet-BirdsAsiaJohnGoIIIGoul-0168.jpg,crop-BirdsAsiaJohnGoIIIGoul-0168.jpg,
III,41,Blyth's Laughing Thrush,Trochalopteron Blythii,"TROCHALOPTERON BLYTHU, J.Verr.",BirdsAsiaJohnGoIIIGoul,118635,172,38533825,portrait,0,https://bhl-open-data.s3.us-east-2.amazonaws.com/images/BirdsAsiaJohnGoIIIGoul/BirdsAsiaJohnGoIIIGoul_0172.jp2,https://www.biodiversitylibrary.org/page/38533825,sheet-BirdsAsiaJohnGoIIIGoul-0172.jpg,crop-BirdsAsiaJohnGoIIIGoul-0172.jpg,"not pinned in Featherframe: stood up and cut by the folio's rules, the crop not reviewed"
III,42,Elliot's Trochalopteron,Trochalopteron Elliotii,"TROCHALOPTERON ELLIOTI, J.Ver.",BirdsAsiaJohnGoIIIGoul,118635,176,38533829,portrait,0,https://bhl-open-data.s3.us-east-2.amazonaws.com/images/BirdsAsiaJohnGoIIIGoul/BirdsAsiaJohnGoIIIGoul_0176.jp2,https://www.biodiversitylibrary.org/page/38533829,sheet-BirdsAsiaJohnGoIIIGoul-0176.jpg,crop-BirdsAsiaJohnGoIIIGoul-0176.jpg,
III,43,Tickell's Laughing Thrush,Trochalopteron melanostigma,"TROCHALOPTERON MELANOSTIGMA, Blyth.",BirdsAsiaJohnGoIIIGoul,118635,180,38533833,portrait,0,https://bhl-open-data.s3.us-east-2.amazonaws.com/images/BirdsAsiaJohnGoIIIGoul/BirdsAsiaJohnGoIIIGoul_0180.jp2,https://www.biodiversitylibrary.org/page/38533833,sheet-BirdsAsiaJohnGoIIIGoul-0180.jpg,crop-BirdsAsiaJohnGoIIIGoul-0180.jpg,
III,44,Ocellated Ianthocincla,Ianthocincla ocellata,IANTHOCINCLA OCELLATA .,BirdsAsiaJohnGoIIIGoul,118635,184,38533837,portrait,0,https://bhl-open-data.s3.us-east-2.amazonaws.com/images/BirdsAsiaJohnGoIIIGoul/BirdsAsiaJohnGoIIIGoul_0184.jp2,https://www.biodiversitylibrary.org/page/38533837,sheet-BirdsAsiaJohnGoIIIGoul-0184.jpg,crop-BirdsAsiaJohnGoIIIGoul-0184.jpg,
III,45,Allied Ianthocincla,Ianthocincla Artemisiae,IANTHOCINCIA ARTEMISIA .,BirdsAsiaJohnGoIIIGoul,118635,188,38533841,portrait,0,https://bhl-open-data.s3.us-east-2.amazonaws.com/images/BirdsAsiaJohnGoIIIGoul/BirdsAsiaJohnGoIIIGoul_0188.jp2,https://www.biodiversitylibrary.org/page/38533841,sheet-BirdsAsiaJohnGoIIIGoul-0188.jpg,crop-BirdsAsiaJohnGoIIIGoul-0188.jpg,"not pinned in Featherframe: stood up and cut by the folio's rules, the crop not reviewed"
III,46,Lunulated Ianthocincla,Ianthocincla lunulata,"IANTHOCINCLA LUNULATA, J.Verr.",BirdsAsiaJohnGoIIIGoul,118635,192,38533845,portrait,0,https://bhl-open-data.s3.us-east-2.amazonaws.com/images/BirdsAsiaJohnGoIIIGoul/BirdsAsiaJohnGoIIIGoul_0192.jp2,https://www.biodiversitylibrary.org/page/38533845,sheet-BirdsAsiaJohnGoIIIGoul-0192.jpg,crop-BirdsAsiaJohnGoIIIGoul-0192.jpg,"not pinned in Featherframe: stood up and cut by the folio's rules, the crop not reviewed"
III,47,Austen's Ianthocincla,Ianthocincla Austeni,IANTHOCINCLA AUSTENI.,BirdsAsiaJohnGoIIIGoul,118635,196,38533849,portrait,0,https://bhl-open-data.s3.us-east-2.amazonaws.com/images/BirdsAsiaJohnGoIIIGoul/BirdsAsiaJohnGoIIIGoul_0196.jp2,https://www.biodiversitylibrary.org/page/38533849,sheet-BirdsAsiaJohnGoIIIGoul-0196.jpg,crop-BirdsAsiaJohnGoIIIGoul-0196.jpg,"not pinned in Featherframe: stood up and cut by the folio's rules, the crop not reviewed"
III,48,Delessert's Garrulax,Garrulax Delesserti,"GARRULAX DELESSERTI, Jerd.",BirdsAsiaJohnGoIIIGoul,118635,200,38533853,portrait,0,https://bhl-open-data.s3.us-east-2.amazonaws.com/images/BirdsAsiaJohnGoIIIGoul/BirdsAsiaJohnGoIIIGoul_0200.jp2,https://www.biodiversitylibrary.org/page/38533853,sheet-BirdsAsiaJohnGoIIIGoul-0200.jpg,crop-BirdsAsiaJohnGoIIIGoul-0200.jpg,
III,49,Yellow-throated Garrulax,Garrulax gularis,GARRULAX GULARIS.,BirdsAsiaJohnGoIIIGoul,118635,204,38533857,portrait,0,https://bhl-open-data.s3.us-east-2.amazonaws.com/images/BirdsAsiaJohnGoIIIGoul/BirdsAsiaJohnGoIIIGoul_0204.jp2,https://www.biodiversitylibrary.org/page/38533857,sheet-BirdsAsiaJohnGoIIIGoul-0204.jpg,crop-BirdsAsiaJohnGoIIIGoul-0204.jpg,"not pinned in Featherframe: stood up and cut by the folio's rules, the crop not reviewed"
III,50,Red-crowned Garrulax,Garrulax ruficeps,"GARRULAX RUFICEPS, Could.",BirdsAsiaJohnGoIIIGoul,118635,208,38533861,portrait,0,https://bhl-open-data.s3.us-east-2.amazonaws.com/images/BirdsAsiaJohnGoIIIGoul/BirdsAsiaJohnGoIIIGoul_0208.jp2,https://www.biodiversitylibrary.org/page/38533861,sheet-BirdsAsiaJohnGoIIIGoul-0208.jpg,crop-BirdsAsiaJohnGoIIIGoul-0208.jpg,"not pinned in Featherframe: stood up and cut by the folio's rules, the crop not reviewed"
III,51,Black-and-yellow-billed Garrulax,Garrulax poecilorhyncha,"GARRULAX POCILORHYNCHA, Gould.",BirdsAsiaJohnGoIIIGoul,118635,212,38533865,portrait,0,https://bhl-open-data.s3.us-east-2.amazonaws.com/images/BirdsAsiaJohnGoIIIGoul/BirdsAsiaJohnGoIIIGoul_0212.jp2,https://www.biodiversitylibrary.org/page/38533865,sheet-BirdsAsiaJohnGoIIIGoul-0212.jpg,crop-BirdsAsiaJohnGoIIIGoul-0212.jpg,
III,52,Black-chinned Garrulax,Garrulax galbanus,"GARRULAX GALBANUS, GodwinAusten.",BirdsAsiaJohnGoIIIGoul,118635,216,38533869,portrait,0,https://bhl-open-data.s3.us-east-2.amazonaws.com/images/BirdsAsiaJohnGoIIIGoul/BirdsAsiaJohnGoIIIGoul_0216.jp2,https://www.biodiversitylibrary.org/page/38533869,sheet-BirdsAsiaJohnGoIIIGoul-0216.jpg,crop-BirdsAsiaJohnGoIIIGoul-0216.jpg,"not pinned in Featherframe: stood up and cut by the folio's rules, the crop not reviewed"
III,53,Grey-banded Laughing Thrush,Garrulax picticollis,"GARRULAX PICTICOLLIS, Swinh.",BirdsAsiaJohnGoIIIGoul,118635,220,38533873,portrait,0,https://bhl-open-data.s3.us-east-2.amazonaws.com/images/BirdsAsiaJohnGoIIIGoul/BirdsAsiaJohnGoIIIGoul_0220.jp2,https://www.biodiversitylibrary.org/page/38533873,sheet-BirdsAsiaJohnGoIIIGoul-0220.jpg,crop-BirdsAsiaJohnGoIIIGoul-0220.jpg,"not pinned in Featherframe: stood up and cut by the folio's rules, the crop not reviewed"
III,54,Chinese Garrulax,Garrulax chinensis,GARRULAX CHONENSIS.,BirdsAsiaJohnGoIIIGoul,118635,224,38533877,portrait,0,https://bhl-open-data.s3.us-east-2.amazonaws.com/images/BirdsAsiaJohnGoIIIGoul/BirdsAsiaJohnGoIIIGoul_0224.jp2,https://www.biodiversitylibrary.org/page/38533877,sheet-BirdsAsiaJohnGoIIIGoul-0224.jpg,crop-BirdsAsiaJohnGoIIIGoul-0224.jpg,
III,55,Pere David's Pterorhinus,Pterorhinus Davidi,"PTERORIUNUS DAVIDI, Swinh.",BirdsAsiaJohnGoIIIGoul,118635,228,38533881,portrait,0,https://bhl-open-data.s3.us-east-2.amazonaws.com/images/BirdsAsiaJohnGoIIIGoul/BirdsAsiaJohnGoIIIGoul_0228.jp2,https://www.biodiversitylibrary.org/page/38533881,sheet-BirdsAsiaJohnGoIIIGoul-0228.jpg,crop-BirdsAsiaJohnGoIIIGoul-0228.jpg,
III,56,Egerton's Actinodura,Actinodura Egertoni,"ACTINODTRA EGERTONI, Gould.",BirdsAsiaJohnGoIIIGoul,118635,232,38533885,portrait,0,https://bhl-open-data.s3.us-east-2.amazonaws.com/images/BirdsAsiaJohnGoIIIGoul/BirdsAsiaJohnGoIIIGoul_0232.jp2,https://www.biodiversitylibrary.org/page/38533885,sheet-BirdsAsiaJohnGoIIIGoul-0232.jpg,crop-BirdsAsiaJohnGoIIIGoul-0232.jpg,
III,57,Nepalese Actinodura,Actinodura Nipalensis,"ACTINODURA NIPALENSIS, Hodgs.",BirdsAsiaJohnGoIIIGoul,118635,236,38533889,portrait,0,https://bhl-open-data.s3.us-east-2.amazonaws.com/images/BirdsAsiaJohnGoIIIGoul/BirdsAsiaJohnGoIIIGoul_0236.jp2,https://www.biodiversitylibrary.org/page/38533889,sheet-BirdsAsiaJohnGoIIIGoul-0236.jpg,crop-BirdsAsiaJohnGoIIIGoul-0236.jpg,
III,58,Walden's Actinodura,Actinodura Waldeni,"ACTINODURA WALDENI, Godwin -Austen.",BirdsAsiaJohnGoIIIGoul,118635,240,38533893,portrait,0,https://bhl-open-data.s3.us-east-2.amazonaws.com/images/BirdsAsiaJohnGoIIIGoul/BirdsAsiaJohnGoIIIGoul_0240.jp2,https://www.biodiversitylibrary.org/page/38533893,sheet-BirdsAsiaJohnGoIIIGoul-0240.jpg,crop-BirdsAsiaJohnGoIIIGoul-0240.jpg,
III,59,Ramsay's Bee-wing,Actinodura Ramsayi,"ACTINODURA RAMSAYI, Walden.",BirdsAsiaJohnGoIIIGoul,118635,244,38533897,portrait,0,https://bhl-open-data.s3.us-east-2.amazonaws.com/images/BirdsAsiaJohnGoIIIGoul/BirdsAsiaJohnGoIIIGoul_0244.jp2,https://www.biodiversitylibrary.org/page/38533897,sheet-BirdsAsiaJohnGoIIIGoul-0244.jpg,crop-BirdsAsiaJohnGoIIIGoul-0244.jpg,
III,60,Long-billed Wren,Rimator malacoptilus,"RIMATOR MALACOPTILUS, Blyth.",BirdsAsiaJohnGoIIIGoul,118635,248,38533901,portrait,0,https://bhl-open-data.s3.us-east-2.amazonaws.com/images/BirdsAsiaJohnGoIIIGoul/BirdsAsiaJohnGoIIIGoul_0248.jp2,https://www.biodiversitylibrary.org/page/38533901,sheet-BirdsAsiaJohnGoIIIGoul-0248.jpg,crop-BirdsAsiaJohnGoIIIGoul-0248.jpg,
III,61,Stellated Shortwing,Drymochares stellatus,"DRYMOCHARES STELLATUS, Gould.",BirdsAsiaJohnGoIIIGoul,118635,252,38533905,portrait,0,https://bhl-open-data.s3.us-east-2.amazonaws.com/images/BirdsAsiaJohnGoIIIGoul/BirdsAsiaJohnGoIIIGoul_0252.jp2,https://www.biodiversitylibrary.org/page/38533905,sheet-BirdsAsiaJohnGoIIIGoul-0252.jpg,crop-BirdsAsiaJohnGoIIIGoul-0252.jpg,"not pinned in Featherframe: stood up and cut by the folio's rules, the crop not reviewed"
III,62,Roberts's Pygmy Babbler,Turdinulus Roberti,TURDINULUS ROBERTI.,BirdsAsiaJohnGoIIIGoul,118635,256,38533909,portrait,0,https://bhl-open-data.s3.us-east-2.amazonaws.com/images/BirdsAsiaJohnGoIIIGoul/BirdsAsiaJohnGoIIIGoul_0256.jp2,https://www.biodiversitylibrary.org/page/38533909,sheet-BirdsAsiaJohnGoIIIGoul-0256.jpg,crop-BirdsAsiaJohnGoIIIGoul-0256.jpg,"not pinned in Featherframe: stood up and cut by the folio's rules, the crop not reviewed"
III,63,Short-tailed Turdinus,Turdinus brevicaudatus,"TURDINUS BREVICAUDATUS, Blyth.",BirdsAsiaJohnGoIIIGoul,118635,260,38533913,portrait,0,https://bhl-open-data.s3.us-east-2.amazonaws.com/images/BirdsAsiaJohnGoIIIGoul/BirdsAsiaJohnGoIIIGoul_0260.jp2,https://www.biodiversitylibrary.org/page/38533913,sheet-BirdsAsiaJohnGoIIIGoul-0260.jpg,crop-BirdsAsiaJohnGoIIIGoul-0260.jpg,"not pinned in Featherframe: stood up and cut by the folio's rules, the crop not reviewed"
III,64,White-naped Yuhina,Yuhina diademata,"YOHNA DIADEMATA, J. Verr.",BirdsAsiaJohnGoIIIGoul,118635,264,38533917,portrait,0,https://bhl-open-data.s3.us-east-2.amazonaws.com/images/BirdsAsiaJohnGoIIIGoul/BirdsAsiaJohnGoIIIGoul_0264.jp2,https://www.biodiversitylibrary.org/page/38533917,sheet-BirdsAsiaJohnGoIIIGoul-0264.jpg,crop-BirdsAsiaJohnGoIIIGoul-0264.jpg,"not pinned in Featherframe: stood up and cut by the folio's rules, the crop not reviewed"
III,65,Marsh Pellorneum,Pellorneum palustre,"PELLORNEUM PALUSTRE, Jerd.",BirdsAsiaJohnGoIIIGoul,118635,268,38533921,portrait,0,https://bhl-open-data.s3.us-east-2.amazonaws.com/images/BirdsAsiaJohnGoIIIGoul/BirdsAsiaJohnGoIIIGoul_0268.jp2,https://www.biodiversitylibrary.org/page/38533921,sheet-BirdsAsiaJohnGoIIIGoul-0268.jpg,crop-BirdsAsiaJohnGoIIIGoul-0268.jpg,
III,66,Brown Alcippe,Alcippe brunnea,"ALCIPPE BRUNNEA, Gould.",BirdsAsiaJohnGoIIIGoul,118635,272,38533925,portrait,0,https://bhl-open-data.s3.us-east-2.amazonaws.com/images/BirdsAsiaJohnGoIIIGoul/BirdsAsiaJohnGoIIIGoul_0272.jp2,https://www.biodiversitylibrary.org/page/38533925,sheet-BirdsAsiaJohnGoIIIGoul-0272.jpg,crop-BirdsAsiaJohnGoIIIGoul-0272.jpg,
III,67,Nepaul Cutia,Cutia Nipalensis,"CUTIA NIPALENSIS, Hodgs",BirdsAsiaJohnGoIIIGoul,118635,276,38533929,portrait,0,https://bhl-open-data.s3.us-east-2.amazonaws.com/images/BirdsAsiaJohnGoIIIGoul/BirdsAsiaJohnGoIIIGoul_0276.jp2,https://www.biodiversitylibrary.org/page/38533929,sheet-BirdsAsiaJohnGoIIIGoul-0276.jpg,crop-BirdsAsiaJohnGoIIIGoul-0276.jpg,
III,68,Anderson's Suthora,Suthora brunnea,"SUTIHORA BRUNNEA, Anderson.",BirdsAsiaJohnGoIIIGoul,118635,280,38533933,portrait,0,https://bhl-open-data.s3.us-east-2.amazonaws.com/images/BirdsAsiaJohnGoIIIGoul/BirdsAsiaJohnGoIIIGoul_0280.jp2,https://www.biodiversitylibrary.org/page/38533933,sheet-BirdsAsiaJohnGoIIIGoul-0280.jpg,crop-BirdsAsiaJohnGoIIIGoul-0280.jpg,"not pinned in Featherframe: stood up and cut by the folio's rules, the crop not reviewed"
III,69,Munipur Suthora,Suthora munipurensis,"SUTHORA MUNIPURENSIS, Godrin Austen.",BirdsAsiaJohnGoIIIGoul,118635,284,38533937,portrait,0,https://bhl-open-data.s3.us-east-2.amazonaws.com/images/BirdsAsiaJohnGoIIIGoul/BirdsAsiaJohnGoIIIGoul_0284.jp2,https://www.biodiversitylibrary.org/page/38533937,sheet-BirdsAsiaJohnGoIIIGoul-0284.jpg,crop-BirdsAsiaJohnGoIIIGoul-0284.jpg,"not pinned in Featherframe: stood up and cut by the folio's rules, the crop not reviewed"
III,70,White-faced Suthora,Suthora Nipalensis,"SUTHORA NIPALENSIS, Hodgs.",BirdsAsiaJohnGoIIIGoul,118635,288,38533941,portrait,0,https://bhl-open-data.s3.us-east-2.amazonaws.com/images/BirdsAsiaJohnGoIIIGoul/BirdsAsiaJohnGoIIIGoul_0288.jp2,https://www.biodiversitylibrary.org/page/38533941,sheet-BirdsAsiaJohnGoIIIGoul-0288.jpg,crop-BirdsAsiaJohnGoIIIGoul-0288.jpg,
III,71,Fulvous-fronted Suthora,Suthora fulvifrons,"SUTHORA FULVIFROUS, Hodgs.",BirdsAsiaJohnGoIIIGoul,118635,292,38533945,portrait,0,https://bhl-open-data.s3.us-east-2.amazonaws.com/images/BirdsAsiaJohnGoIIIGoul/BirdsAsiaJohnGoIIIGoul_0292.jp2,https://www.biodiversitylibrary.org/page/38533945,sheet-BirdsAsiaJohnGoIIIGoul-0292.jpg,crop-BirdsAsiaJohnGoIIIGoul-0292.jpg,"not pinned in Featherframe: stood up and cut by the folio's rules, the crop not reviewed"
III,72,Webb's Suthora,Suthora Webbiana,"SUTHORA WEBBIANA, GR.Gray.",BirdsAsiaJohnGoIIIGoul,118635,296,38533949,portrait,0,https://bhl-open-data.s3.us-east-2.amazonaws.com/images/BirdsAsiaJohnGoIIIGoul/BirdsAsiaJohnGoIIIGoul_0296.jp2,https://www.biodiversitylibrary.org/page/38533949,sheet-BirdsAsiaJohnGoIIIGoul-0296.jpg,crop-BirdsAsiaJohnGoIIIGoul-0296.jpg,
III,73,Austen's Paradoxornis,Paradoxornis Austeni,"PARADOXORNIS AUSTENI, Gould.",BirdsAsiaJohnGoIIIGoul,118635,300,38533953,portrait,0,https://bhl-open-data.s3.us-east-2.amazonaws.com/images/BirdsAsiaJohnGoIIIGoul/BirdsAsiaJohnGoIIIGoul_0300.jp2,https://www.biodiversitylibrary.org/page/38533953,sheet-BirdsAsiaJohnGoIIIGoul-0300.jpg,crop-BirdsAsiaJohnGoIIIGoul-0300.jpg,"not pinned in Featherframe: stood up and cut by the folio's rules, the crop not reviewed"
III,74,Pere Heude's Paradoxornis,Paradoxornis Heudei,"PARADOXORNIS HEUDEI, A Darid.",BirdsAsiaJohnGoIIIGoul,118635,304,38533957,portrait,0,https://bhl-open-data.s3.us-east-2.amazonaws.com/images/BirdsAsiaJohnGoIIIGoul/BirdsAsiaJohnGoIIIGoul_0304.jp2,https://www.biodiversitylibrary.org/page/38533957,sheet-BirdsAsiaJohnGoIIIGoul-0304.jpg,crop-BirdsAsiaJohnGoIIIGoul-0304.jpg,"not pinned in Featherframe: stood up and cut by the folio's rules, the crop not reviewed"
III,75,Paradoxornis,Paradoxornis flavirostris,"PARADOXORNIS FLAYIROSTRIS, Gould",BirdsAsiaJohnGoIIIGoul,118635,308,38533961,portrait,0,https://bhl-open-data.s3.us-east-2.amazonaws.com/images/BirdsAsiaJohnGoIIIGoul/BirdsAsiaJohnGoIIIGoul_0308.jp2,https://www.biodiversitylibrary.org/page/38533961,sheet-BirdsAsiaJohnGoIIIGoul-0308.jpg,crop-BirdsAsiaJohnGoIIIGoul-0308.jpg,
III,76,Long-tailed Paradoxornis,Paradoxornis unicolor,PARADOXORNIS UNICOLOR.,BirdsAsiaJohnGoIIIGoul,118635,312,38533965,portrait,0,https://bhl-open-data.s3.us-east-2.amazonaws.com/images/BirdsAsiaJohnGoIIIGoul/BirdsAsiaJohnGoIIIGoul_0312.jp2,https://www.biodiversitylibrary.org/page/38533965,sheet-BirdsAsiaJohnGoIIIGoul-0312.jpg,crop-BirdsAsiaJohnGoIIIGoul-0312.jpg,
III,77,Grey-crowned Paradoxornis,Paradoxornis gularis,"PARADOXORNIS GULARIS, Horsf",BirdsAsiaJohnGoIIIGoul,118635,316,38533969,portrait,0,https://bhl-open-data.s3.us-east-2.amazonaws.com/images/BirdsAsiaJohnGoIIIGoul/BirdsAsiaJohnGoIIIGoul_0316.jp2,https://www.biodiversitylibrary.org/page/38533969,sheet-BirdsAsiaJohnGoIIIGoul-0316.jpg,crop-BirdsAsiaJohnGoIIIGoul-0316.jpg,
III,78,Red-headed Paradoxornis,Paradoxornis ruficeps,PARADOXORNIS RUFICEPS.,BirdsAsiaJohnGoIIIGoul,118635,320,38533973,portrait,0,https://bhl-open-data.s3.us-east-2.amazonaws.com/images/BirdsAsiaJohnGoIIIGoul/BirdsAsiaJohnGoIIIGoul_0320.jp2,https://www.biodiversitylibrary.org/page/38533973,sheet-BirdsAsiaJohnGoIIIGoul-0320.jpg,crop-BirdsAsiaJohnGoIIIGoul-0320.jpg,"not pinned in Featherframe: stood up and cut by the folio's rules, the crop not reviewed"
IV,1,Blue-bellied Tesia,Tesia cyaneiventer,"TESIA CYANEIVENTER, Hodgs",BirdsAsiaJohnGoIVGoul,120503,12,39021969,portrait,0,https://bhl-open-data.s3.us-east-2.amazonaws.com/images/BirdsAsiaJohnGoIVGoul/BirdsAsiaJohnGoIVGoul_0012.jp2,https://www.biodiversitylibrary.org/page/39021969,sheet-BirdsAsiaJohnGoIVGoul-0012.jpg,crop-BirdsAsiaJohnGoIVGoul-0012.jpg,
IV,2,Chestnut-crowned Tesia,Tesia castaneo-coronata,TESIA CASTANEOCORONATA.,BirdsAsiaJohnGoIVGoul,120503,16,39021965,portrait,0,https://bhl-open-data.s3.us-east-2.amazonaws.com/images/BirdsAsiaJohnGoIVGoul/BirdsAsiaJohnGoIVGoul_0016.jp2,https://www.biodiversitylibrary.org/page/39021965,sheet-BirdsAsiaJohnGoIVGoul-0016.jpg,crop-BirdsAsiaJohnGoIVGoul-0016.jpg,
IV,3,Chinese Rhopophilus,Rhopophilus pekinensis,"RHOPOPHOLUS PEKINENSIS, Swinh.",BirdsAsiaJohnGoIVGoul,120503,20,39021961,portrait,0,https://bhl-open-data.s3.us-east-2.amazonaws.com/images/BirdsAsiaJohnGoIVGoul/BirdsAsiaJohnGoIVGoul_0020.jp2,https://www.biodiversitylibrary.org/page/39021961,sheet-BirdsAsiaJohnGoIVGoul-0020.jpg,crop-BirdsAsiaJohnGoIVGoul-0020.jpg,
IV,4,Little Suya,Suya lepida,SUYA LEPIDA.,BirdsAsiaJohnGoIVGoul,120503,24,39021957,portrait,0,https://bhl-open-data.s3.us-east-2.amazonaws.com/images/BirdsAsiaJohnGoIVGoul/BirdsAsiaJohnGoIVGoul_0024.jp2,https://www.biodiversitylibrary.org/page/39021957,sheet-BirdsAsiaJohnGoIVGoul-0024.jpg,crop-BirdsAsiaJohnGoIVGoul-0024.jpg,"not pinned in Featherframe: stood up and cut by the folio's rules, the crop not reviewed"
IV,5,White-throated Dumetia,Dumetia albogularis,"DUMETIA ALBOCULARIS, Blyth",BirdsAsiaJohnGoIVGoul,120503,28,39021953,portrait,0,https://bhl-open-data.s3.us-east-2.amazonaws.com/images/BirdsAsiaJohnGoIVGoul/BirdsAsiaJohnGoIVGoul_0028.jp2,https://www.biodiversitylibrary.org/page/39021953,sheet-BirdsAsiaJohnGoIVGoul-0028.jpg,crop-BirdsAsiaJohnGoIVGoul-0028.jpg,"not pinned in Featherframe: stood up and cut by the folio's rules, the crop not reviewed"
IV,6,Buff-throated Dumetia,Dumetia hyperythra,DUMETIA HYPERYTHRA.,BirdsAsiaJohnGoIVGoul,120503,32,39021949,portrait,0,https://bhl-open-data.s3.us-east-2.amazonaws.com/images/BirdsAsiaJohnGoIVGoul/BirdsAsiaJohnGoIVGoul_0032.jp2,https://www.biodiversitylibrary.org/page/39021949,sheet-BirdsAsiaJohnGoIVGoul-0032.jpg,crop-BirdsAsiaJohnGoIVGoul-0032.jpg,
IV,7,Tailor-bird,Orthotomus longicaudus,ORTHOTOMUS LONGICAUDUS.,BirdsAsiaJohnGoIVGoul,120503,36,39021945,portrait,0,https://bhl-open-data.s3.us-east-2.amazonaws.com/images/BirdsAsiaJohnGoIVGoul/BirdsAsiaJohnGoIVGoul_0036.jp2,https://www.biodiversitylibrary.org/page/39021945,sheet-BirdsAsiaJohnGoIVGoul-0036.jpg,crop-BirdsAsiaJohnGoIVGoul-0036.jpg,
IV,8,Grey-headed Staphida,Staphida torqueola,"STAPEDA TORQUEOLA, Swinh.",BirdsAsiaJohnGoIVGoul,120503,40,39021911,portrait,0,https://bhl-open-data.s3.us-east-2.amazonaws.com/images/BirdsAsiaJohnGoIVGoul/BirdsAsiaJohnGoIVGoul_0040.jp2,https://www.biodiversitylibrary.org/page/39021911,sheet-BirdsAsiaJohnGoIVGoul-0040.jpg,crop-BirdsAsiaJohnGoIVGoul-0040.jpg,
IV,9,Red-eyed Stachyris,Stachyris pyrrhops,"STACHYRIS PYRRHOPS, Hodgs.",BirdsAsiaJohnGoIVGoul,120503,44,39021915,portrait,0,https://bhl-open-data.s3.us-east-2.amazonaws.com/images/BirdsAsiaJohnGoIVGoul/BirdsAsiaJohnGoIVGoul_0044.jp2,https://www.biodiversitylibrary.org/page/39021915,sheet-BirdsAsiaJohnGoIVGoul-0044.jpg,crop-BirdsAsiaJohnGoIVGoul-0044.jpg,
IV,10,Red-headed Stachyris,Stachyris ruficeps,"STACHYRIS RUFICEPS, Blyth.",BirdsAsiaJohnGoIVGoul,120503,48,39021919,portrait,0,https://bhl-open-data.s3.us-east-2.amazonaws.com/images/BirdsAsiaJohnGoIVGoul/BirdsAsiaJohnGoIVGoul_0048.jp2,https://www.biodiversitylibrary.org/page/39021919,sheet-BirdsAsiaJohnGoIVGoul-0048.jpg,crop-BirdsAsiaJohnGoIVGoul-0048.jpg,
IV,11,Chestnut-headed Ixulus,Ixulus castaneiceps,"IXULUS CASTANICEPS, Moore.",BirdsAsiaJohnGoIVGoul,120503,52,39021923,portrait,0,https://bhl-open-data.s3.us-east-2.amazonaws.com/images/BirdsAsiaJohnGoIVGoul/BirdsAsiaJohnGoIVGoul_0052.jp2,https://www.biodiversitylibrary.org/page/39021923,sheet-BirdsAsiaJohnGoIVGoul-0052.jpg,crop-BirdsAsiaJohnGoIVGoul-0052.jpg,"not pinned in Featherframe: stood up and cut by the folio's rules, the crop not reviewed"
IV,12,Thick-billed Ixulus,Ixulus occipitalis,"IXULUS OCCIPITALIS, Blyth.",BirdsAsiaJohnGoIVGoul,120503,56,39021927,portrait,0,https://bhl-open-data.s3.us-east-2.amazonaws.com/images/BirdsAsiaJohnGoIVGoul/BirdsAsiaJohnGoIVGoul_0056.jp2,https://www.biodiversitylibrary.org/page/39021927,sheet-BirdsAsiaJohnGoIVGoul-0056.jpg,crop-BirdsAsiaJohnGoIVGoul-0056.jpg,"not pinned in Featherframe: stood up and cut by the folio's rules, the crop not reviewed"
IV,13,Crested Ixulus,Ixulus flavicollis,"IXULUS FLAVICOLLIS, HodgS.",BirdsAsiaJohnGoIVGoul,120503,60,39021931,portrait,0,https://bhl-open-data.s3.us-east-2.amazonaws.com/images/BirdsAsiaJohnGoIVGoul/BirdsAsiaJohnGoIVGoul_0060.jp2,https://www.biodiversitylibrary.org/page/39021931,sheet-BirdsAsiaJohnGoIVGoul-0060.jpg,crop-BirdsAsiaJohnGoIVGoul-0060.jpg,
IV,14,Rusty-naped Yuhina,Yuhina occipitalis,"YUHINA OCCIPITALIS, Hodgs.",BirdsAsiaJohnGoIVGoul,120503,64,39021935,portrait,0,https://bhl-open-data.s3.us-east-2.amazonaws.com/images/BirdsAsiaJohnGoIVGoul/BirdsAsiaJohnGoIVGoul_0064.jp2,https://www.biodiversitylibrary.org/page/39021935,sheet-BirdsAsiaJohnGoIVGoul-0064.jpg,crop-BirdsAsiaJohnGoIVGoul-0064.jpg,
IV,15,Fork-tailed Leiothrix,Leiothrix luteus,"LEIOTHRIX LUTEUS,",BirdsAsiaJohnGoIVGoul,120503,68,39021939,portrait,0,https://bhl-open-data.s3.us-east-2.amazonaws.com/images/BirdsAsiaJohnGoIVGoul/BirdsAsiaJohnGoIVGoul_0068.jp2,https://www.biodiversitylibrary.org/page/39021939,sheet-BirdsAsiaJohnGoIVGoul-0068.jpg,crop-BirdsAsiaJohnGoIVGoul-0068.jpg,
IV,16,Silver-eared Leiothrix,Leiothrix argentauris,LEIOTHRIX ARCENTAURIS.,BirdsAsiaJohnGoIVGoul,120503,72,39021981,portrait,0,https://bhl-open-data.s3.us-east-2.amazonaws.com/images/BirdsAsiaJohnGoIVGoul/BirdsAsiaJohnGoIVGoul_0072.jp2,https://www.biodiversitylibrary.org/page/39021981,sheet-BirdsAsiaJohnGoIVGoul-0072.jpg,crop-BirdsAsiaJohnGoIVGoul-0072.jpg,
IV,17,Laurin's Leiothrix?,Leiothrix laurinae,"LEIOTHRIX LAURINÆ, Salvad.",BirdsAsiaJohnGoIVGoul,120503,76,39021985,portrait,0,https://bhl-open-data.s3.us-east-2.amazonaws.com/images/BirdsAsiaJohnGoIVGoul/BirdsAsiaJohnGoIVGoul_0076.jp2,https://www.biodiversitylibrary.org/page/39021985,sheet-BirdsAsiaJohnGoIVGoul-0076.jpg,crop-BirdsAsiaJohnGoIVGoul-0076.jpg,"not pinned in Featherframe: stood up and cut by the folio's rules, the crop not reviewed"
IV,18,Striped-throated Siva,Siva strigula,"SIVA STRIGULA, Hodgs.",BirdsAsiaJohnGoIVGoul,120503,80,39021989,portrait,0,https://bhl-open-data.s3.us-east-2.amazonaws.com/images/BirdsAsiaJohnGoIVGoul/BirdsAsiaJohnGoIVGoul_0080.jp2,https://www.biodiversitylibrary.org/page/39021989,sheet-BirdsAsiaJohnGoIVGoul-0080.jpg,crop-BirdsAsiaJohnGoIVGoul-0080.jpg,
IV,19,Blue-winged Siva,Siva cyanouroptera,"SIVA CYANOUROPTERA, Hodgs",BirdsAsiaJohnGoIVGoul,120503,84,39021993,portrait,0,https://bhl-open-data.s3.us-east-2.amazonaws.com/images/BirdsAsiaJohnGoIVGoul/BirdsAsiaJohnGoIVGoul_0084.jp2,https://www.biodiversitylibrary.org/page/39021993,sheet-BirdsAsiaJohnGoIVGoul-0084.jpg,crop-BirdsAsiaJohnGoIVGoul-0084.jpg,
IV,20,Red-tailed Myzornis,Myzornis pyrrhoura,"MYZORNIS PYRRHOTRA, Hodgs.",BirdsAsiaJohnGoIVGoul,120503,88,39021997,portrait,0,https://bhl-open-data.s3.us-east-2.amazonaws.com/images/BirdsAsiaJohnGoIVGoul/BirdsAsiaJohnGoIVGoul_0088.jp2,https://www.biodiversitylibrary.org/page/39021997,sheet-BirdsAsiaJohnGoIVGoul-0088.jpg,crop-BirdsAsiaJohnGoIVGoul-0088.jpg,"not pinned in Featherframe: stood up and cut by the folio's rules, the crop not reviewed"
IV,21,Asiatic Water-Ouzel,Cinclus Asiaticus,CINCLUS ASIATICUS Swains.,BirdsAsiaJohnGoIVGoul,120503,92,39022001,landscape,270,https://bhl-open-data.s3.us-east-2.amazonaws.com/images/BirdsAsiaJohnGoIVGoul/BirdsAsiaJohnGoIVGoul_0092.jp2,https://www.biodiversitylibrary.org/page/39022001,sheet-BirdsAsiaJohnGoIVGoul-0092.jpg,crop-BirdsAsiaJohnGoIVGoul-0092.jpg,"not pinned in Featherframe: stood up and cut by the folio's rules, the crop not reviewed"
IV,22,Pallas's Water-Ouzel,Cinclus Pallasi,"CINCLUS PALLASH, Temm",BirdsAsiaJohnGoIVGoul,120503,96,39022005,landscape,270,https://bhl-open-data.s3.us-east-2.amazonaws.com/images/BirdsAsiaJohnGoIVGoul/BirdsAsiaJohnGoIVGoul_0096.jp2,https://www.biodiversitylibrary.org/page/39022005,sheet-BirdsAsiaJohnGoIVGoul-0096.jpg,crop-BirdsAsiaJohnGoIVGoul-0096.jpg,
IV,23,Sombre-coloured Water-Ouzel,Cinclus sordidus,"CINCLUS SORDIDUS, Gould!",BirdsAsiaJohnGoIVGoul,120503,100,39022009,portrait,0,https://bhl-open-data.s3.us-east-2.amazonaws.com/images/BirdsAsiaJohnGoIVGoul/BirdsAsiaJohnGoIVGoul_0100.jp2,https://www.biodiversitylibrary.org/page/39022009,sheet-BirdsAsiaJohnGoIVGoul-0100.jpg,crop-BirdsAsiaJohnGoIVGoul-0100.jpg,"not pinned in Featherframe: stood up and cut by the folio's rules, the crop not reviewed"
IV,24,White-bellied Water-Ouzel,Cinclus leucogaster,"CINCLUS LEUCOGASTER, Eversm",BirdsAsiaJohnGoIVGoul,120503,104,39022013,landscape,270,https://bhl-open-data.s3.us-east-2.amazonaws.com/images/BirdsAsiaJohnGoIVGoul/BirdsAsiaJohnGoIVGoul_0104.jp2,https://www.biodiversitylibrary.org/page/39022013,sheet-BirdsAsiaJohnGoIVGoul-0104.jpg,crop-BirdsAsiaJohnGoIVGoul-0104.jpg,"not pinned in Featherframe: stood up and cut by the folio's rules, the crop not reviewed"
IV,25,Cashmerian Water-Ouzel,Cinclus Cashmeriensis,"CINCLUS CASHMEIRIENSIS, Could",BirdsAsiaJohnGoIVGoul,120503,108,39022017,landscape,270,https://bhl-open-data.s3.us-east-2.amazonaws.com/images/BirdsAsiaJohnGoIVGoul/BirdsAsiaJohnGoIVGoul_0108.jp2,https://www.biodiversitylibrary.org/page/39022017,sheet-BirdsAsiaJohnGoIVGoul-0108.jpg,crop-BirdsAsiaJohnGoIVGoul-0108.jpg,"not pinned in Featherframe: stood up and cut by the folio's rules, the crop not reviewed"
IV,26,Pied Stone-Chat,Dromolea picata,DROMOLÀA PICATA.,BirdsAsiaJohnGoIVGoul,120503,112,39022021,landscape,270,https://bhl-open-data.s3.us-east-2.amazonaws.com/images/BirdsAsiaJohnGoIVGoul/BirdsAsiaJohnGoIVGoul_0112.jp2,https://www.biodiversitylibrary.org/page/39022021,sheet-BirdsAsiaJohnGoIVGoul-0112.jpg,crop-BirdsAsiaJohnGoIVGoul-0112.jpg,"not pinned in Featherframe: stood up and cut by the folio's rules, the crop not reviewed"
IV,27,White-tailed Stone-Chat,Dromolea opistholeuca,DROMOLÆA OPISTHOLEUCA.,BirdsAsiaJohnGoIVGoul,120503,116,39022025,portrait,0,https://bhl-open-data.s3.us-east-2.amazonaws.com/images/BirdsAsiaJohnGoIVGoul/BirdsAsiaJohnGoIVGoul_0116.jp2,https://www.biodiversitylibrary.org/page/39022025,sheet-BirdsAsiaJohnGoIVGoul-0116.jpg,crop-BirdsAsiaJohnGoIVGoul-0116.jpg,"not pinned in Featherframe: stood up and cut by the folio's rules, the crop not reviewed"
IV,28,Grey-capped Stone-Chat,Saxicola capistrata,"SAXICOLA CAPISTRATA,",BirdsAsiaJohnGoIVGoul,120503,120,39022029,portrait,0,https://bhl-open-data.s3.us-east-2.amazonaws.com/images/BirdsAsiaJohnGoIVGoul/BirdsAsiaJohnGoIVGoul_0120.jp2,https://www.biodiversitylibrary.org/page/39022029,sheet-BirdsAsiaJohnGoIVGoul-0120.jpg,crop-BirdsAsiaJohnGoIVGoul-0120.jpg,"not pinned in Featherframe: stood up and cut by the folio's rules, the crop not reviewed"
IV,29,Black-and-White Stone-Chat,Saxicola leucomela,SAXICOLA LEUCOMELA.,BirdsAsiaJohnGoIVGoul,120503,124,39022033,portrait,0,https://bhl-open-data.s3.us-east-2.amazonaws.com/images/BirdsAsiaJohnGoIVGoul/BirdsAsiaJohnGoIVGoul_0124.jp2,https://www.biodiversitylibrary.org/page/39022033,sheet-BirdsAsiaJohnGoIVGoul-0124.jpg,crop-BirdsAsiaJohnGoIVGoul-0124.jpg,
IV,30,Mountain Stone-Chat,Saxicola montana,SAXICOLA MONTANA. Gould.,BirdsAsiaJohnGoIVGoul,120503,128,39022037,portrait,0,https://bhl-open-data.s3.us-east-2.amazonaws.com/images/BirdsAsiaJohnGoIVGoul/BirdsAsiaJohnGoIVGoul_0128.jp2,https://www.biodiversitylibrary.org/page/39022037,sheet-BirdsAsiaJohnGoIVGoul-0128.jpg,crop-BirdsAsiaJohnGoIVGoul-0128.jpg,"not pinned in Featherframe: stood up and cut by the folio's rules, the crop not reviewed"
IV,31,Black-throated Stone-Chat,Saxicola atrogularis,"SAXICOLA ATROGULARIS, BUTh",BirdsAsiaJohnGoIVGoul,120503,132,39022041,landscape,270,https://bhl-open-data.s3.us-east-2.amazonaws.com/images/BirdsAsiaJohnGoIVGoul/BirdsAsiaJohnGoIVGoul_0132.jp2,https://www.biodiversitylibrary.org/page/39022041,sheet-BirdsAsiaJohnGoIVGoul-0132.jpg,crop-BirdsAsiaJohnGoIVGoul-0132.jpg,"not pinned in Featherframe: stood up and cut by the folio's rules, the crop not reviewed"
IV,32,Black-and-White Bush-Chat,Rhodophila melanoleuca,"RHODOPHULA MÈLANOLEUCA, Jerd.",BirdsAsiaJohnGoIVGoul,120503,136,39022045,portrait,0,https://bhl-open-data.s3.us-east-2.amazonaws.com/images/BirdsAsiaJohnGoIVGoul/BirdsAsiaJohnGoIVGoul_0136.jp2,https://www.biodiversitylibrary.org/page/39022045,sheet-BirdsAsiaJohnGoIVGoul-0136.jpg,crop-BirdsAsiaJohnGoIVGoul-0136.jpg,"not pinned in Featherframe: stood up and cut by the folio's rules, the crop not reviewed"
IV,33,White-tailed Bush-Chat,Pratincola leucura,"PRATINCOLA LEUCURA, Blyth.",BirdsAsiaJohnGoIVGoul,120503,140,39022049,portrait,0,https://bhl-open-data.s3.us-east-2.amazonaws.com/images/BirdsAsiaJohnGoIVGoul/BirdsAsiaJohnGoIVGoul_0140.jp2,https://www.biodiversitylibrary.org/page/39022049,sheet-BirdsAsiaJohnGoIVGoul-0140.jpg,crop-BirdsAsiaJohnGoIVGoul-0140.jpg,"not pinned in Featherframe: stood up and cut by the folio's rules, the crop not reviewed"
IV,34,Indian Furze-Chat,Pratincola Indica,"PRATINCOLA INDICA, Blyth.",BirdsAsiaJohnGoIVGoul,120503,144,39022053,portrait,0,https://bhl-open-data.s3.us-east-2.amazonaws.com/images/BirdsAsiaJohnGoIVGoul/BirdsAsiaJohnGoIVGoul_0144.jp2,https://www.biodiversitylibrary.org/page/39022053,sheet-BirdsAsiaJohnGoIVGoul-0144.jpg,crop-BirdsAsiaJohnGoIVGoul-0144.jpg,"not pinned in Featherframe: stood up and cut by the folio's rules, the crop not reviewed"
IV,35,Celestial Grandala,Grandala coelicolor,"GRANDALA COLICOLOR, Hodgs.",BirdsAsiaJohnGoIVGoul,120503,148,39022057,portrait,0,https://bhl-open-data.s3.us-east-2.amazonaws.com/images/BirdsAsiaJohnGoIVGoul/BirdsAsiaJohnGoIVGoul_0148.jp2,https://www.biodiversitylibrary.org/page/39022057,sheet-BirdsAsiaJohnGoIVGoul-0148.jpg,crop-BirdsAsiaJohnGoIVGoul-0148.jpg,"not pinned in Featherframe: stood up and cut by the folio's rules, the crop not reviewed"
IV,36,Great White-capped Redstart,Ruticilla erythrogastra,RUTICILLA ERYTHROGASTRA.,BirdsAsiaJohnGoIVGoul,120503,152,39022061,portrait,0,https://bhl-open-data.s3.us-east-2.amazonaws.com/images/BirdsAsiaJohnGoIVGoul/BirdsAsiaJohnGoIVGoul_0152.jp2,https://www.biodiversitylibrary.org/page/39022061,sheet-BirdsAsiaJohnGoIVGoul-0152.jpg,crop-BirdsAsiaJohnGoIVGoul-0152.jpg,
IV,37,Coal-black Redstart,Ruticilla erythroprocta,"RUTICILLA ERYTHROPROCTA, Gould.",BirdsAsiaJohnGoIVGoul,120503,156,39022065,portrait,0,https://bhl-open-data.s3.us-east-2.amazonaws.com/images/BirdsAsiaJohnGoIVGoul/BirdsAsiaJohnGoIVGoul_0156.jp2,https://www.biodiversitylibrary.org/page/39022065,sheet-BirdsAsiaJohnGoIVGoul-0156.jpg,crop-BirdsAsiaJohnGoIVGoul-0156.jpg,"not pinned in Featherframe: stood up and cut by the folio's rules, the crop not reviewed"
IV,38,Siberian Ruby-throat,Calliope camtschatkensis,CALLIOPE CAMTCHATKENSIS.,BirdsAsiaJohnGoIVGoul,120503,160,39022069,portrait,0,https://bhl-open-data.s3.us-east-2.amazonaws.com/images/BirdsAsiaJohnGoIVGoul/BirdsAsiaJohnGoIVGoul_0160.jp2,https://www.biodiversitylibrary.org/page/39022069,sheet-BirdsAsiaJohnGoIVGoul-0160.jpg,crop-BirdsAsiaJohnGoIVGoul-0160.jpg,
IV,39,Himalayan Ruby-throat,Calliope pectoralis,"CALLIOPE PECTORALIS, Gould.",BirdsAsiaJohnGoIVGoul,120503,164,39022073,portrait,0,https://bhl-open-data.s3.us-east-2.amazonaws.com/images/BirdsAsiaJohnGoIVGoul/BirdsAsiaJohnGoIVGoul_0164.jp2,https://www.biodiversitylibrary.org/page/39022073,sheet-BirdsAsiaJohnGoIVGoul-0164.jpg,crop-BirdsAsiaJohnGoIVGoul-0164.jpg,
IV,40,Mongolian Ruby-throat,Calliope tschebaiewi,"CALLIOPE TSCHEBAIEWI, Priev.",BirdsAsiaJohnGoIVGoul,120503,168,39022077,portrait,0,https://bhl-open-data.s3.us-east-2.amazonaws.com/images/BirdsAsiaJohnGoIVGoul/BirdsAsiaJohnGoIVGoul_0168.jp2,https://www.biodiversitylibrary.org/page/39022077,sheet-BirdsAsiaJohnGoIVGoul-0168.jpg,crop-BirdsAsiaJohnGoIVGoul-0168.jpg,
IV,41,Mountain Accentor,Accentor montanellus,ACCENTOR MONTANELLUS.,BirdsAsiaJohnGoIVGoul,120503,172,39022081,portrait,0,https://bhl-open-data.s3.us-east-2.amazonaws.com/images/BirdsAsiaJohnGoIVGoul/BirdsAsiaJohnGoIVGoul_0172.jp2,https://www.biodiversitylibrary.org/page/39022081,sheet-BirdsAsiaJohnGoIVGoul-0172.jpg,crop-BirdsAsiaJohnGoIVGoul-0172.jpg,
IV,42,Ruddy Accentor,Accentor rubidus,"ACCENTOR RUBIDUS, Sieb, Temm. et Schleg.",BirdsAsiaJohnGoIVGoul,120503,176,39022085,portrait,0,https://bhl-open-data.s3.us-east-2.amazonaws.com/images/BirdsAsiaJohnGoIVGoul/BirdsAsiaJohnGoIVGoul_0176.jp2,https://www.biodiversitylibrary.org/page/39022085,sheet-BirdsAsiaJohnGoIVGoul-0176.jpg,crop-BirdsAsiaJohnGoIVGoul-0176.jpg,"not pinned in Featherframe: stood up and cut by the folio's rules, the crop not reviewed"
IV,43,Red-backed Accentor,Accentor erythropygius,"ACCENTOR ERYTHROPYGIUS, Swinh.",BirdsAsiaJohnGoIVGoul,120503,180,39022089,portrait,0,https://bhl-open-data.s3.us-east-2.amazonaws.com/images/BirdsAsiaJohnGoIVGoul/BirdsAsiaJohnGoIVGoul_0180.jp2,https://www.biodiversitylibrary.org/page/39022089,sheet-BirdsAsiaJohnGoIVGoul-0180.jpg,crop-BirdsAsiaJohnGoIVGoul-0180.jpg,"not pinned in Featherframe: stood up and cut by the folio's rules, the crop not reviewed"
IV,44,Nepaul Accentor,Accentor Nipalensis,"ACCENTOR NIPAIENSIS, Hodgs",BirdsAsiaJohnGoIVGoul,120503,184,39022093,portrait,0,https://bhl-open-data.s3.us-east-2.amazonaws.com/images/BirdsAsiaJohnGoIVGoul/BirdsAsiaJohnGoIVGoul_0184.jp2,https://www.biodiversitylibrary.org/page/39022093,sheet-BirdsAsiaJohnGoIVGoul-0184.jpg,crop-BirdsAsiaJohnGoIVGoul-0184.jpg,"not pinned in Featherframe: stood up and cut by the folio's rules, the crop not reviewed"
IV,45,Blue-shouldered Accentor,Accentor immaculatus,"ACCENTOR IMMACUMATUS, Hodgs.",BirdsAsiaJohnGoIVGoul,120503,188,39022097,portrait,0,https://bhl-open-data.s3.us-east-2.amazonaws.com/images/BirdsAsiaJohnGoIVGoul/BirdsAsiaJohnGoIVGoul_0188.jp2,https://www.biodiversitylibrary.org/page/39022097,sheet-BirdsAsiaJohnGoIVGoul-0188.jpg,crop-BirdsAsiaJohnGoIVGoul-0188.jpg,"not pinned in Featherframe: stood up and cut by the folio's rules, the crop not reviewed"
IV,46,Red-breasted Accentor,Accentor rubeculoides,"ACCENTOR REBECULOIDES, More",BirdsAsiaJohnGoIVGoul,120503,192,39022101,portrait,0,https://bhl-open-data.s3.us-east-2.amazonaws.com/images/BirdsAsiaJohnGoIVGoul/BirdsAsiaJohnGoIVGoul_0192.jp2,https://www.biodiversitylibrary.org/page/39022101,sheet-BirdsAsiaJohnGoIVGoul-0192.jpg,crop-BirdsAsiaJohnGoIVGoul-0192.jpg,
IV,47,Banded Accentor,Accentor strophiatus,"ACCENTOR STROPHIATUS, Hodgs",BirdsAsiaJohnGoIVGoul,120503,196,39022105,portrait,0,https://bhl-open-data.s3.us-east-2.amazonaws.com/images/BirdsAsiaJohnGoIVGoul/BirdsAsiaJohnGoIVGoul_0196.jp2,https://www.biodiversitylibrary.org/page/39022105,sheet-BirdsAsiaJohnGoIVGoul-0196.jpg,crop-BirdsAsiaJohnGoIVGoul-0196.jpg,
IV,48,Black-throated Accentor,Accentor atrogularis,"ACCENTOR ATROGULARIS, Brandt.",BirdsAsiaJohnGoIVGoul,120503,200,39022109,portrait,0,https://bhl-open-data.s3.us-east-2.amazonaws.com/images/BirdsAsiaJohnGoIVGoul/BirdsAsiaJohnGoIVGoul_0200.jp2,https://www.biodiversitylibrary.org/page/39022109,sheet-BirdsAsiaJohnGoIVGoul-0200.jpg,crop-BirdsAsiaJohnGoIVGoul-0200.jpg,"not pinned in Featherframe: stood up and cut by the folio's rules, the crop not reviewed"
IV,49,Altaian Accentor,Accentor Altaicus,"ACCENTOR ALTAICUS, Brandt.",BirdsAsiaJohnGoIVGoul,120503,204,39022113,portrait,0,https://bhl-open-data.s3.us-east-2.amazonaws.com/images/BirdsAsiaJohnGoIVGoul/BirdsAsiaJohnGoIVGoul_0204.jp2,https://www.biodiversitylibrary.org/page/39022113,sheet-BirdsAsiaJohnGoIVGoul-0204.jpg,crop-BirdsAsiaJohnGoIVGoul-0204.jpg,"not pinned in Featherframe: stood up and cut by the folio's rules, the crop not reviewed"
IV,50,Desert Whitethroat,Sylvia nana,SYLVIA NAVA,BirdsAsiaJohnGoIVGoul,120503,208,39022117,portrait,0,https://bhl-open-data.s3.us-east-2.amazonaws.com/images/BirdsAsiaJohnGoIVGoul/BirdsAsiaJohnGoIVGoul_0208.jp2,https://www.biodiversitylibrary.org/page/39022117,sheet-BirdsAsiaJohnGoIVGoul-0208.jpg,crop-BirdsAsiaJohnGoIVGoul-0208.jpg,"not pinned in Featherframe: stood up and cut by the folio's rules, the crop not reviewed"
IV,51,Nepaulese Wren,Troglodytes Nipalensis,"TROGLODYTES NIPAENSIS, Hoags",BirdsAsiaJohnGoIVGoul,120503,212,39022121,portrait,0,https://bhl-open-data.s3.us-east-2.amazonaws.com/images/BirdsAsiaJohnGoIVGoul/BirdsAsiaJohnGoIVGoul_0212.jp2,https://www.biodiversitylibrary.org/page/39022121,sheet-BirdsAsiaJohnGoIVGoul-0212.jpg,crop-BirdsAsiaJohnGoIVGoul-0212.jpg,"not pinned in Featherframe: stood up and cut by the folio's rules, the crop not reviewed"
IV,52,Spotted Wren,Anorthura formosa,ANORTHURA FORMOSA.,BirdsAsiaJohnGoIVGoul,120503,216,39022125,portrait,0,https://bhl-open-data.s3.us-east-2.amazonaws.com/images/BirdsAsiaJohnGoIVGoul/BirdsAsiaJohnGoIVGoul_0216.jp2,https://www.biodiversitylibrary.org/page/39022125,sheet-BirdsAsiaJohnGoIVGoul-0216.jpg,crop-BirdsAsiaJohnGoIVGoul-0216.jpg,
IV,53,Long-tailed Hill-Wren,Urocichla longicauda,UROCICHLA LONGICAUDATA.,BirdsAsiaJohnGoIVGoul,120503,220,39022129,portrait,0,https://bhl-open-data.s3.us-east-2.amazonaws.com/images/BirdsAsiaJohnGoIVGoul/BirdsAsiaJohnGoIVGoul_0220.jp2,https://www.biodiversitylibrary.org/page/39022129,sheet-BirdsAsiaJohnGoIVGoul-0220.jpg,crop-BirdsAsiaJohnGoIVGoul-0220.jpg,"not pinned in Featherframe: stood up and cut by the folio's rules, the crop not reviewed"
IV,54,Robert's Wedge-billed Wren,Sphenocichla Roberti,"SPHENOCICHLA ROBERTI, Godwin Austen & Walden.",BirdsAsiaJohnGoIVGoul,120503,224,39022133,portrait,0,https://bhl-open-data.s3.us-east-2.amazonaws.com/images/BirdsAsiaJohnGoIVGoul/BirdsAsiaJohnGoIVGoul_0224.jp2,https://www.biodiversitylibrary.org/page/39022133,sheet-BirdsAsiaJohnGoIVGoul-0224.jpg,crop-BirdsAsiaJohnGoIVGoul-0224.jpg,"not pinned in Featherframe: stood up and cut by the folio's rules, the crop not reviewed"
IV,55,Hume's Wedge-billed Wren,Sphenocichla Humii,SPHENOCICHLA HUMII.,BirdsAsiaJohnGoIVGoul,120503,228,39022137,portrait,0,https://bhl-open-data.s3.us-east-2.amazonaws.com/images/BirdsAsiaJohnGoIVGoul/BirdsAsiaJohnGoIVGoul_0228.jp2,https://www.biodiversitylibrary.org/page/39022137,sheet-BirdsAsiaJohnGoIVGoul-0228.jpg,crop-BirdsAsiaJohnGoIVGoul-0228.jpg,"not pinned in Featherframe: stood up and cut by the folio's rules, the crop not reviewed"
IV,56,Spotted Creeper,Salpornis spilonota,SALPORNIS SPILONOTA .,BirdsAsiaJohnGoIVGoul,120503,232,39022141,portrait,0,https://bhl-open-data.s3.us-east-2.amazonaws.com/images/BirdsAsiaJohnGoIVGoul/BirdsAsiaJohnGoIVGoul_0232.jp2,https://www.biodiversitylibrary.org/page/39022141,sheet-BirdsAsiaJohnGoIVGoul-0232.jpg,crop-BirdsAsiaJohnGoIVGoul-0232.jpg,"not pinned in Featherframe: stood up and cut by the folio's rules, the crop not reviewed"
IV,57,Nepaulese Creeper,Certhia Nipalensis,CERTHIA NIPALENSIS:Hoags:,BirdsAsiaJohnGoIVGoul,120503,236,39022145,portrait,0,https://bhl-open-data.s3.us-east-2.amazonaws.com/images/BirdsAsiaJohnGoIVGoul/BirdsAsiaJohnGoIVGoul_0236.jp2,https://www.biodiversitylibrary.org/page/39022145,sheet-BirdsAsiaJohnGoIVGoul-0236.jpg,crop-BirdsAsiaJohnGoIVGoul-0236.jpg,"not pinned in Featherframe: stood up and cut by the folio's rules, the crop not reviewed"
IV,58,Himalayan Creeper,Certhia Himalayana,CERTHIA TIIMALAYANA: V9:,BirdsAsiaJohnGoIVGoul,120503,240,39022149,portrait,0,https://bhl-open-data.s3.us-east-2.amazonaws.com/images/BirdsAsiaJohnGoIVGoul/BirdsAsiaJohnGoIVGoul_0240.jp2,https://www.biodiversitylibrary.org/page/39022149,sheet-BirdsAsiaJohnGoIVGoul-0240.jpg,crop-BirdsAsiaJohnGoIVGoul-0240.jpg,
IV,59,(no English name printed),Phyllopneuste tristis,PYLLOPNEOSTE TRISTIS.,BirdsAsiaJohnGoIVGoul,120503,244,39022153,portrait,0,https://bhl-open-data.s3.us-east-2.amazonaws.com/images/BirdsAsiaJohnGoIVGoul/BirdsAsiaJohnGoIVGoul_0244.jp2,https://www.biodiversitylibrary.org/page/39022153,sheet-BirdsAsiaJohnGoIVGoul-0244.jpg,crop-BirdsAsiaJohnGoIVGoul-0244.jpg,"not pinned in Featherframe: stood up and cut by the folio's rules, the crop not reviewed"
IV,60,Himalayan Goldcrest,Regulus himalayensis,"REGULUS HIMALAYENSIS, Blyth.",BirdsAsiaJohnGoIVGoul,120503,248,39022157,portrait,0,https://bhl-open-data.s3.us-east-2.amazonaws.com/images/BirdsAsiaJohnGoIVGoul/BirdsAsiaJohnGoIVGoul_0248.jp2,https://www.biodiversitylibrary.org/page/39022157,sheet-BirdsAsiaJohnGoIVGoul-0248.jpg,crop-BirdsAsiaJohnGoIVGoul-0248.jpg,"not pinned in Featherframe: stood up and cut by the folio's rules, the crop not reviewed"
IV,61,Great Pied Wagtail,Motacilla Maderaspatensis,"MOTACILLA MADERASPATENSIS, Cme.",BirdsAsiaJohnGoIVGoul,120503,252,39022161,portrait,0,https://bhl-open-data.s3.us-east-2.amazonaws.com/images/BirdsAsiaJohnGoIVGoul/BirdsAsiaJohnGoIVGoul_0252.jp2,https://www.biodiversitylibrary.org/page/39022161,sheet-BirdsAsiaJohnGoIVGoul-0252.jpg,crop-BirdsAsiaJohnGoIVGoul-0252.jpg,
IV,62,Deccan Wagtail,Motacilla Dukhunensis,"MOTACILLA DUKHUNENSIS, Sykes",BirdsAsiaJohnGoIVGoul,120503,256,39022165,portrait,0,https://bhl-open-data.s3.us-east-2.amazonaws.com/images/BirdsAsiaJohnGoIVGoul/BirdsAsiaJohnGoIVGoul_0256.jp2,https://www.biodiversitylibrary.org/page/39022165,sheet-BirdsAsiaJohnGoIVGoul-0256.jpg,crop-BirdsAsiaJohnGoIVGoul-0256.jpg,"not pinned in Featherframe: stood up and cut by the folio's rules, the crop not reviewed"
IV,63,Masked Wagtail,Motacilla personata,"MOTACILLA PERSONATA, Godd",BirdsAsiaJohnGoIVGoul,120503,260,39022169,portrait,0,https://bhl-open-data.s3.us-east-2.amazonaws.com/images/BirdsAsiaJohnGoIVGoul/BirdsAsiaJohnGoIVGoul_0260.jp2,https://www.biodiversitylibrary.org/page/39022169,sheet-BirdsAsiaJohnGoIVGoul-0260.jpg,crop-BirdsAsiaJohnGoIVGoul-0260.jpg,"not pinned in Featherframe: stood up and cut by the folio's rules, the crop not reviewed"
IV,64,Yellow-headed Wagtail,Budytes citreoloides,"BUDYTES CITREOLOIDES, Hodgs.",BirdsAsiaJohnGoIVGoul,120503,264,39022173,landscape,270,https://bhl-open-data.s3.us-east-2.amazonaws.com/images/BirdsAsiaJohnGoIVGoul/BirdsAsiaJohnGoIVGoul_0264.jp2,https://www.biodiversitylibrary.org/page/39022173,sheet-BirdsAsiaJohnGoIVGoul-0264.jpg,crop-BirdsAsiaJohnGoIVGoul-0264.jpg,"not pinned in Featherframe: stood up and cut by the folio's rules, the crop not reviewed"
IV,65,Indian Tree-Pipit,Pipastes agilis,PIPASTES AGILIS.,BirdsAsiaJohnGoIVGoul,120503,268,39022177,portrait,0,https://bhl-open-data.s3.us-east-2.amazonaws.com/images/BirdsAsiaJohnGoIVGoul/BirdsAsiaJohnGoIVGoul_0268.jp2,https://www.biodiversitylibrary.org/page/39022177,sheet-BirdsAsiaJohnGoIVGoul-0268.jpg,crop-BirdsAsiaJohnGoIVGoul-0268.jpg,
IV,66,Red-throated Pipit,Anthus cervinus,"ANTHUS CERVINUS, Pall.",BirdsAsiaJohnGoIVGoul,120503,272,39022181,landscape,270,https://bhl-open-data.s3.us-east-2.amazonaws.com/images/BirdsAsiaJohnGoIVGoul/BirdsAsiaJohnGoIVGoul_0272.jp2,https://www.biodiversitylibrary.org/page/39022181,sheet-BirdsAsiaJohnGoIVGoul-0272.jpg,crop-BirdsAsiaJohnGoIVGoul-0272.jpg,
IV,67,Variegated Wagtail,Limonidromus Indicus,LIMONIDROMUS INDICUS.,BirdsAsiaJohnGoIVGoul,120503,276,39022185,landscape,270,https://bhl-open-data.s3.us-east-2.amazonaws.com/images/BirdsAsiaJohnGoIVGoul/BirdsAsiaJohnGoIVGoul_0276.jp2,https://www.biodiversitylibrary.org/page/39022185,sheet-BirdsAsiaJohnGoIVGoul-0276.jpg,crop-BirdsAsiaJohnGoIVGoul-0276.jpg,
IV,68,Lunated Forktail,Enicurus maculatus,"KNICOROS MACUIATOS, Vigors.",BirdsAsiaJohnGoIVGoul,120503,280,39022189,portrait,0,https://bhl-open-data.s3.us-east-2.amazonaws.com/images/BirdsAsiaJohnGoIVGoul/BirdsAsiaJohnGoIVGoul_0280.jp2,https://www.biodiversitylibrary.org/page/39022189,sheet-BirdsAsiaJohnGoIVGoul-0280.jpg,crop-BirdsAsiaJohnGoIVGoul-0280.jpg,
IV,69,Spotted Forktail,Enicurus guttatus,"ENICUROS GOTTATUS, Gould.",BirdsAsiaJohnGoIVGoul,120503,284,39022193,portrait,0,https://bhl-open-data.s3.us-east-2.amazonaws.com/images/BirdsAsiaJohnGoIVGoul/BirdsAsiaJohnGoIVGoul_0284.jp2,https://www.biodiversitylibrary.org/page/39022193,sheet-BirdsAsiaJohnGoIVGoul-0284.jpg,crop-BirdsAsiaJohnGoIVGoul-0284.jpg,"not pinned in Featherframe: stood up and cut by the folio's rules, the crop not reviewed"
IV,70,Chinese Forktail,Enicurus Chinensis,"ENICURUS CHNENSIS, Gould.",BirdsAsiaJohnGoIVGoul,120503,288,39022197,portrait,0,https://bhl-open-data.s3.us-east-2.amazonaws.com/images/BirdsAsiaJohnGoIVGoul/BirdsAsiaJohnGoIVGoul_0288.jp2,https://www.biodiversitylibrary.org/page/39022197,sheet-BirdsAsiaJohnGoIVGoul-0288.jpg,crop-BirdsAsiaJohnGoIVGoul-0288.jpg,"not pinned in Featherframe: stood up and cut by the folio's rules, the crop not reviewed"
IV,71,Scouler's Forktail,Enicurus Scouleri,"ENICURUS SCOULERI, Vigors.",BirdsAsiaJohnGoIVGoul,120503,292,39022201,portrait,0,https://bhl-open-data.s3.us-east-2.amazonaws.com/images/BirdsAsiaJohnGoIVGoul/BirdsAsiaJohnGoIVGoul_0292.jp2,https://www.biodiversitylibrary.org/page/39022201,sheet-BirdsAsiaJohnGoIVGoul-0292.jpg,crop-BirdsAsiaJohnGoIVGoul-0292.jpg,"not pinned in Featherframe: stood up and cut by the folio's rules, the crop not reviewed"
IV,72,Long-billed Calandre,Melanocorypha maxima,"MELANOCORYPHA MAXIMA, Gould",BirdsAsiaJohnGoIVGoul,120503,296,39022205,landscape,270,https://bhl-open-data.s3.us-east-2.amazonaws.com/images/BirdsAsiaJohnGoIVGoul/BirdsAsiaJohnGoIVGoul_0296.jp2,https://www.biodiversitylibrary.org/page/39022205,sheet-BirdsAsiaJohnGoIVGoul-0296.jpg,crop-BirdsAsiaJohnGoIVGoul-0296.jpg,
V,1,Adams's Mountain Finch,Montifringilla Adamsii,MONTIFRINGILLA ADAMSI. Moore.,BirdsAsiaJohnGoVGoul,121124,12,39191896,portrait,0,https://bhl-open-data.s3.us-east-2.amazonaws.com/images/BirdsAsiaJohnGoVGoul/BirdsAsiaJohnGoVGoul_0012.jp2,https://www.biodiversitylibrary.org/page/39191896,sheet-BirdsAsiaJohnGoVGoul-0012.jpg,crop-BirdsAsiaJohnGoVGoul-0012.jpg,"not pinned in Featherframe: stood up and cut by the folio's rules, the crop not reviewed"
V,2,Northern Mountain Finch,Montifringilla arctoa,MONTIFRINGILLA ARCTOA.,BirdsAsiaJohnGoVGoul,121124,16,39191892,portrait,0,https://bhl-open-data.s3.us-east-2.amazonaws.com/images/BirdsAsiaJohnGoVGoul/BirdsAsiaJohnGoVGoul_0016.jp2,https://www.biodiversitylibrary.org/page/39191892,sheet-BirdsAsiaJohnGoVGoul-0016.jpg,crop-BirdsAsiaJohnGoVGoul-0016.jpg,"not pinned in Featherframe: stood up and cut by the folio's rules, the crop not reviewed"
V,3,Red-rumped Mountain Finch,Montifringilla haematopygia,MONTIFRINCILLA HEMATOPYCIA: GuZd,BirdsAsiaJohnGoVGoul,121124,20,39191888,portrait,0,https://bhl-open-data.s3.us-east-2.amazonaws.com/images/BirdsAsiaJohnGoVGoul/BirdsAsiaJohnGoVGoul_0020.jp2,https://www.biodiversitylibrary.org/page/39191888,sheet-BirdsAsiaJohnGoVGoul-0020.jpg,crop-BirdsAsiaJohnGoVGoul-0020.jpg,"not pinned in Featherframe: stood up and cut by the folio's rules, the crop not reviewed"
V,4,Brown-naped Mountain Finch,Montifringilla brunneinucha,"MONTIFRUGILLA BRUNNEINUCHA,",BirdsAsiaJohnGoVGoul,121124,24,39191884,portrait,0,https://bhl-open-data.s3.us-east-2.amazonaws.com/images/BirdsAsiaJohnGoVGoul/BirdsAsiaJohnGoVGoul_0024.jp2,https://www.biodiversitylibrary.org/page/39191884,sheet-BirdsAsiaJohnGoVGoul-0024.jpg,crop-BirdsAsiaJohnGoVGoul-0024.jpg,"not pinned in Featherframe: stood up and cut by the folio's rules, the crop not reviewed"
V,5,Red-necked Mountain Finch,Montifringilla ruficollis,"MONTIFRINGILLA RUFICOLLAS , W.I.Blanford",BirdsAsiaJohnGoVGoul,121124,28,39191880,portrait,0,https://bhl-open-data.s3.us-east-2.amazonaws.com/images/BirdsAsiaJohnGoVGoul/BirdsAsiaJohnGoVGoul_0028.jp2,https://www.biodiversitylibrary.org/page/39191880,sheet-BirdsAsiaJohnGoVGoul-0028.jpg,crop-BirdsAsiaJohnGoVGoul-0028.jpg,"not pinned in Featherframe: stood up and cut by the folio's rules, the crop not reviewed"
V,6,Grey-capped Bunting,Emberiza caniceps,"EMBERIZA CANICEPS, Gould",BirdsAsiaJohnGoVGoul,121124,32,39191876,portrait,0,https://bhl-open-data.s3.us-east-2.amazonaws.com/images/BirdsAsiaJohnGoVGoul/BirdsAsiaJohnGoVGoul_0032.jp2,https://www.biodiversitylibrary.org/page/39191876,sheet-BirdsAsiaJohnGoVGoul-0032.jpg,crop-BirdsAsiaJohnGoVGoul-0032.jpg,
V,7,Dwarf Bunting,Emberiza pusilla,"EMBERIZA PUSILLA, Pall.",BirdsAsiaJohnGoVGoul,121124,36,39191872,portrait,0,https://bhl-open-data.s3.us-east-2.amazonaws.com/images/BirdsAsiaJohnGoVGoul/BirdsAsiaJohnGoVGoul_0036.jp2,https://www.biodiversitylibrary.org/page/39191872,sheet-BirdsAsiaJohnGoVGoul-0036.jpg,crop-BirdsAsiaJohnGoVGoul-0036.jpg,
V,8,Cinereous Bunting,Emberiza cinerea,"EMBERIZA CINEREA, Strickl.",BirdsAsiaJohnGoVGoul,121124,40,39191838,portrait,0,https://bhl-open-data.s3.us-east-2.amazonaws.com/images/BirdsAsiaJohnGoVGoul/BirdsAsiaJohnGoVGoul_0040.jp2,https://www.biodiversitylibrary.org/page/39191838,sheet-BirdsAsiaJohnGoVGoul-0040.jpg,crop-BirdsAsiaJohnGoVGoul-0040.jpg,
V,9,Painted Bunting,Emberiza fucata,"EMBERIZA FUCATA, Pall.",BirdsAsiaJohnGoVGoul,121124,44,39191842,portrait,0,https://bhl-open-data.s3.us-east-2.amazonaws.com/images/BirdsAsiaJohnGoVGoul/BirdsAsiaJohnGoVGoul_0044.jp2,https://www.biodiversitylibrary.org/page/39191842,sheet-BirdsAsiaJohnGoVGoul-0044.jpg,crop-BirdsAsiaJohnGoVGoul-0044.jpg,
V,10,Rustic Bunting,Emberiza rustica,"EMBERIZA RUSTICA, Pal.",BirdsAsiaJohnGoVGoul,121124,48,39191846,portrait,0,https://bhl-open-data.s3.us-east-2.amazonaws.com/images/BirdsAsiaJohnGoVGoul/BirdsAsiaJohnGoVGoul_0048.jp2,https://www.biodiversitylibrary.org/page/39191846,sheet-BirdsAsiaJohnGoVGoul-0048.jpg,crop-BirdsAsiaJohnGoVGoul-0048.jpg,
V,11,Hutton's Bunting,Glycyspina Huttoni,GLYCISPINA HUTTONI.,BirdsAsiaJohnGoVGoul,121124,52,39191850,portrait,0,https://bhl-open-data.s3.us-east-2.amazonaws.com/images/BirdsAsiaJohnGoVGoul/BirdsAsiaJohnGoVGoul_0052.jp2,https://www.biodiversitylibrary.org/page/39191850,sheet-BirdsAsiaJohnGoVGoul-0052.jpg,crop-BirdsAsiaJohnGoVGoul-0052.jpg,
V,12,Elegant Bunting,Euspiza elegans,"EUSPIZA ELEGANS, Temm.",BirdsAsiaJohnGoVGoul,121124,56,39191854,portrait,0,https://bhl-open-data.s3.us-east-2.amazonaws.com/images/BirdsAsiaJohnGoVGoul/BirdsAsiaJohnGoVGoul_0056.jp2,https://www.biodiversitylibrary.org/page/39191854,sheet-BirdsAsiaJohnGoVGoul-0056.jpg,crop-BirdsAsiaJohnGoVGoul-0056.jpg,
V,13,Black-headed Bunting,Euspiza melanocephala,EUSPIZA MELANOCEPHALA.,BirdsAsiaJohnGoVGoul,121124,60,39191858,portrait,0,https://bhl-open-data.s3.us-east-2.amazonaws.com/images/BirdsAsiaJohnGoVGoul/BirdsAsiaJohnGoVGoul_0060.jp2,https://www.biodiversitylibrary.org/page/39191858,sheet-BirdsAsiaJohnGoVGoul-0060.jpg,crop-BirdsAsiaJohnGoVGoul-0060.jpg,
V,14,Red-headed Bunting,Euspiza luteola,EUSPIZA LUTEOLA.,BirdsAsiaJohnGoVGoul,121124,64,39191862,portrait,0,https://bhl-open-data.s3.us-east-2.amazonaws.com/images/BirdsAsiaJohnGoVGoul/BirdsAsiaJohnGoVGoul_0064.jp2,https://www.biodiversitylibrary.org/page/39191862,sheet-BirdsAsiaJohnGoVGoul-0064.jpg,crop-BirdsAsiaJohnGoVGoul-0064.jpg,
V,15,Turkestan Sparrow,Passer ammodendri,"PASSER AMMODENDRI, Severzow",BirdsAsiaJohnGoVGoul,121124,68,39191866,portrait,0,https://bhl-open-data.s3.us-east-2.amazonaws.com/images/BirdsAsiaJohnGoVGoul/BirdsAsiaJohnGoVGoul_0068.jp2,https://www.biodiversitylibrary.org/page/39191866,sheet-BirdsAsiaJohnGoVGoul-0068.jpg,crop-BirdsAsiaJohnGoVGoul-0068.jpg,
V,16,Burton's Grosbeak,Fringilla Burtoni,FRINGILLA BURTONI:Gould.,BirdsAsiaJohnGoVGoul,121124,72,39191908,portrait,0,https://bhl-open-data.s3.us-east-2.amazonaws.com/images/BirdsAsiaJohnGoVGoul/BirdsAsiaJohnGoVGoul_0072.jp2,https://www.biodiversitylibrary.org/page/39191908,sheet-BirdsAsiaJohnGoVGoul-0072.jpg,crop-BirdsAsiaJohnGoVGoul-0072.jpg,
V,17,Eastern Goldfinch,Carduelis orientalis,CARDUELIS ORIENTALIS.,BirdsAsiaJohnGoVGoul,121124,76,39191912,portrait,0,https://bhl-open-data.s3.us-east-2.amazonaws.com/images/BirdsAsiaJohnGoVGoul/BirdsAsiaJohnGoVGoul_0076.jp2,https://www.biodiversitylibrary.org/page/39191912,sheet-BirdsAsiaJohnGoVGoul-0076.jpg,crop-BirdsAsiaJohnGoVGoul-0076.jpg,"not pinned in Featherframe: stood up and cut by the folio's rules, the crop not reviewed"
V,18,Masked Grosbeak,Eophona personata,FOPHONA PERSONATA.,BirdsAsiaJohnGoVGoul,121124,80,39191916,portrait,0,https://bhl-open-data.s3.us-east-2.amazonaws.com/images/BirdsAsiaJohnGoVGoul/BirdsAsiaJohnGoVGoul_0080.jp2,https://www.biodiversitylibrary.org/page/39191916,sheet-BirdsAsiaJohnGoVGoul-0080.jpg,crop-BirdsAsiaJohnGoVGoul-0080.jpg,
V,19,Black-tailed Grosbeak,Eophona melanura,FOPHONA MELANURA.,BirdsAsiaJohnGoVGoul,121124,84,39191920,portrait,0,https://bhl-open-data.s3.us-east-2.amazonaws.com/images/BirdsAsiaJohnGoVGoul/BirdsAsiaJohnGoVGoul_0084.jp2,https://www.biodiversitylibrary.org/page/39191920,sheet-BirdsAsiaJohnGoVGoul-0084.jpg,crop-BirdsAsiaJohnGoVGoul-0084.jpg,
V,20,Black-and-Yellow Grosbeak,Mycerobas melanoxanthus,MYCEROBAS MELANOXANTHUS.,BirdsAsiaJohnGoVGoul,121124,88,39191924,portrait,0,https://bhl-open-data.s3.us-east-2.amazonaws.com/images/BirdsAsiaJohnGoVGoul/BirdsAsiaJohnGoVGoul_0088.jp2,https://www.biodiversitylibrary.org/page/39191924,sheet-BirdsAsiaJohnGoVGoul-0088.jpg,crop-BirdsAsiaJohnGoVGoul-0088.jpg,"not pinned in Featherframe: stood up and cut by the folio's rules, the crop not reviewed"
V,21,Flesh-footed Grosbeak,Mycerobas carneipes,MYCEROBAS CARNIPES,BirdsAsiaJohnGoVGoul,121124,92,39191928,portrait,0,https://bhl-open-data.s3.us-east-2.amazonaws.com/images/BirdsAsiaJohnGoVGoul/BirdsAsiaJohnGoVGoul_0092.jp2,https://www.biodiversitylibrary.org/page/39191928,sheet-BirdsAsiaJohnGoVGoul-0092.jpg,crop-BirdsAsiaJohnGoVGoul-0092.jpg,
V,22,Icterine Grosbeak,Hesperiphona icterioides,HESPERIPHONA ICTERIOIDES.,BirdsAsiaJohnGoVGoul,121124,96,39191932,portrait,0,https://bhl-open-data.s3.us-east-2.amazonaws.com/images/BirdsAsiaJohnGoVGoul/BirdsAsiaJohnGoVGoul_0096.jp2,https://www.biodiversitylibrary.org/page/39191932,sheet-BirdsAsiaJohnGoVGoul-0096.jpg,crop-BirdsAsiaJohnGoVGoul-0096.jpg,
V,23,Allied Grosbeak,Hesperiphona affinis,"HESPERIPHONA AFFINIS , Blyth.",BirdsAsiaJohnGoVGoul,121124,100,39191936,portrait,0,https://bhl-open-data.s3.us-east-2.amazonaws.com/images/BirdsAsiaJohnGoVGoul/BirdsAsiaJohnGoVGoul_0100.jp2,https://www.biodiversitylibrary.org/page/39191936,sheet-BirdsAsiaJohnGoVGoul-0100.jpg,crop-BirdsAsiaJohnGoVGoul-0100.jpg,
V,24,Sepoy Finch,Haematospiza Sipahi,HEMATOSPIZA SIPAHI.,BirdsAsiaJohnGoVGoul,121124,104,39191940,portrait,0,https://bhl-open-data.s3.us-east-2.amazonaws.com/images/BirdsAsiaJohnGoVGoul/BirdsAsiaJohnGoVGoul_0104.jp2,https://www.biodiversitylibrary.org/page/39191940,sheet-BirdsAsiaJohnGoVGoul-0104.jpg,crop-BirdsAsiaJohnGoVGoul-0104.jpg,"not pinned in Featherframe: stood up and cut by the folio's rules, the crop not reviewed"
V,25,Caucasian Grosbeak,Carpodacus rubicilla,CARPODACUS RUBICILLA.,BirdsAsiaJohnGoVGoul,121124,108,39191944,portrait,0,https://bhl-open-data.s3.us-east-2.amazonaws.com/images/BirdsAsiaJohnGoVGoul/BirdsAsiaJohnGoVGoul_0108.jp2,https://www.biodiversitylibrary.org/page/39191944,sheet-BirdsAsiaJohnGoVGoul-0108.jpg,crop-BirdsAsiaJohnGoVGoul-0108.jpg,
V,26,Red-mantled Grosbeak,Carpodacus rhodochlamys,CARPODACUS RHODOCHLAMYS.,BirdsAsiaJohnGoVGoul,121124,112,39191948,portrait,0,https://bhl-open-data.s3.us-east-2.amazonaws.com/images/BirdsAsiaJohnGoVGoul/BirdsAsiaJohnGoVGoul_0112.jp2,https://www.biodiversitylibrary.org/page/39191948,sheet-BirdsAsiaJohnGoVGoul-0112.jpg,crop-BirdsAsiaJohnGoVGoul-0112.jpg,"not pinned in Featherframe: stood up and cut by the folio's rules, the crop not reviewed"
V,27,Siberian Grosbeak,Uragus sibiricus,URAGUS SIBIRICUS..,BirdsAsiaJohnGoVGoul,121124,116,39191952,portrait,0,https://bhl-open-data.s3.us-east-2.amazonaws.com/images/BirdsAsiaJohnGoVGoul/BirdsAsiaJohnGoVGoul_0116.jp2,https://www.biodiversitylibrary.org/page/39191952,sheet-BirdsAsiaJohnGoVGoul-0116.jpg,crop-BirdsAsiaJohnGoVGoul-0116.jpg,
V,28,Crimson-winged Finch,Rhodopechys sanguinea,RHODOPECHYS SANGUINEUS .,BirdsAsiaJohnGoVGoul,121124,120,39191956,portrait,0,https://bhl-open-data.s3.us-east-2.amazonaws.com/images/BirdsAsiaJohnGoVGoul/BirdsAsiaJohnGoVGoul_0120.jp2,https://www.biodiversitylibrary.org/page/39191956,sheet-BirdsAsiaJohnGoVGoul-0120.jpg,crop-BirdsAsiaJohnGoVGoul-0120.jpg,"not pinned in Featherframe: stood up and cut by the folio's rules, the crop not reviewed"
V,29,Rosy-winged Finch,Erythrospiza obsoleta,ERYTHROSPIZA OBSOLETA.,BirdsAsiaJohnGoVGoul,121124,124,39191960,portrait,0,https://bhl-open-data.s3.us-east-2.amazonaws.com/images/BirdsAsiaJohnGoVGoul/BirdsAsiaJohnGoVGoul_0124.jp2,https://www.biodiversitylibrary.org/page/39191960,sheet-BirdsAsiaJohnGoVGoul-0124.jpg,crop-BirdsAsiaJohnGoVGoul-0124.jpg,
V,30,Rosy Finch,Erythrospiza incarnata,"HRYTHROSPIZA INCARNATA, Serr.",BirdsAsiaJohnGoVGoul,121124,128,39191964,portrait,0,https://bhl-open-data.s3.us-east-2.amazonaws.com/images/BirdsAsiaJohnGoVGoul/BirdsAsiaJohnGoVGoul_0128.jp2,https://www.biodiversitylibrary.org/page/39191964,sheet-BirdsAsiaJohnGoVGoul-0128.jpg,crop-BirdsAsiaJohnGoVGoul-0128.jpg,"not pinned in Featherframe: stood up and cut by the folio's rules, the crop not reviewed"
V,31,Trumpeter Bullfinch,Erythrospiza githaginea,ERYTHROSPIZA GITHAGINEA.,BirdsAsiaJohnGoVGoul,121124,132,39191968,portrait,0,https://bhl-open-data.s3.us-east-2.amazonaws.com/images/BirdsAsiaJohnGoVGoul/BirdsAsiaJohnGoVGoul_0132.jp2,https://www.biodiversitylibrary.org/page/39191968,sheet-BirdsAsiaJohnGoVGoul-0132.jpg,crop-BirdsAsiaJohnGoVGoul-0132.jpg,
V,32,Pylzoff's Rose-Bunting,Urocynchramus Pylzowi,"UROCYNCHRAMUS PYLZOWI, Prjer.",BirdsAsiaJohnGoVGoul,121124,136,39191972,portrait,0,https://bhl-open-data.s3.us-east-2.amazonaws.com/images/BirdsAsiaJohnGoVGoul/BirdsAsiaJohnGoVGoul_0136.jp2,https://www.biodiversitylibrary.org/page/39191972,sheet-BirdsAsiaJohnGoVGoul-0136.jpg,crop-BirdsAsiaJohnGoVGoul-0136.jpg,
V,33,Rosy Grosbeak,Carpodacus roseus,"CARPODACUS ROSEUS, Bonap.",BirdsAsiaJohnGoVGoul,121124,140,39191976,portrait,0,https://bhl-open-data.s3.us-east-2.amazonaws.com/images/BirdsAsiaJohnGoVGoul/BirdsAsiaJohnGoVGoul_0140.jp2,https://www.biodiversitylibrary.org/page/39191976,sheet-BirdsAsiaJohnGoVGoul-0140.jpg,crop-BirdsAsiaJohnGoVGoul-0140.jpg,"not pinned in Featherframe: stood up and cut by the folio's rules, the crop not reviewed"
V,34,Orange-coloured Bullfinch,Pyrrhula aurantia,"PYRRHULA AURANTIA, Gould.",BirdsAsiaJohnGoVGoul,121124,144,39191980,portrait,0,https://bhl-open-data.s3.us-east-2.amazonaws.com/images/BirdsAsiaJohnGoVGoul/BirdsAsiaJohnGoVGoul_0144.jp2,https://www.biodiversitylibrary.org/page/39191980,sheet-BirdsAsiaJohnGoVGoul-0144.jpg,crop-BirdsAsiaJohnGoVGoul-0144.jpg,"not pinned in Featherframe: stood up and cut by the folio's rules, the crop not reviewed"
V,35,Oriental Bullfinch,Pyrrhula orientalis,"PYRRHULA ORIENTALIS, Temmet Schleg",BirdsAsiaJohnGoVGoul,121124,148,39191984,portrait,0,https://bhl-open-data.s3.us-east-2.amazonaws.com/images/BirdsAsiaJohnGoVGoul/BirdsAsiaJohnGoVGoul_0148.jp2,https://www.biodiversitylibrary.org/page/39191984,sheet-BirdsAsiaJohnGoVGoul-0148.jpg,crop-BirdsAsiaJohnGoVGoul-0148.jpg,"not pinned in Featherframe: stood up and cut by the folio's rules, the crop not reviewed"
V,36,Red-headed Bullfinch,Pyrrhula erythrocephala,"PYRREULA ERYTHROCEPHALA, Vig",BirdsAsiaJohnGoVGoul,121124,152,39191988,portrait,0,https://bhl-open-data.s3.us-east-2.amazonaws.com/images/BirdsAsiaJohnGoVGoul/BirdsAsiaJohnGoVGoul_0152.jp2,https://www.biodiversitylibrary.org/page/39191988,sheet-BirdsAsiaJohnGoVGoul-0152.jpg,crop-BirdsAsiaJohnGoVGoul-0152.jpg,"not pinned in Featherframe: stood up and cut by the folio's rules, the crop not reviewed"
V,37,Nepaulese Bullfinch,Pyrrhula Nipalensis,"PYRRHULA NIPALENSIS, #odys.",BirdsAsiaJohnGoVGoul,121124,156,39191992,portrait,0,https://bhl-open-data.s3.us-east-2.amazonaws.com/images/BirdsAsiaJohnGoVGoul/BirdsAsiaJohnGoVGoul_0156.jp2,https://www.biodiversitylibrary.org/page/39191992,sheet-BirdsAsiaJohnGoVGoul-0156.jpg,crop-BirdsAsiaJohnGoVGoul-0156.jpg,
V,38,Northern Bullfineh,Pyrrhula major,"PYRRHULA MAJOR, Brehm.",BirdsAsiaJohnGoVGoul,121124,160,39191996,portrait,0,https://bhl-open-data.s3.us-east-2.amazonaws.com/images/BirdsAsiaJohnGoVGoul/BirdsAsiaJohnGoVGoul_0160.jp2,https://www.biodiversitylibrary.org/page/39191996,sheet-BirdsAsiaJohnGoVGoul-0160.jpg,crop-BirdsAsiaJohnGoVGoul-0160.jpg,"not pinned in Featherframe: stood up and cut by the folio's rules, the crop not reviewed"
V,39,Beavan's Bullfinch,Pyrrhula erithacus,"PYRRHULA ERYTHACUS, Blyth.",BirdsAsiaJohnGoVGoul,121124,164,39192000,portrait,0,https://bhl-open-data.s3.us-east-2.amazonaws.com/images/BirdsAsiaJohnGoVGoul/BirdsAsiaJohnGoVGoul_0164.jp2,https://www.biodiversitylibrary.org/page/39192000,sheet-BirdsAsiaJohnGoVGoul-0164.jpg,crop-BirdsAsiaJohnGoVGoul-0164.jpg,
V,40,Cinereous Bullfinch,Pyrrhula cineracea,"PYRRHULA CINERACEA, Cab.",BirdsAsiaJohnGoVGoul,121124,168,39192004,portrait,0,https://bhl-open-data.s3.us-east-2.amazonaws.com/images/BirdsAsiaJohnGoVGoul/BirdsAsiaJohnGoVGoul_0168.jp2,https://www.biodiversitylibrary.org/page/39192004,sheet-BirdsAsiaJohnGoVGoul-0168.jpg,crop-BirdsAsiaJohnGoVGoul-0168.jpg,"not pinned in Featherframe: stood up and cut by the folio's rules, the crop not reviewed"
V,41,Himalayan Crossbill,Loxia Himalayana,"LOXIA HIMALAYANA, Hodgs.",BirdsAsiaJohnGoVGoul,121124,172,39192008,portrait,0,https://bhl-open-data.s3.us-east-2.amazonaws.com/images/BirdsAsiaJohnGoVGoul/BirdsAsiaJohnGoVGoul_0172.jp2,https://www.biodiversitylibrary.org/page/39192008,sheet-BirdsAsiaJohnGoVGoul-0172.jpg,crop-BirdsAsiaJohnGoVGoul-0172.jpg,"not pinned in Featherframe: stood up and cut by the folio's rules, the crop not reviewed"
V,42,Sardinian Starling,Sturnus unicolor,"STURNUS UNICOLOR, La Marm.",BirdsAsiaJohnGoVGoul,121124,176,39192012,portrait,0,https://bhl-open-data.s3.us-east-2.amazonaws.com/images/BirdsAsiaJohnGoVGoul/BirdsAsiaJohnGoVGoul_0176.jp2,https://www.biodiversitylibrary.org/page/39192012,sheet-BirdsAsiaJohnGoVGoul-0176.jpg,crop-BirdsAsiaJohnGoVGoul-0176.jpg,
V,43,Hume's Starling,Sturnus Humii,"STURNUS HUMIX, Gould.",BirdsAsiaJohnGoVGoul,121124,180,39192016,portrait,0,https://bhl-open-data.s3.us-east-2.amazonaws.com/images/BirdsAsiaJohnGoVGoul/BirdsAsiaJohnGoVGoul_0180.jp2,https://www.biodiversitylibrary.org/page/39192016,sheet-BirdsAsiaJohnGoVGoul-0180.jpg,crop-BirdsAsiaJohnGoVGoul-0180.jpg,"not pinned in Featherframe: stood up and cut by the folio's rules, the crop not reviewed"
V,44,Persian Starling,Sturnus purpurascens,"SLURNUS PURPURASCENS, Gould.",BirdsAsiaJohnGoVGoul,121124,184,39192020,portrait,0,https://bhl-open-data.s3.us-east-2.amazonaws.com/images/BirdsAsiaJohnGoVGoul/BirdsAsiaJohnGoVGoul_0184.jp2,https://www.biodiversitylibrary.org/page/39192020,sheet-BirdsAsiaJohnGoVGoul-0184.jpg,crop-BirdsAsiaJohnGoVGoul-0184.jpg,"not pinned in Featherframe: stood up and cut by the folio's rules, the crop not reviewed"
V,45,Tristram's Amydrus,Amydrus Tristrami,"AMYDRUS TRISTRAMI, Sclater:",BirdsAsiaJohnGoVGoul,121124,188,39192024,portrait,0,https://bhl-open-data.s3.us-east-2.amazonaws.com/images/BirdsAsiaJohnGoVGoul/BirdsAsiaJohnGoVGoul_0188.jp2,https://www.biodiversitylibrary.org/page/39192024,sheet-BirdsAsiaJohnGoVGoul-0188.jpg,crop-BirdsAsiaJohnGoVGoul-0188.jpg,
V,46,Formosan Blue Pie,Urocissa cerulea,"UROCISSA CÆRULEA, Gould.",BirdsAsiaJohnGoVGoul,121124,192,39192028,portrait,0,https://bhl-open-data.s3.us-east-2.amazonaws.com/images/BirdsAsiaJohnGoVGoul/BirdsAsiaJohnGoVGoul_0192.jp2,https://www.biodiversitylibrary.org/page/39192028,sheet-BirdsAsiaJohnGoVGoul-0192.jpg,crop-BirdsAsiaJohnGoVGoul-0192.jpg,
V,47,Nepaulese Blue Pie,Urocissa occipitalis,"TROCISSA OCCIPITALIS,",BirdsAsiaJohnGoVGoul,121124,196,39192032,portrait,0,https://bhl-open-data.s3.us-east-2.amazonaws.com/images/BirdsAsiaJohnGoVGoul/BirdsAsiaJohnGoVGoul_0196.jp2,https://www.biodiversitylibrary.org/page/39192032,sheet-BirdsAsiaJohnGoVGoul-0196.jpg,crop-BirdsAsiaJohnGoVGoul-0196.jpg,"not pinned in Featherframe: stood up and cut by the folio's rules, the crop not reviewed"
V,48,Chinese Blue Pie,Urocissa Sinensis,UROCISSA SINENSIS.,BirdsAsiaJohnGoVGoul,121124,200,39192036,portrait,0,https://bhl-open-data.s3.us-east-2.amazonaws.com/images/BirdsAsiaJohnGoVGoul/BirdsAsiaJohnGoVGoul_0200.jp2,https://www.biodiversitylibrary.org/page/39192036,sheet-BirdsAsiaJohnGoVGoul-0200.jpg,crop-BirdsAsiaJohnGoVGoul-0200.jpg,
V,49,Great-billed Blue Pie,Urocissa magnirostris,UROCISSA MAGNIROSTRIS.,BirdsAsiaJohnGoVGoul,121124,204,39192040,portrait,0,https://bhl-open-data.s3.us-east-2.amazonaws.com/images/BirdsAsiaJohnGoVGoul/BirdsAsiaJohnGoVGoul_0204.jp2,https://www.biodiversitylibrary.org/page/39192040,sheet-BirdsAsiaJohnGoVGoul-0204.jpg,crop-BirdsAsiaJohnGoVGoul-0204.jpg,"not pinned in Featherframe: stood up and cut by the folio's rules, the crop not reviewed"
V,50,Yellow-billed Blue Pie,Urocissa flavirostris,UROCISSA FLAVIROSTRIS.,BirdsAsiaJohnGoVGoul,121124,208,39192044,portrait,0,https://bhl-open-data.s3.us-east-2.amazonaws.com/images/BirdsAsiaJohnGoVGoul/BirdsAsiaJohnGoVGoul_0208.jp2,https://www.biodiversitylibrary.org/page/39192044,sheet-BirdsAsiaJohnGoVGoul-0208.jpg,crop-BirdsAsiaJohnGoVGoul-0208.jpg,
V,51,White-capped Blue Pie,Urocissa cucullata,"UROCISSA CUCULLATA, Gould.",BirdsAsiaJohnGoVGoul,121124,212,39192048,portrait,0,https://bhl-open-data.s3.us-east-2.amazonaws.com/images/BirdsAsiaJohnGoVGoul/BirdsAsiaJohnGoVGoul_0212.jp2,https://www.biodiversitylibrary.org/page/39192048,sheet-BirdsAsiaJohnGoVGoul-0212.jpg,crop-BirdsAsiaJohnGoVGoul-0212.jpg,"not pinned in Featherframe: stood up and cut by the folio's rules, the crop not reviewed"
V,52,Hooded Crypsirhina,Crypsirhina cucullata,"CRYPSIRINA CUCULLATA, Jera.",BirdsAsiaJohnGoVGoul,121124,216,39192052,portrait,0,https://bhl-open-data.s3.us-east-2.amazonaws.com/images/BirdsAsiaJohnGoVGoul/BirdsAsiaJohnGoVGoul_0216.jp2,https://www.biodiversitylibrary.org/page/39192052,sheet-BirdsAsiaJohnGoVGoul-0216.jpg,crop-BirdsAsiaJohnGoVGoul-0216.jpg,"not pinned in Featherframe: stood up and cut by the folio's rules, the crop not reviewed"
V,53,Red-and-Blue Cissa,Cissa pyrrhocyanea,CISSA PYRRHOCYANEA.,BirdsAsiaJohnGoVGoul,121124,220,39192056,portrait,0,https://bhl-open-data.s3.us-east-2.amazonaws.com/images/BirdsAsiaJohnGoVGoul/BirdsAsiaJohnGoVGoul_0220.jp2,https://www.biodiversitylibrary.org/page/39192056,sheet-BirdsAsiaJohnGoVGoul-0220.jpg,crop-BirdsAsiaJohnGoVGoul-0220.jpg,
V,54,Hunting Cissa,Cissa venatoria,CISSA VENATORIA.,BirdsAsiaJohnGoVGoul,121124,224,39192060,portrait,0,https://bhl-open-data.s3.us-east-2.amazonaws.com/images/BirdsAsiaJohnGoVGoul/BirdsAsiaJohnGoVGoul_0224.jp2,https://www.biodiversitylibrary.org/page/39192060,sheet-BirdsAsiaJohnGoVGoul-0224.jpg,crop-BirdsAsiaJohnGoVGoul-0224.jpg,"not pinned in Featherframe: stood up and cut by the folio's rules, the crop not reviewed"
V,55,White-winged Magpie,Pica leucoptera,"PICA LEUCOPTERA, Gould.",BirdsAsiaJohnGoVGoul,121124,228,39192064,portrait,0,https://bhl-open-data.s3.us-east-2.amazonaws.com/images/BirdsAsiaJohnGoVGoul/BirdsAsiaJohnGoVGoul_0228.jp2,https://www.biodiversitylibrary.org/page/39192064,sheet-BirdsAsiaJohnGoVGoul-0228.jpg,crop-BirdsAsiaJohnGoVGoul-0228.jpg,"not pinned in Featherframe: stood up and cut by the folio's rules, the crop not reviewed"
V,56,Affghan Magpie,Pica Bactriana,"PICA BACTRIANA, Bonap.",BirdsAsiaJohnGoVGoul,121124,232,39192068,portrait,0,https://bhl-open-data.s3.us-east-2.amazonaws.com/images/BirdsAsiaJohnGoVGoul/BirdsAsiaJohnGoVGoul_0232.jp2,https://www.biodiversitylibrary.org/page/39192068,sheet-BirdsAsiaJohnGoVGoul-0232.jpg,crop-BirdsAsiaJohnGoVGoul-0232.jpg,"not pinned in Featherframe: stood up and cut by the folio's rules, the crop not reviewed"
V,57,Bootan Magpie,Pica Bottanensis,"PICA BOTTANENSIS, Deessert.",BirdsAsiaJohnGoVGoul,121124,236,39192072,portrait,0,https://bhl-open-data.s3.us-east-2.amazonaws.com/images/BirdsAsiaJohnGoVGoul/BirdsAsiaJohnGoVGoul_0236.jp2,https://www.biodiversitylibrary.org/page/39192072,sheet-BirdsAsiaJohnGoVGoul-0236.jpg,crop-BirdsAsiaJohnGoVGoul-0236.jpg,
V,58,Formosan Jay,Garrulus Taivanus,"CARRULUS TAIVANUS, Gould.",BirdsAsiaJohnGoVGoul,121124,240,39192076,portrait,0,https://bhl-open-data.s3.us-east-2.amazonaws.com/images/BirdsAsiaJohnGoVGoul/BirdsAsiaJohnGoVGoul_0240.jp2,https://www.biodiversitylibrary.org/page/39192076,sheet-BirdsAsiaJohnGoVGoul-0240.jpg,crop-BirdsAsiaJohnGoVGoul-0240.jpg,"not pinned in Featherframe: stood up and cut by the folio's rules, the crop not reviewed"
V,59,Many-spotted Nutcracker,Nucifraga multipunctata,VUCIFRACA MUTTIPUNCTATA: Could.,BirdsAsiaJohnGoVGoul,121124,244,39192080,portrait,0,https://bhl-open-data.s3.us-east-2.amazonaws.com/images/BirdsAsiaJohnGoVGoul/BirdsAsiaJohnGoVGoul_0244.jp2,https://www.biodiversitylibrary.org/page/39192080,sheet-BirdsAsiaJohnGoVGoul-0244.jpg,crop-BirdsAsiaJohnGoVGoul-0244.jpg,"not pinned in Featherframe: stood up and cut by the folio's rules, the crop not reviewed"
V,60,Biddulph's Podoces,Podoces Biddulphi,"PODOCES BIDDULPHL, Hume.",BirdsAsiaJohnGoVGoul,121124,248,39192084,portrait,0,https://bhl-open-data.s3.us-east-2.amazonaws.com/images/BirdsAsiaJohnGoVGoul/BirdsAsiaJohnGoVGoul_0248.jp2,https://www.biodiversitylibrary.org/page/39192084,sheet-BirdsAsiaJohnGoVGoul-0248.jpg,crop-BirdsAsiaJohnGoVGoul-0248.jpg,"not pinned in Featherframe: stood up and cut by the folio's rules, the crop not reviewed"
V,61,Henderson's Podoces,Podoces Hendersoni,"PODOCES HENDERSONI, Hune.",BirdsAsiaJohnGoVGoul,121124,252,39192088,portrait,0,https://bhl-open-data.s3.us-east-2.amazonaws.com/images/BirdsAsiaJohnGoVGoul/BirdsAsiaJohnGoVGoul_0252.jp2,https://www.biodiversitylibrary.org/page/39192088,sheet-BirdsAsiaJohnGoVGoul-0252.jpg,crop-BirdsAsiaJohnGoVGoul-0252.jpg,
V,62,Pander's Podoces,Podoces Panderi,"PODOCES PANDERI, Fischer",BirdsAsiaJohnGoVGoul,121124,256,39192092,portrait,0,https://bhl-open-data.s3.us-east-2.amazonaws.com/images/BirdsAsiaJohnGoVGoul/BirdsAsiaJohnGoVGoul_0256.jp2,https://www.biodiversitylibrary.org/page/39192092,sheet-BirdsAsiaJohnGoVGoul-0256.jpg,crop-BirdsAsiaJohnGoVGoul-0256.jpg,"not pinned in Featherframe: stood up and cut by the folio's rules, the crop not reviewed"
V,63,Dingy Podoces,Podoces humilis,"PODOCES HUMILIS, Humc.",BirdsAsiaJohnGoVGoul,121124,260,39192096,portrait,0,https://bhl-open-data.s3.us-east-2.amazonaws.com/images/BirdsAsiaJohnGoVGoul/BirdsAsiaJohnGoVGoul_0260.jp2,https://www.biodiversitylibrary.org/page/39192096,sheet-BirdsAsiaJohnGoVGoul-0260.jpg,crop-BirdsAsiaJohnGoVGoul-0260.jpg,
V,64,Bengal Pitta,Pitta bengalensis,PITTA BENCALENSIS.,BirdsAsiaJohnGoVGoul,121124,264,39192100,portrait,0,https://bhl-open-data.s3.us-east-2.amazonaws.com/images/BirdsAsiaJohnGoVGoul/BirdsAsiaJohnGoVGoul_0264.jp2,https://www.biodiversitylibrary.org/page/39192100,sheet-BirdsAsiaJohnGoVGoul-0264.jpg,crop-BirdsAsiaJohnGoVGoul-0264.jpg,"not pinned in Featherframe: stood up and cut by the folio's rules, the crop not reviewed"
V,65,Formosan Pitta,Pitta oreas,"PITTA OREAS, Swinh.",BirdsAsiaJohnGoVGoul,121124,268,39192104,portrait,0,https://bhl-open-data.s3.us-east-2.amazonaws.com/images/BirdsAsiaJohnGoVGoul/BirdsAsiaJohnGoVGoul_0268.jp2,https://www.biodiversitylibrary.org/page/39192104,sheet-BirdsAsiaJohnGoVGoul-0268.jpg,crop-BirdsAsiaJohnGoVGoul-0268.jpg,
V,66,Elliot's Pitta,Pitta Ellioti,"PITTA ELLIOTI, Oust.",BirdsAsiaJohnGoVGoul,121124,272,39192108,portrait,0,https://bhl-open-data.s3.us-east-2.amazonaws.com/images/BirdsAsiaJohnGoVGoul/BirdsAsiaJohnGoVGoul_0272.jp2,https://www.biodiversitylibrary.org/page/39192108,sheet-BirdsAsiaJohnGoVGoul-0272.jpg,crop-BirdsAsiaJohnGoVGoul-0272.jpg,
V,67,Bornean Pitta,Pitta granatina,PITTA GRANATINA.,BirdsAsiaJohnGoVGoul,121124,276,39192112,portrait,0,https://bhl-open-data.s3.us-east-2.amazonaws.com/images/BirdsAsiaJohnGoVGoul/BirdsAsiaJohnGoVGoul_0276.jp2,https://www.biodiversitylibrary.org/page/39192112,sheet-BirdsAsiaJohnGoVGoul-0276.jpg,crop-BirdsAsiaJohnGoVGoul-0276.jpg,
V,68,Malaccan Pitta,Pitta coccinea,"PITTA COCCINEA, Eyton.",BirdsAsiaJohnGoVGoul,121124,280,39192116,portrait,0,https://bhl-open-data.s3.us-east-2.amazonaws.com/images/BirdsAsiaJohnGoVGoul/BirdsAsiaJohnGoVGoul_0280.jp2,https://www.biodiversitylibrary.org/page/39192116,sheet-BirdsAsiaJohnGoVGoul-0280.jpg,crop-BirdsAsiaJohnGoVGoul-0280.jpg,"not pinned in Featherframe: stood up and cut by the folio's rules, the crop not reviewed"
V,69,Necklaced Pitta,Pitta arquata,"PITTA ARQUATA, Gould.",BirdsAsiaJohnGoVGoul,121124,284,39192120,portrait,0,https://bhl-open-data.s3.us-east-2.amazonaws.com/images/BirdsAsiaJohnGoVGoul/BirdsAsiaJohnGoVGoul_0284.jp2,https://www.biodiversitylibrary.org/page/39192120,sheet-BirdsAsiaJohnGoVGoul-0284.jpg,crop-BirdsAsiaJohnGoVGoul-0284.jpg,
V,70,Large-billed Pitta,Pitta megarhyncha,"PITTA MEGARHYNCHA, Schleg.",BirdsAsiaJohnGoVGoul,121124,288,39192124,portrait,0,https://bhl-open-data.s3.us-east-2.amazonaws.com/images/BirdsAsiaJohnGoVGoul/BirdsAsiaJohnGoVGoul_0288.jp2,https://www.biodiversitylibrary.org/page/39192124,sheet-BirdsAsiaJohnGoVGoul-0288.jpg,crop-BirdsAsiaJohnGoVGoul-0288.jpg,
V,71,Koch's Pitta,Pitta Kochi,"PITTA KOCHI, Brüggem.",BirdsAsiaJohnGoVGoul,121124,292,39192128,landscape,270,https://bhl-open-data.s3.us-east-2.amazonaws.com/images/BirdsAsiaJohnGoVGoul/BirdsAsiaJohnGoVGoul_0292.jp2,https://www.biodiversitylibrary.org/page/39192128,sheet-BirdsAsiaJohnGoVGoul-0292.jpg,crop-BirdsAsiaJohnGoVGoul-0292.jpg,"not pinned in Featherframe: stood up and cut by the folio's rules, the crop not reviewed"
V,72,Red-backed Pitta,Pitta Baudii,"PITTA BAUTDII, Müller & Schleg.",BirdsAsiaJohnGoVGoul,121124,296,39192132,portrait,0,https://bhl-open-data.s3.us-east-2.amazonaws.com/images/BirdsAsiaJohnGoVGoul/BirdsAsiaJohnGoVGoul_0296.jp2,https://www.biodiversitylibrary.org/page/39192132,sheet-BirdsAsiaJohnGoVGoul-0296.jpg,crop-BirdsAsiaJohnGoVGoul-0296.jpg,
V,73,Gurney's Pitta,Pitta Gurneyi,"PITTA GURNEYI, Hume.",BirdsAsiaJohnGoVGoul,121124,300,39192136,portrait,0,https://bhl-open-data.s3.us-east-2.amazonaws.com/images/BirdsAsiaJohnGoVGoul/BirdsAsiaJohnGoVGoul_0300.jp2,https://www.biodiversitylibrary.org/page/39192136,sheet-BirdsAsiaJohnGoVGoul-0300.jpg,crop-BirdsAsiaJohnGoVGoul-0300.jpg,"not pinned in Featherframe: stood up and cut by the folio's rules, the crop not reviewed"
V,74,Steere's Pitta,Pitta Steerii,PITTA STEEREI.,BirdsAsiaJohnGoVGoul,121124,304,39192140,portrait,0,https://bhl-open-data.s3.us-east-2.amazonaws.com/images/BirdsAsiaJohnGoVGoul/BirdsAsiaJohnGoVGoul_0304.jp2,https://www.biodiversitylibrary.org/page/39192140,sheet-BirdsAsiaJohnGoVGoul-0304.jpg,crop-BirdsAsiaJohnGoVGoul-0304.jpg,
V,75,Ussher's Pitta,Pitta Ussheri,PITTA USSHERI.,BirdsAsiaJohnGoVGoul,121124,308,39192144,portrait,0,https://bhl-open-data.s3.us-east-2.amazonaws.com/images/BirdsAsiaJohnGoVGoul/BirdsAsiaJohnGoVGoul_0308.jp2,https://www.biodiversitylibrary.org/page/39192144,sheet-BirdsAsiaJohnGoVGoul-0308.jpg,crop-BirdsAsiaJohnGoVGoul-0308.jpg,
V,76,Black-headed Pitta,Pitta atricapilla,"PITTA ATRICAPILLA, CUV:",BirdsAsiaJohnGoVGoul,121124,312,39192148,portrait,0,https://bhl-open-data.s3.us-east-2.amazonaws.com/images/BirdsAsiaJohnGoVGoul/BirdsAsiaJohnGoVGoul_0312.jp2,https://www.biodiversitylibrary.org/page/39192148,sheet-BirdsAsiaJohnGoVGoul-0312.jpg,crop-BirdsAsiaJohnGoVGoul-0312.jpg,"not pinned in Featherframe: stood up and cut by the folio's rules, the crop not reviewed"
V,77,Blue-tailed Pitta,Pitta cyanura,PITTA CYANURA.,BirdsAsiaJohnGoVGoul,121124,316,39192152,portrait,0,https://bhl-open-data.s3.us-east-2.amazonaws.com/images/BirdsAsiaJohnGoVGoul/BirdsAsiaJohnGoVGoul_0316.jp2,https://www.biodiversitylibrary.org/page/39192152,sheet-BirdsAsiaJohnGoVGoul-0316.jpg,crop-BirdsAsiaJohnGoVGoul-0316.jpg,"not pinned in Featherframe: stood up and cut by the folio's rules, the crop not reviewed"
V,78,Schwaner's Pitta,Pitta Schwaneri,"PITTA SCHWANERI, Temm.",BirdsAsiaJohnGoVGoul,121124,320,39192156,portrait,0,https://bhl-open-data.s3.us-east-2.amazonaws.com/images/BirdsAsiaJohnGoVGoul/BirdsAsiaJohnGoVGoul_0320.jp2,https://www.biodiversitylibrary.org/page/39192156,sheet-BirdsAsiaJohnGoVGoul-0320.jpg,crop-BirdsAsiaJohnGoVGoul-0320.jpg,
V,79,Nepaul Pitta,Pitta Nipalensis,PITTA NIPALENSIS: Hodgs:,BirdsAsiaJohnGoVGoul,121124,324,39192160,portrait,0,https://bhl-open-data.s3.us-east-2.amazonaws.com/images/BirdsAsiaJohnGoVGoul/BirdsAsiaJohnGoVGoul_0324.jp2,https://www.biodiversitylibrary.org/page/39192160,sheet-BirdsAsiaJohnGoVGoul-0324.jpg,crop-BirdsAsiaJohnGoVGoul-0324.jpg,
V,80,Blue Pitta,Pitta cyanea,PITTA CYANEA: Blyth.,BirdsAsiaJohnGoVGoul,121124,328,39192164,portrait,0,https://bhl-open-data.s3.us-east-2.amazonaws.com/images/BirdsAsiaJohnGoVGoul/BirdsAsiaJohnGoVGoul_0328.jp2,https://www.biodiversitylibrary.org/page/39192164,sheet-BirdsAsiaJohnGoVGoul-0328.jpg,crop-BirdsAsiaJohnGoVGoul-0328.jpg,
V,81,Cerulean Pitta,Pitta caerulea,PITTA CARULEA.,BirdsAsiaJohnGoVGoul,121124,332,39192168,landscape,270,https://bhl-open-data.s3.us-east-2.amazonaws.com/images/BirdsAsiaJohnGoVGoul/BirdsAsiaJohnGoVGoul_0332.jp2,https://www.biodiversitylibrary.org/page/39192168,sheet-BirdsAsiaJohnGoVGoul-0332.jpg,crop-BirdsAsiaJohnGoVGoul-0332.jpg,
V,82,Hooded Pitta,Pitta cucullata,"PITTA CUCULLATA, Hartlaub.",BirdsAsiaJohnGoVGoul,121124,336,39192172,portrait,0,https://bhl-open-data.s3.us-east-2.amazonaws.com/images/BirdsAsiaJohnGoVGoul/BirdsAsiaJohnGoVGoul_0336.jp2,https://www.biodiversitylibrary.org/page/39192172,sheet-BirdsAsiaJohnGoVGoul-0336.jpg,crop-BirdsAsiaJohnGoVGoul-0336.jpg,"not pinned in Featherframe: stood up and cut by the folio's rules, the crop not reviewed"
V,83,Van der Bosch's Pitta,Pitta Boschii,"PITTA BOSCHX, Müll & Schleg.",BirdsAsiaJohnGoVGoul,121124,340,39192176,portrait,0,https://bhl-open-data.s3.us-east-2.amazonaws.com/images/BirdsAsiaJohnGoVGoul/BirdsAsiaJohnGoVGoul_0340.jp2,https://www.biodiversitylibrary.org/page/39192176,sheet-BirdsAsiaJohnGoVGoul-0340.jpg,crop-BirdsAsiaJohnGoVGoul-0340.jpg,"not pinned in Featherframe: stood up and cut by the folio's rules, the crop not reviewed"
VI,1,Mrs. Layard's Parrakeet,Palaeornis Calthropae,PALÆORNIS CALTUROPE. Lavard.,BirdsAsiaJohnGoVIGoul,122488,12,39632069,portrait,0,https://bhl-open-data.s3.us-east-2.amazonaws.com/images/BirdsAsiaJohnGoVIGoul/BirdsAsiaJohnGoVIGoul_0012.jp2,https://www.biodiversitylibrary.org/page/39632069,sheet-BirdsAsiaJohnGoVIGoul-0012.jpg,crop-BirdsAsiaJohnGoVIGoul-0012.jpg,"not pinned in Featherframe: stood up and cut by the folio's rules, the crop not reviewed"
VI,2,Blossom-headed Parrakeet,Paleornis rosa,PALEORNIS ROSA.,BirdsAsiaJohnGoVIGoul,122488,16,39632065,portrait,0,https://bhl-open-data.s3.us-east-2.amazonaws.com/images/BirdsAsiaJohnGoVIGoul/BirdsAsiaJohnGoVIGoul_0016.jp2,https://www.biodiversitylibrary.org/page/39632065,sheet-BirdsAsiaJohnGoVIGoul-0016.jpg,crop-BirdsAsiaJohnGoVIGoul-0016.jpg,"not pinned in Featherframe: stood up and cut by the folio's rules, the crop not reviewed"
VI,3,Burmese Parrakeet,Paleornis cyanocephala,PALÆORMIS CYANOCEPHALA.,BirdsAsiaJohnGoVIGoul,122488,20,39632061,portrait,0,https://bhl-open-data.s3.us-east-2.amazonaws.com/images/BirdsAsiaJohnGoVIGoul/BirdsAsiaJohnGoVIGoul_0020.jp2,https://www.biodiversitylibrary.org/page/39632061,sheet-BirdsAsiaJohnGoVIGoul-0020.jpg,crop-BirdsAsiaJohnGoVIGoul-0020.jpg,
VI,4,Bonaparte's Parrakeet,Paleornis Luciani,"PALÆORNIS LUCIANI, J.Ver",BirdsAsiaJohnGoVIGoul,122488,24,39632057,portrait,0,https://bhl-open-data.s3.us-east-2.amazonaws.com/images/BirdsAsiaJohnGoVIGoul/BirdsAsiaJohnGoVIGoul_0024.jp2,https://www.biodiversitylibrary.org/page/39632057,sheet-BirdsAsiaJohnGoVIGoul-0024.jpg,crop-BirdsAsiaJohnGoVIGoul-0024.jpg,"not pinned in Featherframe: stood up and cut by the folio's rules, the crop not reviewed"
VI,5,Grey-headed Parrakeet,Paleornis caniceps,"PALMORNIS CANICEPS, Blyth",BirdsAsiaJohnGoVIGoul,122488,28,39632053,portrait,0,https://bhl-open-data.s3.us-east-2.amazonaws.com/images/BirdsAsiaJohnGoVIGoul/BirdsAsiaJohnGoVIGoul_0028.jp2,https://www.biodiversitylibrary.org/page/39632053,sheet-BirdsAsiaJohnGoVIGoul-0028.jpg,crop-BirdsAsiaJohnGoVIGoul-0028.jpg,"not pinned in Featherframe: stood up and cut by the folio's rules, the crop not reviewed"
VI,6,Nicobar Parrakeet,Paleornis Nicobaricus,PALÆORNIS NICOBARICUS.,BirdsAsiaJohnGoVIGoul,122488,32,39632049,portrait,0,https://bhl-open-data.s3.us-east-2.amazonaws.com/images/BirdsAsiaJohnGoVIGoul/BirdsAsiaJohnGoVIGoul_0032.jp2,https://www.biodiversitylibrary.org/page/39632049,sheet-BirdsAsiaJohnGoVIGoul-0032.jpg,crop-BirdsAsiaJohnGoVIGoul-0032.jpg,"not pinned in Featherframe: stood up and cut by the folio's rules, the crop not reviewed"
VI,7,Blue-winged Parrakeet,Paleornis Columboides,"PALÆORNIS COLUMBOIDES, Vig",BirdsAsiaJohnGoVIGoul,122488,36,39632045,portrait,0,https://bhl-open-data.s3.us-east-2.amazonaws.com/images/BirdsAsiaJohnGoVIGoul/BirdsAsiaJohnGoVIGoul_0036.jp2,https://www.biodiversitylibrary.org/page/39632045,sheet-BirdsAsiaJohnGoVIGoul-0036.jpg,crop-BirdsAsiaJohnGoVIGoul-0036.jpg,
VI,8,Slaty-headed Parrakeet,Paleornis schisticeps,"PALÆORNIS SCHISTICEPS, Hodgs.",BirdsAsiaJohnGoVIGoul,122488,40,39632011,portrait,0,https://bhl-open-data.s3.us-east-2.amazonaws.com/images/BirdsAsiaJohnGoVIGoul/BirdsAsiaJohnGoVIGoul_0040.jp2,https://www.biodiversitylibrary.org/page/39632011,sheet-BirdsAsiaJohnGoVIGoul-0040.jpg,crop-BirdsAsiaJohnGoVIGoul-0040.jpg,
VI,9,The Earl of Derby's Parrakeet,Paleornis Derbianus,"PALÆORNIS DERBIANUS, Fraser",BirdsAsiaJohnGoVIGoul,122488,44,39632015,portrait,0,https://bhl-open-data.s3.us-east-2.amazonaws.com/images/BirdsAsiaJohnGoVIGoul/BirdsAsiaJohnGoVIGoul_0044.jp2,https://www.biodiversitylibrary.org/page/39632015,sheet-BirdsAsiaJohnGoVIGoul-0044.jpg,crop-BirdsAsiaJohnGoVIGoul-0044.jpg,"not pinned in Featherframe: stood up and cut by the folio's rules, the crop not reviewed"
VI,10,Malacca Parrakeet,Paleornis Malaccensis,PALÆORNIS MALACCENSIS.,BirdsAsiaJohnGoVIGoul,122488,48,39632019,portrait,0,https://bhl-open-data.s3.us-east-2.amazonaws.com/images/BirdsAsiaJohnGoVIGoul/BirdsAsiaJohnGoVIGoul_0048.jp2,https://www.biodiversitylibrary.org/page/39632019,sheet-BirdsAsiaJohnGoVIGoul-0048.jpg,crop-BirdsAsiaJohnGoVIGoul-0048.jpg,
VI,11,Allied Parrakeet,Paleornis affinis,"PALÆORNIS AFFINIS, Gould.",BirdsAsiaJohnGoVIGoul,122488,52,39632023,portrait,0,https://bhl-open-data.s3.us-east-2.amazonaws.com/images/BirdsAsiaJohnGoVIGoul/BirdsAsiaJohnGoVIGoul_0052.jp2,https://www.biodiversitylibrary.org/page/39632023,sheet-BirdsAsiaJohnGoVIGoul-0052.jpg,crop-BirdsAsiaJohnGoVIGoul-0052.jpg,"not pinned in Featherframe: stood up and cut by the folio's rules, the crop not reviewed"
VI,12,Racket-tailed Parrot,Prioniturus setarius,PRIONITURUS SETARIUS.,BirdsAsiaJohnGoVIGoul,122488,56,39632027,portrait,0,https://bhl-open-data.s3.us-east-2.amazonaws.com/images/BirdsAsiaJohnGoVIGoul/BirdsAsiaJohnGoVIGoul_0056.jp2,https://www.biodiversitylibrary.org/page/39632027,sheet-BirdsAsiaJohnGoVIGoul-0056.jpg,crop-BirdsAsiaJohnGoVIGoul-0056.jpg,"not pinned in Featherframe: stood up and cut by the folio's rules, the crop not reviewed"
VI,13,Great Racket-tailed Parrot,Prioniturus flavicans,"PRIONITURUS FLAVICANS, Cass.",BirdsAsiaJohnGoVIGoul,122488,60,39632031,portrait,0,https://bhl-open-data.s3.us-east-2.amazonaws.com/images/BirdsAsiaJohnGoVIGoul/BirdsAsiaJohnGoVIGoul_0060.jp2,https://www.biodiversitylibrary.org/page/39632031,sheet-BirdsAsiaJohnGoVIGoul-0060.jpg,crop-BirdsAsiaJohnGoVIGoul-0060.jpg,"not pinned in Featherframe: stood up and cut by the folio's rules, the crop not reviewed"
VI,14,Philippine Racket-tailed Parrot,Prioniturus spatuliger,PRIONITURUS SPATULIGER.,BirdsAsiaJohnGoVIGoul,122488,64,39632035,portrait,0,https://bhl-open-data.s3.us-east-2.amazonaws.com/images/BirdsAsiaJohnGoVIGoul/BirdsAsiaJohnGoVIGoul_0064.jp2,https://www.biodiversitylibrary.org/page/39632035,sheet-BirdsAsiaJohnGoVIGoul-0064.jpg,crop-BirdsAsiaJohnGoVIGoul-0064.jpg,"not pinned in Featherframe: stood up and cut by the folio's rules, the crop not reviewed"
VI,15,Little Racket-tailed Parrot,Prioniturus discurus,PRIONITURUS DISCOSURUS®,BirdsAsiaJohnGoVIGoul,122488,68,39632039,portrait,0,https://bhl-open-data.s3.us-east-2.amazonaws.com/images/BirdsAsiaJohnGoVIGoul/BirdsAsiaJohnGoVIGoul_0068.jp2,https://www.biodiversitylibrary.org/page/39632039,sheet-BirdsAsiaJohnGoVIGoul-0068.jpg,crop-BirdsAsiaJohnGoVIGoul-0068.jpg,"not pinned in Featherframe: stood up and cut by the folio's rules, the crop not reviewed"
VI,16,Formosan Spotted Woodpecker,Picus insularis,PICUS INSULARIS Gould,BirdsAsiaJohnGoVIGoul,122488,72,39632081,portrait,0,https://bhl-open-data.s3.us-east-2.amazonaws.com/images/BirdsAsiaJohnGoVIGoul/BirdsAsiaJohnGoVIGoul_0072.jp2,https://www.biodiversitylibrary.org/page/39632081,sheet-BirdsAsiaJohnGoVIGoul-0072.jpg,crop-BirdsAsiaJohnGoVIGoul-0072.jpg,"not pinned in Featherframe: stood up and cut by the folio's rules, the crop not reviewed"
VI,17,Chinese Spotted Woodpecker,Picus Cabanisi,"PICUS CABANISI, Malh.",BirdsAsiaJohnGoVIGoul,122488,76,39632085,portrait,0,https://bhl-open-data.s3.us-east-2.amazonaws.com/images/BirdsAsiaJohnGoVIGoul/BirdsAsiaJohnGoVIGoul_0076.jp2,https://www.biodiversitylibrary.org/page/39632085,sheet-BirdsAsiaJohnGoVIGoul-0076.jpg,crop-BirdsAsiaJohnGoVIGoul-0076.jpg,"not pinned in Featherframe: stood up and cut by the folio's rules, the crop not reviewed"
VI,18,Heart-spotted Woodpecker,Hemicercus cordatus,"HEMICERCUS CORDATUS, Jerdon.",BirdsAsiaJohnGoVIGoul,122488,80,39632089,portrait,0,https://bhl-open-data.s3.us-east-2.amazonaws.com/images/BirdsAsiaJohnGoVIGoul/BirdsAsiaJohnGoVIGoul_0080.jp2,https://www.biodiversitylibrary.org/page/39632089,sheet-BirdsAsiaJohnGoVIGoul-0080.jpg,crop-BirdsAsiaJohnGoVIGoul-0080.jpg,
VI,19,Javan Spotted Woodpecker,Hemicercus concretus,HEMICEROUS CONCRETUS.,BirdsAsiaJohnGoVIGoul,122488,84,39632093,portrait,0,https://bhl-open-data.s3.us-east-2.amazonaws.com/images/BirdsAsiaJohnGoVIGoul/BirdsAsiaJohnGoVIGoul_0084.jp2,https://www.biodiversitylibrary.org/page/39632093,sheet-BirdsAsiaJohnGoVIGoul-0084.jpg,crop-BirdsAsiaJohnGoVIGoul-0084.jpg,
VI,20,Hartlaub's Spotted Woodpecker,Hemicercus Hartlaubi,HEMICERCUS HARTILAUBI®,BirdsAsiaJohnGoVIGoul,122488,88,39632097,portrait,0,https://bhl-open-data.s3.us-east-2.amazonaws.com/images/BirdsAsiaJohnGoVIGoul/BirdsAsiaJohnGoVIGoul_0088.jp2,https://www.biodiversitylibrary.org/page/39632097,sheet-BirdsAsiaJohnGoVIGoul-0088.jpg,crop-BirdsAsiaJohnGoVIGoul-0088.jpg,"not pinned in Featherframe: stood up and cut by the folio's rules, the crop not reviewed"
VI,21,Swinhoe's Pygmy Woodpecker,Iyngipicus scintilliceps,IYNGIPICUS SCINTILLICEPS.,BirdsAsiaJohnGoVIGoul,122488,92,39632101,portrait,0,https://bhl-open-data.s3.us-east-2.amazonaws.com/images/BirdsAsiaJohnGoVIGoul/BirdsAsiaJohnGoVIGoul_0092.jp2,https://www.biodiversitylibrary.org/page/39632101,sheet-BirdsAsiaJohnGoVIGoul-0092.jpg,crop-BirdsAsiaJohnGoVIGoul-0092.jpg,"not pinned in Featherframe: stood up and cut by the folio's rules, the crop not reviewed"
VI,22,Doerries's Pygmy Woodpecker,Iyngipicus Doerriesi,"IYNGIPICUS DOERRIESI, Hargitt.",BirdsAsiaJohnGoVIGoul,122488,96,39632105,portrait,0,https://bhl-open-data.s3.us-east-2.amazonaws.com/images/BirdsAsiaJohnGoVIGoul/BirdsAsiaJohnGoVIGoul_0096.jp2,https://www.biodiversitylibrary.org/page/39632105,sheet-BirdsAsiaJohnGoVIGoul-0096.jpg,crop-BirdsAsiaJohnGoVIGoul-0096.jpg,"not pinned in Featherframe: stood up and cut by the folio's rules, the crop not reviewed"
VI,23,Orange-breasted PyzmyWoodpecker,Iyngipicus aurantiiventris,IYNGIPICUS AURANTUVENTRIS.,BirdsAsiaJohnGoVIGoul,122488,100,39632109,portrait,0,https://bhl-open-data.s3.us-east-2.amazonaws.com/images/BirdsAsiaJohnGoVIGoul/BirdsAsiaJohnGoVIGoul_0100.jp2,https://www.biodiversitylibrary.org/page/39632109,sheet-BirdsAsiaJohnGoVIGoul-0100.jpg,crop-BirdsAsiaJohnGoVIGoul-0100.jpg,"not pinned in Featherframe: stood up and cut by the folio's rules, the crop not reviewed"
VI,24,Ramsay's Pygmy Woodpecker,Iyngipicus Ramsayi,"IYNGIPICOS RAMSAYI, Hargitt.",BirdsAsiaJohnGoVIGoul,122488,104,39632113,portrait,0,https://bhl-open-data.s3.us-east-2.amazonaws.com/images/BirdsAsiaJohnGoVIGoul/BirdsAsiaJohnGoVIGoul_0104.jp2,https://www.biodiversitylibrary.org/page/39632113,sheet-BirdsAsiaJohnGoVIGoul-0104.jpg,crop-BirdsAsiaJohnGoVIGoul-0104.jpg,"not pinned in Featherframe: stood up and cut by the folio's rules, the crop not reviewed"
VI,25,Temminck's Pygmy Woodpecker,Iyngipicus Temmincki,IYNGIPICUS TEMMINCKI.,BirdsAsiaJohnGoVIGoul,122488,108,39632117,portrait,0,https://bhl-open-data.s3.us-east-2.amazonaws.com/images/BirdsAsiaJohnGoVIGoul/BirdsAsiaJohnGoVIGoul_0108.jp2,https://www.biodiversitylibrary.org/page/39632117,sheet-BirdsAsiaJohnGoVIGoul-0108.jpg,crop-BirdsAsiaJohnGoVIGoul-0108.jpg,"not pinned in Featherframe: stood up and cut by the folio's rules, the crop not reviewed"
VI,26,Darjiling Pygmy Woodpecker,Iyngipicus semicoronatus,IYNGIPICUS SEMICORONATUS .,BirdsAsiaJohnGoVIGoul,122488,112,39632121,portrait,0,https://bhl-open-data.s3.us-east-2.amazonaws.com/images/BirdsAsiaJohnGoVIGoul/BirdsAsiaJohnGoVIGoul_0112.jp2,https://www.biodiversitylibrary.org/page/39632121,sheet-BirdsAsiaJohnGoVIGoul-0112.jpg,crop-BirdsAsiaJohnGoVIGoul-0112.jpg,"not pinned in Featherframe: stood up and cut by the folio's rules, the crop not reviewed"
VI,27,Grey-headed Pygmy Woodpecker,Iyngipicus canicapillus,IYNGIPICUS CANICAPILLUS.,BirdsAsiaJohnGoVIGoul,122488,116,39632125,portrait,0,https://bhl-open-data.s3.us-east-2.amazonaws.com/images/BirdsAsiaJohnGoVIGoul/BirdsAsiaJohnGoVIGoul_0116.jp2,https://www.biodiversitylibrary.org/page/39632125,sheet-BirdsAsiaJohnGoVIGoul-0116.jpg,crop-BirdsAsiaJohnGoVIGoul-0116.jpg,
VI,28,Hardwicke's Pygmy Woodpecker,Iyngipicus Hardwickii,IYNCIPICUS HARDWICKI.,BirdsAsiaJohnGoVIGoul,122488,120,39632129,portrait,0,https://bhl-open-data.s3.us-east-2.amazonaws.com/images/BirdsAsiaJohnGoVIGoul/BirdsAsiaJohnGoVIGoul_0120.jp2,https://www.biodiversitylibrary.org/page/39632129,sheet-BirdsAsiaJohnGoVIGoul-0120.jpg,crop-BirdsAsiaJohnGoVIGoul-0120.jpg,"not pinned in Featherframe: stood up and cut by the folio's rules, the crop not reviewed"
VI,29,Malayan Pygmy Woodpecker,Iyngipicus auritus,IYNGIPICUS AURITUS.,BirdsAsiaJohnGoVIGoul,122488,124,39632133,portrait,0,https://bhl-open-data.s3.us-east-2.amazonaws.com/images/BirdsAsiaJohnGoVIGoul/BirdsAsiaJohnGoVIGoul_0124.jp2,https://www.biodiversitylibrary.org/page/39632133,sheet-BirdsAsiaJohnGoVIGoul-0124.jpg,crop-BirdsAsiaJohnGoVIGoul-0124.jpg,"not pinned in Featherframe: stood up and cut by the folio's rules, the crop not reviewed"
VI,30,Sonnerat's Pygmy Woodpecker,Iyngipicus maculatus,IYNGIPICUS MACULATUS®,BirdsAsiaJohnGoVIGoul,122488,128,39632137,portrait,0,https://bhl-open-data.s3.us-east-2.amazonaws.com/images/BirdsAsiaJohnGoVIGoul/BirdsAsiaJohnGoVIGoul_0128.jp2,https://www.biodiversitylibrary.org/page/39632137,sheet-BirdsAsiaJohnGoVIGoul-0128.jpg,crop-BirdsAsiaJohnGoVIGoul-0128.jpg,"not pinned in Featherframe: stood up and cut by the folio's rules, the crop not reviewed"
VI,31,Banded Pygmy Woodpecker,Iyngipicus fulvifasciatus,"IYNGIPICUS FULVIFAS CIATUS, Hargitt.",BirdsAsiaJohnGoVIGoul,122488,132,39632141,portrait,0,https://bhl-open-data.s3.us-east-2.amazonaws.com/images/BirdsAsiaJohnGoVIGoul/BirdsAsiaJohnGoVIGoul_0132.jp2,https://www.biodiversitylibrary.org/page/39632141,sheet-BirdsAsiaJohnGoVIGoul-0132.jpg,crop-BirdsAsiaJohnGoVIGoul-0132.jpg,"not pinned in Featherframe: stood up and cut by the folio's rules, the crop not reviewed"
VI,32,Ceylonese Pygmy Woodpecker,Iyngipicus gymnophthalmus,TYNGIPICUS CYMNOPHTHALMUS.,BirdsAsiaJohnGoVIGoul,122488,136,39632145,portrait,0,https://bhl-open-data.s3.us-east-2.amazonaws.com/images/BirdsAsiaJohnGoVIGoul/BirdsAsiaJohnGoVIGoul_0136.jp2,https://www.biodiversitylibrary.org/page/39632145,sheet-BirdsAsiaJohnGoVIGoul-0136.jpg,crop-BirdsAsiaJohnGoVIGoul-0136.jpg,"not pinned in Featherframe: stood up and cut by the folio's rules, the crop not reviewed"
VI,33,Travancore Pygmy Woodpecker,Iyngipicus peninsularis,"IYNGIPICUS PENINSULARIS, Hargitt.",BirdsAsiaJohnGoVIGoul,122488,140,39632149,portrait,0,https://bhl-open-data.s3.us-east-2.amazonaws.com/images/BirdsAsiaJohnGoVIGoul/BirdsAsiaJohnGoVIGoul_0140.jp2,https://www.biodiversitylibrary.org/page/39632149,sheet-BirdsAsiaJohnGoVIGoul-0140.jpg,crop-BirdsAsiaJohnGoVIGoul-0140.jpg,"not pinned in Featherframe: stood up and cut by the folio's rules, the crop not reviewed"
VI,34,Vigors's Pygmy Woodpecker,Iyngipicus nanus,IYNGIPICUS NANUS®,BirdsAsiaJohnGoVIGoul,122488,144,39632153,portrait,0,https://bhl-open-data.s3.us-east-2.amazonaws.com/images/BirdsAsiaJohnGoVIGoul/BirdsAsiaJohnGoVIGoul_0144.jp2,https://www.biodiversitylibrary.org/page/39632153,sheet-BirdsAsiaJohnGoVIGoul-0144.jpg,crop-BirdsAsiaJohnGoVIGoul-0144.jpg,
VI,35,Formosan Green Woodpecker,Gecinus Tancolo,"GECINUS TANCOLO, Gould.",BirdsAsiaJohnGoVIGoul,122488,148,39632157,portrait,0,https://bhl-open-data.s3.us-east-2.amazonaws.com/images/BirdsAsiaJohnGoVIGoul/BirdsAsiaJohnGoVIGoul_0148.jp2,https://www.biodiversitylibrary.org/page/39632157,sheet-BirdsAsiaJohnGoVIGoul-0148.jpg,crop-BirdsAsiaJohnGoVIGoul-0148.jpg,"not pinned in Featherframe: stood up and cut by the folio's rules, the crop not reviewed"
VI,36,Yellow-naped Woodpecker,Chrysophlegma flavinucha,CHRYSOPHLEGMA FLAVINUCHA: Gould.,BirdsAsiaJohnGoVIGoul,122488,152,39632161,portrait,0,https://bhl-open-data.s3.us-east-2.amazonaws.com/images/BirdsAsiaJohnGoVIGoul/BirdsAsiaJohnGoVIGoul_0152.jp2,https://www.biodiversitylibrary.org/page/39632161,sheet-BirdsAsiaJohnGoVIGoul-0152.jpg,crop-BirdsAsiaJohnGoVIGoul-0152.jpg,
VI,37,Negros Yellow-faced Woodpecker,Chrysocolaptes xanthocephalus,"CHRYSOCOLAPTES XANTHOCEPHALUS, Walden.",BirdsAsiaJohnGoVIGoul,122488,156,39632165,portrait,0,https://bhl-open-data.s3.us-east-2.amazonaws.com/images/BirdsAsiaJohnGoVIGoul/BirdsAsiaJohnGoVIGoul_0156.jp2,https://www.biodiversitylibrary.org/page/39632165,sheet-BirdsAsiaJohnGoVIGoul-0156.jpg,crop-BirdsAsiaJohnGoVIGoul-0156.jpg,"not pinned in Featherframe: stood up and cut by the folio's rules, the crop not reviewed"
VI,38,Indian Wryneck,Yunx Indica,YUNX- INNDICA: Gould,BirdsAsiaJohnGoVIGoul,122488,160,39632169,portrait,0,https://bhl-open-data.s3.us-east-2.amazonaws.com/images/BirdsAsiaJohnGoVIGoul/BirdsAsiaJohnGoVIGoul_0160.jp2,https://www.biodiversitylibrary.org/page/39632169,sheet-BirdsAsiaJohnGoVIGoul-0160.jpg,crop-BirdsAsiaJohnGoVIGoul-0160.jpg,"not pinned in Featherframe: stood up and cut by the folio's rules, the crop not reviewed"
VI,39,Speckled Piculet,Vivia innominata,VIVIA INNOMINATA.,BirdsAsiaJohnGoVIGoul,122488,164,39632173,portrait,0,https://bhl-open-data.s3.us-east-2.amazonaws.com/images/BirdsAsiaJohnGoVIGoul/BirdsAsiaJohnGoVIGoul_0164.jp2,https://www.biodiversitylibrary.org/page/39632173,sheet-BirdsAsiaJohnGoVIGoul-0164.jpg,crop-BirdsAsiaJohnGoVIGoul-0164.jpg,
VI,40,Rufous Piculet,Sasia ochracea,"SASIA OCHRACEA, Hodss.",BirdsAsiaJohnGoVIGoul,122488,168,39632177,portrait,0,https://bhl-open-data.s3.us-east-2.amazonaws.com/images/BirdsAsiaJohnGoVIGoul/BirdsAsiaJohnGoVIGoul_0168.jp2,https://www.biodiversitylibrary.org/page/39632177,sheet-BirdsAsiaJohnGoVIGoul-0168.jpg,crop-BirdsAsiaJohnGoVIGoul-0168.jpg,
VI,41,Malayan Piculet,Sasia abnormis,SASIA ABNORMIS.,BirdsAsiaJohnGoVIGoul,122488,172,39632181,portrait,0,https://bhl-open-data.s3.us-east-2.amazonaws.com/images/BirdsAsiaJohnGoVIGoul/BirdsAsiaJohnGoVIGoul_0172.jp2,https://www.biodiversitylibrary.org/page/39632181,sheet-BirdsAsiaJohnGoVIGoul-0172.jpg,crop-BirdsAsiaJohnGoVIGoul-0172.jpg,
VI,42,Powerful Cuckoo,Cuculus strenuus,"CUCULUS STRENUUS, Gould.",BirdsAsiaJohnGoVIGoul,122488,176,39632185,portrait,0,https://bhl-open-data.s3.us-east-2.amazonaws.com/images/BirdsAsiaJohnGoVIGoul/BirdsAsiaJohnGoVIGoul_0176.jp2,https://www.biodiversitylibrary.org/page/39632185,sheet-BirdsAsiaJohnGoVIGoul-0176.jpg,crop-BirdsAsiaJohnGoVIGoul-0176.jpg,"not pinned in Featherframe: stood up and cut by the folio's rules, the crop not reviewed"
VI,43,Rufous-bellied Cuckoo,Cuculus hyperythrus,"CTCULUS HYPERYTHRUS, Gould.",BirdsAsiaJohnGoVIGoul,122488,180,39632189,portrait,0,https://bhl-open-data.s3.us-east-2.amazonaws.com/images/BirdsAsiaJohnGoVIGoul/BirdsAsiaJohnGoVIGoul_0180.jp2,https://www.biodiversitylibrary.org/page/39632189,sheet-BirdsAsiaJohnGoVIGoul-0180.jpg,crop-BirdsAsiaJohnGoVIGoul-0180.jpg,
VI,44,Hairy-browed Cuckoo,Dasylophus superciliosus,DASYLOPHUS SUPERCILIOSUS.,BirdsAsiaJohnGoVIGoul,122488,184,39632193,portrait,0,https://bhl-open-data.s3.us-east-2.amazonaws.com/images/BirdsAsiaJohnGoVIGoul/BirdsAsiaJohnGoVIGoul_0184.jp2,https://www.biodiversitylibrary.org/page/39632193,sheet-BirdsAsiaJohnGoVIGoul-0184.jpg,crop-BirdsAsiaJohnGoVIGoul-0184.jpg,"not pinned in Featherframe: stood up and cut by the folio's rules, the crop not reviewed"
VI,45,Curl-crested Cuckoo,Lepidogrammus Cumingi,LEPIDOGRAMMUS COMINGI.,BirdsAsiaJohnGoVIGoul,122488,188,39632197,portrait,0,https://bhl-open-data.s3.us-east-2.amazonaws.com/images/BirdsAsiaJohnGoVIGoul/BirdsAsiaJohnGoVIGoul_0188.jp2,https://www.biodiversitylibrary.org/page/39632197,sheet-BirdsAsiaJohnGoVIGoul-0188.jpg,crop-BirdsAsiaJohnGoVIGoul-0188.jpg,
VI,46,Emerald Cuckoo,Chalcites Hodgsoni,CHALCITES HODGSONI.,BirdsAsiaJohnGoVIGoul,122488,192,39632201,portrait,0,https://bhl-open-data.s3.us-east-2.amazonaws.com/images/BirdsAsiaJohnGoVIGoul/BirdsAsiaJohnGoVIGoul_0192.jp2,https://www.biodiversitylibrary.org/page/39632201,sheet-BirdsAsiaJohnGoVIGoul-0192.jpg,crop-BirdsAsiaJohnGoVIGoul-0192.jpg,
VI,47,Amethystine Cuckoo,Chalcites xanthorhynchus,CHALCITES XANTHORHYNCHUS.,BirdsAsiaJohnGoVIGoul,122488,196,39632205,portrait,0,https://bhl-open-data.s3.us-east-2.amazonaws.com/images/BirdsAsiaJohnGoVIGoul/BirdsAsiaJohnGoVIGoul_0196.jp2,https://www.biodiversitylibrary.org/page/39632205,sheet-BirdsAsiaJohnGoVIGoul-0196.jpg,crop-BirdsAsiaJohnGoVIGoul-0196.jpg,
VI,48,Yellow-rumped Honey-guide,Indicator xanthonotus,"INDICATOR XANTHONOTUS, Blyth.",BirdsAsiaJohnGoVIGoul,122488,200,39632209,portrait,0,https://bhl-open-data.s3.us-east-2.amazonaws.com/images/BirdsAsiaJohnGoVIGoul/BirdsAsiaJohnGoVIGoul_0200.jp2,https://www.biodiversitylibrary.org/page/39632209,sheet-BirdsAsiaJohnGoVIGoul-0200.jpg,crop-BirdsAsiaJohnGoVIGoul-0200.jpg,"not pinned in Featherframe: stood up and cut by the folio's rules, the crop not reviewed"
VI,49,Embroidered Barbet,Megalaema nuchalis,"MEGALAMA NUCHALIS, Could.",BirdsAsiaJohnGoVIGoul,122488,204,39632213,portrait,0,https://bhl-open-data.s3.us-east-2.amazonaws.com/images/BirdsAsiaJohnGoVIGoul/BirdsAsiaJohnGoVIGoul_0204.jp2,https://www.biodiversitylibrary.org/page/39632213,sheet-BirdsAsiaJohnGoVIGoul-0204.jpg,crop-BirdsAsiaJohnGoVIGoul-0204.jpg,
VI,50,Franklin's Barbet,Megalaema Franklinii,MOEGALCEMA FRANKLINI.,BirdsAsiaJohnGoVIGoul,122488,208,39632217,portrait,0,https://bhl-open-data.s3.us-east-2.amazonaws.com/images/BirdsAsiaJohnGoVIGoul/BirdsAsiaJohnGoVIGoul_0208.jp2,https://www.biodiversitylibrary.org/page/39632217,sheet-BirdsAsiaJohnGoVIGoul-0208.jpg,crop-BirdsAsiaJohnGoVIGoul-0208.jpg,
VI,51,Red-breasted Pigeon,Phlogoenas cruenta,PHLOCOENAS CIROFNTA.,BirdsAsiaJohnGoVIGoul,122488,212,39632221,landscape,270,https://bhl-open-data.s3.us-east-2.amazonaws.com/images/BirdsAsiaJohnGoVIGoul/BirdsAsiaJohnGoVIGoul_0212.jp2,https://www.biodiversitylibrary.org/page/39632221,sheet-BirdsAsiaJohnGoVIGoul-0212.jpg,crop-BirdsAsiaJohnGoVIGoul-0212.jpg,"not pinned in Featherframe: stood up and cut by the folio's rules, the crop not reviewed"
VI,52,Maroon-breasted Pigeon,Phlogoenas crinigera,PILOGOFNAS CRINIGERA.,BirdsAsiaJohnGoVIGoul,122488,216,39632225,landscape,270,https://bhl-open-data.s3.us-east-2.amazonaws.com/images/BirdsAsiaJohnGoVIGoul/BirdsAsiaJohnGoVIGoul_0216.jp2,https://www.biodiversitylibrary.org/page/39632225,sheet-BirdsAsiaJohnGoVIGoul-0216.jpg,crop-BirdsAsiaJohnGoVIGoul-0216.jpg,"not pinned in Featherframe: stood up and cut by the folio's rules, the crop not reviewed"
VI,53,Otidiphaps,Otidiphaps nobilis,"OTIDIPHAPS NOBILIS, Gould.",BirdsAsiaJohnGoVIGoul,122488,220,39632229,landscape,270,https://bhl-open-data.s3.us-east-2.amazonaws.com/images/BirdsAsiaJohnGoVIGoul/BirdsAsiaJohnGoVIGoul_0220.jp2,https://www.biodiversitylibrary.org/page/39632229,sheet-BirdsAsiaJohnGoVIGoul-0220.jpg,crop-BirdsAsiaJohnGoVIGoul-0220.jpg,
VI,54,Mongolian Rock-Pigeon,Columba rupestris,"COLUMBA RUPESTRIS, Pall.",BirdsAsiaJohnGoVIGoul,122488,224,39632233,portrait,0,https://bhl-open-data.s3.us-east-2.amazonaws.com/images/BirdsAsiaJohnGoVIGoul/BirdsAsiaJohnGoVIGoul_0224.jp2,https://www.biodiversitylibrary.org/page/39632233,sheet-BirdsAsiaJohnGoVIGoul-0224.jpg,crop-BirdsAsiaJohnGoVIGoul-0224.jpg,"not pinned in Featherframe: stood up and cut by the folio's rules, the crop not reviewed"
VI,55,White-bellied Pigeon,Columba leuconota,"COLUMBA LEUCONOTA, Vig.",BirdsAsiaJohnGoVIGoul,122488,228,39632237,portrait,0,https://bhl-open-data.s3.us-east-2.amazonaws.com/images/BirdsAsiaJohnGoVIGoul/BirdsAsiaJohnGoVIGoul_0228.jp2,https://www.biodiversitylibrary.org/page/39632237,sheet-BirdsAsiaJohnGoVIGoul-0228.jpg,crop-BirdsAsiaJohnGoVIGoul-0228.jpg,"not pinned in Featherframe: stood up and cut by the folio's rules, the crop not reviewed"
VI,56,Indian Rock-Pigeon,Columba intermedia,"COLUMBA INTERMEDIA, Strickl.",BirdsAsiaJohnGoVIGoul,122488,232,39632241,portrait,0,https://bhl-open-data.s3.us-east-2.amazonaws.com/images/BirdsAsiaJohnGoVIGoul/BirdsAsiaJohnGoVIGoul_0232.jp2,https://www.biodiversitylibrary.org/page/39632241,sheet-BirdsAsiaJohnGoVIGoul-0232.jpg,crop-BirdsAsiaJohnGoVIGoul-0232.jpg,"not pinned in Featherframe: stood up and cut by the folio's rules, the crop not reviewed"
VI,57,Elphinstone's Wood-Pigeon,Palumbus Elphinstonei,PALUMBUS ELPHINSTONEI.,BirdsAsiaJohnGoVIGoul,122488,236,39632245,portrait,0,https://bhl-open-data.s3.us-east-2.amazonaws.com/images/BirdsAsiaJohnGoVIGoul/BirdsAsiaJohnGoVIGoul_0236.jp2,https://www.biodiversitylibrary.org/page/39632245,sheet-BirdsAsiaJohnGoVIGoul-0236.jpg,crop-BirdsAsiaJohnGoVIGoul-0236.jpg,"not pinned in Featherframe: stood up and cut by the folio's rules, the crop not reviewed"
VI,58,Collared Wood-Pigeon,Palumbus pulchricollis,"PALUMBUS PULCHRICOLAIS,",BirdsAsiaJohnGoVIGoul,122488,240,39632249,portrait,0,https://bhl-open-data.s3.us-east-2.amazonaws.com/images/BirdsAsiaJohnGoVIGoul/BirdsAsiaJohnGoVIGoul_0240.jp2,https://www.biodiversitylibrary.org/page/39632249,sheet-BirdsAsiaJohnGoVIGoul-0240.jpg,crop-BirdsAsiaJohnGoVIGoul-0240.jpg,"not pinned in Featherframe: stood up and cut by the folio's rules, the crop not reviewed"
VI,59,Branded Pigeon,Phlogoenas tristigmata,PILOGŒNAS TRISTIGMATA .,BirdsAsiaJohnGoVIGoul,122488,244,39632253,portrait,0,https://bhl-open-data.s3.us-east-2.amazonaws.com/images/BirdsAsiaJohnGoVIGoul/BirdsAsiaJohnGoVIGoul_0244.jp2,https://www.biodiversitylibrary.org/page/39632253,sheet-BirdsAsiaJohnGoVIGoul-0244.jpg,crop-BirdsAsiaJohnGoVIGoul-0244.jpg,"not pinned in Featherframe: stood up and cut by the folio's rules, the crop not reviewed"
VI,60,Pallas's Sand-Grouse,Syrrhaptes paradoxus,SYRRHAPTES PARADOXUS.,BirdsAsiaJohnGoVIGoul,122488,248,39632257,landscape,270,https://bhl-open-data.s3.us-east-2.amazonaws.com/images/BirdsAsiaJohnGoVIGoul/BirdsAsiaJohnGoVIGoul_0248.jp2,https://www.biodiversitylibrary.org/page/39632257,sheet-BirdsAsiaJohnGoVIGoul-0248.jpg,crop-BirdsAsiaJohnGoVIGoul-0248.jpg,
VI,61,Tibetian Short-toed Sand-Grouse,Syrrhaptes Tibetanus,SYRRHAPTES TIBETANUS: Gould,BirdsAsiaJohnGoVIGoul,122488,252,39632261,landscape,270,https://bhl-open-data.s3.us-east-2.amazonaws.com/images/BirdsAsiaJohnGoVIGoul/BirdsAsiaJohnGoVIGoul_0252.jp2,https://www.biodiversitylibrary.org/page/39632261,sheet-BirdsAsiaJohnGoVIGoul-0252.jpg,crop-BirdsAsiaJohnGoVIGoul-0252.jpg,"not pinned in Featherframe: stood up and cut by the folio's rules, the crop not reviewed"
VI,62,Spotted Sand-Grouse,Pterocles guttatus,PTEROCLES GUTTATIYS Zih,BirdsAsiaJohnGoVIGoul,122488,256,39632265,landscape,270,https://bhl-open-data.s3.us-east-2.amazonaws.com/images/BirdsAsiaJohnGoVIGoul/BirdsAsiaJohnGoVIGoul_0256.jp2,https://www.biodiversitylibrary.org/page/39632265,sheet-BirdsAsiaJohnGoVIGoul-0256.jpg,crop-BirdsAsiaJohnGoVIGoul-0256.jpg,
VI,63,Coronetted Sand-Grouse,Pterocles coronatus,PTEROCLES CORONATUS: Lickt,BirdsAsiaJohnGoVIGoul,122488,260,39632269,landscape,270,https://bhl-open-data.s3.us-east-2.amazonaws.com/images/BirdsAsiaJohnGoVIGoul/BirdsAsiaJohnGoVIGoul_0260.jp2,https://www.biodiversitylibrary.org/page/39632269,sheet-BirdsAsiaJohnGoVIGoul-0260.jpg,crop-BirdsAsiaJohnGoVIGoul-0260.jpg,"not pinned in Featherframe: stood up and cut by the folio's rules, the crop not reviewed"
VI,64,Whistling Sand-Grouse,Pterocles exustus,PTEROCLES EXUSTUS:Temm:,BirdsAsiaJohnGoVIGoul,122488,264,39632273,landscape,270,https://bhl-open-data.s3.us-east-2.amazonaws.com/images/BirdsAsiaJohnGoVIGoul/BirdsAsiaJohnGoVIGoul_0264.jp2,https://www.biodiversitylibrary.org/page/39632273,sheet-BirdsAsiaJohnGoVIGoul-0264.jpg,crop-BirdsAsiaJohnGoVIGoul-0264.jpg,
VI,65,Banded Sand-Grouse,Pterocles fasciatus,PTEROCLES FASCIATUS.,BirdsAsiaJohnGoVIGoul,122488,268,39632277,landscape,270,https://bhl-open-data.s3.us-east-2.amazonaws.com/images/BirdsAsiaJohnGoVIGoul/BirdsAsiaJohnGoVIGoul_0268.jp2,https://www.biodiversitylibrary.org/page/39632277,sheet-BirdsAsiaJohnGoVIGoul-0268.jpg,crop-BirdsAsiaJohnGoVIGoul-0268.jpg,"not pinned in Featherframe: stood up and cut by the folio's rules, the crop not reviewed"
VI,66,Georgian Black Grouse,Tetrao Mlokosiewiczi,TETRAO MLOKOSIEWICZI. Tacz.,BirdsAsiaJohnGoVIGoul,122488,272,39632281,portrait,0,https://bhl-open-data.s3.us-east-2.amazonaws.com/images/BirdsAsiaJohnGoVIGoul/BirdsAsiaJohnGoVIGoul_0272.jp2,https://www.biodiversitylibrary.org/page/39632281,sheet-BirdsAsiaJohnGoVIGoul-0272.jpg,crop-BirdsAsiaJohnGoVIGoul-0272.jpg,"not pinned in Featherframe: stood up and cut by the folio's rules, the crop not reviewed"
VI,67,Ceylon Spur-Fowl,Galloperdix Zeylonicus,GALLOPERDIX ZEYLLONENSIS.,BirdsAsiaJohnGoVIGoul,122488,276,39632285,landscape,270,https://bhl-open-data.s3.us-east-2.amazonaws.com/images/BirdsAsiaJohnGoVIGoul/BirdsAsiaJohnGoVIGoul_0276.jp2,https://www.biodiversitylibrary.org/page/39632285,sheet-BirdsAsiaJohnGoVIGoul-0276.jpg,crop-BirdsAsiaJohnGoVIGoul-0276.jpg,
VI,68,Rufous Spur-Fowl,Galloperdix spadiceus,CALLLOPERDIX SPADICEUS.,BirdsAsiaJohnGoVIGoul,122488,280,39632289,landscape,270,https://bhl-open-data.s3.us-east-2.amazonaws.com/images/BirdsAsiaJohnGoVIGoul/BirdsAsiaJohnGoVIGoul_0280.jp2,https://www.biodiversitylibrary.org/page/39632289,sheet-BirdsAsiaJohnGoVIGoul-0280.jpg,crop-BirdsAsiaJohnGoVIGoul-0280.jpg,
VI,69,Painted Spur-Fowl,Galloperdix lunulosa,GALLOPERDIX LUNULOSA.,BirdsAsiaJohnGoVIGoul,122488,284,39632293,landscape,270,https://bhl-open-data.s3.us-east-2.amazonaws.com/images/BirdsAsiaJohnGoVIGoul/BirdsAsiaJohnGoVIGoul_0284.jp2,https://www.biodiversitylibrary.org/page/39632293,sheet-BirdsAsiaJohnGoVIGoul-0284.jpg,crop-BirdsAsiaJohnGoVIGoul-0284.jpg,"not pinned in Featherframe: stood up and cut by the folio's rules, the crop not reviewed"
VI,70,Crimson-breasted Partridge,Hematortyx sanguiniceps,"HÆMATORTYX SANGUINICEPS, Sharpe.",BirdsAsiaJohnGoVIGoul,122488,288,39632297,landscape,270,https://bhl-open-data.s3.us-east-2.amazonaws.com/images/BirdsAsiaJohnGoVIGoul/BirdsAsiaJohnGoVIGoul_0288.jp2,https://www.biodiversitylibrary.org/page/39632297,sheet-BirdsAsiaJohnGoVIGoul-0288.jpg,crop-BirdsAsiaJohnGoVIGoul-0288.jpg,
VI,71,Rufous-breasted Bamboo-Partridge,Bambusicola hyperythra,"BAMBUSICOLA HYPERYTHRA, Sharpe.",BirdsAsiaJohnGoVIGoul,122488,292,39632301,landscape,270,https://bhl-open-data.s3.us-east-2.amazonaws.com/images/BirdsAsiaJohnGoVIGoul/BirdsAsiaJohnGoVIGoul_0292.jp2,https://www.biodiversitylibrary.org/page/39632301,sheet-BirdsAsiaJohnGoVIGoul-0292.jpg,crop-BirdsAsiaJohnGoVIGoul-0292.jpg,
VI,72,Formosan Bamboo-Partridge,Bambusicola sonorivox,"BAMBUSICOLA SONORIVOX, Gould.",BirdsAsiaJohnGoVIGoul,122488,296,39632305,landscape,270,https://bhl-open-data.s3.us-east-2.amazonaws.com/images/BirdsAsiaJohnGoVIGoul/BirdsAsiaJohnGoVIGoul_0296.jp2,https://www.biodiversitylibrary.org/page/39632305,sheet-BirdsAsiaJohnGoVIGoul-0296.jpg,crop-BirdsAsiaJohnGoVIGoul-0296.jpg,
VI,73,Bearded Partridge,Perdix barbata,"PIERDIX BARBATA, J.Verr &O.DesMus.",BirdsAsiaJohnGoVIGoul,122488,300,39632309,landscape,270,https://bhl-open-data.s3.us-east-2.amazonaws.com/images/BirdsAsiaJohnGoVIGoul/BirdsAsiaJohnGoVIGoul_0300.jp2,https://www.biodiversitylibrary.org/page/39632309,sheet-BirdsAsiaJohnGoVIGoul-0300.jpg,crop-BirdsAsiaJohnGoVIGoul-0300.jpg,"not pinned in Featherframe: stood up and cut by the folio's rules, the crop not reviewed"
VI,74,Thibet Partridge,Perdix Hodgsoniae,PERDIX HODGSONIE.,BirdsAsiaJohnGoVIGoul,122488,304,39632313,landscape,270,https://bhl-open-data.s3.us-east-2.amazonaws.com/images/BirdsAsiaJohnGoVIGoul/BirdsAsiaJohnGoVIGoul_0304.jp2,https://www.biodiversitylibrary.org/page/39632313,sheet-BirdsAsiaJohnGoVIGoul-0304.jpg,crop-BirdsAsiaJohnGoVIGoul-0304.jpg,"not pinned in Featherframe: stood up and cut by the folio's rules, the crop not reviewed"
VI,75,Lerwa Partridge,Lerwa nivicola,N1ERWA NIVICONAg Hodgs.,BirdsAsiaJohnGoVIGoul,122488,308,39632317,landscape,270,https://bhl-open-data.s3.us-east-2.amazonaws.com/images/BirdsAsiaJohnGoVIGoul/BirdsAsiaJohnGoVIGoul_0308.jp2,https://www.biodiversitylibrary.org/page/39632317,sheet-BirdsAsiaJohnGoVIGoul-0308.jpg,crop-BirdsAsiaJohnGoVIGoul-0308.jpg,"not pinned in Featherframe: stood up and cut by the folio's rules, the crop not reviewed"
VII,1,Bonham's Sand-Partridge,Ammoperdix Bonhami,AMMOPERDIX BONHAMI.,BirdsAsiaJohnGoVIIGoul,122491,12,39633025,landscape,270,https://bhl-open-data.s3.us-east-2.amazonaws.com/images/BirdsAsiaJohnGoVIIGoul/BirdsAsiaJohnGoVIIGoul_0012.jp2,https://www.biodiversitylibrary.org/page/39633025,sheet-BirdsAsiaJohnGoVIIGoul-0012.jpg,crop-BirdsAsiaJohnGoVIIGoul-0012.jpg,"not pinned in Featherframe: stood up and cut by the folio's rules, the crop not reviewed"
VII,2,Hey's Sand-Partridge,Ammoperdix Heyi,"AMМОРERDIX HEYI,",BirdsAsiaJohnGoVIIGoul,122491,16,39633029,landscape,270,https://bhl-open-data.s3.us-east-2.amazonaws.com/images/BirdsAsiaJohnGoVIIGoul/BirdsAsiaJohnGoVIIGoul_0016.jp2,https://www.biodiversitylibrary.org/page/39633029,sheet-BirdsAsiaJohnGoVIIGoul-0016.jpg,crop-BirdsAsiaJohnGoVIIGoul-0016.jpg,"not pinned in Featherframe: stood up and cut by the folio's rules, the crop not reviewed"
VII,3,Little Red-billed Partridge,Microperdix erythrorhyncha,MICROPERDIX ERYTHRORHYNCHA.,BirdsAsiaJohnGoVIIGoul,122491,20,39633033,landscape,270,https://bhl-open-data.s3.us-east-2.amazonaws.com/images/BirdsAsiaJohnGoVIIGoul/BirdsAsiaJohnGoVIIGoul_0020.jp2,https://www.biodiversitylibrary.org/page/39633033,sheet-BirdsAsiaJohnGoVIIGoul-0020.jpg,crop-BirdsAsiaJohnGoVIIGoul-0020.jpg,
VII,4,Asiatic Bush-Quail,Perdicula Asiatica,PERDICULA ASIATICA.,BirdsAsiaJohnGoVIIGoul,122491,24,39633037,landscape,270,https://bhl-open-data.s3.us-east-2.amazonaws.com/images/BirdsAsiaJohnGoVIIGoul/BirdsAsiaJohnGoVIIGoul_0024.jp2,https://www.biodiversitylibrary.org/page/39633037,sheet-BirdsAsiaJohnGoVIIGoul-0024.jpg,crop-BirdsAsiaJohnGoVIIGoul-0024.jpg,
VII,5,Argoondah Bush-Quail,Perdicula Argoondah,PERDICULA ARGOONDAH.,BirdsAsiaJohnGoVIIGoul,122491,28,39633041,landscape,270,https://bhl-open-data.s3.us-east-2.amazonaws.com/images/BirdsAsiaJohnGoVIIGoul/BirdsAsiaJohnGoVIIGoul_0028.jp2,https://www.biodiversitylibrary.org/page/39633041,sheet-BirdsAsiaJohnGoVIIGoul-0028.jpg,crop-BirdsAsiaJohnGoVIIGoul-0028.jpg,
VII,6,Chinese Quail,Excalfactoria Chinensis,EXCALFATORIA CHONENSIS •,BirdsAsiaJohnGoVIIGoul,122491,32,39633045,landscape,270,https://bhl-open-data.s3.us-east-2.amazonaws.com/images/BirdsAsiaJohnGoVIIGoul/BirdsAsiaJohnGoVIIGoul_0032.jp2,https://www.biodiversitylibrary.org/page/39633045,sheet-BirdsAsiaJohnGoVIIGoul-0032.jpg,crop-BirdsAsiaJohnGoVIIGoul-0032.jpg,
VII,7,Minute Quail,Excalfactoria minima,"EXCALFATORIA MINIMA, Goald.",BirdsAsiaJohnGoVIIGoul,122491,36,39633049,landscape,270,https://bhl-open-data.s3.us-east-2.amazonaws.com/images/BirdsAsiaJohnGoVIIGoul/BirdsAsiaJohnGoVIIGoul_0036.jp2,https://www.biodiversitylibrary.org/page/39633049,sheet-BirdsAsiaJohnGoVIIGoul-0036.jpg,crop-BirdsAsiaJohnGoVIIGoul-0036.jpg,"not pinned in Featherframe: stood up and cut by the folio's rules, the crop not reviewed"
VII,8,Slate-coloured Partridge,Malacoturnix superciliosus,MALACOTURNIX SUPERCILIOSUS .,BirdsAsiaJohnGoVIIGoul,122491,40,39633053,landscape,270,https://bhl-open-data.s3.us-east-2.amazonaws.com/images/BirdsAsiaJohnGoVIIGoul/BirdsAsiaJohnGoVIIGoul_0040.jp2,https://www.biodiversitylibrary.org/page/39633053,sheet-BirdsAsiaJohnGoVIIGoul-0040.jpg,crop-BirdsAsiaJohnGoVIIGoul-0040.jpg,"not pinned in Featherframe: stood up and cut by the folio's rules, the crop not reviewed"
VII,9,Coromandel Quail,Coturnix Coromandelicus,COTURNIX COROMANDELICA.,BirdsAsiaJohnGoVIIGoul,122491,44,39633057,landscape,270,https://bhl-open-data.s3.us-east-2.amazonaws.com/images/BirdsAsiaJohnGoVIIGoul/BirdsAsiaJohnGoVIIGoul_0044.jp2,https://www.biodiversitylibrary.org/page/39633057,sheet-BirdsAsiaJohnGoVIIGoul-0044.jpg,crop-BirdsAsiaJohnGoVIIGoul-0044.jpg,
VII,10,Little Hemipode,Turnix Dussumieri,TURNIX DOSSUMERI. Temm.,BirdsAsiaJohnGoVIIGoul,122491,48,39633061,landscape,270,https://bhl-open-data.s3.us-east-2.amazonaws.com/images/BirdsAsiaJohnGoVIIGoul/BirdsAsiaJohnGoVIIGoul_0048.jp2,https://www.biodiversitylibrary.org/page/39633061,sheet-BirdsAsiaJohnGoVIIGoul-0048.jpg,crop-BirdsAsiaJohnGoVIIGoul-0048.jpg,"not pinned in Featherframe: stood up and cut by the folio's rules, the crop not reviewed"
VII,11,Fasciated Hemipode,Turnix fasciatus,TURNIX FASCIATUS.,BirdsAsiaJohnGoVIIGoul,122491,52,39633065,landscape,270,https://bhl-open-data.s3.us-east-2.amazonaws.com/images/BirdsAsiaJohnGoVIIGoul/BirdsAsiaJohnGoVIIGoul_0052.jp2,https://www.biodiversitylibrary.org/page/39633065,sheet-BirdsAsiaJohnGoVIIGoul-0052.jpg,crop-BirdsAsiaJohnGoVIIGoul-0052.jpg,"not pinned in Featherframe: stood up and cut by the folio's rules, the crop not reviewed"
VII,12,Chestnut-tailed Lobed Pheasant,Lobiophasis castaneicaudatus,"LOBIOPRASIS CASTANEICAUDATUS, Sharpe",BirdsAsiaJohnGoVIIGoul,122491,56,39633069,landscape,270,https://bhl-open-data.s3.us-east-2.amazonaws.com/images/BirdsAsiaJohnGoVIIGoul/BirdsAsiaJohnGoVIIGoul_0056.jp2,https://www.biodiversitylibrary.org/page/39633069,sheet-BirdsAsiaJohnGoVIIGoul-0056.jpg,crop-BirdsAsiaJohnGoVIIGoul-0056.jpg,"not pinned in Featherframe: stood up and cut by the folio's rules, the crop not reviewed"
VII,13,Bulwer's Pheasant,Lobiophasis Bulweri,"LOBIOPHASIS BULWERI, Sharpe.",BirdsAsiaJohnGoVIIGoul,122491,60,39633073,portrait,0,https://bhl-open-data.s3.us-east-2.amazonaws.com/images/BirdsAsiaJohnGoVIIGoul/BirdsAsiaJohnGoVIIGoul_0060.jp2,https://www.biodiversitylibrary.org/page/39633073,sheet-BirdsAsiaJohnGoVIIGoul-0060.jpg,crop-BirdsAsiaJohnGoVIIGoul-0060.jpg,"not pinned in Featherframe: stood up and cut by the folio's rules, the crop not reviewed"
VII,14,Lineated Pheasant,Euplocamus lineatus,EUPLOCAMUS LINEATUS.,BirdsAsiaJohnGoVIIGoul,122491,64,39633077,landscape,270,https://bhl-open-data.s3.us-east-2.amazonaws.com/images/BirdsAsiaJohnGoVIIGoul/BirdsAsiaJohnGoVIIGoul_0064.jp2,https://www.biodiversitylibrary.org/page/39633077,sheet-BirdsAsiaJohnGoVIIGoul-0064.jpg,crop-BirdsAsiaJohnGoVIIGoul-0064.jpg,"not pinned in Featherframe: stood up and cut by the folio's rules, the crop not reviewed"
VII,15,Vieillot's Fireback,Euplocamus Vieilloti,"ETPLOCOMUS VIEILLOTI, GRGaY.",BirdsAsiaJohnGoVIIGoul,122491,68,39633081,landscape,270,https://bhl-open-data.s3.us-east-2.amazonaws.com/images/BirdsAsiaJohnGoVIIGoul/BirdsAsiaJohnGoVIIGoul_0068.jp2,https://www.biodiversitylibrary.org/page/39633081,sheet-BirdsAsiaJohnGoVIIGoul-0068.jpg,crop-BirdsAsiaJohnGoVIIGoul-0068.jpg,"not pinned in Featherframe: stood up and cut by the folio's rules, the crop not reviewed"
VII,16,Swinhoe's Fireback,Euplocamus Swinhoii,"EUPLOCOMUS SWINHOIL, Gould.",BirdsAsiaJohnGoVIIGoul,122491,72,39633085,portrait,0,https://bhl-open-data.s3.us-east-2.amazonaws.com/images/BirdsAsiaJohnGoVIIGoul/BirdsAsiaJohnGoVIIGoul_0072.jp2,https://www.biodiversitylibrary.org/page/39633085,sheet-BirdsAsiaJohnGoVIIGoul-0072.jpg,crop-BirdsAsiaJohnGoVIIGoul-0072.jpg,"not pinned in Featherframe: stood up and cut by the folio's rules, the crop not reviewed"
VII,17,Pencilled Pheasant,Gennaeus nycthemerus,GENNÆUS NYCTHEMERUS.,BirdsAsiaJohnGoVIIGoul,122491,76,39633089,portrait,0,https://bhl-open-data.s3.us-east-2.amazonaws.com/images/BirdsAsiaJohnGoVIIGoul/BirdsAsiaJohnGoVIIGoul_0076.jp2,https://www.biodiversitylibrary.org/page/39633089,sheet-BirdsAsiaJohnGoVIIGoul-0076.jpg,crop-BirdsAsiaJohnGoVIIGoul-0076.jpg,"not pinned in Featherframe: stood up and cut by the folio's rules, the crop not reviewed"
VII,18,Cheer,Catreus Wallichii,CATREUS WALLICHI.,BirdsAsiaJohnGoVIIGoul,122491,80,39633093,landscape,270,https://bhl-open-data.s3.us-east-2.amazonaws.com/images/BirdsAsiaJohnGoVIIGoul/BirdsAsiaJohnGoVIIGoul_0080.jp2,https://www.biodiversitylibrary.org/page/39633093,sheet-BirdsAsiaJohnGoVIIGoul-0080.jpg,crop-BirdsAsiaJohnGoVIIGoul-0080.jpg,
VII,19,Golden Pheasant,Thaumalea picta,TIAUMALEA PICTA.,BirdsAsiaJohnGoVIIGoul,122491,84,39633097,landscape,270,https://bhl-open-data.s3.us-east-2.amazonaws.com/images/BirdsAsiaJohnGoVIIGoul/BirdsAsiaJohnGoVIIGoul_0084.jp2,https://www.biodiversitylibrary.org/page/39633097,sheet-BirdsAsiaJohnGoVIIGoul-0084.jpg,crop-BirdsAsiaJohnGoVIIGoul-0084.jpg,
VII,20,Lady Amherst's Pheasant,Thaumalea Amherstiae,TRÄUMALEA AMDERSTIE.,BirdsAsiaJohnGoVIIGoul,122491,88,39633101,landscape,270,https://bhl-open-data.s3.us-east-2.amazonaws.com/images/BirdsAsiaJohnGoVIIGoul/BirdsAsiaJohnGoVIIGoul_0088.jp2,https://www.biodiversitylibrary.org/page/39633101,sheet-BirdsAsiaJohnGoVIIGoul-0088.jpg,crop-BirdsAsiaJohnGoVIIGoul-0088.jpg,
VII,21,Siamese Fireback,Diardigallus praelatus,"DIARDICALLDS PRÆLATUS, Bonap",BirdsAsiaJohnGoVIIGoul,122491,92,39633105,landscape,270,https://bhl-open-data.s3.us-east-2.amazonaws.com/images/BirdsAsiaJohnGoVIIGoul/BirdsAsiaJohnGoVIIGoul_0092.jp2,https://www.biodiversitylibrary.org/page/39633105,sheet-BirdsAsiaJohnGoVIIGoul-0092.jpg,crop-BirdsAsiaJohnGoVIIGoul-0092.jpg,"not pinned in Featherframe: stood up and cut by the folio's rules, the crop not reviewed"
VII,22,Chinese Crossoptilon,Crossoptilon auritum,CROSSOPTILON AURITUM.,BirdsAsiaJohnGoVIIGoul,122491,96,39633109,portrait,0,https://bhl-open-data.s3.us-east-2.amazonaws.com/images/BirdsAsiaJohnGoVIIGoul/BirdsAsiaJohnGoVIIGoul_0096.jp2,https://www.biodiversitylibrary.org/page/39633109,sheet-BirdsAsiaJohnGoVIIGoul-0096.jpg,crop-BirdsAsiaJohnGoVIIGoul-0096.jpg,"not pinned in Featherframe: stood up and cut by the folio's rules, the crop not reviewed"
VII,23,Elliot's Pheasant,Calophasis Ellioti,CALCOPHASIS ELLIOTI.,BirdsAsiaJohnGoVIIGoul,122491,100,39633113,landscape,270,https://bhl-open-data.s3.us-east-2.amazonaws.com/images/BirdsAsiaJohnGoVIIGoul/BirdsAsiaJohnGoVIIGoul_0100.jp2,https://www.biodiversitylibrary.org/page/39633113,sheet-BirdsAsiaJohnGoVIIGoul-0100.jpg,crop-BirdsAsiaJohnGoVIIGoul-0100.jpg,"not pinned in Featherframe: stood up and cut by the folio's rules, the crop not reviewed"
VII,24,Chinese Pucras Pheasant,Pucrasia xanthospila,"PUCRASIA XANTHOSPILA, GRGray",BirdsAsiaJohnGoVIIGoul,122491,104,39633117,landscape,270,https://bhl-open-data.s3.us-east-2.amazonaws.com/images/BirdsAsiaJohnGoVIIGoul/BirdsAsiaJohnGoVIIGoul_0104.jp2,https://www.biodiversitylibrary.org/page/39633117,sheet-BirdsAsiaJohnGoVIIGoul-0104.jpg,crop-BirdsAsiaJohnGoVIIGoul-0104.jpg,"not pinned in Featherframe: stood up and cut by the folio's rules, the crop not reviewed"
VII,25,Darwin's Pucras Pheasant,Pucrasia Darwini,"PUCRASIA DARWINI, Swinhoe.",BirdsAsiaJohnGoVIIGoul,122491,108,39633121,landscape,270,https://bhl-open-data.s3.us-east-2.amazonaws.com/images/BirdsAsiaJohnGoVIIGoul/BirdsAsiaJohnGoVIIGoul_0108.jp2,https://www.biodiversitylibrary.org/page/39633121,sheet-BirdsAsiaJohnGoVIIGoul-0108.jpg,crop-BirdsAsiaJohnGoVIIGoul-0108.jpg,"not pinned in Featherframe: stood up and cut by the folio's rules, the crop not reviewed"
VII,26,Himalayan Pucras Pheasant,Pucrasia macrolopha,PUCRASIA MACROLOPHA.,BirdsAsiaJohnGoVIIGoul,122491,112,39633125,landscape,270,https://bhl-open-data.s3.us-east-2.amazonaws.com/images/BirdsAsiaJohnGoVIIGoul/BirdsAsiaJohnGoVIIGoul_0112.jp2,https://www.biodiversitylibrary.org/page/39633125,sheet-BirdsAsiaJohnGoVIIGoul-0112.jpg,crop-BirdsAsiaJohnGoVIIGoul-0112.jpg,
VII,27,Kafiristan Pucras Pheasant,Pucrasia castanea,"PUCRASIA CASTANEA, Gould",BirdsAsiaJohnGoVIIGoul,122491,116,39633129,landscape,270,https://bhl-open-data.s3.us-east-2.amazonaws.com/images/BirdsAsiaJohnGoVIIGoul/BirdsAsiaJohnGoVIIGoul_0116.jp2,https://www.biodiversitylibrary.org/page/39633129,sheet-BirdsAsiaJohnGoVIIGoul-0116.jpg,crop-BirdsAsiaJohnGoVIIGoul-0116.jpg,"not pinned in Featherframe: stood up and cut by the folio's rules, the crop not reviewed"
VII,28,Nepaul Pucras Pheasant,Pucrasia Nipalensis,"PUCRASIA NIPAIENSIS, Goulá",BirdsAsiaJohnGoVIIGoul,122491,120,39633133,landscape,270,https://bhl-open-data.s3.us-east-2.amazonaws.com/images/BirdsAsiaJohnGoVIIGoul/BirdsAsiaJohnGoVIIGoul_0120.jp2,https://www.biodiversitylibrary.org/page/39633133,sheet-BirdsAsiaJohnGoVIIGoul-0120.jpg,crop-BirdsAsiaJohnGoVIIGoul-0120.jpg,"not pinned in Featherframe: stood up and cut by the folio's rules, the crop not reviewed"
VII,29,Caspian Snow-Partridge,Tetraogallus Caspius,TETRAOGALLTS,BirdsAsiaJohnGoVIIGoul,122491,124,39633137,landscape,270,https://bhl-open-data.s3.us-east-2.amazonaws.com/images/BirdsAsiaJohnGoVIIGoul/BirdsAsiaJohnGoVIIGoul_0124.jp2,https://www.biodiversitylibrary.org/page/39633137,sheet-BirdsAsiaJohnGoVIIGoul-0124.jpg,crop-BirdsAsiaJohnGoVIIGoul-0124.jpg,"the caption could not be read on the scan; not pinned in Featherframe: stood up and cut by the folio's rules, the crop not reviewed"
VII,30,Himalayan Snow-Partridge,Tetraogallus Himalayensis,JDETR AALD S,BirdsAsiaJohnGoVIIGoul,122491,128,39633141,landscape,270,https://bhl-open-data.s3.us-east-2.amazonaws.com/images/BirdsAsiaJohnGoVIIGoul/BirdsAsiaJohnGoVIIGoul_0128.jp2,https://www.biodiversitylibrary.org/page/39633141,sheet-BirdsAsiaJohnGoVIIGoul-0128.jpg,crop-BirdsAsiaJohnGoVIIGoul-0128.jpg,"the caption could not be read on the scan; not pinned in Featherframe: stood up and cut by the folio's rules, the crop not reviewed"
VII,31,Altaic Snow-Partridge,Tetraogallus Altaicus,ARRTR AOEATTTYS ATNATTYS,BirdsAsiaJohnGoVIIGoul,122491,132,39633145,landscape,270,https://bhl-open-data.s3.us-east-2.amazonaws.com/images/BirdsAsiaJohnGoVIIGoul/BirdsAsiaJohnGoVIIGoul_0132.jp2,https://www.biodiversitylibrary.org/page/39633145,sheet-BirdsAsiaJohnGoVIIGoul-0132.jpg,crop-BirdsAsiaJohnGoVIIGoul-0132.jpg,"the caption could not be read on the scan; not pinned in Featherframe: stood up and cut by the folio's rules, the crop not reviewed"
VII,32,Tibetan Snow-Partridge,Tetraogallus Tibetanus,TETRAOGALUS TIBETANUS Coud,BirdsAsiaJohnGoVIIGoul,122491,136,39633149,landscape,270,https://bhl-open-data.s3.us-east-2.amazonaws.com/images/BirdsAsiaJohnGoVIIGoul/BirdsAsiaJohnGoVIIGoul_0136.jp2,https://www.biodiversitylibrary.org/page/39633149,sheet-BirdsAsiaJohnGoVIIGoul-0136.jpg,crop-BirdsAsiaJohnGoVIIGoul-0136.jpg,
VII,33,Reeves's Pheasant,Phasianus Reevesii,"PHASIANUS REEVESII, JEGray",BirdsAsiaJohnGoVIIGoul,122491,140,39633153,landscape,270,https://bhl-open-data.s3.us-east-2.amazonaws.com/images/BirdsAsiaJohnGoVIIGoul/BirdsAsiaJohnGoVIIGoul_0140.jp2,https://www.biodiversitylibrary.org/page/39633153,sheet-BirdsAsiaJohnGoVIIGoul-0140.jpg,crop-BirdsAsiaJohnGoVIIGoul-0140.jpg,"not pinned in Featherframe: stood up and cut by the folio's rules, the crop not reviewed"
VII,34,Common Pheasant,Phasianus colchicus,"PHASIANUS COLCHICUS, Linn.",BirdsAsiaJohnGoVIIGoul,122491,144,39633157,landscape,270,https://bhl-open-data.s3.us-east-2.amazonaws.com/images/BirdsAsiaJohnGoVIIGoul/BirdsAsiaJohnGoVIIGoul_0144.jp2,https://www.biodiversitylibrary.org/page/39633157,sheet-BirdsAsiaJohnGoVIIGoul-0144.jpg,crop-BirdsAsiaJohnGoVIIGoul-0144.jpg,"not pinned in Featherframe: stood up and cut by the folio's rules, the crop not reviewed"
VII,35,Shaw's Pheasant,Phasianus Shawii,"PHASIANUS SIAWI, Flliot.",BirdsAsiaJohnGoVIIGoul,122491,148,39633161,landscape,270,https://bhl-open-data.s3.us-east-2.amazonaws.com/images/BirdsAsiaJohnGoVIIGoul/BirdsAsiaJohnGoVIIGoul_0148.jp2,https://www.biodiversitylibrary.org/page/39633161,sheet-BirdsAsiaJohnGoVIIGoul-0148.jpg,crop-BirdsAsiaJohnGoVIIGoul-0148.jpg,"not pinned in Featherframe: stood up and cut by the folio's rules, the crop not reviewed"
VII,36,Oxus Pheasant,Phasianus chrysomelas,"PHASIANUS CIURYSOMELAS, Severtzow:",BirdsAsiaJohnGoVIIGoul,122491,152,39633165,landscape,270,https://bhl-open-data.s3.us-east-2.amazonaws.com/images/BirdsAsiaJohnGoVIIGoul/BirdsAsiaJohnGoVIIGoul_0152.jp2,https://www.biodiversitylibrary.org/page/39633165,sheet-BirdsAsiaJohnGoVIIGoul-0152.jpg,crop-BirdsAsiaJohnGoVIIGoul-0152.jpg,"not pinned in Featherframe: stood up and cut by the folio's rules, the crop not reviewed"
VII,37,Sommering's Pheasant,Phasianus Soemmeringii,PASIANOS SCE MOMERIN GI.,BirdsAsiaJohnGoVIIGoul,122491,156,39633169,landscape,270,https://bhl-open-data.s3.us-east-2.amazonaws.com/images/BirdsAsiaJohnGoVIIGoul/BirdsAsiaJohnGoVIIGoul_0156.jp2,https://www.biodiversitylibrary.org/page/39633169,sheet-BirdsAsiaJohnGoVIIGoul-0156.jpg,crop-BirdsAsiaJohnGoVIIGoul-0156.jpg,"not pinned in Featherframe: stood up and cut by the folio's rules, the crop not reviewed"
VII,38,Sparkling Pheasant,Phasianus scintillans,"PHASIANUS SCINTILLANS, Gould",BirdsAsiaJohnGoVIIGoul,122491,160,39633173,landscape,270,https://bhl-open-data.s3.us-east-2.amazonaws.com/images/BirdsAsiaJohnGoVIIGoul/BirdsAsiaJohnGoVIIGoul_0160.jp2,https://www.biodiversitylibrary.org/page/39633173,sheet-BirdsAsiaJohnGoVIIGoul-0160.jpg,crop-BirdsAsiaJohnGoVIIGoul-0160.jpg,"not pinned in Featherframe: stood up and cut by the folio's rules, the crop not reviewed"
VII,39,Chinese Ring-necked Pheasant,Phasianus torquatus,TASTANTS TORQTATUS,BirdsAsiaJohnGoVIIGoul,122491,164,39633177,landscape,270,https://bhl-open-data.s3.us-east-2.amazonaws.com/images/BirdsAsiaJohnGoVIIGoul/BirdsAsiaJohnGoVIIGoul_0164.jp2,https://www.biodiversitylibrary.org/page/39633177,sheet-BirdsAsiaJohnGoVIIGoul-0164.jpg,crop-BirdsAsiaJohnGoVIIGoul-0164.jpg,
VII,40,Japanese Pheasant,Phasianus versicolor,"PIASIANUS VERSICOLOR, V",BirdsAsiaJohnGoVIIGoul,122491,168,39633181,landscape,270,https://bhl-open-data.s3.us-east-2.amazonaws.com/images/BirdsAsiaJohnGoVIIGoul/BirdsAsiaJohnGoVIIGoul_0168.jp2,https://www.biodiversitylibrary.org/page/39633181,sheet-BirdsAsiaJohnGoVIIGoul-0168.jpg,crop-BirdsAsiaJohnGoVIIGoul-0168.jpg,"not pinned in Featherframe: stood up and cut by the folio's rules, the crop not reviewed"
VII,41,Mongolian Pheasant,Phasianus Mongolicus,IS MONCOICUS. Br,BirdsAsiaJohnGoVIIGoul,122491,172,39633185,landscape,270,https://bhl-open-data.s3.us-east-2.amazonaws.com/images/BirdsAsiaJohnGoVIIGoul/BirdsAsiaJohnGoVIIGoul_0172.jp2,https://www.biodiversitylibrary.org/page/39633185,sheet-BirdsAsiaJohnGoVIIGoul-0172.jpg,crop-BirdsAsiaJohnGoVIIGoul-0172.jpg,"not pinned in Featherframe: stood up and cut by the folio's rules, the crop not reviewed"
VII,42,Geoffroy's Francolin,Ithaginis Geoffroyi,"ITAGNIS GEOEROII, J. Verr.",BirdsAsiaJohnGoVIIGoul,122491,176,39633189,landscape,270,https://bhl-open-data.s3.us-east-2.amazonaws.com/images/BirdsAsiaJohnGoVIIGoul/BirdsAsiaJohnGoVIIGoul_0176.jp2,https://www.biodiversitylibrary.org/page/39633189,sheet-BirdsAsiaJohnGoVIIGoul-0176.jpg,crop-BirdsAsiaJohnGoVIIGoul-0176.jpg,"not pinned in Featherframe: stood up and cut by the folio's rules, the crop not reviewed"
VII,43,Sanguine Francolin,Ithaginis cruentus,ITHAGINIS CRUENTUS.,BirdsAsiaJohnGoVIIGoul,122491,180,39633193,landscape,270,https://bhl-open-data.s3.us-east-2.amazonaws.com/images/BirdsAsiaJohnGoVIIGoul/BirdsAsiaJohnGoVIIGoul_0180.jp2,https://www.biodiversitylibrary.org/page/39633193,sheet-BirdsAsiaJohnGoVIIGoul-0180.jpg,crop-BirdsAsiaJohnGoVIIGoul-0180.jpg,
VII,44,Mou-pin Snow-Partridge,Tetraophasis obscurus,TETRAOPHASIS OBSCURUS.,BirdsAsiaJohnGoVIIGoul,122491,184,39633197,landscape,270,https://bhl-open-data.s3.us-east-2.amazonaws.com/images/BirdsAsiaJohnGoVIIGoul/BirdsAsiaJohnGoVIIGoul_0184.jp2,https://www.biodiversitylibrary.org/page/39633197,sheet-BirdsAsiaJohnGoVIIGoul-0184.jpg,crop-BirdsAsiaJohnGoVIIGoul-0184.jpg,"not pinned in Featherframe: stood up and cut by the folio's rules, the crop not reviewed"
VII,45,Western Horned Pheasant,Ceriornis melanocephala,CERIORNIS METANOCEPHAIA.,BirdsAsiaJohnGoVIIGoul,122491,188,39633201,landscape,270,https://bhl-open-data.s3.us-east-2.amazonaws.com/images/BirdsAsiaJohnGoVIIGoul/BirdsAsiaJohnGoVIIGoul_0188.jp2,https://www.biodiversitylibrary.org/page/39633201,sheet-BirdsAsiaJohnGoVIIGoul-0188.jpg,crop-BirdsAsiaJohnGoVIIGoul-0188.jpg,"not pinned in Featherframe: stood up and cut by the folio's rules, the crop not reviewed"
VII,46,Temminck's Horned Pheasant,Ceriornis Temmincki,CERIORNIS TE MMÜON CKU,BirdsAsiaJohnGoVIIGoul,122491,192,39633205,landscape,270,https://bhl-open-data.s3.us-east-2.amazonaws.com/images/BirdsAsiaJohnGoVIIGoul/BirdsAsiaJohnGoVIIGoul_0192.jp2,https://www.biodiversitylibrary.org/page/39633205,sheet-BirdsAsiaJohnGoVIIGoul-0192.jpg,crop-BirdsAsiaJohnGoVIIGoul-0192.jpg,"not pinned in Featherframe: stood up and cut by the folio's rules, the crop not reviewed"
VII,47,Blyth's Horned Pheasant,Ceriornis Blythi,"CERIORNIS BIXTDO, Jerd.",BirdsAsiaJohnGoVIIGoul,122491,196,39633209,landscape,270,https://bhl-open-data.s3.us-east-2.amazonaws.com/images/BirdsAsiaJohnGoVIIGoul/BirdsAsiaJohnGoVIIGoul_0196.jp2,https://www.biodiversitylibrary.org/page/39633209,sheet-BirdsAsiaJohnGoVIIGoul-0196.jpg,crop-BirdsAsiaJohnGoVIIGoul-0196.jpg,"the caption could not be read on the scan; not pinned in Featherframe: stood up and cut by the folio's rules, the crop not reviewed"
VII,48,Dr. Cabot's Horned Pheasant,Ceriornis Caboti,"CERIORNIS CABOTI, Goud",BirdsAsiaJohnGoVIIGoul,122491,200,39633213,landscape,270,https://bhl-open-data.s3.us-east-2.amazonaws.com/images/BirdsAsiaJohnGoVIIGoul/BirdsAsiaJohnGoVIIGoul_0200.jp2,https://www.biodiversitylibrary.org/page/39633213,sheet-BirdsAsiaJohnGoVIIGoul-0200.jpg,crop-BirdsAsiaJohnGoVIIGoul-0200.jpg,"not pinned in Featherframe: stood up and cut by the folio's rules, the crop not reviewed"
VII,49,Nipaulese Horned Pheasant,Ceriornis Satyra,CERIORNIS SATYRA.,BirdsAsiaJohnGoVIIGoul,122491,204,39633217,landscape,270,https://bhl-open-data.s3.us-east-2.amazonaws.com/images/BirdsAsiaJohnGoVIIGoul/BirdsAsiaJohnGoVIIGoul_0204.jp2,https://www.biodiversitylibrary.org/page/39633217,sheet-BirdsAsiaJohnGoVIIGoul-0204.jpg,crop-BirdsAsiaJohnGoVIIGoul-0204.jpg,"not pinned in Featherframe: stood up and cut by the folio's rules, the crop not reviewed"
VII,50,Assam Peacock Pheasant,Polyplectron chinquis,POLYPECTRON CHNOUIS .,BirdsAsiaJohnGoVIIGoul,122491,208,39633221,landscape,270,https://bhl-open-data.s3.us-east-2.amazonaws.com/images/BirdsAsiaJohnGoVIIGoul/BirdsAsiaJohnGoVIIGoul_0208.jp2,https://www.biodiversitylibrary.org/page/39633221,sheet-BirdsAsiaJohnGoVIIGoul-0208.jpg,crop-BirdsAsiaJohnGoVIIGoul-0208.jpg,"not pinned in Featherframe: stood up and cut by the folio's rules, the crop not reviewed"
VII,51,Malayan Peacock Pheasant,Polyplectron bicalcaratum,POLYPLECTRON BICALCARATUM.,BirdsAsiaJohnGoVIIGoul,122491,212,39633225,landscape,270,https://bhl-open-data.s3.us-east-2.amazonaws.com/images/BirdsAsiaJohnGoVIIGoul/BirdsAsiaJohnGoVIIGoul_0212.jp2,https://www.biodiversitylibrary.org/page/39633225,sheet-BirdsAsiaJohnGoVIIGoul-0212.jpg,crop-BirdsAsiaJohnGoVIIGoul-0212.jpg,
VII,52,Argus Pheasant,Argusianus argus,ARGUSIANUS ARGUS.,BirdsAsiaJohnGoVIIGoul,122491,216,39633229,landscape,270,https://bhl-open-data.s3.us-east-2.amazonaws.com/images/BirdsAsiaJohnGoVIIGoul/BirdsAsiaJohnGoVIIGoul_0216.jp2,https://www.biodiversitylibrary.org/page/39633229,sheet-BirdsAsiaJohnGoVIIGoul-0216.jpg,crop-BirdsAsiaJohnGoVIIGoul-0216.jpg,
VII,53,Monaul,Lophophorus Impeyanus,LOPHOPHORUS LPEYANUS.,BirdsAsiaJohnGoVIIGoul,122491,220,39633233,landscape,270,https://bhl-open-data.s3.us-east-2.amazonaws.com/images/BirdsAsiaJohnGoVIIGoul/BirdsAsiaJohnGoVIIGoul_0220.jp2,https://www.biodiversitylibrary.org/page/39633233,sheet-BirdsAsiaJohnGoVIIGoul-0220.jpg,crop-BirdsAsiaJohnGoVIIGoul-0220.jpg,
VII,54,De L'Huys's Monaul,Lophophorus l'Huysi,"LOPHOPHORUS NUYSI, A GeoA St-Ail.",BirdsAsiaJohnGoVIIGoul,122491,224,39633237,landscape,270,https://bhl-open-data.s3.us-east-2.amazonaws.com/images/BirdsAsiaJohnGoVIIGoul/BirdsAsiaJohnGoVIIGoul_0224.jp2,https://www.biodiversitylibrary.org/page/39633237,sheet-BirdsAsiaJohnGoVIIGoul-0224.jpg,crop-BirdsAsiaJohnGoVIIGoul-0224.jpg,"not pinned in Featherframe: stood up and cut by the folio's rules, the crop not reviewed"
VII,55,Sclater's Monaul,Chalcophasis Sclateri,CHALCOPASIS SCLATERI.,BirdsAsiaJohnGoVIIGoul,122491,228,39633241,landscape,270,https://bhl-open-data.s3.us-east-2.amazonaws.com/images/BirdsAsiaJohnGoVIIGoul/BirdsAsiaJohnGoVIIGoul_0228.jp2,https://www.biodiversitylibrary.org/page/39633241,sheet-BirdsAsiaJohnGoVIIGoul-0228.jpg,crop-BirdsAsiaJohnGoVIIGoul-0228.jpg,"not pinned in Featherframe: stood up and cut by the folio's rules, the crop not reviewed"
VII,56,Sonnerat's Jungle-fowl,Gallus Sonnerati,"GALLUS SONNERATI, Temm.",BirdsAsiaJohnGoVIIGoul,122491,232,39633245,landscape,270,https://bhl-open-data.s3.us-east-2.amazonaws.com/images/BirdsAsiaJohnGoVIIGoul/BirdsAsiaJohnGoVIIGoul_0232.jp2,https://www.biodiversitylibrary.org/page/39633245,sheet-BirdsAsiaJohnGoVIIGoul-0232.jpg,crop-BirdsAsiaJohnGoVIIGoul-0232.jpg,
VII,57,Lesser Florikin,Sypheotides auritus,SYPHEOTIDES AURITUS.,BirdsAsiaJohnGoVIIGoul,122491,236,39633249,portrait,0,https://bhl-open-data.s3.us-east-2.amazonaws.com/images/BirdsAsiaJohnGoVIIGoul/BirdsAsiaJohnGoVIIGoul_0236.jp2,https://www.biodiversitylibrary.org/page/39633249,sheet-BirdsAsiaJohnGoVIIGoul-0236.jpg,crop-BirdsAsiaJohnGoVIIGoul-0236.jpg,"not pinned in Featherframe: stood up and cut by the folio's rules, the crop not reviewed"
VII,58,MacQueen's Bustard,Otis MacQueeni,OTIS MACQUEFNI: Hard & Gray,BirdsAsiaJohnGoVIIGoul,122491,240,39633253,landscape,270,https://bhl-open-data.s3.us-east-2.amazonaws.com/images/BirdsAsiaJohnGoVIIGoul/BirdsAsiaJohnGoVIIGoul_0240.jp2,https://www.biodiversitylibrary.org/page/39633253,sheet-BirdsAsiaJohnGoVIIGoul-0240.jpg,crop-BirdsAsiaJohnGoVIIGoul-0240.jpg,"not pinned in Featherframe: stood up and cut by the folio's rules, the crop not reviewed"
VII,59,Rosy Tantalus,Tantalus leucocephalus,"TANTALUS LEUCOCEPHALUS, Gmel",BirdsAsiaJohnGoVIIGoul,122491,244,39633257,landscape,270,https://bhl-open-data.s3.us-east-2.amazonaws.com/images/BirdsAsiaJohnGoVIIGoul/BirdsAsiaJohnGoVIIGoul_0244.jp2,https://www.biodiversitylibrary.org/page/39633257,sheet-BirdsAsiaJohnGoVIIGoul-0244.jpg,crop-BirdsAsiaJohnGoVIIGoul-0244.jpg,
VII,60,Rufescent Curlew,Numenius rufescens,"NUMENIUS RUFESCENS, Gould",BirdsAsiaJohnGoVIIGoul,122491,248,39633261,landscape,270,https://bhl-open-data.s3.us-east-2.amazonaws.com/images/BirdsAsiaJohnGoVIIGoul/BirdsAsiaJohnGoVIIGoul_0248.jp2,https://www.biodiversitylibrary.org/page/39633261,sheet-BirdsAsiaJohnGoVIIGoul-0248.jpg,crop-BirdsAsiaJohnGoVIIGoul-0248.jpg,
VII,61,Red-billed Erolia (Ibisbill),Ibidorhynchus Struthersi,"IBIDORHYNCHA STRUTHERSI, Vigors.",BirdsAsiaJohnGoVIIGoul,122491,252,39633265,landscape,270,https://bhl-open-data.s3.us-east-2.amazonaws.com/images/BirdsAsiaJohnGoVIIGoul/BirdsAsiaJohnGoVIIGoul_0252.jp2,https://www.biodiversitylibrary.org/page/39633265,sheet-BirdsAsiaJohnGoVIIGoul-0252.jpg,crop-BirdsAsiaJohnGoVIIGoul-0252.jpg,
VII,62,Zic-zac,Pluvianus Aegyptius,PLUVIANUS ÀGYPTIUS.,BirdsAsiaJohnGoVIIGoul,122491,256,39633269,landscape,270,https://bhl-open-data.s3.us-east-2.amazonaws.com/images/BirdsAsiaJohnGoVIIGoul/BirdsAsiaJohnGoVIIGoul_0256.jp2,https://www.biodiversitylibrary.org/page/39633269,sheet-BirdsAsiaJohnGoVIIGoul-0256.jpg,crop-BirdsAsiaJohnGoVIIGoul-0256.jpg,"not pinned in Featherframe: stood up and cut by the folio's rules, the crop not reviewed"
VII,63,Black-winged Pratincole,Glareola melanoptera,GLAREOLA MELANOPTERA: Nordm:,BirdsAsiaJohnGoVIIGoul,122491,260,39633273,landscape,270,https://bhl-open-data.s3.us-east-2.amazonaws.com/images/BirdsAsiaJohnGoVIIGoul/BirdsAsiaJohnGoVIIGoul_0260.jp2,https://www.biodiversitylibrary.org/page/39633273,sheet-BirdsAsiaJohnGoVIIGoul-0260.jpg,crop-BirdsAsiaJohnGoVIIGoul-0260.jpg,"not pinned in Featherframe: stood up and cut by the folio's rules, the crop not reviewed"
VII,64,Cinereous Pratincole,Glareola lactea,"GLAREOLA LACTEA, Temm.",BirdsAsiaJohnGoVIIGoul,122491,264,39633277,landscape,270,https://bhl-open-data.s3.us-east-2.amazonaws.com/images/BirdsAsiaJohnGoVIIGoul/BirdsAsiaJohnGoVIIGoul_0264.jp2,https://www.biodiversitylibrary.org/page/39633277,sheet-BirdsAsiaJohnGoVIIGoul-0264.jpg,crop-BirdsAsiaJohnGoVIIGoul-0264.jpg,
VII,65,Indian Courser,Cursorius Coromandelicus,"CURSORIUS COROMANDEILICUS,",BirdsAsiaJohnGoVIIGoul,122491,268,39633281,landscape,270,https://bhl-open-data.s3.us-east-2.amazonaws.com/images/BirdsAsiaJohnGoVIIGoul/BirdsAsiaJohnGoVIIGoul_0268.jp2,https://www.biodiversitylibrary.org/page/39633281,sheet-BirdsAsiaJohnGoVIIGoul-0268.jpg,crop-BirdsAsiaJohnGoVIIGoul-0268.jpg,"not pinned in Featherframe: stood up and cut by the folio's rules, the crop not reviewed"
VII,66,Spoon-billed Sandpiper,Eurinorhynchus pygmaeus,EURINORDYNCHUS PYGMÆUS .,BirdsAsiaJohnGoVIIGoul,122491,272,39633285,landscape,270,https://bhl-open-data.s3.us-east-2.amazonaws.com/images/BirdsAsiaJohnGoVIIGoul/BirdsAsiaJohnGoVIIGoul_0272.jp2,https://www.biodiversitylibrary.org/page/39633285,sheet-BirdsAsiaJohnGoVIIGoul-0272.jpg,crop-BirdsAsiaJohnGoVIIGoul-0272.jpg,
VII,67,White-breasted Water-hen,Gallinula phoenicura,GALLINULA PICENICURA .,BirdsAsiaJohnGoVIIGoul,122491,276,39633289,landscape,270,https://bhl-open-data.s3.us-east-2.amazonaws.com/images/BirdsAsiaJohnGoVIIGoul/BirdsAsiaJohnGoVIIGoul_0276.jp2,https://www.biodiversitylibrary.org/page/39633289,sheet-BirdsAsiaJohnGoVIIGoul-0276.jpg,crop-BirdsAsiaJohnGoVIIGoul-0276.jpg,
VII,68,Chinese Jacana,Hydrophasianus Sinensis,HYDROPHASIANUS SINENSIS.,BirdsAsiaJohnGoVIIGoul,122491,280,39633293,landscape,270,https://bhl-open-data.s3.us-east-2.amazonaws.com/images/BirdsAsiaJohnGoVIIGoul/BirdsAsiaJohnGoVIIGoul_0280.jp2,https://www.biodiversitylibrary.org/page/39633293,sheet-BirdsAsiaJohnGoVIIGoul-0280.jpg,crop-BirdsAsiaJohnGoVIIGoul-0280.jpg,
VII,69,Mandarin Duck,Aix galericulata,AIX GALERICULATA.,BirdsAsiaJohnGoVIIGoul,122491,284,39633297,landscape,270,https://bhl-open-data.s3.us-east-2.amazonaws.com/images/BirdsAsiaJohnGoVIIGoul/BirdsAsiaJohnGoVIIGoul_0284.jp2,https://www.biodiversitylibrary.org/page/39633297,sheet-BirdsAsiaJohnGoVIIGoul-0284.jpg,crop-BirdsAsiaJohnGoVIIGoul-0284.jpg,
VII,70,Black-bellied Tern,Sterna melanogaster,STERNA MELANOGASTER. Temm.,BirdsAsiaJohnGoVIIGoul,122491,288,39633301,portrait,0,https://bhl-open-data.s3.us-east-2.amazonaws.com/images/BirdsAsiaJohnGoVIIGoul/BirdsAsiaJohnGoVIIGoul_0288.jp2,https://www.biodiversitylibrary.org/page/39633301,sheet-BirdsAsiaJohnGoVIIGoul-0288.jpg,crop-BirdsAsiaJohnGoVIIGoul-0288.jpg,"not pinned in Featherframe: stood up and cut by the folio's rules, the crop not reviewed"
VII,71,Kurile Guillemot,Uria Carbo,URIA CARBO.,BirdsAsiaJohnGoVIIGoul,122491,292,39633305,landscape,270,https://bhl-open-data.s3.us-east-2.amazonaws.com/images/BirdsAsiaJohnGoVIIGoul/BirdsAsiaJohnGoVIIGoul_0292.jp2,https://www.biodiversitylibrary.org/page/39633305,sheet-BirdsAsiaJohnGoVIIGoul-0292.jpg,crop-BirdsAsiaJohnGoVIIGoul-0292.jpg,"not pinned in Featherframe: stood up and cut by the folio's rules, the crop not reviewed"
