volume,plate,figure,printed_name,printed_latin,scientific,common,ebird_code,taxonomy,wikidata,gbif,avibase,birdnet_label,form,confidence,caption_checked,reason,sources
I,1,,Black Vulture,Otogyps calvus,Sarcogyps calvus,Red-headed Vulture,rehvul1,eBird/Clements 2025,Q628068,2480717,21D7169D28644CD4,,,high,yes,"Gould's Otogyps calvus = Sarcogyps calvus, Red-headed Vulture; same species, older genus.",engraved caption; Gould's text; Kansas catalogue; the plate
I,2,,Bengal Vulture,Gyps Bengalensis,Gyps bengalensis,White-rumped Vulture,whrvul1,eBird/Clements 2025,Q327118,2480383,FC2346E6EF324F85,,,high,yes,Gyps bengalensis (Gmelin) = White-rumped Vulture; Gould's adult from the Zoological Society's gardens shows the white back and ruff he describes.,engraved caption; Gould's text; Kansas catalogue; the plate
I,3,,Shaheen Falcon,Falco Peregrinator,Falco peregrinus,Peregrine Falcon,perfal,eBird/Clements 2025,Q30535,2481047,C7F1C08CB3F7F2DA,Falco peregrinus_Peregrine Falcon,subspecies,high,yes,"Falco peregrinator Sundevall, the Shaheen of India and Ceylon, is the Peregrine's resident race F. p. peregrinator (eBird group Shaheen).",List of Plates; engraved caption; Gould's text; Kansas catalogue
I,4,,Red-naped Falcon,Falco Babylonicus,Falco peregrinus,Peregrine Falcon,perfal,eBird/Clements 2025,Q30535,2481047,C7F1C08CB3F7F2DA,Falco peregrinus_Peregrine Falcon,subspecies,high,yes,"Falco babylonicus Gurney, the red-naped shaheen of Afghanistan and NW India, is F. p. babylonicus, a Barbary-group race that eBird 2025 keeps in the Peregrine (group Red-capped); the plate shows the rufous crown and nape.",List of Plates; engraved caption; Gould's text; Kansas catalogue; the plate
I,5,,Saker Falcon,Falco sacer,Falco cherrug,Saker Falcon,sakfal1,eBird/Clements 2025,Q165974,2481034,A9F5149411AE52AD,,,high,yes,"Falco sacer Gmelin = Falco cherrug, Saker Falcon: pale head, brown upperparts, streaked underparts; Gould keeps it apart from the Lanner (I.6).",engraved caption; Gould's text; Kansas catalogue; the plate
I,6,,Lanner Falcon,Falco lamas,Falco biarmicus,Lanner Falcon,lanfal1,eBird/Clements 2025,Q33554,8014966,3D3808E38BB61165,,,high,yes,"Gould's Falco lanarius (syn. Feldeggii Schlegel; the List misprints it lamas) = Falco biarmicus, Lanner Falcon: rufous crown, slate back, spotted buff breast. The lanarius of Pallas and Temminck was the Saker, which Gould figures at I.5.",engraved caption; Gould's text; Kansas catalogue; the plate
I,7,,Jugger Falcon,Falco ducer,Falco jugger,Laggar Falcon,lagfal1,eBird/Clements 2025,Q845955,2480999,9FB14C9047090AD1,,,high,yes,Falco jugger Gray = Laggar Falcon; Gould's two figures are from Dr Murray's skins from Agra.,engraved caption; Gould's text; Kansas catalogue; the plate
I,8,,White-winged Red-footed Kestrel,Erythropus amurensis,Falco amurensis,Amur Falcon,amufal1,eBird/Clements 2025,Q481742,2480998,,Falco amurensis_Amur Falcon,,high,yes,,List of Plates (vol. I); engraved caption on the leaf; the text leaf bound after the plate; Kansas catalogue; pinned in Featherframe (gould_asia.yaml)
I,9,,Rufous-breasted Spilornis,Spilornis rufipectus,Spilornis rufipectus,Sulawesi Serpent-Eagle,suseag1,eBird/Clements 2025,Q684437,2480431,7DF173588CD5813B,,,high,yes,"Gould's own Spilornis rufipectus, from Wallace's Macassar specimen, is the Sulawesi Serpent-Eagle, a species; the survey's form of Crested Serpent-Eagle was wrong. Kansas agrees.",List of Plates (vol. I); engraved caption on the leaf; the text leaf bound after the plate; Kansas catalogue; the plate
I,10,,Black-and-white Crested Eagle,Spizaetus alboniger,Nisaetus alboniger,Blyth's Hawk-Eagle,blyhae1,eBird/Clements 2025,Q2719771,5788510,76745280F7A71AE4,,,high,yes,"Spizaetus alboniger Blyth = Nisaetus alboniger, Blyth's Hawk-Eagle, adult and young; same species, now Nisaetus.",engraved caption; Gould's text; Kansas catalogue; the plate
I,11,,Govinda Kite,Milvus Govinda,Milvus migrans,Black Kite,blakit1,eBird/Clements 2025,Q80362,5229167,C1C255AA01C58664,Milvus migrans_Black Kite,subspecies,high,yes,"Milvus govinda Sykes, the Pariah Kite of India, is M. migrans govinda, a race of Black Kite.",List of Plates; engraved caption; Gould's text; Kansas catalogue
I,12,,Celebean Elanus,Elanus hypoleucus,Elanus caeruleus,Black-winged Kite,bkskit1,eBird/Clements 2025,Q27227,2480372,97C47F3E1BA4129A,Elanus caeruleus_Black-winged Kite,subspecies,high,yes,"Elanus hypoleucus Gould, from Wallace's Celebes birds, is E. caeruleus hypoleucus, the Wallacean race of Black-winged Kite.",List of Plates; engraved caption; Gould's text; Kansas catalogue
I,13,,Indian Scops Owl,Scops pennatus,Otus sunia,Oriental Scops-Owl,orsowl,eBird/Clements 2025,Q1260390,5232328,DD855E67383228E3,Otus sunia_Oriental Scops-Owl,,high,yes,"Scops pennatus Hodgson is his name for the grey phase of the Nepal scops owl he called sunia in its red phase (Jerdon, quoted by Gould); the plate shows both phases. A synonym of the nominate Oriental Scops-Owl, so no form.",List of Plates; engraved caption; Gould's text; Kansas catalogue; the plate
I,14,,Bay Owl,Phodilus badius,Phodilus badius,Oriental Bay-Owl,orbowl1,eBird/Clements 2025,Q770529,2497972,F14E4D4551792643,Phodilus badius_Oriental Bay-Owl,,high,yes,,List of Plates (vol. I); engraved caption on the leaf; the text leaf bound after the plate; Kansas catalogue; pinned in Featherframe (gould_asia.yaml)
I,15,,Brodie's Owlet,Athene Brodiei,Taenioptynx brodiei,Collared Owlet,colowl1,eBird/Clements 2025,Q517694,5232113,BD6F35612B009315,Taenioptynx brodiei_Collared Owlet,,high,yes,,List of Plates (vol. I); engraved caption on the leaf; the text leaf bound after the plate; Kansas catalogue; pinned in Featherframe (gould_asia.yaml)
I,16,,Speckled Wood-Owl,Syrnium ocellatum,Strix ocellata,Mottled Wood-Owl,mowowl1,eBird/Clements 2025,Q672286,2497525,52A8CE5C3058123E,Strix ocellata_Mottled Wood-Owl,,high,yes,,List of Plates (vol. I); engraved caption on the leaf; the text leaf bound after the plate; Kansas catalogue; pinned in Featherframe (gould_asia.yaml)
I,17,,Indian Screech Owl,Strix indica,Tyto javanica,Eastern Barn Owl,eabowl1,eBird/Clements 2025,Q30588297,5789316,9E668317A0504D2B,Tyto alba_Barn Owl,subspecies,high,yes,"Strix indica Blyth (India, Ceylon; syn. S. flammea Blyth) = Eastern Barn Owl, race stertens; eBird splits Barn Owl; KU's Athene brama indica matched the epithet",List of Plates (vol. I); engraved caption on the leaf; the text leaf bound after the plate; Kansas catalogue
I,18,,Grass-Owl,Strix candida,Tyto longimembris,Australasian Grass-Owl,ausgro1,eBird/Clements 2025,Q306919,5232369,8BF7742188B37800,,,high,yes,"Strix candida Tickell (syn. longimembris Jerdon) = Tyto longimembris, Australasian Grass-Owl: long-legged, dark-backed adult and tawny young. Gould's India-to-Australia range is this species, not the African Grass-Owl.",engraved caption; Gould's text; Kansas catalogue; the plate
I,19,,Mahratta Nightjar,Caprimulgus Mahrattensis,Caprimulgus mahrattensis,Sykes's Nightjar,syknig1,eBird/Clements 2025,Q2752089,2496847,C727BD310962B283,,,high,yes,Caprimulgus mahrattensis Sykes = Sykes's Nightjar; same name.,engraved caption; Gould's text; Kansas catalogue; the plate
I,20,,Palm Roof-Swift,Cypselus infumatus,Cypsiurus balasiensis,Asian Palm Swift,aspswi1,eBird/Clements 2025,Q31797,2477102,83C40F897AF9D6BC,Cypsiurus balasiensis_Asian Palm-Swift,subspecies,high,yes,"Cypselus infumatus Sclater (Borneo, Assam's Naga and Garo hills, Hainan; Jerdon's specimen) is the eastern race of Asian Palm Swift. Kansas's African Palm Swift is another continent.",List of Plates (vol. I); engraved caption on the leaf; the text leaf bound after the plate; Kansas catalogue; the plate
I,21,,Crested Tree-Swift,Dendrochelidon coronatus,Hemiprocne coronata,Crested Treeswift,cretre1,eBird/Clements 2025,Q950441,2477443,509C8FD492EBA33C,Hemiprocne coronata_Crested Treeswift,,high,yes,,List of Plates (vol. I); engraved caption on the leaf; the text leaf bound after the plate; Kansas catalogue; pinned in Featherframe (gould_asia.yaml)
I,22,,Klecho Tree-Swift,Dendrochelidon Klecho,Hemiprocne longipennis,Gray-rumped Treeswift,gyrtre1,eBird/Clements 2025,Q31795,2477451,9B8B422FAC57333A,Hemiprocne longipennis_Gray-rumped Treeswift,,high,yes,"Hirundo klecho Horsfield, from Java, is a synonym of Hemiprocne longipennis (Rafinesque), the nominate Gray-rumped Treeswift, so no form; Gould's green-backed Javan birds fit.",List of Plates; engraved caption; Gould's text; Kansas catalogue
I,23,,Wallace's Tree-Swift,Dendrochelidon Wallacei,Hemiprocne longipennis,Gray-rumped Treeswift,gyrtre1,eBird/Clements 2025,Q31795,2477451,9B8B422FAC57333A,Hemiprocne longipennis_Gray-rumped Treeswift,subspecies,high,yes,"Dendrochelidon wallacei Gould, from Wallace's Macassar birds, is H. longipennis wallacii, the Sulawesi race of Gray-rumped Treeswift.",List of Plates; engraved caption; Gould's text; Kansas catalogue
I,24,,Bearded Tree-Swift,Dendrochelidon mystaceus,Hemiprocne mystacea,Moustached Treeswift,moutre1,eBird/Clements 2025,Q778386,2477444,C689BD7EDABEE892,Hemiprocne mystacea_Moustached Treeswift,,high,yes,,List of Plates (vol. I); engraved caption on the leaf; the text leaf bound after the plate; Kansas catalogue; pinned in Featherframe (gould_asia.yaml)
I,25,,Hooded Tree-Swift,Dendrochelidon comatus,Hemiprocne comata,Whiskered Treeswift,whitre1,eBird/Clements 2025,Q1006422,2477440,76477B324EFF7953,Hemiprocne comata_Whiskered Treeswift,,high,yes,,List of Plates (vol. I); engraved caption on the leaf; the text leaf bound after the plate; Kansas catalogue; pinned in Featherframe (gould_asia.yaml)
I,26,,Wire-tailed Swallow,Hirundo filifera,Hirundo smithii,Wire-tailed Swallow,witswa1,eBird/Clements 2025,Q375793,5230801,B79D6B3DD15ECB2B,Hirundo smithii_Wire-tailed Swallow,subspecies,high,yes,"Hirundo filifera Stephens, the Wire-tailed Swallow of India, is H. smithii filifera, the Asian race; Gould doubted the African birds were the same.",List of Plates; engraved caption; Gould's text; Kansas catalogue
I,27,,Western Mosque-Swallow,Cecropis rufula,Cecropis rufula,European Red-rumped Swallow,rerswa8,eBird/Clements 2025,Q137261195,,,Cecropis daurica_Red-rumped Swallow,,high,yes,"Gould's Cecropis rufula is the European Red-rumped Swallow (Greece, Asia Minor; pale, almost unstreaked breast), a species in eBird 2025's three-way split, not the Eastern C. daurica.",List of Plates (vol. I); engraved caption on the leaf; the text leaf bound after the plate; Kansas catalogue; the plate
I,28,,Daurian Mosque-Swallow,Cecropis Daurica,Cecropis daurica,Eastern Red-rumped Swallow,y00621,eBird/Clements 2025,Q27075446,9717283,6FE118C6,Cecropis daurica_Red-rumped Swallow,,high,yes,eBird 2025 splits Red-rumped Swallow; the binomial stays with Eastern Red-rumped Swallow,List of Plates (vol. I); engraved caption on the leaf; the text leaf bound after the plate; Kansas catalogue; pinned in Featherframe (gould_asia.yaml)
I,29,,Indian Mosque-Swallow,Cecropis erythropygia,Cecropis daurica,Eastern Red-rumped Swallow,y00621,eBird/Clements 2025,Q27075446,9717283,6FE118C6,Cecropis daurica_Red-rumped Swallow,subspecies,high,yes,"Sykes's erythropygia, the streak-breasted Indian Red-rumped Swallow, is a race of Eastern Red-rumped Swallow in eBird 2025; the European daughter is rufula alone.",List of Plates (vol. I); engraved caption on the leaf; the text leaf bound after the plate; Kansas catalogue; the plate
I,30,,Ceylonese Mosque-Swallow,Cecropis hyperythra,Cecropis hyperythra,Sri Lanka Swallow,srlswa1,eBird/Clements 2025,Q3136308,6095113,7F7470DA2A28F9FC,,,high,yes,"Hirundo hyperythra Layard (Ceylon) = Cecropis hyperythra, Sri Lanka Swallow: deep chestnut underparts and rump, no collar.",engraved caption; Gould's text; Kansas catalogue; the plate
I,31,,Nepal Martin-Swallow,Delichon Nipalensis,Delichon nipalense,Nepal House-Martin,nephom1,eBird/Clements 2025,Q1466513,2489218,0F94AC6E873BE8C5,,,high,yes,"Delichon nipalensis Hodgson = Delichon nipalense, Nepal House-Martin; same species.",engraved caption; Gould's text; Kansas catalogue; the plate
I,32,,Bungalow Swallow,Hypurolepis domicola,Hirundo domicola,Hill Swallow,pacswa3,eBird/Clements 2025,Q3136299,5230784,8FCDB881CC801AA1,Hirundo tahitica_Pacific Swallow,,judged,yes,"Hirundo domicola Jerdon (Nilgiris) = Hill Swallow, which eBird 2025 splits from Pacific Swallow; BirdNET lumps the two. Judged: Gould also had a Lombok skin (a Pacific Swallow) and doesn't say which he drew, but the title and the dusky brown underparts are the Nilgiri bird's.",engraved caption; Gould's text; Kansas catalogue; the plate
I,33,,Indian Cliff-Swallow,Lagenoplastes fluvicola,Petrochelidon fluvicola,Streak-throated Swallow,sttswa2,eBird/Clements 2025,Q1306657,5846407,E96C9563A0CA1A2E,Petrochelidon fluvicola_Streak-throated Swallow,,high,yes,,List of Plates (vol. I); engraved caption on the leaf; the text leaf bound after the plate; Kansas catalogue; pinned in Featherframe (gould_asia.yaml)
I,34,,Pirik Bee-eater,Merops quinticolor,Merops leschenaulti,Chestnut-headed Bee-eater,chbeat1,eBird/Clements 2025,Q31958,2475392,F8652F4FF1CF9E8D,Merops leschenaulti_Chestnut-headed Bee-eater,,high,yes,,List of Plates (vol. I); engraved caption on the leaf; the text leaf bound after the plate; Kansas catalogue; pinned in Featherframe (gould_asia.yaml)
I,35,,Hurrial Bee-eater,Merops viridis,Merops orientalis,Asian Green Bee-eater,grnbee3,eBird/Clements 2025,Q420840,2475410,,Merops orientalis_Green Bee-eater,,judged,yes,"pinned by the bird: all green, golden crown, black gorget; printed Merops viridis (Wells)",List of Plates (vol. I); engraved caption on the leaf; the text leaf bound after the plate; Kansas catalogue; pinned in Featherframe (gould_asia.yaml)
I,36,,Philippine Bee-eater,Merops Philippinus,Merops philippinus,Blue-tailed Bee-eater,btbeat1,eBird/Clements 2025,Q31884,2475452,809951F0A4498585,Merops philippinus_Blue-tailed Bee-eater,,high,yes,,List of Plates (vol. I); engraved caption on the leaf; the text leaf bound after the plate; Kansas catalogue; pinned in Featherframe (gould_asia.yaml)
I,37,,Blue-throated Nyctiornis,Nyctiornis Athertoni,Nyctyornis athertoni,Blue-bearded Bee-eater,bbbeat1,eBird/Clements 2025,Q882415,2475458,5C15B5FC4FC6338D,Nyctyornis athertoni_Blue-bearded Bee-eater,,high,yes,,List of Plates (vol. I); engraved caption on the leaf; the text leaf bound after the plate; Kansas catalogue; pinned in Featherframe (gould_asia.yaml)
I,38,,Red-throated Nyctiornis,Nyctiornis amictus,Nyctyornis amictus,Red-bearded Bee-eater,rbbeat1,eBird/Clements 2025,Q1193740,2475461,793BF787C5F18182,Nyctyornis amictus_Red-bearded Bee-eater,,high,yes,,List of Plates (vol. I); engraved caption on the leaf; the text leaf bound after the plate; Kansas catalogue; pinned in Featherframe (gould_asia.yaml)
I,39,,Forsten's Bee-eater,Meropogon Forsteni,Meropogon forsteni,Purple-bearded Bee-eater,pbbeat1,eBird/Clements 2025,Q990180,2475390,34E92BE0098D3B73,,,high,yes,"Merops forsteni Temm. (Sulawesi) = Meropogon forsteni, Purple-bearded Bee-eater; same species.",engraved caption; Gould's text; Kansas catalogue; the plate
I,40,,Hombron's Kingfisher,Actenoides Hombroni,Actenoides hombroni,Blue-capped Kingfisher,blckin2,eBird/Clements 2025,Q1270713,2475667,171AA6895A92906E,,,high,yes,Actenoides hombroni Bonaparte = Blue-capped Kingfisher; Gould's figure is Steere's Mindanao male.,engraved caption; Gould's text; Kansas catalogue; the plate
I,41,,Lindsay's Kingfisher,Actenoides Lindsayi,Actenoides lindsayi,Spotted Kingfisher,spokin1,eBird/Clements 2025,Q1270721,2475675,0FDF970A82D0B75C,Actenoides lindsayi_Spotted Kingfisher,,high,yes,,List of Plates (vol. I); engraved caption on the leaf; the text leaf bound after the plate; Kansas catalogue; pinned in Featherframe (gould_asia.yaml)
I,42,,Sumatra Kingfisher,Actenoides concretus,Actenoides concretus,Rufous-collared Kingfisher,ruckin1,eBird/Clements 2025,Q1271058,2475663,4A150CE8063B780F,Actenoides concretus_Rufous-collared Kingfisher,,high,yes,,List of Plates (vol. I); engraved caption on the leaf; the text leaf bound after the plate; Kansas catalogue; pinned in Featherframe (gould_asia.yaml)
I,43,,Indian Kingfisher,Halcyon fusca,Halcyon smyrnensis,White-throated Kingfisher,whtkin2,eBird/Clements 2025,Q735158,5228328,3EEE4BB4CEACA3FC,Halcyon smyrnensis_White-throated Kingfisher,subspecies,high,yes,"Halcyon fusca (Boddaert), of India and Ceylon, is H. smyrnensis fusca, the Indian race of White-throated Kingfisher.",List of Plates; engraved caption; Gould's text; Kansas catalogue
I,44,,Manilla Kingfisher,Halcyon gularis,Halcyon gularis,Brown-breasted Kingfisher,bnbkin1,eBird/Clements 2025,Q10764826,7718826,,Halcyon gularis_Brown-breasted Kingfisher,,high,yes,,List of Plates (vol. I); engraved caption on the leaf; the text leaf bound after the plate; Kansas catalogue; pinned in Featherframe (gould_asia.yaml)
I,45,,Black-capped Kingfisher,Halcyon atricapillus,Halcyon pileata,Black-capped Kingfisher,blckin1,eBird/Clements 2025,Q1049056,5228310,6B292CA05BDA4273,Halcyon pileata_Black-capped Kingfisher,,high,yes,,List of Plates (vol. I); engraved caption on the leaf; the text leaf bound after the plate; Kansas catalogue; pinned in Featherframe (gould_asia.yaml)
I,46,,Blue-and-white Kingfisher,Halcyon fulgidus,Caridonax fulgidus,White-rumped Kingfisher,whrkin1,eBird/Clements 2025,Q1274217,2475884,E96B0BA93ACF52B3,,,high,yes,"Halcyon fulgidus Gould (Lombok) = Caridonax fulgidus, White-rumped Kingfisher; same species, now its own genus.",engraved caption; Gould's text; Kansas catalogue; the plate
I,47,,Many-coloured Kingfisher,Halcyon omnicolor,Halcyon cyanoventris,Javan Kingfisher,javkin1,eBird/Clements 2025,Q31965,5228327,E4948338E4E80C3B,,,high,yes,"Gould's synonymy makes omnicolor Vieillot's Alcedo cyanoventris. Java only; dark brown head, chestnut collar and throat, smalt-blue back and belly: the Javan Kingfisher, not the Collared the survey read.",List of Plates (vol. I); engraved caption on the leaf; the text leaf bound after the plate; Kansas catalogue; the plate
I,48,,Banded Kingfisher,Carcineutes pulchellus,Lacedo pulchella,Banded Kingfisher,bankin1,eBird/Clements 2025,Q2461994,2475559,303D53564070450E,Lacedo pulchella_Banded Kingfisher,,high,yes,,List of Plates (vol. I); engraved caption on the leaf; the text leaf bound after the plate; Kansas catalogue; pinned in Featherframe (gould_asia.yaml)
I,49,,Black-faced Kingfisher,Carcineutes melanops,Lacedo pulchella,Banded Kingfisher,bankin1,eBird/Clements 2025,Q2461994,2475559,303D53564070450E,Lacedo pulchella_Banded Kingfisher,subspecies,high,yes,"Carcineutes melanops (Borneo) = Lacedo pulchella melanops, the Black-faced race of Banded Kingfisher; Gould calls it the Bornean representative of C. pulchellus.",engraved caption; Gould's text; Kansas catalogue; the plate
I,50,,Tenasserim Kingfisher,Carcineutes amabilis,Lacedo pulchella,Banded Kingfisher,bankin1,eBird/Clements 2025,Q2461994,2475559,303D53564070450E,Lacedo pulchella_Banded Kingfisher,subspecies,high,yes,"Carcineutes amabilis Hume, from Tenasserim and Pegu, is Lacedo pulchella amabilis, the northern race of Banded Kingfisher.",List of Plates; engraved caption; Gould's text; Kansas catalogue
I,51,,Mantled Kingfisher,Dacelo Tyro,Dacelo tyro,Spangled Kookaburra,spakoo1,eBird/Clements 2025,Q716456,2475651,5B365DF7A74FE856,,,high,yes,"the Spangled Kookaburra (KU), not in BirdNET",List of Plates (vol. I); engraved caption on the leaf; the text leaf bound after the plate; Kansas catalogue
I,52,,Great Alcedo,Alcedo grandis,Alcedo hercules,Blyth's Kingfisher,blykin1,eBird/Clements 2025,Q832565,2475519,,,,high,yes,"Alcedo grandis Blyth = Alcedo hercules, Blyth's Kingfisher; hercules replaced Blyth's preoccupied grandis.",engraved caption; Gould's text; Kansas catalogue; the plate
I,53,,Indian Kingfisher,Alcedo Bengalensis,Alcedo atthis,Common Kingfisher,comkin1,eBird/Clements 2025,Q79915,2475532,9505E03D7416B365,Alcedo atthis_Common Kingfisher,subspecies,high,yes,"Alcedo bengalensis Gmelin, ranging from India to China and Japan, is A. atthis bengalensis, the Asian race of Common Kingfisher.",List of Plates; engraved caption; Gould's text; Kansas catalogue
I,54,,Indian Roller,Coracias indica,Coracias benghalensis,Indian Roller,indrol2,eBird/Clements 2025,Q477133,2475379,,Coracias benghalensis_Indian Roller,,high,yes,,List of Plates (vol. I); engraved caption on the leaf; the text leaf bound after the plate; Kansas catalogue; pinned in Featherframe (gould_asia.yaml)
I,55,,Burmese Roller,Coracias affinis,Coracias affinis,Indochinese Roller,indrol3,eBird/Clements 2025,Q31873394,8083525,,Coracias benghalensis_Indian Roller,,high,yes,"Coracias affinis McClelland = Indochinese Roller, which eBird 2025 splits from Indian Roller: Gould drew Assam birds, with purple-streaked throat, purplish breast and no dark band at the tail tip. BirdNET lumps in Indian Roller.",engraved caption; Gould's text; Kansas catalogue; the plate
I,56,,Temminck's Roller,Coracias Temmincki,Coracias temminckii,Purple-winged Roller,puwrol1,eBird/Clements 2025,Q241166,2475372,B8895D02ED486BB5,,,high,yes,"Coracias temmincki Wagler = Coracias temminckii, Purple-winged Roller (Sulawesi); Gould's specimen is from Macassar.",engraved caption; Gould's text; Kansas catalogue; the plate
I,57,,Javan Eurylaime,Eurylaimus Javanicus,Eurylaimus javanicus,Banded Broadbill,banbro1,eBird/Clements 2025,Q598819,2484549,07D343CCBE8FAF9F,Eurylaimus javanicus_Banded Broadbill,,high,yes,,List of Plates (vol. I); engraved caption on the leaf; the text leaf bound after the plate; Kansas catalogue; pinned in Featherframe (gould_asia.yaml)
I,58,,Hooded Eurylaime,Eurylaimus ochromelas,Eurylaimus ochromalus,Black-and-yellow Broadbill,baybro1,eBird/Clements 2025,Q1060483,2484548,C429744BA607CD0F,Eurylaimus ochromalus_Black-and-yellow Broadbill,,high,yes,Eurylaimus ochromalus Raffles = Black-and-yellow Broadbill; the List misprints ochromelas.,engraved caption; Gould's text; Kansas catalogue; the plate
I,59,,Great-billed Eurylaime,Cymbirhynchus macrorhynchus,Cymbirhynchus macrorhynchos,Black-and-red Broadbill,barbro1,eBird/Clements 2025,Q876234,2484543,2F81A394BE6ECFFD,Cymbirhynchus macrorhynchos_Black-and-red Broadbill,,high,yes,,List of Plates (vol. I); engraved caption on the leaf; the text leaf bound after the plate; Kansas catalogue; pinned in Featherframe (gould_asia.yaml)
I,60,,Allied Eurylaime,Cymbirhynchus affinis,Cymbirhynchus macrorhynchos,Black-and-red Broadbill,barbro1,eBird/Clements 2025,Q876234,2484543,2F81A394BE6ECFFD,Cymbirhynchus macrorhynchos_Black-and-red Broadbill,subspecies,high,yes,"Cymbirhynchus affinis Blyth, from Arakan, is C. macrorhynchos affinis, the Irrawaddy race of Black-and-red Broadbill (its own eBird group).",List of Plates; engraved caption; Gould's text; Kansas catalogue
I,61,,Great Eurylaime,Corydon Sumatranus,Corydon sumatranus,Dusky Broadbill,dusbro1,eBird/Clements 2025,Q262933,5229948,BB1E6094E362C526,Corydon sumatranus_Dusky Broadbill,,high,yes,,List of Plates (vol. I); engraved caption on the leaf; the text leaf bound after the plate; Kansas catalogue; pinned in Featherframe (gould_asia.yaml)
I,62,,Lunated Eurylaime,Serilophus lunatus,Serilophus lunatus,Silver-breasted Broadbill,sibbro3,eBird/Clements 2025,Q263854,2484533,,Serilophus lunatus_Silver-breasted Broadbill,,high,yes,,List of Plates (vol. I); engraved caption on the leaf; the text leaf bound after the plate; Kansas catalogue; pinned in Featherframe (gould_asia.yaml)
I,63,,Red-backed EEurylaime,Serilophus rubropygius,Serilophus rubropygius,Gray-lored Broadbill,sibbro2,eBird/Clements 2025,Q55111986,,098E40F1BFC380D4,Serilophus lunatus_Silver-breasted Broadbill,,high,yes,Serilophus rubropygius = Gray-lored Broadbill; eBird 2025 splits it from Silver-breasted Broadbill; BirdNET lumps in Silver-breasted Broadbill,List of Plates (vol. I); engraved caption on the leaf; the text leaf bound after the plate; Kansas catalogue
I,64,,Dalhousie's Eurylaime,Psarisoinus Dalhousie,Psarisomus dalhousiae,Long-tailed Broadbill,lotbro1,eBird/Clements 2025,Q282943,2484526,63944E031BC7D37B,Psarisomus dalhousiae_Long-tailed Broadbill,,high,yes,,List of Plates (vol. I); engraved caption on the leaf; the text leaf bound after the plate; Kansas catalogue; pinned in Featherframe (gould_asia.yaml)
I,65,,Steere's Broadbill,Sarcophanops Steerii,Sarcophanops steerii,Wattled Broadbill,watbro1,eBird/Clements 2025,Q27075050,2484555,600D1A1F4502EBE6,,,high,yes,"Sarcophanops steerii Sharpe (Basilan) = Wattled Broadbill; eBird 2025 splits the Visayan Broadbill (S. samarensis) off, and Basilan birds stay in S. steerii.",engraved caption; Gould's text; Kansas catalogue; the plate
I,66,,Indian Hoopoe,Upupa nigripennis,Upupa epops,Common Hoopoe,hoopoe,eBird/Clements 2025,Q25247,2498415,FA2F9125,Upupa epops_Eurasian Hoopoe,subspecies,high,yes,"Upupa nigripennis Gould, the hoopoe of south India and Ceylon without a white crest bar, is U. epops ceylonensis, a race of Common Hoopoe.",List of Plates; engraved caption; Gould's text; Kansas catalogue
I,67,,Duvaucel's Trogon,Harpactes Duvauceli,Harpactes duvaucelii,Scarlet-rumped Trogon,scrtro1,eBird/Clements 2025,Q1261673,5232068,80DFB0BEFE47A7D2,Harpactes duvaucelii_Scarlet-rumped Trogon,,high,yes,,List of Plates (vol. I); engraved caption on the leaf; the text leaf bound after the plate; Kansas catalogue; pinned in Featherframe (gould_asia.yaml)
I,68,,Malacca Trogon,Harpactes rutilus,Harpactes orrhophaeus,Cinnamon-rumped Trogon,cirtro1,eBird/Clements 2025,Q1273566,5232042,E5453199C5523359,Harpactes orrhophaeus_Cinnamon-rumped Trogon,,high,yes,"Gould's Harpactes rutilus (not Vieillot's, which he files under H. duvaucelii on I.67) is the Malayan trogon with a uniform cinnamon back and no scarlet rump: the Cinnamon-rumped Trogon. The plate shows the black-headed male with cinnamon rump and the brown-headed female; the survey's Scarlet-rumped Trogon is wrong.",List of Plates; engraved caption; Gould's text; Kansas catalogue; the plate
I,69,,Hodgson's Trogon,Harpactes Hodgsoni,Harpactes erythrocephalus,Red-headed Trogon,rehtro1,eBird/Clements 2025,Q374805,5232031,B8B765D8D01C96E7,Harpactes erythrocephalus_Red-headed Trogon,,high,yes,"Harpactes hodgsonii Gould, drawn from Himalayan birds, is a synonym of the nominate Red-headed Trogon (Nepal to Myanmar), so no form; the plate shows the red-headed male with white breast band.",List of Plates; engraved caption; Gould's text; Kansas catalogue; the plate
I,70,,Diard's Trogon,Harpactes Diardi,Harpactes diardii,Diard's Trogon,diatro1,eBird/Clements 2025,Q854665,5232061,ECF71AC70D7481AE,Harpactes diardii_Diard's Trogon,,high,yes,,List of Plates (vol. I); engraved caption on the leaf; the text leaf bound after the plate; Kansas catalogue; pinned in Featherframe (gould_asia.yaml)
I,71,,Mountain Trogon,Harpactes Oreskios,Harpactes oreskios,Orange-breasted Trogon,orbtro2,eBird/Clements 2025,Q1270238,5232055,F663214EC2B901F8,Harpactes oreskios_Orange-breasted Trogon,,high,yes,,List of Plates (vol. I); engraved caption on the leaf; the text leaf bound after the plate; Kansas catalogue; pinned in Featherframe (gould_asia.yaml)
I,72,,Reinwardt's Trogon,Harpactes Reinwardti,Apalharpactes reinwardtii,Javan Trogon,javtro1,eBird/Clements 2025,Q863166,5788449,BE6ABD55728BD44A,,,high,yes,"Trogon reinwardti Temm. (Java) = Apalharpactes reinwardtii, Javan Trogon, adult and young; the Sumatran bird (I.73) is now its own species.",engraved caption; Gould's text; Kansas catalogue; the plate
I,73,,Macklot's Trogon,Harpactes Mackloti,Apalharpactes mackloti,Sumatran Trogon,sumtro1,eBird/Clements 2025,Q913150,5788450,E3007B8C69B10C7E,,,high,yes,"Trogon mackloti Müller (Sumatra) = Apalharpactes mackloti, Sumatran Trogon; smaller than Reinwardt's, as Gould says.",engraved caption; Gould's text; Kansas catalogue; the plate
I,74,,Kasumba Trogon,Harpactes Kasumba,Harpactes kasumba,Red-naped Trogon,rentro1,eBird/Clements 2025,Q1263288,5232070,D04AAF765C1B75DE,Harpactes kasumba_Red-naped Trogon,,high,yes,,List of Plates (vol. I); engraved caption on the leaf; the text leaf bound after the plate; Kansas catalogue; pinned in Featherframe (gould_asia.yaml)
I,75,,Fasciated Trogon,Harpactes fasciatus,Harpactes fasciatus,Malabar Trogon,maltro1,eBird/Clements 2025,Q1274580,5232051,FC98A36A9CC41391,Harpactes fasciatus_Malabar Trogon,,high,yes,,List of Plates (vol. I); engraved caption on the leaf; the text leaf bound after the plate; Kansas catalogue; pinned in Featherframe (gould_asia.yaml)
I,76,,Rosy-breasted Trogon,Harpactes ardens,Harpactes ardens,Philippine Trogon,phitro1,eBird/Clements 2025,Q1260438,5232045,AFED9D54AAD67DBD,Harpactes ardens_Philippine Trogon,,high,yes,,List of Plates (vol. I); engraved caption on the leaf; the text leaf bound after the plate; Kansas catalogue; pinned in Featherframe (gould_asia.yaml)
II,1,,Green Cochoa,Cochoa viridis,Cochoa viridis,Green Cochoa,grecoc1,eBird/Clements 2025,Q1585763,2492554,D29F7DED07083991,Cochoa viridis_Green Cochoa,,high,yes,,List of Plates (vol. II); engraved caption on the leaf; the text leaf bound after the plate; Kansas catalogue; pinned in Featherframe (gould_asia.yaml)
II,2,,Purple Cochoa,Cochoa purpurea,Cochoa purpurea,Purple Cochoa,purcoc1,eBird/Clements 2025,Q1586508,2492552,65A535DAFF8F2575,,,high,yes,Cochoa purpurea Hodgson = Purple Cochoa; male and brown female.,engraved caption; Gould's text; Kansas catalogue; the plate
II,3,,Grey-throated Pericrocotus,Pericrocotus griseogularis,Pericrocotus solaris,Gray-chinned Minivet,gycmin1,eBird/Clements 2025,Q1590404,2486821,,Pericrocotus solaris_Gray-chinned Minivet,subspecies,high,yes,"Pericrocotus griseogularis Gould, from Swinhoe's Formosa birds, is P. solaris griseogularis, the Taiwan and S China race of Gray-chinned Minivet.",List of Plates; engraved caption; Gould's text; Kansas catalogue
II,4,,Canton Pericrocotus,Pericrocotus cantonensis,Pericrocotus cantonensis,Brown-rumped Minivet,brrmin1,eBird/Clements 2025,Q1037950,2486817,,Pericrocotus cantonensis_Brown-rumped Minivet,,high,yes,,List of Plates (vol. II); engraved caption on the leaf; the text leaf bound after the plate; Kansas catalogue; pinned in Featherframe (gould_asia.yaml)
II,5,,Yellow-throated Pericrocotus,Pericrocotus solaris,Pericrocotus solaris,Gray-chinned Minivet,gycmin1,eBird/Clements 2025,Q1590404,2486821,,Pericrocotus solaris_Gray-chinned Minivet,,high,yes,,List of Plates (vol. II); engraved caption on the leaf; the text leaf bound after the plate; Kansas catalogue; pinned in Featherframe (gould_asia.yaml)
II,6,,Cawnpore Pericrocotus,Pericrocotus erythropygius,Pericrocotus erythropygius,White-bellied Minivet,whbmin3,eBird/Clements 2025,Q1081105,2486823,,Pericrocotus erythropygius_White-bellied Minivet,,high,yes,,List of Plates (vol. II); engraved caption on the leaf; the text leaf bound after the plate; Kansas catalogue; pinned in Featherframe (gould_asia.yaml)
II,7,,Great Pericrocotus,Pericrocotus speciosus,Pericrocotus speciosus,Scarlet Minivet,scamin1,eBird/Clements 2025,Q12265751,6101031,,Pericrocotus speciosus_Scarlet Minivet,,high,yes,,List of Plates (vol. II); engraved caption on the leaf; the text leaf bound after the plate; Kansas catalogue; pinned in Featherframe (gould_asia.yaml)
II,8,,Orange Pericrocotus,Pericrocotus flammeus,Pericrocotus flammeus,Orange Minivet,scamin3,eBird/Clements 2025,Q605732,2486819,,Pericrocotus flammeus_Orange Minivet,,high,yes,,List of Plates (vol. II); engraved caption on the leaf; the text leaf bound after the plate; Kansas catalogue; pinned in Featherframe (gould_asia.yaml)
II,9,,Little Pericrocotus,Pericrocotus peregrinus,Pericrocotus cinnamomeus,Small Minivet,smamin1,eBird/Clements 2025,Q244251,2486822,B5C1302B4459DA8B,Pericrocotus cinnamomeus_Small Minivet,,high,yes,,List of Plates (vol. II); engraved caption on the leaf; the text leaf bound after the plate; Kansas catalogue; pinned in Featherframe (gould_asia.yaml)
II,10,,Rosy Pericrocotus,Pericrocotus roseus,Pericrocotus roseus,Rosy Minivet,rosmin1,eBird/Clements 2025,Q1028567,2486815,,,,high,yes,"Muscicapa rosea Vieillot = Pericrocotus roseus, Rosy Minivet; male, female and young male.",engraved caption; Gould's text; Kansas catalogue; the plate
II,11,,Grey Pericrocotus,Pericrocotus cinereus,Pericrocotus divaricatus,Ashy Minivet,ashmin1,eBird/Clements 2025,Q1590357,2486818,,Pericrocotus divaricatus_Ashy Minivet,,high,yes,,List of Plates (vol. II); engraved caption on the leaf; the text leaf bound after the plate; Kansas catalogue; pinned in Featherframe (gould_asia.yaml)
II,12,,Philippine-Island Thickhead,Hylopterpe philippinensis,Pachycephala philippinensis,Yellow-bellied Whistler,yebwhi1,eBird/Clements 2025,Q1587465,5959167,5E75CBEF9E58F740,Pachycephala philippinensis_Yellow-bellied Whistler,,high,yes,,List of Plates (vol. II); engraved caption on the leaf; the text leaf bound after the plate; Kansas catalogue; pinned in Featherframe (gould_asia.yaml)
II,13,,Grey-headed Pteruthius,Pteruthius eralatus,Pteruthius aeralatus,White-browed Shrike-Babbler,whbshb1,eBird/Clements 2025,Q14156927,7341431,4C6B41B31F6978C3,Pteruthius aeralatus_Blyth's Shrike-Babbler,,high,yes,,List of Plates (vol. II); engraved caption on the leaf; the text leaf bound after the plate; Kansas catalogue; pinned in Featherframe (gould_asia.yaml)
II,14,,Himalayan Pteruthius,Pteruthius erythropterus,Pteruthius aeralatus,White-browed Shrike-Babbler,whbshb1,eBird/Clements 2025,Q14156927,7341431,4C6B41B31F6978C3,Pteruthius aeralatus_Blyth's Shrike-Babbler,subspecies,high,yes,"Vigors's erythropterus is the Himalayan population of White-browed Shrike-Babbler (Bhutan, Kumaon and Assam in Gould's text). eBird 2025 keeps ripleyi and validirostris in P. aeralatus, so the species stands whichever race Gould's pair was.",List of Plates (vol. II); engraved caption on the leaf; the text leaf bound after the plate; Kansas catalogue; the plate
II,15,,Rufous-bellied Pteruthius,Pteruthius rufiventer,Pteruthius rufiventer,Black-headed Shrike-Babbler,bhsbab1,eBird/Clements 2025,Q3726366,2492992,484E9B46D2F6297C,Pteruthius rufiventer_Black-headed Shrike-Babbler,,high,yes,,List of Plates (vol. II); engraved caption on the leaf; the text leaf bound after the plate; Kansas catalogue; pinned in Featherframe (gould_asia.yaml)
II,16,,Black-eared Allotrius,Allotrius melanotis,Pteruthius melanotis,Black-eared Shrike-Babbler,besbab1,eBird/Clements 2025,Q746109,2492994,17DB8BA0E1EE56F1,Pteruthius melanotis_Black-eared Shrike-Babbler,,high,yes,,List of Plates (vol. II); engraved caption on the leaf; the text leaf bound after the plate; Kansas catalogue; pinned in Featherframe (gould_asia.yaml)
II,17,,Yellow-green Allotrius,Allotrius xanthochloris,Pteruthius xanthochlorus,Green Shrike-Babbler,grsbab1,eBird/Clements 2025,Q3726360,2492995,00C6FC90B1957B46,Pteruthius xanthochlorus_Green Shrike-Babbler,,high,yes,,List of Plates (vol. II); engraved caption on the leaf; the text leaf bound after the plate; Kansas catalogue; pinned in Featherframe (gould_asia.yaml)
II,18,,Paradise Flycatcher,Muscipeta Paradisi,Terpsiphone paradisi,Indian Paradise-Flycatcher,aspfly1,eBird/Clements 2025,Q568512,2486687,758938055C930A4F,Terpsiphone paradisi_Indian Paradise-Flycatcher,,high,yes,,List of Plates (vol. II); engraved caption on the leaf; the text leaf bound after the plate; Kansas catalogue; pinned in Featherframe (gould_asia.yaml)
II,19,,Ince's Paradise Flycatcher,Muscipeta Incei,Terpsiphone incei,Amur Paradise-Flycatcher,amupaf1,eBird/Clements 2025,Q22117129,7696863,,Terpsiphone incei_Amur Paradise-Flycatcher,,high,yes,,List of Plates (vol. II); engraved caption on the leaf; the text leaf bound after the plate; Kansas catalogue; pinned in Featherframe (gould_asia.yaml)
II,20,,Grand Niltava,Niltava grandis,Niltava grandis,Large Niltava,larnil1,eBird/Clements 2025,Q1589120,2492650,75234D1EB448321D,Niltava grandis_Large Niltava,,high,yes,,List of Plates (vol. II); engraved caption on the leaf; the text leaf bound after the plate; Kansas catalogue; pinned in Featherframe (gould_asia.yaml)
II,21,,Sundara Niltava,Niltava Sundara,Niltava sundara,Rufous-bellied Niltava,rubnil1,eBird/Clements 2025,Q1590088,2492649,7FBCFF872BA4C8F6,Niltava sundara_Rufous-bellied Niltava,,high,yes,,List of Plates (vol. II); engraved caption on the leaf; the text leaf bound after the plate; Kansas catalogue; pinned in Featherframe (gould_asia.yaml)
II,22,,MacGregor's Niltava,Niltava MacGregoriae,Niltava macgrigoriae,Small Niltava,smanil1,eBird/Clements 2025,Q1301331,2492654,AE0A8E40E592C918,Niltava macgrigoriae_Small Niltava,,high,yes,,List of Plates (vol. II); engraved caption on the leaf; the text leaf bound after the plate; Kansas catalogue; pinned in Featherframe (gould_asia.yaml)
II,23,,Jericho Sun-bird,Nectarinia Osea,Cinnyris osea,Palestine Sunbird,palsun2,eBird/Clements 2025,Q1528819,7340679,783E492C70851B12,Cinnyris osea_Palestine Sunbird,,high,yes,,List of Plates (vol. II); engraved caption on the leaf; the text leaf bound after the plate; Kansas catalogue; pinned in Featherframe (gould_asia.yaml)
II,24,,Ceylonese Sun-bird,Nectarinia Zelonica,Leptocoma zeylonica,Purple-rumped Sunbird,pursun3,eBird/Clements 2025,Q25191152,7340855,9A13D986F7A8C5A7,Leptocoma zeylonica_Purple-rumped Sunbird,,high,yes,,List of Plates (vol. II); engraved caption on the leaf; the text leaf bound after the plate; Kansas catalogue; pinned in Featherframe (gould_asia.yaml)
II,25,,Penang Sun-bird,Nectarinia insignis,Leptocoma calcostetha,Copper-throated Sunbird,cotsun2,eBird/Clements 2025,Q2226599,6088419,,Leptocoma calcostetha_Copper-throated Sunbird,,high,yes,"Gould's Nectarinia insignis (renamed fulgida) is a single Penang skin: green crown, coppery-red throat, purple-blue breast, black belly, yellow pectoral tufts. That is the male Copper-throated Sunbird; Gadow (Cat. Birds BM ix) lists the plate under Chalcostetha insignis. A Crimson Sunbird has a red back and no tufts.","List of Plates (vol. II); engraved caption on the leaf; the text leaf bound after the plate; Kansas catalogue; Sharpe, Cat. Birds BM ix; the plate"
II,26,,Mrs. Gould's Sun-bird,Nectarinia Gouldiae,Aethopyga gouldiae,Mrs. Gould's Sunbird,gousun1,eBird/Clements 2025,Q2743811,2484669,6A4A67F7AC5391C2,Aethopyga gouldiae_Mrs. Gould's Sunbird,,high,yes,,List of Plates (vol. II); engraved caption on the leaf; the text leaf bound after the plate; Kansas catalogue; pinned in Featherframe (gould_asia.yaml)
II,27,,Black-breasted Sun-bird,Nectarinia saturata,Aethopyga saturata,Black-throated Sunbird,bltsun1,eBird/Clements 2025,Q2454690,2484682,,Aethopyga saturata_Black-throated Sunbird,,high,yes,,List of Plates (vol. II); engraved caption on the leaf; the text leaf bound after the plate; Kansas catalogue; pinned in Featherframe (gould_asia.yaml)
II,28,,Fiery-tailed Sun-bird,Nectarinia ignicauda,Aethopyga ignicauda,Fire-tailed Sunbird,fitsun1,eBird/Clements 2025,Q2471281,2484674,,Aethopyga ignicauda_Fire-tailed Sunbird,,high,yes,,List of Plates (vol. II); engraved caption on the leaf; the text leaf bound after the plate; Kansas catalogue; pinned in Featherframe (gould_asia.yaml)
II,29,,Goulpourah Sun-bird,Nectarinia Goalpariensis,Aethopyga siparaja,Crimson Sunbird,eacsun1,eBird/Clements 2025,Q73760,2484677,F1B35D09C6E33A24,Aethopyga siparaja_Crimson Sunbird,subspecies,high,yes,"Nectarinia goalpariensis Royle, of northern and eastern India, is Aethopyga siparaja seheriae, a race of Crimson Sunbird (eBird group Goulpourah).",List of Plates; engraved caption; Gould's text; Kansas catalogue
II,30,,Vigors' Sun-bird,Nectarinia Vigorsii,Aethopyga vigorsii,Vigors's Sunbird,wecsun1,eBird/Clements 2025,Q5420068,6086852,,Aethopyga vigorsii_Vigors's Sunbird,,high,yes,,List of Plates (vol. II); engraved caption on the leaf; the text leaf bound after the plate; Kansas catalogue; pinned in Featherframe (gould_asia.yaml)
II,31,,Nepaulese Sun-bird,Nectarinia Nipalensis,Aethopyga nipalensis,Green-tailed Sunbird,grtsun1,eBird/Clements 2025,Q3238764,2484681,,Aethopyga nipalensis_Green-tailed Sunbird,,high,yes,,List of Plates (vol. II); engraved caption on the leaf; the text leaf bound after the plate; Kansas catalogue; pinned in Featherframe (gould_asia.yaml)
II,32,,Asiatic Sun-bird,Nectarinia Asiatica,Cinnyris asiaticus,Purple Sunbird,pursun4,eBird/Clements 2025,Q1797393,7340608,E9BCF7640544FC7C,Cinnyris asiaticus_Purple Sunbird,,high,yes,,List of Plates (vol. II); engraved caption on the leaf; the text leaf bound after the plate; Kansas catalogue; pinned in Featherframe (gould_asia.yaml)
II,33,,Loten's Sun-bird,Nectarinia Lotenia,Cinnyris lotenius,Loten's Sunbird,lobsun2,eBird/Clements 2025,Q3595570,7340540,2088177F7573E8E5,Cinnyris lotenius_Loten's Sunbird,,high,yes,,List of Plates (vol. II); engraved caption on the leaf; the text leaf bound after the plate; Kansas catalogue; pinned in Featherframe (gould_asia.yaml)
II,34,,Plain Zosterops,Zosterops simplex,Zosterops simplex,Swinhoe's White-eye,swiwhe1,eBird/Clements 2025,Q40660989,9047331,,Zosterops simplex_Swinhoe's White-eye,,high,yes,,List of Plates (vol. II); engraved caption on the leaf; the text leaf bound after the plate; Kansas catalogue; pinned in Featherframe (gould_asia.yaml)
II,35,,Chestnut-sided Zosterops,Zosterops erythropleura,Zosterops erythropleurus,Chestnut-flanked White-eye,cfweye1,eBird/Clements 2025,Q2670220,2489345,03E6F144BCC4C0AC,Zosterops erythropleurus_Chestnut-flanked White-eye,,high,yes,,List of Plates (vol. II); engraved caption on the leaf; the text leaf bound after the plate; Kansas catalogue; pinned in Featherframe (gould_asia.yaml)
II,36,"upper two, collared",Red-collared Diceum,Diceum retrocinctum,Dicaeum retrocinctum,Scarlet-collared Flowerpecker,sccflo1,eBird/Clements 2025,Q2742607,2484711,DD4ABC0083AFA70D,,,high,yes,Dicaeum retrocinctum Gould (Philippines) = Scarlet-collared Flowerpecker: the two males with the scarlet hind-collar.,engraved caption; Gould's text; Kansas catalogue; the plate
II,36,"lowest, no collar",Red-collared Diceum,Diceum retrocinctum,Dicaeum australe,Red-keeled Flowerpecker,resflo1,eBird/Clements 2025,Q517197,2484694,E611E5F132F6EC61,Dicaeum australe_Red-keeled Flowerpecker,,high,yes,"Gould's supposed female (Mindanao), white-throated and grey below with a red stripe down the belly, is the Red-keeled Flowerpecker (then D. papuense); Gould corrects himself in his text to II.37, after Sharpe and Salvadori.",engraved caption; Gould's text (and his text to II.37); Kansas catalogue; the plate
II,37,,Yellow-throated Diceum,Diceum dorsale,Dicaeum trigonostigma,Orange-bellied Flowerpecker,orbflo1,eBird/Clements 2025,Q785583,2484724,3E81AAE06D914E45,Dicaeum trigonostigma_Orange-bellied Flowerpecker,subspecies,high,yes,"Dicaeum dorsale Sharpe (Panay) = Dicaeum trigonostigma dorsale, a Philippine race of Orange-bellied Flowerpecker (eBird's Orange-breasted group): yellow throat, orange-red mantle.",engraved caption; Gould's text; Kansas catalogue; the plate
II,38,,Red-backed Dicaeum,Diceum cruentum,Dicaeum cruentatum,Scarlet-backed Flowerpecker,scbflo1,eBird/Clements 2025,Q590200,2484710,10016732CAB549E7,Dicaeum cruentatum_Scarlet-backed Flowerpecker,,high,yes,,List of Plates (vol. II); engraved caption on the leaf; the text leaf bound after the plate; Kansas catalogue; pinned in Featherframe (gould_asia.yaml)
II,39,,Pryer's Dicaeum,Diceum Pryeri,Dicaeum cruentatum,Scarlet-backed Flowerpecker,scbflo1,eBird/Clements 2025,Q590200,2484710,10016732CAB549E7,Dicaeum cruentatum_Scarlet-backed Flowerpecker,subspecies,high,yes,Dicaeum pryeri Sharpe (Sandakan) = Scarlet-backed Flowerpecker: red crown and back on all three figures. Sharpe himself (Cat. Birds Brit. Mus. x: 18) made it an extreme black-throated form of the Bornean race nigrimentum.,"engraved caption; Gould's text; Sharpe, Cat. Birds Brit. Mus. x (1885); Kansas catalogue; the plate"
II,40,,Fire-breasted Myzanthe,Myzanthe ignipectus,Dicaeum ignipectus,Fire-breasted Flowerpecker,fibflo1,eBird/Clements 2025,Q1441623,2484701,,Dicaeum ignipectus_Fire-breasted Flowerpecker,,high,yes,,List of Plates (vol. II); engraved caption on the leaf; the text leaf bound after the plate; Kansas catalogue; pinned in Featherframe (gould_asia.yaml)
II,41,,Legge's Flower-pecker,Prionochilus vincens,Pachyglossa vincens,White-throated Flowerpecker,whtflo1,eBird/Clements 2025,Q3026821,2484688,6D7110408CCB6BAF,,,high,yes,"Prionochilus vincens Sclater (Ceylon) = Pachyglossa vincens, White-throated (Legge's) Flowerpecker; same species, now Pachyglossa.",engraved caption; Gould's text; Kansas catalogue; the plate
II,42,,Naga Nuthatch,Sitta nagaensis,Sitta nagaensis,Chestnut-vented Nuthatch,chvnut1,eBird/Clements 2025,Q902434,2484912,1296824860E592B9,Sitta nagaensis_Chestnut-vented Nuthatch,,high,yes,,List of Plates (vol. II); engraved caption on the leaf; the text leaf bound after the plate; Kansas catalogue; pinned in Featherframe (gould_asia.yaml)
II,43,,Beautiful Nuthatch,Sitta formosa,Sitta formosa,Beautiful Nuthatch,beanut1,eBird/Clements 2025,Q571035,2484903,9867D23DF05C1005,,,high,yes,Sitta formosa Blyth = Beautiful Nuthatch; same species.,engraved caption; Gould's text; Kansas catalogue; the plate
II,44,,Cinnamon-bellied Nuthatch,Sitta cinnamomeoventris,Sitta cinnamoventris,Chestnut-bellied Nuthatch,chbnut3,eBird/Clements 2025,Q995599,6100822,DB238042DC438941,Sitta cinnamoventris_Chestnut-bellied Nuthatch,,high,yes,,List of Plates (vol. II); engraved caption on the leaf; the text leaf bound after the plate; Kansas catalogue; pinned in Featherframe (gould_asia.yaml)
II,45,,Chestnut-bellied Nuthatch,Sitta castaneoventris,Sitta castanea,Indian Nuthatch,chbnut2,eBird/Clements 2025,Q6311458,2484887,434FA927FA521FEB,,,high,yes,"Sitta castaneoventris Franklin = Sitta castanea, Indian Nuthatch, which eBird splits from Chestnut-bellied: Gould's figures are small, slender-billed birds from Gorakhpur on the Gangetic plain, and he keeps the stout-billed S. cinnamoventris (II.44) apart.",engraved caption; Gould's text; Kansas catalogue; the plate
II,46,,White-faced Nuthatch,Sitta leucopsis,Sitta leucopsis,White-cheeked Nuthatch,whcnut1,eBird/Clements 2025,Q942817,2484889,49E0ABDBBB6BE896,,,high,yes,Sitta leucopsis Gould (NW Himalaya) = White-cheeked Nuthatch; same species.,engraved caption; Gould's text; Kansas catalogue; the plate
II,47,,Himalayan Nuthatch,Sitta Himalayensis,Sitta himalayensis,White-tailed Nuthatch,whtnut1,eBird/Clements 2025,Q942771,2484888,26FFF2384643A9E2,Sitta himalayensis_White-tailed Nuthatch,,high,yes,,List of Plates (vol. II); engraved caption on the leaf; the text leaf bound after the plate; Kansas catalogue; pinned in Featherframe (gould_asia.yaml)
II,48,,White-naped Tit,Parus venustulus,Periparus venustulus,Yellow-bellied Tit,yebtit4,eBird/Clements 2025,Q27075351,2487872,,Periparus venustulus_Yellow-bellied Tit,,high,yes,,List of Plates (vol. II); engraved caption on the leaf; the text leaf bound after the plate; Kansas catalogue; pinned in Featherframe (gould_asia.yaml)
II,49,,Chestnut-bellied Tit,Parus castaneoventris,Sittiparus castaneoventris,Chestnut-bellied Tit,vartit3,eBird/Clements 2025,Q21364384,9088838,,Sittiparus castaneoventris_Chestnut-bellied Tit,,high,yes,,List of Plates (vol. II); engraved caption on the leaf; the text leaf bound after the plate; Kansas catalogue; pinned in Featherframe (gould_asia.yaml)
II,50,,Elegant Tit,Parus elegans,Periparus elegans,Elegant Tit,eletit2,eBird/Clements 2025,Q22113728,2487869,,Periparus elegans_Elegant Tit,,high,yes,,List of Plates (vol. II); engraved caption on the leaf; the text leaf bound after the plate; Kansas catalogue; pinned in Featherframe (gould_asia.yaml)
II,51,,Sultan Tit,Melanochlora Sultanea,Melanochlora sultanea,Sultan Tit,sultit1,eBird/Clements 2025,Q2263439,2487922,2D6E3DBDF8C51A11,Melanochlora sultanea_Sultan Tit,,high,yes,,List of Plates (vol. II); engraved caption on the leaf; the text leaf bound after the plate; Kansas catalogue; pinned in Featherframe (gould_asia.yaml)
II,52,,Yellow-cheeked Tit,Parus xanthogenys,Machlolophus xanthogenys,Himalayan Black-lored Tit,blltit1,eBird/Clements 2025,Q27075362,7392027,885D762371CA664C,Machlolophus xanthogenys_Himalayan Black-lored Tit,,high,yes,,List of Plates (vol. II); engraved caption on the leaf; the text leaf bound after the plate; Kansas catalogue; pinned in Featherframe (gould_asia.yaml)
II,53,,Spotted Tit,Parus Spilonotus,Machlolophus spilonotus,Yellow-cheeked Tit,yectit1,eBird/Clements 2025,Q27075367,8317485,AEF498CA30D3E2EF,Machlolophus spilonotus_Yellow-cheeked Tit,,high,yes,,List of Plates (vol. II); engraved caption on the leaf; the text leaf bound after the plate; Kansas catalogue; pinned in Featherframe (gould_asia.yaml)
II,54,,Jerdon's Tit,Parus Jerdoni,Machlolophus aplonotus,Indian Yellow Tit,indtit1,eBird/Clements 2025,Q27075365,7341877,,Machlolophus aplonotus_Indian Yellow Tit,,high,yes,"Parus jerdoni Blyth, which Gould places in the Peninsula of India (Bombay to Cape Comorin, the Nilgiris), is a synonym of the Indian Yellow Tit, M. aplonotus, now split from the Himalayan Black-lored Tit; the survey kept the Himalayan species.",List of Plates; engraved caption; Gould's text; Kansas catalogue; the plate; Wikispecies synonymy
II,55,,Ash-coloured Tit,Parus cinereus,Parus cinereus,Asian Tit,cintit13,eBird/Clements 2025,Q973837,6101070,,Parus cinereus_Cinereous Tit,,high,yes,,List of Plates (vol. II); engraved caption on the leaf; the text leaf bound after the plate; Kansas catalogue; pinned in Featherframe (gould_asia.yaml)
II,56,,Chinese Tit,Parus minor,Parus cinereus,Asian Tit,cintit13,eBird/Clements 2025,Q973837,6101070,,Parus minor_Japanese Tit,,high,yes,"eBird 2025 lumps the Japanese Tit into Asian Tit, Parus cinereus",List of Plates (vol. II); engraved caption on the leaf; the text leaf bound after the plate; Kansas catalogue; pinned in Featherframe (gould_asia.yaml)
II,57,,Mountain-Tit,Parus monticolus,Parus monticolus,Green-backed Tit,grbtit1,eBird/Clements 2025,Q500024,2487935,4E1C5625FB7716EE,Parus monticolus_Green-backed Tit,,high,yes,,List of Plates (vol. II); engraved caption on the leaf; the text leaf bound after the plate; Kansas catalogue; pinned in Featherframe (gould_asia.yaml)
II,58,,Grey Tit,Parus dichrous,Lophophanes dichrous,Gray-crested Tit,gyctit1,eBird/Clements 2025,Q2665643,2487882,854917137F8DCFBA,Lophophanes dichrous_Gray-crested Tit,,high,yes,,List of Plates (vol. II); engraved caption on the leaf; the text leaf bound after the plate; Kansas catalogue; pinned in Featherframe (gould_asia.yaml)
II,59,,Rufous-bellied Tit,Parus rubidiventris,Periparus rubidiventris,Rufous-vented Tit,ruvtit2,eBird/Clements 2025,Q27075349,2487870,D556729682D8CCC6,Periparus rubidiventris_Rufous-vented Tit,,high,yes,,List of Plates (vol. II); engraved caption on the leaf; the text leaf bound after the plate; Kansas catalogue; pinned in Featherframe (gould_asia.yaml)
II,60,,Rufous-naped Tit,Parus rufonuchalis,Periparus rufonuchalis,Rufous-naped Tit,bkbtit2,eBird/Clements 2025,Q839135,2487868,59DFB1CCCEBE577E,Periparus rufonuchalis_Rufous-naped Tit,,high,yes,,List of Plates (vol. II); engraved caption on the leaf; the text leaf bound after the plate; Kansas catalogue; pinned in Featherframe (gould_asia.yaml)
II,61,,Black-crested Tit,Parus melanolophus,Periparus ater,Coal Tit,coatit2,eBird/Clements 2025,Q191096,2487871,166CD4402D4A416B,Periparus ater_Coal Tit,subspecies,high,yes,"Parus melanolophus Vigors (Simla, the W Himalaya) is the Spot-winged Tit, which eBird 2025 keeps in Coal Tit as P. a. melanolophus, 'Coal Tit (Black-crested)'.",List of Plates (vol. II); engraved caption on the leaf; the text leaf bound after the plate; Kansas catalogue; the plate
II,62,,Yarkand Tit,Leptopoecile Sophiae,Leptopoecile sophiae,White-browed Tit-Warbler,wbtwar1,eBird/Clements 2025,Q1590939,2493436,FCAE5D9CCDEB211D,Leptopoecile sophiae_White-browed Tit-Warbler,,high,yes,,List of Plates (vol. II); engraved caption on the leaf; the text leaf bound after the plate; Kansas catalogue; pinned in Featherframe (gould_asia.yaml)
II,63,,Exile Tit,Psaltria exilis,Aegithalos exilis,Pygmy Tit,pygtit1,eBird/Clements 2025,Q62266774,5231716,,,,high,yes,"Psaltria exilis Temm. (Java) = Aegithalos exilis, Pygmy Tit; same species, now Aegithalos.",engraved caption; Gould's text; Kansas catalogue; the plate
II,64,,Red-headed Tit,Psaltria erythrocephala,Aegithalos concinnus,Black-throated Tit,blttit2,eBird/Clements 2025,Q1089092,2494998,DBA25D69F02DFB52,Aegithalos concinnus_Black-throated Tit,subspecies,high,yes,"Parus erythrocephalus Vigors, the rufous-capped bushtit of the Himalaya, is Aegithalos concinnus iredalei, a race of Black-throated Tit (eBird group Red-headed).",List of Plates; engraved caption; Gould's text; Kansas catalogue
II,65,,Elegant Tit,Psaltria concinna,Aegithalos concinnus,Black-throated Tit,blttit2,eBird/Clements 2025,Q1089092,2494998,DBA25D69F02DFB52,Aegithalos concinnus_Black-throated Tit,,high,yes,,List of Plates (vol. II); engraved caption on the leaf; the text leaf bound after the plate; Kansas catalogue; pinned in Featherframe (gould_asia.yaml)
II,66,,Afghan Tit,Psaltria leucogenys,Aegithalos leucogenys,White-cheeked Tit,whctit1,eBird/Clements 2025,Q1591197,2495003,,,,high,yes,"Parus leucogenys Moore (Afghanistan) = Aegithalos leucogenys, White-cheeked Tit; same species.",engraved caption; Gould's text; Kansas catalogue; the plate
II,67,,White-throated Tit,Acanthiparus niveogularis,Aegithalos niveogularis,White-throated Tit,whttit1,eBird/Clements 2025,Q1589516,2495001,,Aegithalos niveogularis_White-throated Tit,,high,yes,,List of Plates (vol. II); engraved caption on the leaf; the text leaf bound after the plate; Kansas catalogue; pinned in Featherframe (gould_asia.yaml)
II,68,,Chestnut-breasted Tit,Acanthiparus Jouschistos,Aegithalos iouschistos,Black-browed Tit,bkbtit3,eBird/Clements 2025,Q1590485,2494999,,Aegithalos iouschistos_Black-browed Tit,,high,yes,,List of Plates (vol. II); engraved caption on the leaf; the text leaf bound after the plate; Kansas catalogue; pinned in Featherframe (gould_asia.yaml)
II,69,,Silvery-throated Tit,Mecistura glaucogularis,Aegithalos glaucogularis,Silver-throated Tit,lottit5,eBird/Clements 2025,Q12252815,5844992,,Aegithalos glaucogularis_Silver-throated Tit,,high,yes,,List of Plates (vol. II); engraved caption on the leaf; the text leaf bound after the plate; Kansas catalogue; pinned in Featherframe (gould_asia.yaml)
II,70,,Chinese Penduline Tit,Aigithalus consobrinus,Remiz consobrinus,Chinese Penduline-Tit,chptit1,eBird/Clements 2025,Q2225265,2487384,6D6870E3B0027B45,Remiz consobrinus_Chinese Penduline-Tit,,high,yes,,List of Plates (vol. II); engraved caption on the leaf; the text leaf bound after the plate; Kansas catalogue; pinned in Featherframe (gould_asia.yaml)
II,71,,Flame-fronted Flower-pecker,Aigithalus flammiceps,Cephalopyrus flammiceps,Fire-capped Tit,fictit1,eBird/Clements 2025,Q1588513,2487395,,,,high,yes,"Aegithalus flammiceps Burton = Cephalopyrus flammiceps, Fire-capped Tit; same species, now its own genus.",engraved caption; Gould's text; Kansas catalogue; the plate
II,72,,Philippine Oriole,Oriolus chinensis,Oriolus chinensis,Black-naped Oriole,blnori1,eBird/Clements 2025,Q74092,2488962,CC216A71A3F24E79,Oriolus chinensis_Black-naped Oriole,,high,yes,,List of Plates (vol. II); engraved caption on the leaf; the text leaf bound after the plate; Kansas catalogue; pinned in Featherframe (gould_asia.yaml)
II,73,,Broderip's Oriole,Oriolus Broderipi,Oriolus chinensis,Black-naped Oriole,blnori1,eBird/Clements 2025,Q74092,2488962,CC216A71A3F24E79,Oriolus chinensis_Black-naped Oriole,subspecies,high,yes,"Oriolus broderipi Bonaparte (Lesser Sundas) = Oriolus chinensis broderipi, the Tenggara race of Black-naped Oriole.",engraved caption; Gould's text; Kansas catalogue; the plate
II,74,,Maroon Oriole,Psaropholus Trailli,Oriolus traillii,Maroon Oriole,marori2,eBird/Clements 2025,Q2719196,2488953,11093B09D12A2921,Oriolus traillii_Maroon Oriole,,high,yes,,List of Plates (vol. II); engraved caption on the leaf; the text leaf bound after the plate; Kansas catalogue; pinned in Featherframe (gould_asia.yaml)
II,75,,Red Oriole,Psaropholus ardens,Oriolus traillii,Maroon Oriole,marori2,eBird/Clements 2025,Q2719196,2488953,11093B09D12A2921,,subspecies,high,yes,"form: Oriolus traillii ardens, the Taiwan Maroon Oriole (KU)",List of Plates (vol. II); engraved caption on the leaf; the text leaf bound after the plate; Kansas catalogue
III,1,,Clouded Thrush,Turdus fuscatus,Turdus eunomus,Dusky Thrush,dusthr2,eBird/Clements 2025,Q1591651,4408789,E3B6927817B7ABB4,Turdus eunomus_Dusky Thrush,,high,yes,,List of Plates (vol. III); engraved caption on the leaf; the text leaf bound after the plate; Kansas catalogue; pinned in Featherframe (gould_asia.yaml)
III,2,,Red-throated Thrush,Turdus ruficollis,Turdus ruficollis,Red-throated Thrush,retthr1,eBird/Clements 2025,Q220985,2490740,77B6BACB4F619FBB,Turdus ruficollis_Red-throated Thrush,,high,yes,,List of Plates (vol. III); engraved caption on the leaf; the text leaf bound after the plate; Kansas catalogue; pinned in Featherframe (gould_asia.yaml)
III,3,,Gould's Thrush,Turdus Gouldi,Turdus rubrocanus,Chestnut Thrush,chethr1,eBird/Clements 2025,Q2672643,2490750,82351263DEDB768A,Turdus rubrocanus_Chestnut Thrush,subspecies,high,yes,"Merula gouldii Verreaux (Moupin) = Turdus rubrocanus gouldii, the gray-headed race of Chestnut Thrush.",engraved caption; Gould's text; Kansas catalogue; the plate
III,4,,Affghan Thrush,Merula unicolor,Turdus unicolor,Tickell's Thrush,ticthr1,eBird/Clements 2025,Q1585735,2490788,F4692C3B28EF7A78,Turdus unicolor_Tickell's Thrush,,high,yes,,List of Plates (vol. III); engraved caption on the leaf; the text leaf bound after the plate; Kansas catalogue; pinned in Featherframe (gould_asia.yaml)
III,5,,Chestnut-coloured Merula,Merula castanea,Turdus rubrocanus,Chestnut Thrush,chethr1,eBird/Clements 2025,Q2672643,2490750,82351263DEDB768A,Turdus rubrocanus_Chestnut Thrush,,high,yes,"Merula castanea Gould (1835), from the Himalaya, is the Chestnut Thrush that Hodgson later named Turdus rubrocanus; the grey head and pale collar are the nominate's, so no form.",List of Plates; engraved caption; Gould's text; Kansas catalogue
III,6,,White-collared Merula,Merula albocincta,Turdus albocinctus,White-collared Blackbird,whcbla1,eBird/Clements 2025,Q1062434,2490761,,Turdus albocinctus_White-collared Blackbird,,high,yes,,List of Plates (vol. III); engraved caption on the leaf; the text leaf bound after the plate; Kansas catalogue; pinned in Featherframe (gould_asia.yaml)
III,7,,Grey-winged Merula,Merula Boulboul,Turdus boulboul,Gray-winged Blackbird,gywbla1,eBird/Clements 2025,Q773961,2490772,06DEFA6B6C185D7C,Turdus boulboul_Gray-winged Blackbird,,high,yes,,List of Plates (vol. III); engraved caption on the leaf; the text leaf bound after the plate; Kansas catalogue; pinned in Featherframe (gould_asia.yaml)
III,8,,Chestnut-bellied Rock-Thrush,Petrocincla erythrogastra,Monticola rufiventris,Chestnut-bellied Rock-Thrush,cbrthr1,eBird/Clements 2025,Q1080355,5231003,7305993C2F4D9A13,Monticola rufiventris_Chestnut-bellied Rock-Thrush,,high,yes,,List of Plates (vol. III); engraved caption on the leaf; the text leaf bound after the plate; Kansas catalogue; pinned in Featherframe (gould_asia.yaml)
III,9,,Crested Spizixos,Spizixos canifrons,Spizixos canifrons,Crested Finchbill,crefin1,eBird/Clements 2025,Q2927921,2486221,,Spizixos canifrons_Crested Finchbill,,high,yes,,List of Plates (vol. III); engraved caption on the leaf; the text leaf bound after the plate; Kansas catalogue; pinned in Featherframe (gould_asia.yaml)
III,10,,Chinese Spizixos,Spizixos semitorques,Spizixos semitorques,Collared Finchbill,colfin1,eBird/Clements 2025,Q591461,2486222,,Spizixos semitorques_Collared Finchbill,,high,yes,,List of Plates (vol. III); engraved caption on the leaf; the text leaf bound after the plate; Kansas catalogue; pinned in Featherframe (gould_asia.yaml)
III,11,,Chinese Bulbul,Ixus sinensis,Pycnonotus sinensis,Light-vented Bulbul,livbul1,eBird/Clements 2025,Q1061015,2486150,,Pycnonotus sinensis_Light-vented Bulbul,,high,yes,,List of Plates (vol. III); engraved caption on the leaf; the text leaf bound after the plate; Kansas catalogue; pinned in Featherframe (gould_asia.yaml)
III,12,,Formosan Hypsipetes,Hypsipetes nigerrima,Hypsipetes leucocephalus,Black Bulbul,blabul1,eBird/Clements 2025,Q998240,5230300,B76214D7073F03CC,Hypsipetes leucocephalus_Black Bulbul,subspecies,high,yes,"Hypsipetes nigerrima Gould, from Swinhoe's Formosa birds, is H. leucocephalus nigerrimus, the Taiwan race of Black Bulbul; the plate shows the black bird with red bill and legs.",List of Plates; engraved caption; Gould's text; Kansas catalogue; the plate
III,13,,Javanese Phyllornis,Phyllornis Javensis,Chloropsis sonnerati,Greater Green Leafbird,grglea1,eBird/Clements 2025,Q795519,5230730,,Chloropsis sonnerati_Greater Green Leafbird,,high,yes,"Phyllornis javensis (Horsfield) = Chloropsis sonnerati, Greater Green Leafbird: Gould's synonymy holds sonneratii and zosterops; black-throated male with no yellow border, and a yellow-throated bird with a yellow eye-ring.",engraved caption; Gould's text; Kansas catalogue; the plate
III,14,,Hardwick's Phyllornis,Phyllornis Hardwicki,Chloropsis hardwickii,Orange-bellied Leafbird,orblea1,eBird/Clements 2025,Q776547,5230728,A42A16D2EEC9C3B7,Chloropsis hardwickii_Orange-bellied Leafbird,,high,yes,,List of Plates (vol. III); engraved caption on the leaf; the text leaf bound after the plate; Kansas catalogue; pinned in Featherframe (gould_asia.yaml)
III,15,,Hodgson's Phyllornis,Phyllornis Hodgsoni,Chloropsis aurifrons,Golden-fronted Leafbird,goflea1,eBird/Clements 2025,Q199963,5230726,,Chloropsis aurifrons_Golden-fronted Leafbird,,high,yes,"Gould's Phyllornis hodgsoni (Latham's Hurryba, Blyth's aurifrons; Upper India) = Chloropsis aurifrons, Golden-fronted Leafbird: orange forehead, blue chin, black gorget bordered yellow, green belly. Gould figures the Orange-bellied Leafbird separately as P. hardwickii (III.14).",engraved caption; Gould's text; Kansas catalogue; the plate
III,16,,Malabar Phyllornis,Phyllornis Malabaricus,Chloropsis aurifrons,Golden-fronted Leafbird,goflea1,eBird/Clements 2025,Q199963,5230726,,,subspecies,judged,yes,form of the Golden-fronted Leafbird (KU),List of Plates (vol. III); engraved caption on the leaf; the text leaf bound after the plate; Kansas catalogue
III,17,,Jerdon's Phyllornis,Phyllornis Jerdoni,Chloropsis jerdoni,Jerdon's Leafbird,jerlea1,eBird/Clements 2025,Q3785540,5789032,,Chloropsis jerdoni_Jerdon's Leafbird,,high,yes,,List of Plates (vol. III); engraved caption on the leaf; the text leaf bound after the plate; Kansas catalogue; pinned in Featherframe (gould_asia.yaml)
III,18,,All-green Phyllornis,Phyllornis cyanopogon,Chloropsis cyanopogon,Lesser Green Leafbird,leglea1,eBird/Clements 2025,Q1123850,5230729,,Chloropsis cyanopogon_Lesser Green Leafbird,,high,yes,,List of Plates (vol. III); engraved caption on the leaf; the text leaf bound after the plate; Kansas catalogue; pinned in Featherframe (gould_asia.yaml)
III,19,,Malayan Fairy Bluebird,Irena cyanea,Irena puella,Asian Fairy-bluebird,asfblu1,eBird/Clements 2025,Q605846,2488929,BFC86948F8D0041E,Irena puella_Asian Fairy-bluebird,subspecies,high,yes,Muscicapa cyanea Begbie (Malay Peninsula; Moore's malayensis) = the Malayan race of Asian Fairy-bluebird.,engraved caption; Gould's text; Kansas catalogue; the plate
III,20,,Bornean Fairy Bluebird,Irena criniger,Irena puella,Asian Fairy-bluebird,asfblu1,eBird/Clements 2025,Q605846,2488929,BFC86948F8D0041E,Irena puella_Asian Fairy-bluebird,subspecies,high,yes,"Irena criniger Sharpe (Borneo, Sumatra) = Irena puella crinigera, a race of Asian Fairy-bluebird.",engraved caption; Gould's text; Kansas catalogue; the plate
III,21,,Indian Fairy Bluebird,Irena puella,Irena puella,Asian Fairy-bluebird,asfblu1,eBird/Clements 2025,Q605846,2488929,BFC86948F8D0041E,Irena puella_Asian Fairy-bluebird,,high,yes,,List of Plates (vol. III); engraved caption on the leaf; the text leaf bound after the plate; Kansas catalogue; pinned in Featherframe (gould_asia.yaml)
III,22,,Blue-mantled Fairy Bluebird,Irena cyanogastra,Irena cyanogastra,Philippine Fairy-bluebird,phifab1,eBird/Clements 2025,Q941754,7342085,D27C14EE27FA2675,Irena cyanogastra_Philippine Fairy-bluebird,,high,yes,,List of Plates (vol. III); engraved caption on the leaf; the text leaf bound after the plate; Kansas catalogue; pinned in Featherframe (gould_asia.yaml)
III,23,,Black-mantled Fairy Bluebird,Irena melanochlamys,Irena cyanogastra,Philippine Fairy-bluebird,phifab1,eBird/Clements 2025,Q941754,7342085,D27C14EE27FA2675,Irena cyanogastra_Philippine Fairy-bluebird,subspecies,high,yes,"Irena melanochlamys Sharpe (Basilan) = Irena cyanogastra melanochlamys, the black-mantled race of Philippine Fairy-bluebird.",engraved caption; Gould's text; Kansas catalogue; the plate
III,24,,Dial Bird,Copsychus saularis,Copsychus saularis,Oriental Magpie-Robin,magrob,eBird/Clements 2025,Q266761,2492680,D112C938D2650926,Copsychus saularis_Oriental Magpie-Robin,,high,yes,,List of Plates (vol. III); engraved caption on the leaf; the text leaf bound after the plate; Kansas catalogue; pinned in Featherframe (gould_asia.yaml)
III,25,,Malaccan Dial Bird,Copsychus Mindanensis,Copsychus mindanensis,Philippine Magpie-Robin,phimar1,eBird/Clements 2025,Q2511716,6092661,24D2DF19,Copsychus mindanensis_Philippine Magpie-Robin,,high,yes,,List of Plates (vol. III); engraved caption on the leaf; the text leaf bound after the plate; Kansas catalogue; pinned in Featherframe (gould_asia.yaml)
III,26,,Chestnut-bellied Dial Bird,Copsychus suavis,Copsychus malabaricus,White-rumped Shama,whrsha,eBird/Clements 2025,Q27075635,2492675,0E5168F9,Copsychus malabaricus_White-rumped Shama,subspecies,high,yes,"Copsychus suavis Sclater, from Banjarmasin in S Borneo, black-headed with white rump and chestnut belly, is C. malabaricus suavis, a Bornean race of White-rumped Shama (not the white-crowned stricklandii).",List of Plates; engraved caption; Gould's text; Kansas catalogue
III,27,,Bligh's Whistling Thrush,Myiophoneus Blighi,Myophonus blighi,Sri Lanka Whistling-Thrush,ceywht1,eBird/Clements 2025,Q605496,5789040,F7B59EF70474112B,,,high,yes,"Arrenga blighi Holdsworth = Myophonus blighi, Sri Lanka Whistling-Thrush; male and brown female.",engraved caption; Gould's text; Kansas catalogue; the plate
III,28,,Formosan Whistling Thrush,Myiophoneus insularis,Myophonus insularis,Taiwan Whistling-Thrush,fowthr1,eBird/Clements 2025,Q386368,5733816,5420A5B74119A2B8,Myophonus insularis_Taiwan Whistling-Thrush,,high,yes,,List of Plates (vol. III); engraved caption on the leaf; the text leaf bound after the plate; Kansas catalogue; pinned in Featherframe (gould_asia.yaml)
III,29,,White-bellied Callene,Callene albiventris,Sholicola albiventris,White-bellied Sholakili,whbsho3,eBird/Clements 2025,Q61995467,5788900,76F3C88519C4B684,Sholicola albiventris_White-bellied Sholakili,,high,yes,,List of Plates (vol. III); engraved caption on the leaf; the text leaf bound after the plate; Kansas catalogue; pinned in Featherframe (gould_asia.yaml)
III,30,,Slender-billed Chat-Thrush,Leioptila annectens,Leioptila annectens,Rufous-backed Sibia,rubsib1,eBird/Clements 2025,Q28843600,6101113,,Leioptila annectens_Rufous-backed Sibia,,high,yes,,List of Plates (vol. III); engraved caption on the leaf; the text leaf bound after the plate; Kansas catalogue; pinned in Featherframe (gould_asia.yaml)
III,31,,Himalayan Conostoma,Conostoma emodium,Paradoxornis aemodius,Great Parrotbill,grepar1,eBird/Clements 2025,Q110257527,5844573,D1065C8CFA213116,Conostoma aemodium_Great Parrotbill,,high,yes,,List of Plates (vol. III); engraved caption on the leaf; the text leaf bound after the plate; Kansas catalogue; pinned in Featherframe (gould_asia.yaml)
III,32,,Black-and-white Sibia,Sibia melanoleuca,Heterophasia melanoleuca,Black-backed Sibia,blbsib1,eBird/Clements 2025,Q3314721,2493393,2B9C44680E62601D,Heterophasia melanoleuca_Black-backed Sibia,,high,yes,,List of Plates (vol. III); engraved caption on the leaf; the text leaf bound after the plate; Kansas catalogue; pinned in Featherframe (gould_asia.yaml)
III,33,,Red-kneed Pomatorhinus,Pomatorhinus erythrocnemis,Erythrogenys erythrocnemis,Black-necklaced Scimitar-Babbler,sbsbab2,eBird/Clements 2025,Q28871463,10692161,6D1FD3C6B354A0B4,Erythrogenys erythrocnemis_Black-necklaced Scimitar-Babbler,,high,yes,,List of Plates (vol. III); engraved caption on the leaf; the text leaf bound after the plate; Kansas catalogue; pinned in Featherframe (gould_asia.yaml)
III,34,,Scimitar-bill,Xiphoramphus superciliaris,Pomatorhinus superciliaris,Slender-billed Scimitar-Babbler,sbsbab1,eBird/Clements 2025,Q27075512,6100829,F2705CFEB4F5FEC2,Pomatorhinus superciliaris_Slender-billed Scimitar-Babbler,,high,yes,,List of Plates (vol. III); engraved caption on the leaf; the text leaf bound after the plate; Kansas catalogue; pinned in Featherframe (gould_asia.yaml)
III,35,,Crimson-winged Trochalopteron,Trochalopteron phoeniceum,Liocichla phoenicea,Red-faced Liocichla,reflio2,eBird/Clements 2025,Q1585772,2493328,132559A3EFE3500F,Liocichla phoenicea_Red-faced Liocichla,,high,yes,"Ianthocincla phoenicea Gould = Liocichla phoenicea, Red-faced Liocichla; same species, now Liocichla.",engraved caption; Gould's text; Kansas catalogue; the plate
III,36,,Beautiful Trochalopteron,Trochalopteron formosum,Trochalopteron formosum,Red-winged Laughingthrush,rewlau1,eBird/Clements 2025,Q27075543,6101130,2C87AFACCFC02D67,,,high,yes,Trochalopteron formosum Verreaux (Moupin) = Red-winged Laughingthrush; same species.,engraved caption; Gould's text; Kansas catalogue; the plate
III,37,,Allied Thrush,Trochalopteron affine,Trochalopteron affine,Black-faced Laughingthrush,blflau1,eBird/Clements 2025,Q27075531,6101119,06A0BB289082E452,Trochalopteron affine_Black-faced Laughingthrush,,high,yes,,List of Plates (vol. III); engraved caption on the leaf; the text leaf bound after the plate; Kansas catalogue; pinned in Featherframe (gould_asia.yaml)
III,38,,Variegated Thrush,Trochalopteron variegatum,Trochalopteron variegatum,Variegated Laughingthrush,varlau1,eBird/Clements 2025,Q27075533,6101135,9779E4D31E16D201,Trochalopteron variegatum_Variegated Laughingthrush,,high,yes,,List of Plates (vol. III); engraved caption on the leaf; the text leaf bound after the plate; Kansas catalogue; pinned in Featherframe (gould_asia.yaml)
III,39,,Cinereous Trochalopteron,Trochalopteron cineraceum,Ianthocincla cineracea,Moustached Laughingthrush,moulau1,eBird/Clements 2025,Q62090214,2493441,01F5F4C6ADD330A5,,,high,yes,"Trochalopteron cineraceum Godwin-Austen (Naga Hills) = Ianthocincla cineracea, Moustached Laughingthrush; same species.",engraved caption; Gould's text; Kansas catalogue; the plate
III,40,,White-eyebrowed Trochalopteron,Trochalopteron virgatum,Trochalopteron virgatum,Striped Laughingthrush,strlau3,eBird/Clements 2025,Q12268216,6101132,5046CFCA6CF6CF35,Trochalopteron virgatum_Striped Laughingthrush,,high,yes,,List of Plates (vol. III); engraved caption on the leaf; the text leaf bound after the plate; Kansas catalogue; pinned in Featherframe (gould_asia.yaml)
III,41,,Blyth's Laughing Thrush,Trochalopteron Blythii,Trochalopteron affine,Black-faced Laughingthrush,blflau1,eBird/Clements 2025,Q27075531,6101119,06A0BB289082E452,Trochalopteron affine_Black-faced Laughingthrush,subspecies,high,yes,"Trochalopteron blythii Verreaux (Moupin) = Trochalopteron affine blythii, a Chinese race of Black-faced Laughingthrush; Gould calls it the Chinese representative of T. affine.",engraved caption; Gould's text; Kansas catalogue; the plate
III,42,,Elliot's Trochalopteron,Trochalopteron Elliotii,Trochalopteron elliotii,Elliot's Laughingthrush,elllau1,eBird/Clements 2025,Q27075528,6101126,9CBD5A5C117DE093,Trochalopteron elliotii_Elliot's Laughingthrush,,high,yes,,List of Plates (vol. III); engraved caption on the leaf; the text leaf bound after the plate; Kansas catalogue; pinned in Featherframe (gould_asia.yaml)
III,43,,Tickell's Laughing Thrush,Trochalopteron melanostigma,Trochalopteron melanostigma,Silver-eared Laughingthrush,sielau1,eBird/Clements 2025,Q12268214,6101136,B0EA6012E87CB51D,Trochalopteron melanostigma_Silver-eared Laughingthrush,,high,yes,,List of Plates (vol. III); engraved caption on the leaf; the text leaf bound after the plate; Kansas catalogue; pinned in Featherframe (gould_asia.yaml)
III,44,,Ocellated Ianthocincla,Ianthocincla ocellata,Ianthocincla ocellata,Spotted Laughingthrush,spolau1,eBird/Clements 2025,Q40655658,7518675,7A44AD5A992590A2,Ianthocincla ocellata_Spotted Laughingthrush,,high,yes,,List of Plates (vol. III); engraved caption on the leaf; the text leaf bound after the plate; Kansas catalogue; pinned in Featherframe (gould_asia.yaml)
III,45,,Allied Ianthocincla,Ianthocincla Artemisiae,Ianthocincla ocellata,Spotted Laughingthrush,spolau1,eBird/Clements 2025,Q40655658,7518675,7A44AD5A992590A2,Ianthocincla ocellata_Spotted Laughingthrush,subspecies,high,yes,"Cinclosoma artemisiae David = Ianthocincla ocellata artemisiae, the black-headed race of Spotted Laughingthrush; Gould compares it with I. ocellata (III.44).",engraved caption; Gould's text; Kansas catalogue; the plate
III,46,,Lunulated Ianthocincla,Ianthocincla lunulata,Ianthocincla lunulata,Barred Laughingthrush,barlau1,eBird/Clements 2025,Q62090172,7527815,82C19E11D02B25A1,,,high,yes,Ianthocincla lunulata Verreaux (Moupin) = Barred Laughingthrush; same species.,engraved caption; Gould's text; Kansas catalogue; the plate
III,47,,Austen's Ianthocincla,Ianthocincla Austeni,Trochalopteron austeni,Brown-capped Laughingthrush,brclau1,eBird/Clements 2025,Q27075523,6101118,93675AD53062D6BE,,,high,yes,"Trochalopteron austeni Jerdon = Brown-capped Laughingthrush; same species, back in Trochalopteron.",engraved caption; Gould's text; Kansas catalogue; the plate
III,48,,Delessert's Garrulax,Garrulax Delesserti,Pterorhinus delesserti,Wayanad Laughingthrush,wynlau1,eBird/Clements 2025,Q62080177,11062506,96A465BE086638BE,Pterorhinus delesserti_Wayanad Laughingthrush,,high,yes,,List of Plates (vol. III); engraved caption on the leaf; the text leaf bound after the plate; Kansas catalogue; pinned in Featherframe (gould_asia.yaml)
III,49,,Yellow-throated Garrulax,Garrulax gularis,Pterorhinus gularis,Rufous-vented Laughingthrush,ruvlau1,eBird/Clements 2025,Q62080133,2493471,,,,high,yes,"Ianthocincla gularis McClelland (Assam) = Pterorhinus gularis, Rufous-vented Laughingthrush: grey crown, yellow throat.",engraved caption; Gould's text; Kansas catalogue; the plate
III,50,,Red-crowned Garrulax,Garrulax ruficeps,Pterorhinus albogularis,White-throated Laughingthrush,whtlau1,eBird/Clements 2025,Q62080274,2493453,D5C979A6F21AE16C,Pterorhinus albogularis_White-throated Laughingthrush,subspecies,high,yes,"Garrulax ruficeps Gould (Taiwan) = Pterorhinus albogularis ruficeps, the rufous-crowned Taiwan race of White-throated Laughingthrush; eBird 2025 does not split it.",engraved caption; Gould's text; Kansas catalogue; the plate
III,51,,Black-and-yellow-billed Garrulax,Garrulax poecilorhyncha,Pterorhinus poecilorhynchus,Rusty Laughingthrush,ruslau1,eBird/Clements 2025,Q62081211,9842437,799CD8D0D06B90EE,Pterorhinus poecilorhynchus_Rusty Laughingthrush,,high,yes,,List of Plates (vol. III); engraved caption on the leaf; the text leaf bound after the plate; Kansas catalogue; pinned in Featherframe (gould_asia.yaml)
III,52,,Black-chinned Garrulax,Garrulax galbanus,Pterorhinus galbanus,Yellow-throated Laughingthrush,yetlau1,eBird/Clements 2025,Q62079927,2493478,,,,high,yes,"Garrulax galbanus Godwin-Austen (Manipur) = Pterorhinus galbanus, Yellow-throated Laughingthrush: black mask, yellow underparts.",engraved caption; Gould's text; Kansas catalogue; the plate
III,53,,Grey-banded Laughing Thrush,Garrulax picticollis,Pterorhinus pectoralis,Greater Necklaced Laughingthrush,gnlthr,eBird/Clements 2025,Q62080761,2493462,75BA8D16ADB28540,,subspecies,high,yes,"form: Garrulax pectoralis picticollis (KU), not the Lesser Necklaced",List of Plates (vol. III); engraved caption on the leaf; the text leaf bound after the plate; Kansas catalogue
III,54,,Chinese Garrulax,Garrulax chinensis,Pterorhinus chinensis,Black-throated Laughingthrush,bltlau1,eBird/Clements 2025,Q62076441,10387816,48A456CC08BF8AAA,Pterorhinus chinensis_Black-throated Laughingthrush,,high,yes,,List of Plates (vol. III); engraved caption on the leaf; the text leaf bound after the plate; Kansas catalogue; pinned in Featherframe (gould_asia.yaml)
III,55,,Pere David's Pterorhinus,Pterorhinus Davidi,Pterorhinus davidi,Pere David's Laughingthrush,pedlau1,eBird/Clements 2025,Q62080657,10329905,ECB9A862110A8141,Pterorhinus davidi_Pere David's Laughingthrush,,high,yes,,List of Plates (vol. III); engraved caption on the leaf; the text leaf bound after the plate; Kansas catalogue; pinned in Featherframe (gould_asia.yaml)
III,56,,Egerton's Actinodura,Actinodura Egertoni,Actinodura egertoni,Rusty-fronted Barwing,rufbar1,eBird/Clements 2025,Q2668197,2493109,34B1C50CDF7D55FD,Actinodura egertoni_Rusty-fronted Barwing,,high,yes,,List of Plates (vol. III); engraved caption on the leaf; the text leaf bound after the plate; Kansas catalogue; pinned in Featherframe (gould_asia.yaml)
III,57,,Nepalese Actinodura,Actinodura Nipalensis,Actinodura nipalensis,Hoary-throated Barwing,hotbar1,eBird/Clements 2025,Q2668204,2493105,05F6BA7F21651EBB,Actinodura nipalensis_Hoary-throated Barwing,,high,yes,,List of Plates (vol. III); engraved caption on the leaf; the text leaf bound after the plate; Kansas catalogue; pinned in Featherframe (gould_asia.yaml)
III,58,,Walden's Actinodura,Actinodura Waldeni,Actinodura waldeni,Streak-throated Barwing,sttbar1,eBird/Clements 2025,Q2668236,2493104,EE65C1461E5B8A84,Actinodura waldeni_Streak-throated Barwing,,high,yes,,List of Plates (vol. III); engraved caption on the leaf; the text leaf bound after the plate; Kansas catalogue; pinned in Featherframe (gould_asia.yaml)
III,59,,Ramsay's Bee-wing,Actinodura Ramsayi,Actinodura ramsayi,Spectacled Barwing,spebar1,eBird/Clements 2025,Q2668189,2493108,7D83C29B0D2D1D43,Actinodura ramsayi_Spectacled Barwing,,high,yes,,List of Plates (vol. III); engraved caption on the leaf; the text leaf bound after the plate; Kansas catalogue; pinned in Featherframe (gould_asia.yaml)
III,60,,Long-billed Wren,Rimator malacoptilus,Napothera malacoptila,Long-billed Wren-Babbler,lbwbab1,eBird/Clements 2025,Q49560542,8403351,9293E8A9D1ECE641,Napothera malacoptila_Long-billed Wren-Babbler,,high,yes,,List of Plates (vol. III); engraved caption on the leaf; the text leaf bound after the plate; Kansas catalogue; pinned in Featherframe (gould_asia.yaml)
III,61,,Stellated Shortwing,Drymochares stellatus,Heteroxenicus stellatus,Gould's Shortwing,gousho1,eBird/Clements 2025,Q27075661,6100893,5D15D78661A1BC70,,,high,yes,"Brachypteryx (Drymochares) stellatus Gould (Nepal) = Heteroxenicus stellatus, Gould's Shortwing; same species.",engraved caption; Gould's text; Kansas catalogue; the plate
III,62,,Roberts's Pygmy Babbler,Turdinulus Roberti,Napothera epilepidota,Eyebrowed Wren-Babbler,eywbab1,eBird/Clements 2025,Q2667873,5231400,F8F526E4CF394E70,Napothera epilepidota_Eyebrowed Wren-Babbler,subspecies,high,yes,"Turdinulus roberti (Godwin-Austen & Walden, Manipur) = Napothera epilepidota roberti, a race of Eyebrowed Wren-Babbler: buff eyebrow, scaly back, white-spotted wing.",engraved caption; Gould's text; Kansas catalogue; the plate
III,63,,Short-tailed Turdinus,Turdinus brevicaudatus,Gypsophila brevicaudata,Streaked Wren-Babbler,stwbab1,eBird/Clements 2025,Q110257288,5231401,472A5B9839C71AB0,Gypsophila brevicaudata_Streaked Wren-Babbler,,high,yes,"Turdinus brevicaudatus Blyth = Gypsophila brevicaudata, Streaked Wren-Babbler; same species, now Gypsophila.",engraved caption; Gould's text; Kansas catalogue; the plate
III,64,,White-naped Yuhina,Yuhina diademata,Parayuhina diademata,White-collared Yuhina,whcyuh1,eBird/Clements 2025,Q110257345,2493182,ED9A5BB0433CE361,,,high,yes,"Yuhina diademata Verreaux = Parayuhina diademata, White-collared Yuhina; same species, now Parayuhina.",engraved caption; Gould's text; Kansas catalogue; the plate
III,65,,Marsh Pellorneum,Pellorneum palustre,Pellorneum palustre,Marsh Babbler,marbab2,eBird/Clements 2025,Q2828918,2493254,,Pellorneum palustre_Marsh Babbler,,high,yes,,List of Plates (vol. III); engraved caption on the leaf; the text leaf bound after the plate; Kansas catalogue; pinned in Featherframe (gould_asia.yaml)
III,66,,Brown Alcippe,Alcippe brunnea,Schoeniparus brunneus,Dusky Fulvetta,dusful1,eBird/Clements 2025,Q1037608,7597544,22849F1D3FD7C1BC,Schoeniparus brunneus_Dusky Fulvetta,,high,yes,,List of Plates (vol. III); engraved caption on the leaf; the text leaf bound after the plate; Kansas catalogue; pinned in Featherframe (gould_asia.yaml)
III,67,,Nepaul Cutia,Cutia Nipalensis,Cutia nipalensis,Himalayan Cutia,cutia1,eBird/Clements 2025,Q1092863,5231396,D7F4C39A9812128C,Cutia nipalensis_Himalayan Cutia,,high,yes,,List of Plates (vol. III); engraved caption on the leaf; the text leaf bound after the plate; Kansas catalogue; pinned in Featherframe (gould_asia.yaml)
III,68,,Anderson's Suthora,Suthora brunnea,Suthora brunnea,Brown-winged Parrotbill,bnwpar2,eBird/Clements 2025,Q28867732,6100923,,,,high,yes,"Suthora brunnea Anderson (Yunnan) = Brown-winged Parrotbill: chestnut head, vinous streaked throat, no rufous in the wing.",engraved caption; Gould's text; Kansas catalogue; the plate
III,69,,Munipur Suthora,Suthora munipurensis,Suthora nipalensis,Black-throated Parrotbill,bltpar1,eBird/Clements 2025,Q27075564,6100931,F1ED1492397A0722,Suthora nipalensis_Black-throated Parrotbill,subspecies,high,yes,"Suthora munipurensis Godwin-Austen & Walden (Manipur) = Suthora nipalensis poliotis, the gray-breasted race of Black-throated Parrotbill: grey ear-coverts, white eye-ring, black crown stripes.",engraved caption; Gould's text; Kansas catalogue; the plate
III,70,,White-faced Suthora,Suthora Nipalensis,Suthora nipalensis,Black-throated Parrotbill,bltpar1,eBird/Clements 2025,Q27075564,6100931,F1ED1492397A0722,Suthora nipalensis_Black-throated Parrotbill,,high,yes,,List of Plates (vol. III); engraved caption on the leaf; the text leaf bound after the plate; Kansas catalogue; pinned in Featherframe (gould_asia.yaml)
III,71,,Fulvous-fronted Suthora,Suthora fulvifrons,Suthora fulvifrons,Fulvous Parrotbill,fulpar1,eBird/Clements 2025,Q27075563,6100932,CA2279616CC1DE0C,,,high,yes,"Hodgson's fulvifrons (Nepal) = Suthora fulvifrons, Fulvous Parrotbill; same species.",engraved caption; Gould's text; Kansas catalogue; the plate
III,72,,Webb's Suthora,Suthora Webbiana,Suthora webbiana,Vinous-throated Parrotbill,vitpar1,eBird/Clements 2025,Q28646473,8750564,,Sinosuthora webbiana_Vinous-throated Parrotbill,,high,yes,,List of Plates (vol. III); engraved caption on the leaf; the text leaf bound after the plate; Kansas catalogue; pinned in Featherframe (gould_asia.yaml)
III,73,,Austen's Paradoxornis,Paradoxornis Austeni,Paradoxornis guttaticollis,Spot-breasted Parrotbill,spbpar1,eBird/Clements 2025,Q1588960,2493528,C922CECC5EE2310A,Paradoxornis guttaticollis_Spot-breasted Parrotbill,,high,yes,"Paradoxornis austeni Gould (Naga and Khasi Hills) = Paradoxornis guttaticollis, Spot-breasted Parrotbill: white throat with black spots, black ear patch; austeni is a junior synonym.",engraved caption; Gould's text; Kansas catalogue; the plate
III,74,,Pere Heude's Paradoxornis,Paradoxornis Heudei,Paradoxornis heudei,Reed Parrotbill,reepar3,eBird/Clements 2025,Q1589253,2493515,88560BE41DE0C35A,,,high,yes,Paradoxornis heudei David = Reed Parrotbill; same species.,engraved caption; Gould's text; Kansas catalogue; the plate
III,75,,Paradoxornis,Paradoxornis flavirostris,Paradoxornis flavirostris,Black-breasted Parrotbill,blbpar2,eBird/Clements 2025,Q3726378,2493520,664698E54E8A598A,Paradoxornis flavirostris_Black-breasted Parrotbill,,high,yes,,List of Plates (vol. III); engraved caption on the leaf; the text leaf bound after the plate; Kansas catalogue; pinned in Featherframe (gould_asia.yaml)
III,76,,Long-tailed Paradoxornis,Paradoxornis unicolor,Paradoxornis unicolor,Brown Parrotbill,bropar1,eBird/Clements 2025,Q1589589,6100918,83BC333851D45D5C,Cholornis unicolor_Brown Parrotbill,,high,yes,,List of Plates (vol. III); engraved caption on the leaf; the text leaf bound after the plate; Kansas catalogue; pinned in Featherframe (gould_asia.yaml)
III,77,,Grey-crowned Paradoxornis,Paradoxornis gularis,Paradoxornis gularis,Gray-headed Parrotbill,gyhpar3,eBird/Clements 2025,Q3314311,6100916,4D6EE0EA65C2A4FA,Psittiparus gularis_Gray-headed Parrotbill,,high,yes,,List of Plates (vol. III); engraved caption on the leaf; the text leaf bound after the plate; Kansas catalogue; pinned in Featherframe (gould_asia.yaml)
III,78,,Red-headed Paradoxornis,Paradoxornis ruficeps,Paradoxornis ruficeps,White-breasted Parrotbill,ruhpar3,eBird/Clements 2025,Q110257526,6100915,A66D4C9105C0A530,,,high,yes,"Paradoxornis ruficeps Blyth (Nepal, Sikkim, Bhutan) = White-breasted Parrotbill, which eBird 2025 splits from Rufous-headed (P. bakeri): rufous head, cream-white underparts.",engraved caption; Gould's text; Kansas catalogue; the plate
IV,1,,Blue-bellied Tesia,Tesia cyaneiventer,Tesia cyaniventer,Gray-bellied Tesia,gybtes1,eBird/Clements 2025,Q2667930,2493275,,Tesia cyaniventer_Gray-bellied Tesia,,high,yes,,List of Plates (vol. IV); engraved caption on the leaf; the text leaf bound after the plate; Kansas catalogue; pinned in Featherframe (gould_asia.yaml)
IV,2,,Chestnut-crowned Tesia,Tesia castaneo-coronata,Cettia castaneocoronata,Chestnut-headed Tesia,chhtes1,eBird/Clements 2025,Q27075473,7953141,1884A2A58CF05227,Cettia castaneocoronata_Chestnut-headed Tesia,,high,yes,,List of Plates (vol. IV); engraved caption on the leaf; the text leaf bound after the plate; Kansas catalogue; pinned in Featherframe (gould_asia.yaml)
IV,3,,Chinese Rhopophilus,Rhopophilus pekinensis,Rhopophilus pekinensis,Beijing Babbler,beibab1,eBird/Clements 2025,Q1588914,2492779,4AEBE232324033B1,Rhopophilus pekinensis_Beijing Babbler,,high,yes,,List of Plates (vol. IV); engraved caption on the leaf; the text leaf bound after the plate; Kansas catalogue; pinned in Featherframe (gould_asia.yaml)
IV,4,,Little Suya,Suya lepida,Prinia lepida,Delicate Prinia,delpri1,eBird/Clements 2025,Q117256935,11211157,912E89224BDC3CAC,Prinia lepida_Delicate Prinia,,high,yes,"Blyth's Prinia lepida, figured from a bird Gould's son shot at Karachi, Sind = Delicate Prinia, which eBird splits from the Graceful Prinia of NE Africa; streaked grey back, barred white-tipped tail.",List of Plates (vol. IV); engraved caption on the leaf; the text leaf bound after the plate; Kansas catalogue; the plate
IV,5,,White-throated Dumetia,Dumetia albogularis,Dumetia hyperythra,Tawny-bellied Babbler,tabbab1,eBird/Clements 2025,Q1305417,2492921,DC4FBF45FE6A8CF8,Dumetia hyperythra_Tawny-bellied Babbler,subspecies,high,yes,"Blyth's Malacocercus albogularis (S India, Ceylon) = Dumetia hyperythra albogularis, the white-throated race of Tawny-bellied Babbler; the plate shows the white throat on fawn underparts.",List of Plates (vol. IV); engraved caption on the leaf; the text leaf bound after the plate; Kansas catalogue; the plate
IV,6,,Buff-throated Dumetia,Dumetia hyperythra,Dumetia hyperythra,Tawny-bellied Babbler,tabbab1,eBird/Clements 2025,Q1305417,2492921,DC4FBF45FE6A8CF8,Dumetia hyperythra_Tawny-bellied Babbler,,high,yes,,List of Plates (vol. IV); engraved caption on the leaf; the text leaf bound after the plate; Kansas catalogue; pinned in Featherframe (gould_asia.yaml)
IV,7,,Tailor-bird,Orthotomus longicaudus,Orthotomus sutorius,Common Tailorbird,comtai1,eBird/Clements 2025,Q795556,2493028,AF5B727B6F62E69D,Orthotomus sutorius_Common Tailorbird,,high,yes,,List of Plates (vol. IV); engraved caption on the leaf; the text leaf bound after the plate; Kansas catalogue; pinned in Featherframe (gould_asia.yaml)
IV,8,,Grey-headed Staphida,Staphida torqueola,Staphida torqueola,Indochinese Yuhina,indyuh1,eBird/Clements 2025,Q5398611,5788985,,Staphida torqueola_Indochinese Yuhina,,high,yes,,List of Plates (vol. IV); engraved caption on the leaf; the text leaf bound after the plate; Kansas catalogue; pinned in Featherframe (gould_asia.yaml)
IV,9,,Red-eyed Stachyris,Stachyris pyrrhops,Cyanoderma pyrrhops,Black-chinned Babbler,blcbab2,eBird/Clements 2025,Q55112219,8164297,4C8DBC91055D00F5,Cyanoderma pyrrhops_Black-chinned Babbler,,high,yes,,List of Plates (vol. IV); engraved caption on the leaf; the text leaf bound after the plate; Kansas catalogue; pinned in Featherframe (gould_asia.yaml)
IV,10,,Red-headed Stachyris,Stachyris ruficeps,Cyanoderma ruficeps,Rufous-capped Babbler,rucbab1,eBird/Clements 2025,Q28916938,7349322,8DA71DFB80E74AFB,Cyanoderma ruficeps_Rufous-capped Babbler,,high,yes,,List of Plates (vol. IV); engraved caption on the leaf; the text leaf bound after the plate; Kansas catalogue; pinned in Featherframe (gould_asia.yaml)
IV,11,,Chestnut-headed Ixulus,Ixulus castaneiceps,Staphida castaniceps,Striated Yuhina,stryuh1,eBird/Clements 2025,Q110257343,10771439,,,,high,yes,"Moore's Ixulus castaniceps (Khasi Hills, mislabelled Afghanistan) = Striated Yuhina, nominate race: scaly chestnut crown, white-tipped outer tail. Not the Indochinese Yuhina (IV.8), since split from it.",List of Plates (vol. IV); engraved caption on the leaf; the text leaf bound after the plate; Kansas catalogue; the plate
IV,12,,Thick-billed Ixulus,Ixulus occipitalis,Yuhina bakeri,White-naped Yuhina,whnyuh1,eBird/Clements 2025,Q1588939,2493187,1B155418BC003467,,,high,yes,"Blyth's Siva occipitalis (Nepal, Sikkim), preoccupied by Hodgson's Yuhina occipitalis and renamed Y. bakeri = White-naped Yuhina: chestnut crest, white nape, rufous ear-coverts.",List of Plates (vol. IV); engraved caption on the leaf; the text leaf bound after the plate; Kansas catalogue; the plate
IV,13,,Crested Ixulus,Ixulus flavicollis,Yuhina flavicollis,Whiskered Yuhina,whiyuh1,eBird/Clements 2025,Q1037961,2493186,,Yuhina flavicollis_Whiskered Yuhina,,high,yes,,List of Plates (vol. IV); engraved caption on the leaf; the text leaf bound after the plate; Kansas catalogue; pinned in Featherframe (gould_asia.yaml)
IV,14,,Rusty-naped Yuhina,Yuhina occipitalis,Yuhina occipitalis,Rufous-vented Yuhina,ruvyuh1,eBird/Clements 2025,Q1038041,2493177,E9226482AADF4856,Yuhina occipitalis_Rufous-vented Yuhina,,high,yes,,List of Plates (vol. IV); engraved caption on the leaf; the text leaf bound after the plate; Kansas catalogue; pinned in Featherframe (gould_asia.yaml)
IV,15,,Fork-tailed Leiothrix,Leiothrix luteus,Leiothrix lutea,Red-billed Leiothrix,reblei,eBird/Clements 2025,Q589245,5231398,E147E79ECC57E8C2,Leiothrix lutea_Red-billed Leiothrix,,high,yes,,List of Plates (vol. IV); engraved caption on the leaf; the text leaf bound after the plate; Kansas catalogue; pinned in Featherframe (gould_asia.yaml)
IV,16,,Silver-eared Leiothrix,Leiothrix argentauris,Leiothrix argentauris,Silver-eared Mesia,siemes1,eBird/Clements 2025,Q18880,5231397,6B9D3B7D34D113E2,Leiothrix argentauris_Silver-eared Mesia,,high,yes,,List of Plates (vol. IV); engraved caption on the leaf; the text leaf bound after the plate; Kansas catalogue; pinned in Featherframe (gould_asia.yaml)
IV,17,,Laurin's Leiothrix?,Leiothrix laurinae,Leiothrix argentauris,Silver-eared Mesia,siemes1,eBird/Clements 2025,Q18880,5231397,6B9D3B7D34D113E2,Leiothrix argentauris_Silver-eared Mesia,subspecies,high,yes,"Salvadori's Leiothrix laurinae (Mt Singgalang, Sumatra) = L. argentauris laurinae, the crimson-throated Sumatran race of Silver-eared Mesia.",List of Plates (vol. IV); engraved caption on the leaf; the text leaf bound after the plate; Kansas catalogue; the plate
IV,18,,Striped-throated Siva,Siva strigula,Actinodura strigula,Chestnut-tailed Minla,chtmin1,eBird/Clements 2025,Q2669195,2493357,,Actinodura strigula_Chestnut-tailed Minla,,high,yes,,List of Plates (vol. IV); engraved caption on the leaf; the text leaf bound after the plate; Kansas catalogue; pinned in Featherframe (gould_asia.yaml)
IV,19,,Blue-winged Siva,Siva cyanouroptera,Actinodura cyanouroptera,Blue-winged Minla,blwmin1,eBird/Clements 2025,Q62123793,8209830,A6704D520252F7A6,Actinodura cyanouroptera_Blue-winged Minla,,high,yes,,List of Plates (vol. IV); engraved caption on the leaf; the text leaf bound after the plate; Kansas catalogue; pinned in Featherframe (gould_asia.yaml)
IV,20,,Red-tailed Myzornis,Myzornis pyrrhoura,Myzornis pyrrhoura,Fire-tailed Myzornis,fitmyz1,eBird/Clements 2025,Q1064005,2492938,4C29F3A8B7E7D608,,,high,yes,"Hodgson's Myzornis pyrrhoura (Nepal) = Fire-tailed Myzornis: green, red breast patch, red-and-black tail.",List of Plates (vol. IV); engraved caption on the leaf; the text leaf bound after the plate; Kansas catalogue; the plate
IV,21,,Asiatic Water-Ouzel,Cinclus Asiaticus,Cinclus pallasii,Brown Dipper,brodip1,eBird/Clements 2025,Q1034960,5231774,4E5EB9872F37E3A1,Cinclus pallasii_Brown Dipper,subspecies,high,yes,"Cinclus asiaticus Swainson, the all-brown dipper of the Himalaya from Bhutan to Afghanistan (tenuirostris in Gould's synonymy), is C. pallasii tenuirostris, the Himalayan race of Brown Dipper.",List of Plates; engraved caption; Gould's text; Kansas catalogue
IV,22,,Pallas's Water-Ouzel,Cinclus Pallasi,Cinclus pallasii,Brown Dipper,brodip1,eBird/Clements 2025,Q1034960,5231774,4E5EB9872F37E3A1,Cinclus pallasii_Brown Dipper,,high,yes,,List of Plates (vol. IV); engraved caption on the leaf; the text leaf bound after the plate; Kansas catalogue; pinned in Featherframe (gould_asia.yaml)
IV,23,,Sombre-coloured Water-Ouzel,Cinclus sordidus,Cinclus cinclus,White-throated Dipper,whtdip1,eBird/Clements 2025,Q201831,2495093,FDECE3B9278A17EC,Cinclus cinclus_White-throated Dipper,variant,high,yes,"Gould's Cinclus sordidus (Tso Moriri, Ladakh) is the dark sordidus morph of the White-throated Dipper's Himalayan race cashmeriensis: the plate and text give a paler brown throat-and-breast bib on a blackish-brown bird, which the uniform Brown Dipper lacks.",List of Plates (vol. IV); engraved caption on the leaf; the text leaf bound after the plate; Kansas catalogue; the plate; HBW/BOW on the sordidus morph
IV,24,,White-bellied Water-Ouzel,Cinclus leucogaster,Cinclus cinclus,White-throated Dipper,whtdip1,eBird/Clements 2025,Q201831,2495093,FDECE3B9278A17EC,Cinclus cinclus_White-throated Dipper,subspecies,high,yes,"Cinclus leucogaster Eversmann, from Semipalatinsk and the Altai, is C. cinclus leucogaster, the white-bellied central Asian race of White-throated Dipper.",List of Plates; engraved caption; Gould's text; Kansas catalogue
IV,25,,Cashmerian Water-Ouzel,Cinclus Cashmeriensis,Cinclus cinclus,White-throated Dipper,whtdip1,eBird/Clements 2025,Q201831,2495093,FDECE3B9278A17EC,Cinclus cinclus_White-throated Dipper,subspecies,high,yes,"Cinclus cashmeriensis Gould, from Kashmir and Ladakh, is C. cinclus cashmeriensis, the dark-bellied Himalayan race of White-throated Dipper.",List of Plates; engraved caption; Gould's text; Kansas catalogue
IV,26,,Pied Stone-Chat,Dromolea picata,Oenanthe picata,Variable Wheatear,varwhe1,eBird/Clements 2025,Q2668319,5231238,F0CB79C0AA81DF96,,,high,yes,"Blyth's Saxicola picata (Gould's birds from Ghazni) = Variable Wheatear, its black-and-white picata form; the brown front figure, which Gould doubted, fits the female.",List of Plates (vol. IV); engraved caption on the leaf; the text leaf bound after the plate; Kansas catalogue; the plate
IV,27,,White-tailed Stone-Chat,Dromolea opistholeuca,Oenanthe picata,Variable Wheatear,varwhe1,eBird/Clements 2025,Q2668319,5231238,F0CB79C0AA81DF96,,subspecies,high,yes,"Strickland's Saxicola opistholeuca = the all-black opistholeuca form of the Variable Wheatear, white rump and tail base; Gould's synonym S. leucura Blyth is this bird, not IV.33.",List of Plates (vol. IV); engraved caption on the leaf; the text leaf bound after the plate; Kansas catalogue; the plate
IV,28,,Grey-capped Stone-Chat,Saxicola capistrata,Oenanthe picata,Variable Wheatear,varwhe1,eBird/Clements 2025,Q2668319,5231238,F0CB79C0AA81DF96,,variant,high,yes,"Saxicola capistrata Gould (Sind in winter; grey cap, black throat and back) is the capistrata morph of Variable Wheatear, which eBird lists as the form 'Variable Wheatear (Gould's)'. Not the Pied Wheatear the survey read.",List of Plates (vol. IV); engraved caption on the leaf; the text leaf bound after the plate; Kansas catalogue; the plate
IV,29,,Black-and-White Stone-Chat,Saxicola leucomela,Oenanthe pleschanka,Pied Wheatear,piewhe1,eBird/Clements 2025,Q763538,5231233,2FB34D83,Oenanthe pleschanka_Pied Wheatear,,high,yes,,List of Plates (vol. IV); engraved caption on the leaf; the text leaf bound after the plate; Kansas catalogue; pinned in Featherframe (gould_asia.yaml)
IV,30,,Mountain Stone-Chat,Saxicola montana,Oenanthe deserti,Desert Wheatear,deswhe1,eBird/Clements 2025,Q769934,5231244,078BC0ED34F512AE,Oenanthe deserti_Desert Wheatear,subspecies,high,yes,"Gould's Saxicola montana ('Thibet'), preoccupied and renamed oreophila by Oberholser = Oenanthe deserti oreophila, the high-altitude race of Desert Wheatear: black throat joined to black wing, sandy crown, black tail with white base.",List of Plates (vol. IV); engraved caption on the leaf; the text leaf bound after the plate; Kansas catalogue; the plate
IV,31,,Black-throated Stone-Chat,Saxicola atrogularis,Oenanthe deserti,Desert Wheatear,deswhe1,eBird/Clements 2025,Q769934,5231244,078BC0ED34F512AE,Oenanthe deserti_Desert Wheatear,subspecies,high,yes,"Saxicola atrogularis Blyth (India, Sind, Afghanistan; black axillaries) is the eastern race of Desert Wheatear, O. d. atrogularis. Gould separated it from Rüppell's deserti only by the black underwing.",List of Plates (vol. IV); engraved caption on the leaf; the text leaf bound after the plate; Kansas catalogue; the plate
IV,32,,Black-and-White Bush-Chat,Rhodophila melanoleuca,Saxicola jerdoni,Jerdon's Bushchat,jerbus1,eBird/Clements 2025,Q1589048,2492520,161A26298B8FCA57,,,high,yes,"Rhodophila melanoleuca is Jerdon's Bushchat (KU), not in BirdNET; not the Pied Bushchat",List of Plates (vol. IV); engraved caption on the leaf; the text leaf bound after the plate; Kansas catalogue
IV,33,,White-tailed Bush-Chat,Pratincola leucura,Saxicola leucurus,White-tailed Stonechat,whtsto2,eBird/Clements 2025,Q3729166,5788856,54793140,,,high,yes,Blyth's Pratincola leucura = White-tailed Stonechat: the male's tail is white but for the central pair and tips.,List of Plates (vol. IV); engraved caption on the leaf; the text leaf bound after the plate; Kansas catalogue; the plate
IV,34,,Indian Furze-Chat,Pratincola Indica,Saxicola maurus,Siberian Stonechat,sibsto1,eBird/Clements 2025,Q1589281,5846290,DB645AF5,Saxicola maurus_Siberian Stonechat,subspecies,high,yes,"Blyth's Pratincola indica (syn. Hodgson's saturatior) = Saxicola maurus indicus, the Himalayan race of Siberian Stonechat, which eBird splits from the European and African Stonechats.",List of Plates (vol. IV); engraved caption on the leaf; the text leaf bound after the plate; Kansas catalogue; the plate
IV,35,,Celestial Grandala,Grandala coelicolor,Grandala coelicolor,Grandala,granda1,eBird/Clements 2025,Q2342558,2492673,493D380B713562C7,,,high,yes,"Hodgson's Grandala coelicolor = Grandala: glossy blue male, streaked brown female with a white wing band.",List of Plates (vol. IV); engraved caption on the leaf; the text leaf bound after the plate; Kansas catalogue; the plate
IV,36,,Great White-capped Redstart,Ruticilla erythrogastra,Phoenicurus erythrogastrus,White-winged Redstart,whwred2,eBird/Clements 2025,Q796484,7340976,3B01E1715D1738E2,,,high,yes,"erythrogastra Güldenstädt = White-winged Redstart: white cap, large white wing patch, dull brown female; the White-capped Redstart has neither; not in BirdNET",List of Plates (vol. IV); engraved caption on the leaf; the text leaf bound after the plate; Kansas catalogue; pinned in Featherframe (gould_asia.yaml)
IV,37,,Coal-black Redstart,Ruticilla erythroprocta,Phoenicurus ochruros,Black Redstart,blared1,eBird/Clements 2025,Q26755,5739315,612B5C244E272075,Phoenicurus ochruros_Black Redstart,subspecies,high,yes,"Gould's Ruticilla erythroprocta (Erzurum) = the Black Redstart's black-bellied eastern form, nominate ochruros: black body, grey crown, rufous belly, rump and tail.",List of Plates (vol. IV); engraved caption on the leaf; the text leaf bound after the plate; Kansas catalogue; the plate
IV,38,,Siberian Ruby-throat,Calliope camtschatkensis,Calliope calliope,Siberian Rubythroat,sibrub,eBird/Clements 2025,Q27075678,6090081,786B0F98D1EE4C54,Calliope calliope_Siberian Rubythroat,,high,yes,,List of Plates (vol. IV); engraved caption on the leaf; the text leaf bound after the plate; Kansas catalogue; pinned in Featherframe (gould_asia.yaml)
IV,39,,Himalayan Ruby-throat,Calliope pectoralis,Calliope pectoralis,Himalayan Rubythroat,himrub1,eBird/Clements 2025,Q27075676,7341137,100BC03935055A32,Calliope pectoralis_Himalayan Rubythroat,,high,yes,,List of Plates (vol. IV); engraved caption on the leaf; the text leaf bound after the plate; Kansas catalogue; pinned in Featherframe (gould_asia.yaml)
IV,40,,Mongolian Ruby-throat,Calliope tschebaiewi,Calliope tschebaiewi,Chinese Rubythroat,chirub1,eBird/Clements 2025,Q29828580,9347692,157C8A9894F76B0A,Calliope tschebaiewi_Chinese Rubythroat,,high,yes,,List of Plates (vol. IV); engraved caption on the leaf; the text leaf bound after the plate; Kansas catalogue; pinned in Featherframe (gould_asia.yaml)
IV,41,,Mountain Accentor,Accentor montanellus,Prunella montanella,Siberian Accentor,sibacc,eBird/Clements 2025,Q163049,5231759,D32200407D81F285,Prunella montanella_Siberian Accentor,,high,yes,,List of Plates (vol. IV); engraved caption on the leaf; the text leaf bound after the plate; Kansas catalogue; pinned in Featherframe (gould_asia.yaml)
IV,42,,Ruddy Accentor,Accentor rubidus,Prunella rubida,Japanese Accentor,japacc1,eBird/Clements 2025,Q524343,5231769,18D3C7620E1AA7B9,,,high,yes,"Temminck & Schlegel's Accentor rubidus, figured from Whitely's Hakodate birds = Japanese Accentor.",List of Plates (vol. IV); engraved caption on the leaf; the text leaf bound after the plate; Kansas catalogue; the plate
IV,43,,Red-backed Accentor,Accentor erythropygius,Prunella collaris,Alpine Accentor,alpacc1,eBird/Clements 2025,Q208334,5231770,A783468FC167312E,,subspecies,high,yes,"form: Prunella collaris erythropygia, the Alpine Accentor (KU)",List of Plates (vol. IV); engraved caption on the leaf; the text leaf bound after the plate; Kansas catalogue
IV,44,,Nepaul Accentor,Accentor Nipalensis,Prunella collaris,Alpine Accentor,alpacc1,eBird/Clements 2025,Q208334,5231770,A783468FC167312E,Prunella collaris_Alpine Accentor,subspecies,high,yes,"Accentor nipalensis Hodgson, from Nepal, is Prunella collaris nipalensis, the Himalayan race of Alpine Accentor (cf. IV.43).",List of Plates; engraved caption; Gould's text; Kansas catalogue
IV,45,,Blue-shouldered Accentor,Accentor immaculatus,Prunella immaculata,Maroon-backed Accentor,mabacc1,eBird/Clements 2025,Q730411,5231768,D47C1AA7F8F07114,,,high,yes,"Hodgson's Accentor immaculatus (syn. Blyth's mollis) = Maroon-backed Accentor: grey head and breast, chestnut back, rusty vent.",List of Plates (vol. IV); engraved caption on the leaf; the text leaf bound after the plate; Kansas catalogue; the plate
IV,46,,Red-breasted Accentor,Accentor rubeculoides,Prunella rubeculoides,Robin Accentor,robacc1,eBird/Clements 2025,Q952140,5231764,0158561B8018D17F,Prunella rubeculoides_Robin Accentor,,high,yes,,List of Plates (vol. IV); engraved caption on the leaf; the text leaf bound after the plate; Kansas catalogue; pinned in Featherframe (gould_asia.yaml)
IV,47,,Banded Accentor,Accentor strophiatus,Prunella strophiata,Rufous-breasted Accentor,rubacc1,eBird/Clements 2025,Q1060504,5231765,681932962B7B30A5,Prunella strophiata_Rufous-breasted Accentor,,high,yes,,List of Plates (vol. IV); engraved caption on the leaf; the text leaf bound after the plate; Kansas catalogue; pinned in Featherframe (gould_asia.yaml)
IV,48,,Black-throated Accentor,Accentor atrogularis,Prunella atrogularis,Black-throated Accentor,bltacc1,eBird/Clements 2025,Q387783,5231766,C68A31C1D11E7B5D,,,high,yes,Brandt's Accentor atrogularis (syn. Moore's huttoni; Gould's birds Himalayan) = Black-throated Accentor.,List of Plates (vol. IV); engraved caption on the leaf; the text leaf bound after the plate; Kansas catalogue; the plate
IV,49,,Altaian Accentor,Accentor Altaicus,Prunella himalayana,Altai Accentor,himacc1,eBird/Clements 2025,Q1036507,5231762,EB8501ADC31689EE,,,high,yes,"Brandt's Accentor altaicus (syn. Blyth's himalayanus and variegatus) = Altai Accentor, Prunella himalayana; not the Alpine Accentor of IV.43-44.",List of Plates (vol. IV); engraved caption on the leaf; the text leaf bound after the plate; Kansas catalogue; the plate
IV,50,,Desert Whitethroat,Sylvia nana,Curruca nana,Asian Desert Warbler,asdwar1,eBird/Clements 2025,Q110257494,2492963,58F3D3E544D9755B,,,high,yes,"Hemprich & Ehrenberg's Curruca nana (syn. aralensis, delicatula) = Asian Desert Warbler; Gould's text is Blanford's Persian and Baluch birds, east of the African Desert Warbler since split.",List of Plates (vol. IV); engraved caption on the leaf; the text leaf bound after the plate; Kansas catalogue; the plate
IV,51,,Nepaulese Wren,Troglodytes Nipalensis,Troglodytes troglodytes,Eurasian Wren,winwre4,eBird/Clements 2025,Q25740,5231438,11A4055E89689538,Troglodytes troglodytes_Eurasian Wren,subspecies,high,yes,"Troglodytes nipalensis Hodgson, dark and barred all over, from Nepal, is T. troglodytes nipalensis, the Himalayan race of Eurasian Wren.",List of Plates; engraved caption; Gould's text; Kansas catalogue
IV,52,,Spotted Wren,Anorthura formosa,Elachura formosa,Spotted Elachura,spwbab1,eBird/Clements 2025,Q27075584,8045409,2721665B012C7B95,Elachura formosa_Spotted Elachura,,high,yes,,List of Plates (vol. IV); engraved caption on the leaf; the text leaf bound after the plate; Kansas catalogue; pinned in Featherframe (gould_asia.yaml)
IV,53,,Long-tailed Hill-Wren,Urocichla longicauda,Spelaeornis longicaudatus,Tawny-breasted Wren-Babbler,tbwbab1,eBird/Clements 2025,Q1923574,2492927,F98A7432D6984DC6,,,high,yes,"Moore's Pnoepyga longicaudata (Khasi Hills) = Tawny-breasted Wren-Babbler: grey face, rufous breast, long tail.",List of Plates (vol. IV); engraved caption on the leaf; the text leaf bound after the plate; Kansas catalogue; the plate
IV,54,,Robert's Wedge-billed Wren,Sphenocichla Roberti,Stachyris roberti,Cachar Wedge-billed Babbler,chbbab1,eBird/Clements 2025,Q28916649,5789004,DBD78D47CE8F07DA,,,high,yes,"Godwin-Austen & Walden's Sphenocichla roberti (N Cachar, Manipur) = Cachar Wedge-billed Babbler, a species apart from the Sikkim bird (IV.55) in eBird 2025; Gould and Sharpe took it for the female of humii.",List of Plates (vol. IV); engraved caption on the leaf; the text leaf bound after the plate; Kansas catalogue; the plate
IV,55,,Hume's Wedge-billed Wren,Sphenocichla Humii,Stachyris humei,Sikkim Wedge-billed Babbler,wbwbab1,eBird/Clements 2025,Q28916632,2493566,7CDC4535ADEFC7DA,,,high,yes,"Mandelli's Heterorhynchus humii (Sikkim) = Sikkim Wedge-billed Babbler, now in Stachyris: blackish breast scaled ashy.",List of Plates (vol. IV); engraved caption on the leaf; the text leaf bound after the plate; Kansas catalogue; the plate
IV,56,,Spotted Creeper,Salpornis spilonota,Salpornis spilonota,Indian Spotted Creeper,spocre3,eBird/Clements 2025,Q1193086,2487575,0B9E1A38248700EC,,,high,yes,"Franklin's Certhia spilonota (central India) = Indian Spotted Creeper, which eBird splits from the African Spotted Creeper.",List of Plates (vol. IV); engraved caption on the leaf; the text leaf bound after the plate; Kansas catalogue; the plate
IV,57,upper,Nepaulese Creeper,Certhia Nipalensis,Certhia nipalensis,Rusty-flanked Treecreeper,ruftre4,eBird/Clements 2025,Q1193313,2487611,,,,high,yes,"Upper figure: Hodgson's Certhia nipalensis = Rusty-flanked Treecreeper, white throat and belly, rufous flanks, as Gould's text says.",List of Plates (vol. IV); engraved caption on the leaf; the text leaf bound after the plate; Kansas catalogue; the plate
IV,57,lower,Nepaulese Creeper,Certhia Nipalensis,Certhia discolor,Sikkim Treecreeper,bnttre1,eBird/Clements 2025,Q790696,2487612,,Certhia discolor_Sikkim Treecreeper,,high,yes,"Lower figure: Blyth's Certhia discolor (Darjeeling), which Gould figured on the same plate = Sikkim Treecreeper: underparts a uniform dingy grey-brown.",List of Plates (vol. IV); engraved caption on the leaf; the text leaf bound after the plate; Kansas catalogue; the plate
IV,58,,Himalayan Creeper,Certhia Himalayana,Certhia himalayana,Bar-tailed Treecreeper,battre1,eBird/Clements 2025,Q1036483,2487602,C14230230E3924A2,Certhia himalayana_Bar-tailed Treecreeper,,high,yes,,List of Plates (vol. IV); engraved caption on the leaf; the text leaf bound after the plate; Kansas catalogue; pinned in Featherframe (gould_asia.yaml)
IV,59,,(no English name printed),Phyllopneuste tristis,Phylloscopus collybita,Common Chiffchaff,comchi1,eBird/Clements 2025,Q185784,2493091,458C8CBE3AABFD1E,Phylloscopus collybita_Common Chiffchaff,subspecies,high,yes,"Phylloscopus tristis Blyth, the brown chiffchaff without yellow that winters in India, is the Siberian Chiffchaff, which eBird 2025 keeps in Common Chiffchaff as P. c. tristis.",List of Plates; engraved caption; Gould's text; Kansas catalogue
IV,60,,Himalayan Goldcrest,Regulus himalayensis,Regulus regulus,Goldcrest,goldcr1,eBird/Clements 2025,Q26657,2484596,A7CC62D6BD333F25,Regulus regulus_Goldcrest,subspecies,high,yes,"Regulus himalayensis Blyth, from the NW Himalaya, is R. regulus himalayensis, a race of Goldcrest (eBird group Asian).",List of Plates; engraved caption; Gould's text; Kansas catalogue
IV,61,,Great Pied Wagtail,Motacilla Maderaspatensis,Motacilla maderaspatensis,White-browed Wagtail,whbwag1,eBird/Clements 2025,Q1583749,6100870,F75CF94C,Motacilla maderaspatensis_White-browed Wagtail,,high,yes,,List of Plates (vol. IV); engraved caption on the leaf; the text leaf bound after the plate; Kansas catalogue; pinned in Featherframe (gould_asia.yaml)
IV,62,,Deccan Wagtail,Motacilla Dukhunensis,Motacilla alba,White Wagtail,whiwag,eBird/Clements 2025,Q25399,9687165,400E032C4624AA36,Motacilla alba_White Wagtail,subspecies,high,yes,"Motacilla dukhunensis Sykes, the white-faced, grey-backed wagtail of the Deccan, is M. alba dukhunensis, a race of White Wagtail (eBird group White-faced).",List of Plates; engraved caption; Gould's text; Kansas catalogue
IV,63,,Masked Wagtail,Motacilla personata,Motacilla alba,White Wagtail,whiwag,eBird/Clements 2025,Q25399,9687165,400E032C4624AA36,Motacilla alba_White Wagtail,subspecies,high,yes,"Motacilla personata Gould, black-necked with only the forehead and eye-ring white, is M. alba personata, the Masked White Wagtail.",List of Plates; engraved caption; Gould's text; Kansas catalogue
IV,64,,Yellow-headed Wagtail,Budytes citreoloides,Motacilla citreola,Citrine Wagtail,citwag,eBird/Clements 2025,Q206540,2490307,5B0295C122B63ED3,Motacilla citreola_Citrine Wagtail,subspecies,high,yes,"Budytes citreoloides Hodgson is Motacilla citreola calcarata, the black-backed race of Citrine Wagtail that winters in India; the plate's lower male has the black back.",List of Plates; engraved caption; Gould's text; Kansas catalogue; the plate
IV,65,,Indian Tree-Pipit,Pipastes agilis,Anthus hodgsoni,Olive-backed Pipit,olbpip,eBird/Clements 2025,Q726873,2490244,25F7AF6531AEED37,Anthus hodgsoni_Olive-backed Pipit,,high,yes,,List of Plates (vol. IV); engraved caption on the leaf; the text leaf bound after the plate; Kansas catalogue; pinned in Featherframe (gould_asia.yaml)
IV,66,,Red-throated Pipit,Anthus cervinus,Anthus cervinus,Red-throated Pipit,retpip,eBird/Clements 2025,Q241347,2490283,319D044A667563CD,Anthus cervinus_Red-throated Pipit,,high,yes,,List of Plates (vol. IV); engraved caption on the leaf; the text leaf bound after the plate; Kansas catalogue; pinned in Featherframe (gould_asia.yaml)
IV,67,,Variegated Wagtail,Limonidromus Indicus,Dendronanthus indicus,Forest Wagtail,forwag1,eBird/Clements 2025,Q266107,2490317,8E872FAA9B847CEE,Dendronanthus indicus_Forest Wagtail,,high,yes,,List of Plates (vol. IV); engraved caption on the leaf; the text leaf bound after the plate; Kansas catalogue; pinned in Featherframe (gould_asia.yaml)
IV,68,,Lunated Forktail,Enicurus maculatus,Enicurus maculatus,Spotted Forktail,spofor1,eBird/Clements 2025,Q2668209,2492627,94160C77A2A0DEE2,Enicurus maculatus_Spotted Forktail,,high,yes,,List of Plates (vol. IV); engraved caption on the leaf; the text leaf bound after the plate; Kansas catalogue; pinned in Featherframe (gould_asia.yaml)
IV,69,,Spotted Forktail,Enicurus guttatus,Enicurus maculatus,Spotted Forktail,spofor1,eBird/Clements 2025,Q2668209,2492627,94160C77A2A0DEE2,Enicurus maculatus_Spotted Forktail,subspecies,high,yes,"Enicurus guttatus Gould, with round white spots on the mantle, is E. maculatus guttatus, the eastern race of Spotted Forktail.",List of Plates; engraved caption; Gould's text; Kansas catalogue
IV,70,,Chinese Forktail,Enicurus Chinensis,Enicurus leschenaulti,White-crowned Forktail,whcfor1,eBird/Clements 2025,Q1588883,2492629,FC7AF7E693BC4645,,subspecies,high,yes,"form: Enicurus leschenaulti sinensis, the White-crowned Forktail (KU)",List of Plates (vol. IV); engraved caption on the leaf; the text leaf bound after the plate; Kansas catalogue
IV,71,,Scouler's Forktail,Enicurus Scouleri,Enicurus scouleri,Little Forktail,litfor1,eBird/Clements 2025,Q1588392,2492626,92454493E85F0F6A,,,high,yes,"Vigors's Enicurus scouleri = Little Forktail: short tail, white forehead.",List of Plates (vol. IV); engraved caption on the leaf; the text leaf bound after the plate; Kansas catalogue; the plate
IV,72,,Long-billed Calandre,Melanocorypha maxima,Melanocorypha maxima,Tibetan Lark,tiblar1,eBird/Clements 2025,Q1591153,2490612,,Melanocorypha maxima_Tibetan Lark,,high,yes,,List of Plates (vol. IV); engraved caption on the leaf; the text leaf bound after the plate; Kansas catalogue; pinned in Featherframe (gould_asia.yaml)
V,1,,Adams's Mountain Finch,Montifringilla Adamsii,Montifringilla adamsi,Black-winged Snowfinch,blwsno1,eBird/Clements 2025,Q56888,2492367,0039BCC01D40E550,,,high,yes,"Moore's Montifringilla adamsi (Ladakh) = Black-winged Snowfinch, once called Tibetan Snowfinch; the yellow-billed bird is Gould's juvenile from Kullu.",List of Plates (vol. V); engraved caption on the leaf; the text leaf bound after the plate; Kansas catalogue; the plate
V,2,,Northern Mountain Finch,Montifringilla arctoa,Leucosticte arctoa,Asian Rosy-Finch,asrfin1,eBird/Clements 2025,Q739209,2494383,,,,high,yes,"Pallas's Passer arctous = Asian Rosy-Finch, the nominate silver-winged form: dark body, buff nape, silvery wings and tail.",List of Plates (vol. V); engraved caption on the leaf; the text leaf bound after the plate; Kansas catalogue; the plate
V,3,,Red-rumped Mountain Finch,Montifringilla haematopygia,Leucosticte brandti,Black-headed Mountain Finch,bhmfin1,eBird/Clements 2025,Q1030043,2494374,D12C9F115F0B90D5,,subspecies,high,yes,"Gould's Montifringilla haematopygia (Tibet, Lord Gifford) = Leucosticte brandti haematopygia, a race of Black-headed Mountain Finch: blackish face, grey-brown body, red rump.",List of Plates (vol. V); engraved caption on the leaf; the text leaf bound after the plate; Kansas catalogue; the plate
V,4,,Brown-naped Mountain Finch,Montifringilla brunneinucha,Leucosticte arctoa,Asian Rosy-Finch,asrfin1,eBird/Clements 2025,Q739209,2494383,,,subspecies,high,yes,"Brandt's Fringilla brunneonucha (Kamchatka, Kuriles) = Leucosticte arctoa brunneonucha, the brown-naped race of Asian Rosy-Finch: chestnut nape, pink belly and rump.",List of Plates (vol. V); engraved caption on the leaf; the text leaf bound after the plate; Kansas catalogue; the plate
V,5,,Red-necked Mountain Finch,Montifringilla ruficollis,Pyrgilauda ruficollis,Rufous-necked Snowfinch,runsno1,eBird/Clements 2025,Q27075721,5845694,24BD3553B3882B36,,,high,yes,"Blanford's Montifringilla ruficollis (Sikkim-Tibet frontier) = Rufous-necked Snowfinch: rufous neck sides, black malar lines.",List of Plates (vol. V); engraved caption on the leaf; the text leaf bound after the plate; Kansas catalogue; the plate
V,6,,Grey-capped Bunting,Emberiza caniceps,Emberiza stewarti,White-capped Bunting,chbbun1,eBird/Clements 2025,Q994425,2491489,E272C456B471EBF1,Emberiza stewarti_White-capped Bunting,,judged,yes,"the plate: white crown, black mask, chestnut breast (KU agrees)",List of Plates (vol. V); engraved caption on the leaf; the text leaf bound after the plate; Kansas catalogue; pinned in Featherframe (gould_asia.yaml)
V,7,,Dwarf Bunting,Emberiza pusilla,Emberiza pusilla,Little Bunting,litbun,eBird/Clements 2025,Q216855,2491544,1866F80E52F4075F,Emberiza pusilla_Little Bunting,,high,yes,,List of Plates (vol. V); engraved caption on the leaf; the text leaf bound after the plate; Kansas catalogue; pinned in Featherframe (gould_asia.yaml)
V,8,,Cinereous Bunting,Emberiza cinerea,Emberiza cineracea,Cinereous Bunting,cinbun1,eBird/Clements 2025,Q265701,2491469,7C5AC3003495A54C,Emberiza cineracea_Cinereous Bunting,,high,yes,,List of Plates (vol. V); engraved caption on the leaf; the text leaf bound after the plate; Kansas catalogue; pinned in Featherframe (gould_asia.yaml)
V,9,,Painted Bunting,Emberiza fucata,Emberiza fucata,Chestnut-eared Bunting,chebun2,eBird/Clements 2025,Q1586230,2491548,465C35EFDEEDEFDC,Emberiza fucata_Chestnut-eared Bunting,,high,yes,,List of Plates (vol. V); engraved caption on the leaf; the text leaf bound after the plate; Kansas catalogue; pinned in Featherframe (gould_asia.yaml)
V,10,,Rustic Bunting,Emberiza rustica,Emberiza rustica,Rustic Bunting,rusbun,eBird/Clements 2025,Q286809,2491582,DA9746CEC82D30A3,Emberiza rustica_Rustic Bunting,,high,yes,,List of Plates (vol. V); engraved caption on the leaf; the text leaf bound after the plate; Kansas catalogue; pinned in Featherframe (gould_asia.yaml)
V,11,,Hutton's Bunting,Glycyspina Huttoni,Emberiza buchanani,Gray-necked Bunting,gyhbun1,eBird/Clements 2025,Q648313,2491485,CF70007E92F2A30B,Emberiza buchanani_Gray-necked Bunting,,judged,yes,"the plate: grey head, eye-ring, pinkish-chestnut underparts; huttoni is its synonym (KU agrees)",List of Plates (vol. V); engraved caption on the leaf; the text leaf bound after the plate; Kansas catalogue; pinned in Featherframe (gould_asia.yaml)
V,12,,Elegant Bunting,Euspiza elegans,Emberiza elegans,Yellow-throated Bunting,yetbun1,eBird/Clements 2025,Q1193779,2491475,,Emberiza elegans_Yellow-throated Bunting,,high,yes,,List of Plates (vol. V); engraved caption on the leaf; the text leaf bound after the plate; Kansas catalogue; pinned in Featherframe (gould_asia.yaml)
V,13,,Black-headed Bunting,Euspiza melanocephala,Emberiza melanocephala,Black-headed Bunting,blhbun1,eBird/Clements 2025,Q334183,9613112,E2D2CB88A9D95E42,Emberiza melanocephala_Black-headed Bunting,,high,yes,,List of Plates (vol. V); engraved caption on the leaf; the text leaf bound after the plate; Kansas catalogue; pinned in Featherframe (gould_asia.yaml)
V,14,,Red-headed Bunting,Euspiza luteola,Emberiza bruniceps,Red-headed Bunting,rehbun1,eBird/Clements 2025,Q547159,2491521,DBF8D184AA08A548,Emberiza bruniceps_Red-headed Bunting,,high,yes,,List of Plates (vol. V); engraved caption on the leaf; the text leaf bound after the plate; Kansas catalogue; pinned in Featherframe (gould_asia.yaml)
V,15,,Turkestan Sparrow,Passer ammodendri,Passer ammodendri,Saxaul Sparrow,saxspa1,eBird/Clements 2025,Q634448,5231206,17AC96E0F13D7B43,Passer ammodendri_Saxaul Sparrow,,high,yes,,List of Plates (vol. V); engraved caption on the leaf; the text leaf bound after the plate; Kansas catalogue; pinned in Featherframe (gould_asia.yaml)
V,16,,Burton's Grosbeak,Fringilla Burtoni,Callacanthis burtoni,Spectacled Finch,spefin1,eBird/Clements 2025,Q1017132,2494338,0134A6D75BFAD7D2,Callacanthis burtoni_Spectacled Finch,,high,yes,,List of Plates (vol. V); engraved caption on the leaf; the text leaf bound after the plate; Kansas catalogue; pinned in Featherframe (gould_asia.yaml)
V,17,,Eastern Goldfinch,Carduelis orientalis,Carduelis caniceps,Gray-crowned Goldfinch,eurgol2,eBird/Clements 2025,Q606679,10823562,,Carduelis carduelis_European Goldfinch,subspecies,judged,yes,"the plate: grey crown and nape, red face, no black or white on the head, so the caniceps group, which eBird 2025 splits from European Goldfinch as Gray-crowned Goldfinch; BirdNET lumps in European Goldfinch",List of Plates (vol. V); engraved caption on the leaf; the text leaf bound after the plate; Kansas catalogue
V,18,,Masked Grosbeak,Eophona personata,Eophona personata,Japanese Grosbeak,japgro1,eBird/Clements 2025,Q1052029,2494143,A682E86310A1371E,Eophona personata_Japanese Grosbeak,,high,yes,,List of Plates (vol. V); engraved caption on the leaf; the text leaf bound after the plate; Kansas catalogue; pinned in Featherframe (gould_asia.yaml)
V,19,,Black-tailed Grosbeak,Eophona melanura,Eophona migratoria,Yellow-billed Grosbeak,yebgro1,eBird/Clements 2025,Q594049,2494146,507C937969E02544,Eophona migratoria_Yellow-billed Grosbeak,,high,yes,,List of Plates (vol. V); engraved caption on the leaf; the text leaf bound after the plate; Kansas catalogue; pinned in Featherframe (gould_asia.yaml)
V,20,,Black-and-Yellow Grosbeak,Mycerobas melanoxanthus,Mycerobas melanozanthos,Spot-winged Grosbeak,spwgro1,eBird/Clements 2025,Q1002648,2494406,7AF5B51CF3FE8F97,,,high,yes,"Hodgson's Coccothraustes melanozanthos = Spot-winged Grosbeak: black and yellow with white wing spots, streaked female. Gould's English 'Black and Yellow Grosbeak' is today's name for V.22.",List of Plates (vol. V); engraved caption on the leaf; the text leaf bound after the plate; Kansas catalogue; the plate
V,21,,Flesh-footed Grosbeak,Mycerobas carneipes,Mycerobas carnipes,White-winged Grosbeak,whwgro1,eBird/Clements 2025,Q848192,2494402,E3BD8022A6A41536,Mycerobas carnipes_White-winged Grosbeak,,high,yes,,List of Plates (vol. V); engraved caption on the leaf; the text leaf bound after the plate; Kansas catalogue; pinned in Featherframe (gould_asia.yaml)
V,22,,Icterine Grosbeak,Hesperiphona icterioides,Mycerobas icterioides,Black-and-yellow Grosbeak,baygro1,eBird/Clements 2025,Q775633,2494408,91A4FA36EA18021A,Mycerobas icterioides_Black-and-yellow Grosbeak,,high,yes,,List of Plates (vol. V); engraved caption on the leaf; the text leaf bound after the plate; Kansas catalogue; pinned in Featherframe (gould_asia.yaml)
V,23,,Allied Grosbeak,Hesperiphona affinis,Mycerobas affinis,Collared Grosbeak,colgro1,eBird/Clements 2025,Q1085277,2494407,F7B5C3864E07BFCA,Mycerobas affinis_Collared Grosbeak,,high,yes,,List of Plates (vol. V); engraved caption on the leaf; the text leaf bound after the plate; Kansas catalogue; pinned in Featherframe (gould_asia.yaml)
V,24,,Sepoy Finch,Haematospiza Sipahi,Carpodacus sipahi,Scarlet Finch,scafin1,eBird/Clements 2025,Q27075740,7958604,,,,high,yes,"Hodgson's Corythus sipahi = Scarlet Finch, now in Carpodacus: scarlet male, olive female with yellow rump.",List of Plates (vol. V); engraved caption on the leaf; the text leaf bound after the plate; Kansas catalogue; the plate
V,25,,Caucasian Grosbeak,Carpodacus rubicilla,Carpodacus rubicilla,Great Rosefinch,greros1,eBird/Clements 2025,Q819706,2494517,,Carpodacus rubicilla_Great Rosefinch,,high,yes,,List of Plates (vol. V); engraved caption on the leaf; the text leaf bound after the plate; Kansas catalogue; pinned in Featherframe (gould_asia.yaml)
V,26,,Red-mantled Grosbeak,Carpodacus rhodochlamys,Carpodacus rhodochlamys,Red-mantled Rosefinch,remros1,eBird/Clements 2025,Q1315492,2494490,,,,judged,yes,"Brandt's Pyrrhula rhodochlamys (Altai) = Red-mantled Rosefinch, but Gould pooled Himalayan birds, now Blyth's Rosefinch (C. grandis), and doesn't say which he drew; the plate can't tell them apart, so the row follows his name.",List of Plates (vol. V); engraved caption on the leaf; the text leaf bound after the plate; Kansas catalogue; the plate
V,27,,Siberian Grosbeak,Uragus sibiricus,Carpodacus sibiricus,Long-tailed Rosefinch,lotros1,eBird/Clements 2025,Q27075750,7690055,463680BF69BE372A,Carpodacus sibiricus_Long-tailed Rosefinch,,high,yes,,List of Plates (vol. V); engraved caption on the leaf; the text leaf bound after the plate; Kansas catalogue; pinned in Featherframe (gould_asia.yaml)
V,28,,Crimson-winged Finch,Rhodopechys sanguinea,Rhodopechys sanguineus,Crimson-winged Finch,crwfin2,eBird/Clements 2025,Q559977,2494570,B345F82B20482443,,,high,yes,"Gould's own Fringilla sanguinea (Erzurum) = Crimson-winged Finch, Eurasian nominate race; eBird 2025 keeps the African bird within it.",List of Plates (vol. V); engraved caption on the leaf; the text leaf bound after the plate; Kansas catalogue; the plate
V,29,,Rosy-winged Finch,Erythrospiza obsoleta,Rhodospiza obsoleta,Desert Finch,desfin2,eBird/Clements 2025,Q900715,2494787,FA26991188EAE8EC,Rhodospiza obsoleta_Desert Finch,,high,yes,,List of Plates (vol. V); engraved caption on the leaf; the text leaf bound after the plate; Kansas catalogue; pinned in Featherframe (gould_asia.yaml)
V,30,,Rosy Finch,Erythrospiza incarnata,Bucanetes mongolicus,Mongolian Finch,monfin2,eBird/Clements 2025,Q921335,4408954,,,,judged,yes,"KU: the Mongolian Finch, not in BirdNET; the survey's Sinai Rosefinch is wrong",List of Plates (vol. V); engraved caption on the leaf; the text leaf bound after the plate; Kansas catalogue
V,31,,Trumpeter Bullfinch,Erythrospiza githaginea,Bucanetes githagineus,Trumpeter Finch,trufin2,eBird/Clements 2025,Q559883,2494394,8049F70788740F8F,Bucanetes githagineus_Trumpeter Finch,,high,yes,,List of Plates (vol. V); engraved caption on the leaf; the text leaf bound after the plate; Kansas catalogue; pinned in Featherframe (gould_asia.yaml)
V,32,,Pylzoff's Rose-Bunting,Urocynchramus Pylzowi,Urocynchramus pylzowi,Przevalski's Pinktail,przros1,eBird/Clements 2025,Q1585404,2494599,80262BF267D60CC9,Urocynchramus pylzowi_Przevalski's Pinktail,,high,yes,,List of Plates (vol. V); engraved caption on the leaf; the text leaf bound after the plate; Kansas catalogue; pinned in Featherframe (gould_asia.yaml)
V,33,,Rosy Grosbeak,Carpodacus roseus,Carpodacus roseus,Pallas's Rosefinch,palros2,eBird/Clements 2025,Q592362,2494514,,,,high,yes,Pallas's Fringilla rosea = Pallas's Rosefinch: rose male with frosted white forehead and throat.,List of Plates (vol. V); engraved caption on the leaf; the text leaf bound after the plate; Kansas catalogue; the plate
V,34,,Orange-coloured Bullfinch,Pyrrhula aurantia,Pyrrhula aurantiaca,Orange Bullfinch,orabul1,eBird/Clements 2025,Q251923,2494542,77B730334954FB85,,,high,yes,"Gould's Pyrrhula aurantiaca (Pir Panjal, Kashmir) = Orange Bullfinch.",List of Plates (vol. V); engraved caption on the leaf; the text leaf bound after the plate; Kansas catalogue; the plate
V,35,,Oriental Bullfinch,Pyrrhula orientalis,Pyrrhula pyrrhula,Eurasian Bullfinch,eurbul,eBird/Clements 2025,Q25382,2494543,24764DC7AD26E5F7,,subspecies,high,yes,"form: Pyrrhula pyrrhula griseiventris, the Eurasian Bullfinch (KU)",List of Plates (vol. V); engraved caption on the leaf; the text leaf bound after the plate; Kansas catalogue
V,36,,Red-headed Bullfinch,Pyrrhula erythrocephala,Pyrrhula erythrocephala,Red-headed Bullfinch,rehbul1,eBird/Clements 2025,Q1080312,2494556,9A1D7F23FF932D1A,,,high,yes,Vigors's Pyrrhula erythrocephala = Red-headed Bullfinch.,List of Plates (vol. V); engraved caption on the leaf; the text leaf bound after the plate; Kansas catalogue; the plate
V,37,,Nepaulese Bullfinch,Pyrrhula Nipalensis,Pyrrhula nipalensis,Brown Bullfinch,brobul1,eBird/Clements 2025,Q731404,9320930,,Pyrrhula nipalensis_Brown Bullfinch,,high,yes,,List of Plates (vol. V); engraved caption on the leaf; the text leaf bound after the plate; Kansas catalogue; pinned in Featherframe (gould_asia.yaml)
V,38,,Northern Bullfineh,Pyrrhula major,Pyrrhula pyrrhula,Eurasian Bullfinch,eurbul,eBird/Clements 2025,Q25382,2494543,24764DC7AD26E5F7,Pyrrhula pyrrhula_Eurasian Bullfinch,,high,yes,"Pyrrhula major Brehm, the large northern bullfinch (Gould's synonymy opens with Linnaeus's Loxia pyrrhula; figures from W Siberia), is the nominate Eurasian Bullfinch, so no form.",List of Plates; engraved caption; Gould's text; Kansas catalogue
V,39,,Beavan's Bullfinch,Pyrrhula erithacus,Pyrrhula erythaca,Gray-headed Bullfinch,gyhbul2,eBird/Clements 2025,Q1084895,2494536,98D5002C997DFDD3,Pyrrhula erythaca_Gray-headed Bullfinch,,high,yes,,List of Plates (vol. V); engraved caption on the leaf; the text leaf bound after the plate; Kansas catalogue; pinned in Featherframe (gould_asia.yaml)
V,40,,Cinereous Bullfinch,Pyrrhula cineracea,Pyrrhula pyrrhula,Eurasian Bullfinch,eurbul,eBird/Clements 2025,Q25382,2494543,24764DC7AD26E5F7,Pyrrhula pyrrhula_Eurasian Bullfinch,subspecies,high,yes,"Pyrrhula cineracea Cabanis, the grey bullfinch of Lake Baikal, is P. pyrrhula cineracea, a race of Eurasian Bullfinch (eBird group Baikal).",List of Plates; engraved caption; Gould's text; Kansas catalogue
V,41,,Himalayan Crossbill,Loxia Himalayana,Loxia curvirostra,Red Crossbill,redcro,eBird/Clements 2025,Q26552,9629160,135564AAF6B01DA2,Loxia curvirostra_Red Crossbill,subspecies,high,yes,"Loxia himalayana Hodgson, the small crossbill of Nepal, is L. curvirostra himalayensis, the Himalayan race of Red Crossbill.",List of Plates; engraved caption; Gould's text; Kansas catalogue
V,42,,Sardinian Starling,Sturnus unicolor,Sturnus unicolor,Spotless Starling,sposta1,eBird/Clements 2025,Q836833,2489104,B0D81671A5159DEB,Sturnus unicolor_Spotless Starling,,high,yes,,List of Plates (vol. V); engraved caption on the leaf; the text leaf bound after the plate; Kansas catalogue; pinned in Featherframe (gould_asia.yaml)
V,43,,Hume's Starling,Sturnus Humii,Sturnus vulgaris,European Starling,eursta,eBird/Clements 2025,Q25469,9809229,94A4403295E2D9BE,Sturnus vulgaris_European Starling,subspecies,high,yes,"Sturnus humii (Hume's S. nitens), the small starling of Kashmir and Peshawar, is S. vulgaris humii, a race of European Starling.",List of Plates; engraved caption; Gould's text; Kansas catalogue
V,44,,Persian Starling,Sturnus purpurascens,Sturnus vulgaris,European Starling,eursta,eBird/Clements 2025,Q25469,9809229,94A4403295E2D9BE,Sturnus vulgaris_European Starling,subspecies,high,yes,"Sturnus purpurascens Gould, from Erzurum, is S. vulgaris purpurascens, the purple-backed Turkish and Caucasian race of European Starling.",List of Plates; engraved caption; Gould's text; Kansas catalogue
V,45,,Tristram's Amydrus,Amydrus Tristrami,Onychognathus tristramii,Tristram's Starling,trista1,eBird/Clements 2025,Q916098,5230734,0EDF9145287CFDAC,Onychognathus tristramii_Tristram's Starling,,high,yes,,List of Plates (vol. V); engraved caption on the leaf; the text leaf bound after the plate; Kansas catalogue; pinned in Featherframe (gould_asia.yaml)
V,46,,Formosan Blue Pie,Urocissa cerulea,Urocissa caerulea,Taiwan Blue-Magpie,formag1,eBird/Clements 2025,Q94533,2482421,5B15BB69C9AB9FEC,Urocissa caerulea_Taiwan Blue-Magpie,,high,yes,,List of Plates (vol. V); engraved caption on the leaf; the text leaf bound after the plate; Kansas catalogue; pinned in Featherframe (gould_asia.yaml)
V,47,,Nepaulese Blue Pie,Urocissa occipitalis,Urocissa erythroryncha,Red-billed Blue-Magpie,rbbmag,eBird/Clements 2025,Q766306,6100962,76C44D5A85F918B7,Urocissa erythroryncha_Red-billed Blue-Magpie,subspecies,high,yes,"Urocissa occipitalis Blyth, the red-billed blue magpie of the western and central Himalaya, is U. erythroryncha occipitalis.",List of Plates; engraved caption; Gould's text; Kansas catalogue
V,48,,Chinese Blue Pie,Urocissa Sinensis,Urocissa erythroryncha,Red-billed Blue-Magpie,rbbmag,eBird/Clements 2025,Q766306,6100962,76C44D5A85F918B7,Urocissa erythroryncha_Red-billed Blue-Magpie,,high,yes,,List of Plates (vol. V); engraved caption on the leaf; the text leaf bound after the plate; Kansas catalogue; pinned in Featherframe (gould_asia.yaml)
V,49,,Great-billed Blue Pie,Urocissa magnirostris,Urocissa erythroryncha,Red-billed Blue-Magpie,rbbmag,eBird/Clements 2025,Q766306,6100962,76C44D5A85F918B7,Urocissa erythroryncha_Red-billed Blue-Magpie,subspecies,high,yes,"Urocissa magnirostris Blyth, from Arakan, Pegu and Siam, is U. erythroryncha magnirostris, the large-billed southeastern race of Red-billed Blue-Magpie.",List of Plates; engraved caption; Gould's text; Kansas catalogue
V,50,,Yellow-billed Blue Pie,Urocissa flavirostris,Urocissa flavirostris,Yellow-billed Blue-Magpie,gobmag1,eBird/Clements 2025,Q671657,2482417,CEBD06257CAD9597,Urocissa flavirostris_Yellow-billed Blue-Magpie,,high,yes,,List of Plates (vol. V); engraved caption on the leaf; the text leaf bound after the plate; Kansas catalogue; pinned in Featherframe (gould_asia.yaml)
V,51,,White-capped Blue Pie,Urocissa cucullata,Urocissa flavirostris,Yellow-billed Blue-Magpie,gobmag1,eBird/Clements 2025,Q671657,2482417,CEBD06257CAD9597,Urocissa flavirostris_Yellow-billed Blue-Magpie,subspecies,high,yes,"Gould's Urocissa cucullata (Kullu) = U. flavirostris cucullata, the white-naped western race of Yellow-billed Blue-Magpie.",List of Plates (vol. V); engraved caption on the leaf; the text leaf bound after the plate; Kansas catalogue; the plate
V,52,,Hooded Crypsirhina,Crypsirhina cucullata,Crypsirina cucullata,Hooded Treepie,hootre1,eBird/Clements 2025,Q2667809,2482610,45BED67CCACDBF77,,,high,yes,"Jerdon's Crypsirhina cucullata (Thayetmyo, Burma) = Hooded Treepie.",List of Plates (vol. V); engraved caption on the leaf; the text leaf bound after the plate; Kansas catalogue; the plate
V,53,,Red-and-Blue Cissa,Cissa pyrrhocyanea,Urocissa ornata,Sri Lanka Blue-Magpie,ceymag1,eBird/Clements 2025,Q1315428,2482420,326EA4E0D46629DA,Urocissa ornata_Sri Lanka Blue-Magpie,,judged,yes,"KU and the plate: chestnut and blue, the Sri Lanka Blue-Magpie; the survey guessed Common Green-Magpie",List of Plates (vol. V); engraved caption on the leaf; the text leaf bound after the plate; Kansas catalogue; pinned in Featherframe (gould_asia.yaml)
V,54,,Hunting Cissa,Cissa venatoria,Cissa chinensis,Common Green-Magpie,gremag1,eBird/Clements 2025,Q795552,2482587,ED4011E998AA443A,Cissa chinensis_Common Green-Magpie,,high,yes,"Kitta venatoria Gray, the green magpie of Nepal and the eastern Himalaya, is a synonym of the nominate Common Green-Magpie, Cissa chinensis chinensis, so no form.",List of Plates; engraved caption; Gould's text; Kansas catalogue
V,55,,White-winged Magpie,Pica leucoptera,Pica pica,Eurasian Magpie,eurmag1,eBird/Clements 2025,Q25307,5229490,FBBBA943D3AB65E8,Pica pica_Eurasian Magpie,subspecies,high,yes,"Pica leucoptera Gould, from Transbaikalia ('Oriental Siberia'), is P. pica leucoptera, the white-winged race that eBird 2025 keeps in Eurasian Magpie, not Oriental Magpie.",List of Plates; engraved caption; Gould's text; Kansas catalogue
V,56,,Affghan Magpie,Pica Bactriana,Pica pica,Eurasian Magpie,eurmag1,eBird/Clements 2025,Q25307,5229490,FBBBA943D3AB65E8,Pica pica_Eurasian Magpie,subspecies,high,yes,"Pica bactriana Bonaparte, white-rumped, from Afghanistan and Tibet, is P. pica bactriana, a race of Eurasian Magpie (not the black-rumped bottanensis, now split).",List of Plates; engraved caption; Gould's text; Kansas catalogue
V,57,,Bootan Magpie,Pica Bottanensis,Pica bottanensis,Black-rumped Magpie,eurmag6,eBird/Clements 2025,Q55605542,7735434,44F225523AA66CA3,Pica bottanensis_Black-rumped Magpie,,high,yes,,List of Plates (vol. V); engraved caption on the leaf; the text leaf bound after the plate; Kansas catalogue; pinned in Featherframe (gould_asia.yaml)
V,58,,Formosan Jay,Garrulus Taivanus,Garrulus glandarius,Eurasian Jay,eurjay1,eBird/Clements 2025,Q25354,5229493,D8D10F2C5A9AA49F,Garrulus glandarius_Eurasian Jay,subspecies,high,yes,"Garrulus taivanus Gould, from Swinhoe's Formosa pair, is G. glandarius taivanus, the Taiwan race of Eurasian Jay (eBird group Himalayan).",List of Plates; engraved caption; Gould's text; Kansas catalogue
V,59,,Many-spotted Nutcracker,Nucifraga multipunctata,Nucifraga multipunctata,Kashmir Nutcracker,sponut1,eBird/Clements 2025,Q12015853,6092556,8D0D1D1CBC90057E,Nucifraga caryocatactes_Eurasian Nutcracker,,high,yes,"Gould's Nucifraga multipunctata (Simla, Afghanistan) = Kashmir Nutcracker, a species in eBird 2025: large white spots all over, long white-tipped tail. BirdNET lumps it in Eurasian Nutcracker.",List of Plates (vol. V); engraved caption on the leaf; the text leaf bound after the plate; Kansas catalogue; the plate
V,60,,Biddulph's Podoces,Podoces Biddulphi,Podoces biddulphi,Xinjiang Ground-Jay,xigjay1,eBird/Clements 2025,Q2668081,5229503,D0BB761244E9D2F2,,,high,yes,"Hume's Podoces biddulphi (Maralbashi, Yarkand) = Xinjiang Ground-Jay: the white tail.",List of Plates (vol. V); engraved caption on the leaf; the text leaf bound after the plate; Kansas catalogue; the plate
V,61,,Henderson's Podoces,Podoces Hendersoni,Podoces hendersoni,Mongolian Ground-Jay,mogjay1,eBird/Clements 2025,Q2748168,5229501,AF49B4CF0E5FE555,Podoces hendersoni_Mongolian Ground-Jay,,high,yes,,List of Plates (vol. V); engraved caption on the leaf; the text leaf bound after the plate; Kansas catalogue; pinned in Featherframe (gould_asia.yaml)
V,62,,Pander's Podoces,Podoces Panderi,Podoces panderi,Turkestan Ground-Jay,tugjay1,eBird/Clements 2025,Q1591593,5229500,3137BF2BEC089340,,,high,yes,"Fischer's Podoces panderi (Kyzylkum) = Turkestan Ground-Jay: grey, black breast patch.",List of Plates (vol. V); engraved caption on the leaf; the text leaf bound after the plate; Kansas catalogue; the plate
V,63,,Dingy Podoces,Podoces humilis,Pseudopodoces humilis,Ground Tit,grotit1,eBird/Clements 2025,Q1392005,2482589,BDA1AC35BD9D412F,Pseudopodoces humilis_Ground Tit,,high,yes,,List of Plates (vol. V); engraved caption on the leaf; the text leaf bound after the plate; Kansas catalogue; pinned in Featherframe (gould_asia.yaml)
V,64,,Bengal Pitta,Pitta bengalensis,Pitta brachyura,Indian Pitta,indpit1,eBird/Clements 2025,Q655145,2489507,DE63114FF792FC2D,Pitta brachyura_Indian Pitta,,high,yes,"Pitta bengalensis is Linnaeus's Corvus brachyurus, the Indian Pitta itself, from the Himalaya to Ceylon; the species has no races, so no form.",List of Plates; engraved caption; Gould's text; Kansas catalogue
V,65,,Formosan Pitta,Pitta oreas,Pitta nympha,Fairy Pitta,faipit1,eBird/Clements 2025,Q494888,2489521,0ECBA40626CA630B,Pitta nympha_Fairy Pitta,,high,yes,,List of Plates (vol. V); engraved caption on the leaf; the text leaf bound after the plate; Kansas catalogue; pinned in Featherframe (gould_asia.yaml)
V,66,,Elliot's Pitta,Pitta Ellioti,Hydrornis elliotii,Bar-bellied Pitta,babpit1,eBird/Clements 2025,Q899247,6101089,1F56AB5CB5548229,Hydrornis elliotii_Bar-bellied Pitta,,high,yes,,List of Plates (vol. V); engraved caption on the leaf; the text leaf bound after the plate; Kansas catalogue; pinned in Featherframe (gould_asia.yaml)
V,67,,Bornean Pitta,Pitta granatina,Erythropitta granatina,Garnet Pitta,garpit1,eBird/Clements 2025,Q268260,6101096,,Erythropitta granatina_Garnet Pitta,,high,yes,,List of Plates (vol. V); engraved caption on the leaf; the text leaf bound after the plate; Kansas catalogue; pinned in Featherframe (gould_asia.yaml)
V,68,,Malaccan Pitta,Pitta coccinea,Erythropitta granatina,Garnet Pitta,garpit1,eBird/Clements 2025,Q268260,6101096,,Erythropitta granatina_Garnet Pitta,subspecies,high,yes,"Eyton's Pitta coccinea (Malacca) = Erythropitta granatina coccinea, the Malay Peninsula race of Garnet Pitta, with the narrow black forehead Gould describes.",List of Plates (vol. V); engraved caption on the leaf; the text leaf bound after the plate; Kansas catalogue; the plate
V,69,,Necklaced Pitta,Pitta arquata,Erythropitta arquata,Blue-banded Pitta,blbpit1,eBird/Clements 2025,Q839881,6101099,3FF820D17D2B0132,Erythropitta arquata_Blue-banded Pitta,,high,yes,,List of Plates (vol. V); engraved caption on the leaf; the text leaf bound after the plate; Kansas catalogue; pinned in Featherframe (gould_asia.yaml)
V,70,,Large-billed Pitta,Pitta megarhyncha,Pitta megarhyncha,Mangrove Pitta,manpit1,eBird/Clements 2025,Q1087853,2489559,B882013B94357E16,Pitta megarhyncha_Mangrove Pitta,,high,yes,,List of Plates (vol. V); engraved caption on the leaf; the text leaf bound after the plate; Kansas catalogue; pinned in Featherframe (gould_asia.yaml)
V,71,,Koch's Pitta,Pitta Kochi,Erythropitta kochi,Whiskered Pitta,whipit1,eBird/Clements 2025,Q788836,2489519,,,,high,yes,Brüggemann's Pitta kochi (Luzon) = Whiskered Pitta.,List of Plates (vol. V); engraved caption on the leaf; the text leaf bound after the plate; Kansas catalogue; the plate
V,72,,Red-backed Pitta,Pitta Baudii,Hydrornis baudii,Blue-headed Pitta,blhpit1,eBird/Clements 2025,Q617427,6101093,3211B67B159B16D6,Hydrornis baudii_Blue-headed Pitta,,high,yes,,List of Plates (vol. V); engraved caption on the leaf; the text leaf bound after the plate; Kansas catalogue; pinned in Featherframe (gould_asia.yaml)
V,73,,Gurney's Pitta,Pitta Gurneyi,Hydrornis gurneyi,Gurney's Pitta,gurpit1,eBird/Clements 2025,Q534594,2489495,,,,high,yes,Hume's Pitta gurneyi (S Tenasserim) = Gurney's Pitta.,List of Plates (vol. V); engraved caption on the leaf; the text leaf bound after the plate; Kansas catalogue; the plate
V,74,,Steere's Pitta,Pitta Steerii,Pitta steerii,Azure-breasted Pitta,azbpit1,eBird/Clements 2025,Q781865,2489456,7B5AEE20076A6D94,Pitta steerii_Azure-breasted Pitta,,high,yes,,List of Plates (vol. V); engraved caption on the leaf; the text leaf bound after the plate; Kansas catalogue; pinned in Featherframe (gould_asia.yaml)
V,75,,Ussher's Pitta,Pitta Ussheri,Erythropitta ussheri,Black-crowned Pitta,bkhpit1,eBird/Clements 2025,Q2927270,6101098,845C4CA6C5C374ED,Erythropitta ussheri_Black-crowned Pitta,,high,yes,,List of Plates (vol. V); engraved caption on the leaf; the text leaf bound after the plate; Kansas catalogue; pinned in Featherframe (gould_asia.yaml)
V,76,,Black-headed Pitta,Pitta atricapilla,Pitta sordida,Western Hooded Pitta,wehpit1,eBird/Clements 2025,Q1075282,2489527,8B66425E63654585,Pitta sordida_Hooded Pitta,subspecies,high,yes,"Pitta atricapilla, Gould's black-headed hooded pitta from the Philippines and Borneo (P. muelleri in his synonymy), is the black-hooded Philippine and Sunda races of Western Hooded Pitta (sordida, muelleri); the plate shows the hood without a chestnut crown.",List of Plates; engraved caption; Gould's text; Kansas catalogue; the plate
V,77,,Blue-tailed Pitta,Pitta cyanura,Hydrornis guajanus,Javan Banded-Pitta,banpit2,eBird/Clements 2025,Q333103,2489514,FA65A7F3DA369160,,,high,yes,"Gould's Pitta cyanura (Turdus cyanurus Gmel., Myiothera affinis Horsf.; Java) = Javan Banded-Pitta: yellow eyebrow throughout, underparts barred yellow and blue. eBird 2025 splits the Banded Pitta three ways (V.77, V.78, V.83).",List of Plates (vol. V); engraved caption on the leaf; the text leaf bound after the plate; Kansas catalogue; the plate
V,78,,Schwaner's Pitta,Pitta Schwaneri,Hydrornis schwaneri,Bornean Banded-Pitta,banpit4,eBird/Clements 2025,Q3143815,6101090,,Hydrornis schwaneri_Bornean Banded-Pitta,,high,yes,,List of Plates (vol. V); engraved caption on the leaf; the text leaf bound after the plate; Kansas catalogue; pinned in Featherframe (gould_asia.yaml)
V,79,,Nepaul Pitta,Pitta Nipalensis,Hydrornis nipalensis,Blue-naped Pitta,blnpit1,eBird/Clements 2025,Q928569,6101083,1026AAFD8ED0428C,Hydrornis nipalensis_Blue-naped Pitta,,high,yes,,List of Plates (vol. V); engraved caption on the leaf; the text leaf bound after the plate; Kansas catalogue; pinned in Featherframe (gould_asia.yaml)
V,80,,Blue Pitta,Pitta cyanea,Hydrornis cyaneus,Blue Pitta,blupit1,eBird/Clements 2025,Q27075056,6101085,37815E0C0825B6EC,Hydrornis cyaneus_Blue Pitta,,high,yes,,List of Plates (vol. V); engraved caption on the leaf; the text leaf bound after the plate; Kansas catalogue; pinned in Featherframe (gould_asia.yaml)
V,81,,Cerulean Pitta,Pitta caerulea,Hydrornis caeruleus,Giant Pitta,giapit1,eBird/Clements 2025,Q778426,6101088,,Hydrornis caeruleus_Giant Pitta,,high,yes,,List of Plates (vol. V); engraved caption on the leaf; the text leaf bound after the plate; Kansas catalogue; pinned in Featherframe (gould_asia.yaml)
V,82,,Hooded Pitta,Pitta cucullata,Pitta sordida,Western Hooded Pitta,wehpit1,eBird/Clements 2025,Q1075282,2489527,8B66425E63654585,Pitta sordida_Hooded Pitta,subspecies,high,yes,"Pitta cucullata Hartlaub, from Nepal to Malaya, is P. sordida cucullata, the chestnut-crowned race of Western Hooded Pitta, which eBird 2025 splits from Eastern Hooded.",List of Plates; engraved caption; Gould's text; Kansas catalogue
V,83,,Van der Bosch's Pitta,Pitta Boschii,Hydrornis irena,Malayan Banded-Pitta,banpit3,eBird/Clements 2025,Q3143814,6101086,,Hydrornis irena_Malayan Banded-Pitta,,high,yes,"Müller & Schlegel's Pitta boschii (Sumatra) = Malayan Banded-Pitta: yellow eyebrow turning fiery orange on the nape, deep blue underparts barred orange on the sides.",List of Plates (vol. V); engraved caption on the leaf; the text leaf bound after the plate; Kansas catalogue; the plate
VI,1,,Mrs. Layard's Parrakeet,Palaeornis Calthropae,Psittacula calthrapae,Layard's Parakeet,laypar1,eBird/Clements 2025,Q692953,5229065,DB5ABCFC5FAF4B44,Psittacula calthrapae_Layard's Parakeet,,high,yes,"Layard's Palaeornis calthropae of the Ceylon hills = Layard's Parakeet: blue-grey head, green face, emerald collar.",List of Plates (vol. VI); engraved caption on the leaf; Gould's text; Kansas catalogue; the plate
VI,2,,Blossom-headed Parrakeet,Paleornis rosa,Psittacula cyanocephala,Plum-headed Parakeet,plhpar1,eBird/Clements 2025,Q913813,5229044,,Psittacula cyanocephala_Plum-headed Parakeet,,high,yes,"Gould's text says Blyth's names for VI.2 and VI.3 are transposed: this 'rosa' is the Indian and Ceylon bird (Hume's purpureus), the Plum-headed Parakeet. The plate agrees: emerald ring under the black collar, white tail tip, grey-headed female with a yellow collar and no wing-spot.",List of Plates (vol. VI); engraved caption on the leaf; Gould's text; Kansas catalogue; the plate
VI,3,,Burmese Parrakeet,Paleornis cyanocephala,Psittacula roseata,Blossom-headed Parakeet,blhpar3,eBird/Clements 2025,Q1271952,5229062,7FBB0C8D4C9661D6,,,high,yes,"Gould's text says Blyth's names for VI.2 and VI.3 are transposed: this 'cyanocephala', the Burmese bird of E Bengal, Assam, Burma and China (Hume's bengalensis), is the Blossom-headed Parakeet. The plate agrees: pink head with lavender nape, no emerald ring under the collar, yellowish tail tip, maroon wing-spot in the grey-headed females.",List of Plates (vol. VI); engraved caption on the leaf; Gould's text; Kansas catalogue; the plate
VI,4,,Bonaparte's Parrakeet,Paleornis Luciani,Psittacula longicauda,Long-tailed Parakeet,lotpar2,eBird/Clements 2025,Q1055832,5229038,39960EAB7C827833,Psittacula longicauda_Long-tailed Parakeet,,high,yes,"Palaeornis luciani (a ZSL cage bird) has a green crown, red cheeks running round the neck, a black moustache and lores and a red bill: a Long-tailed Parakeet. A Red-breasted Parakeet has a grey head and pink breast. Salvadori (Cat. Birds BM xx) puts the plate in his modesta, now the Enggano race. The short tail is a cage bird's.","List of Plates (vol. VI); engraved caption on the leaf; the text leaf bound after the plate; Kansas catalogue; Sharpe, Cat. Birds BM xx; the plate"
VI,5,,Grey-headed Parrakeet,Paleornis caniceps,Psittacula caniceps,Nicobar Parakeet,nicpar1,eBird/Clements 2025,Q1270794,5229035,,,,high,yes,"Blyth's Palaeornis caniceps of the Nicobars = Nicobar Parakeet: grey cap, black frontal band and moustache.",List of Plates (vol. VI); engraved caption on the leaf; Gould's text; Kansas catalogue; the plate
VI,6,,Nicobar Parrakeet,Paleornis Nicobaricus,Psittacula longicauda,Long-tailed Parakeet,lotpar2,eBird/Clements 2025,Q1055832,5229038,39960EAB7C827833,Psittacula longicauda_Long-tailed Parakeet,subspecies,high,yes,"Palaeornis nicobaricus Gould (Blyth's erythrogenys), from the Nicobars, is Psittacula longicauda nicobarica, the Nicobar race of Long-tailed Parakeet.",List of Plates; engraved caption; Gould's text; Kansas catalogue
VI,7,,Blue-winged Parrakeet,Paleornis Columboides,Psittacula columboides,Malabar Parakeet,malpar1,eBird/Clements 2025,Q1007526,5229054,,Psittacula columboides_Malabar Parakeet,,high,yes,,List of Plates (vol. VI); engraved caption on the leaf; the text leaf bound after the plate; Kansas catalogue; pinned in Featherframe (gould_asia.yaml)
VI,8,,Slaty-headed Parrakeet,Paleornis schisticeps,Psittacula himalayana,Slaty-headed Parakeet,slhpar1,eBird/Clements 2025,Q1036497,5229036,5D7421A056FDE997,Psittacula himalayana_Slaty-headed Parakeet,,high,yes,,List of Plates (vol. VI); engraved caption on the leaf; the text leaf bound after the plate; Kansas catalogue; pinned in Featherframe (gould_asia.yaml)
VI,9,,The Earl of Derby's Parrakeet,Paleornis Derbianus,Psittacula derbiana,Derbyan Parakeet,derpar1,eBird/Clements 2025,Q999922,5229072,,,,high,yes,"Fraser's Palaeornis derbianus = Derbyan Parakeet: violet-blue crown, black chin, vinous underparts.",List of Plates (vol. VI); engraved caption on the leaf; Gould's text; Kansas catalogue; the plate
VI,10,,Malacca Parrakeet,Paleornis Malaccensis,Psittacula longicauda,Long-tailed Parakeet,lotpar2,eBird/Clements 2025,Q1055832,5229038,39960EAB7C827833,Psittacula longicauda_Long-tailed Parakeet,,high,yes,,List of Plates (vol. VI); engraved caption on the leaf; the text leaf bound after the plate; Kansas catalogue; pinned in Featherframe (gould_asia.yaml)
VI,11,,Allied Parrakeet,Paleornis affinis,Psittacula longicauda,Long-tailed Parakeet,lotpar2,eBird/Clements 2025,Q1055832,5229038,39960EAB7C827833,Psittacula longicauda_Long-tailed Parakeet,,judged,yes,"Gould's affinis has pinky-red cheeks and nape collar, a green crown and a green moustache: a Long-tailed Parakeet, most likely a female or young (Blyth's viridimystax). Salvadori lists it, with a query, under P. longicauda. An Alexandrine, the survey's reading, has no red cheeks. The specimen's origin is unknown.","List of Plates (vol. VI); engraved caption on the leaf; the text leaf bound after the plate; Kansas catalogue; Sharpe, Cat. Birds BM xx; the plate"
VI,12,,Racket-tailed Parrot,Prioniturus setarius,Prioniturus platurus,Golden-mantled Racquet-tail,gmrtai1,eBird/Clements 2025,Q1267335,2480039,23917E7BDB839DD7,,,high,yes,"Temminck's Psittacus setarius of Celebes is a synonym of P. platurus, the Golden-mantled Racquet-tail; the male shows the red crown spot, grey band and orange mantle.",List of Plates (vol. VI); engraved caption on the leaf; Gould's text; Kansas catalogue; the plate
VI,13,,Great Racket-tailed Parrot,Prioniturus flavicans,Prioniturus flavicans,Yellow-breasted Racquet-tail,yebrat1,eBird/Clements 2025,Q1272808,2480038,379431D7A5B31CCC,,,high,yes,Cassin's Prioniturus flavicans of north Celebes = Yellow-breasted Racquet-tail.,List of Plates (vol. VI); engraved caption on the leaf; Gould's text; Kansas catalogue; the plate
VI,14,,Philippine Racket-tailed Parrot,Prioniturus spatuliger,Prioniturus discurus,Blue-crowned Racquet-tail,bcrtai1,eBird/Clements 2025,Q1271400,2480034,5B2086A6B87F95AB,,,high,yes,"Gray's Prioniturus spatuliger from Manila is a synonym of P. discurus: a green racquet-tail with a verditer-blue crown and whitish bill, the Blue-crowned Racquet-tail, the same species as VI.15.",List of Plates (vol. VI); engraved caption on the leaf; Gould's text; Kansas catalogue; the plate
VI,15,,Little Racket-tailed Parrot,Prioniturus discurus,Prioniturus discurus,Blue-crowned Racquet-tail,bcrtai1,eBird/Clements 2025,Q1271400,2480034,5B2086A6B87F95AB,,,high,yes,"Vieillot's Psittacus discurus, figured from Cuming's Luzon bird, = Blue-crowned Racquet-tail: blue-washed crown, whitish bill.",List of Plates (vol. VI); engraved caption on the leaf; Gould's text; Kansas catalogue; the plate
VI,16,,Formosan Spotted Woodpecker,Picus insularis,Dendrocopos leucotos,White-backed Woodpecker,whbwoo1,eBird/Clements 2025,Q207290,2477927,4507ACD713D16392,Dendrocopos leucotos_White-backed Woodpecker,subspecies,high,yes,"Picus insularis Gould, from Formosa, is Dendrocopos leucotos insularis, the Taiwan White-backed Woodpecker: Gould and Swinhoe compare it with P. leuconotus, and the plate shows the male's red crown, white-barred lower back and streaked flanks, with no white shoulder patch. The survey's Great Spotted Woodpecker is wrong.",List of Plates; engraved caption; Gould's text; Kansas catalogue; the plate
VI,17,,Chinese Spotted Woodpecker,Picus Cabanisi,Dendrocopos major,Great Spotted Woodpecker,grswoo,eBird/Clements 2025,Q26209,2477968,D754DB8552A7AA42,Dendrocopos major_Great Spotted Woodpecker,subspecies,high,yes,"Picus cabanisi Malherbe, from China, is D. major cabanisi, the south Chinese race of Great Spotted Woodpecker.",List of Plates; engraved caption; Gould's text; Kansas catalogue
VI,18,,Heart-spotted Woodpecker,Hemicercus cordatus,Hemicircus canente,Heart-spotted Woodpecker,heswoo1,eBird/Clements 2025,Q1270427,2478592,,Hemicircus canente_Heart-spotted Woodpecker,,high,yes,,List of Plates (vol. VI); engraved caption on the leaf; the text leaf bound after the plate; Kansas catalogue; pinned in Featherframe (gould_asia.yaml)
VI,19,,Javan Spotted Woodpecker,Hemicercus concretus,Hemicircus concretus,Gray-and-buff Woodpecker,gabwoo3,eBird/Clements 2025,Q1035242,2478593,,Hemicircus concretus_Gray-and-buff Woodpecker,,high,yes,,List of Plates (vol. VI); engraved caption on the leaf; the text leaf bound after the plate; Kansas catalogue; pinned in Featherframe (gould_asia.yaml)
VI,20,,Hartlaub's Spotted Woodpecker,Hemicercus Hartlaubi,Hemicircus concretus,Gray-and-buff Woodpecker,gabwoo3,eBird/Clements 2025,Q1035242,2478593,,Hemicircus concretus_Gray-and-buff Woodpecker,subspecies,high,yes,"Malherbe's hartlaubi, the red-crowned form Gould kept apart from VI.19, is now within the Gray-and-buff Woodpecker.",List of Plates (vol. VI); engraved caption on the leaf; Gould's text; Kansas catalogue; the plate
VI,21,,Swinhoe's Pygmy Woodpecker,Iyngipicus scintilliceps,Yungipicus canicapillus,Gray-capped Pygmy Woodpecker,gycwoo1,eBird/Clements 2025,Q39277,,5A4F2DF69ADE33D1,Yungipicus canicapillus_Gray-capped Pygmy Woodpecker,subspecies,high,yes,"Iyngipicus scintilliceps Swinhoe, from near Peking, is Yungipicus canicapillus scintilliceps, the north Chinese race of Gray-capped Pygmy Woodpecker.",List of Plates; engraved caption; Gould's text; Kansas catalogue
VI,22,,Doerries's Pygmy Woodpecker,Iyngipicus Doerriesi,Yungipicus canicapillus,Gray-capped Pygmy Woodpecker,gycwoo1,eBird/Clements 2025,Q39277,,5A4F2DF69ADE33D1,Yungipicus canicapillus_Gray-capped Pygmy Woodpecker,subspecies,high,yes,"Iyngipicus doerriesi Hargitt, from Askold Island and Ussuriland, is Y. canicapillus doerriesi, a race of Gray-capped Pygmy Woodpecker.",List of Plates; engraved caption; Gould's text; Kansas catalogue
VI,23,,Orange-breasted PyzmyWoodpecker,Iyngipicus aurantiiventris,Yungipicus canicapillus,Gray-capped Pygmy Woodpecker,gycwoo1,eBird/Clements 2025,Q39277,,5A4F2DF69ADE33D1,Yungipicus canicapillus_Gray-capped Pygmy Woodpecker,subspecies,high,yes,"Salvadori's aurantiiventris is the Bornean race of the Gray-capped Pygmy Woodpecker: grey crown, red occipital streak, orange-washed belly.",List of Plates (vol. VI); engraved caption on the leaf; Gould's text; Kansas catalogue; the plate
VI,24,,Ramsay's Pygmy Woodpecker,Iyngipicus Ramsayi,Yungipicus ramsayi,Sulu Pygmy Woodpecker,phiwoo3,eBird/Clements 2025,Q27074878,8951546,,,,high,yes,"Hargitt's ramsayi (type said to come from north-east Borneo) is the Sulu Pygmy Woodpecker, which eBird splits from the Philippine Pygmy: olive-brown back, scarlet nape band, saffron breast.",List of Plates (vol. VI); engraved caption on the leaf; Gould's text; Kansas catalogue; the plate
VI,25,,Temminck's Pygmy Woodpecker,Iyngipicus Temmincki,Yungipicus temminckii,Sulawesi Pygmy Woodpecker,sulwoo2,eBird/Clements 2025,Q27074875,8875463,4FDB8D83F9F8941F,,,high,yes,"Malherbe's Picus temmincki of Celebes = Sulawesi Pygmy Woodpecker: olive-brown back, scarlet nape patch.",List of Plates (vol. VI); engraved caption on the leaf; Gould's text; Kansas catalogue; the plate
VI,26,,Darjiling Pygmy Woodpecker,Iyngipicus semicoronatus,Yungipicus canicapillus,Gray-capped Pygmy Woodpecker,gycwoo1,eBird/Clements 2025,Q39277,,5A4F2DF69ADE33D1,Yungipicus canicapillus_Gray-capped Pygmy Woodpecker,subspecies,high,yes,"Iyngipicus semicoronatus Malherbe, from Sikkim and the Khasi and Naga hills, is Y. canicapillus semicoronatus, the eastern Himalayan race of Gray-capped Pygmy Woodpecker.",List of Plates; engraved caption; Gould's text; Kansas catalogue
VI,27,,Grey-headed Pygmy Woodpecker,Iyngipicus canicapillus,Yungipicus canicapillus,Gray-capped Pygmy Woodpecker,gycwoo1,eBird/Clements 2025,Q39277,,5A4F2DF69ADE33D1,Yungipicus canicapillus_Gray-capped Pygmy Woodpecker,,high,yes,,List of Plates (vol. VI); engraved caption on the leaf; the text leaf bound after the plate; Kansas catalogue; pinned in Featherframe (gould_asia.yaml)
VI,28,,Hardwicke's Pygmy Woodpecker,Iyngipicus Hardwickii,Yungipicus nanus,Brown-capped Pygmy Woodpecker,bncwoo3,eBird/Clements 2025,Q27074876,8966665,,Yungipicus nanus_Brown-capped Pygmy Woodpecker,subspecies,high,yes,"Iyngipicus hardwickii Jerdon, the pale-capped pygmy woodpecker of peninsular India, is Yungipicus nanus hardwickii, a race of Brown-capped Pygmy Woodpecker; the plate shows the uniform brown cap.",List of Plates; engraved caption; Gould's text; Kansas catalogue; the plate
VI,29,,Malayan Pygmy Woodpecker,Iyngipicus auritus,Yungipicus moluccensis,Sunda Pygmy Woodpecker,bncwoo2,eBird/Clements 2025,Q27074880,9104123,BAC6337B553A0960,Yungipicus moluccensis_Sunda Pygmy Woodpecker,,high,yes,"Sharpe's 'auritus' is the Sundaic bird (syn. Picus moluccensis Gmelin, fusco-albidus; Malaya, Java, Sumatra, Borneo), and the plate shows it: brown crown, brown-barred back, streaked underparts. That is the Sunda Pygmy Woodpecker; Eyton's name auritus now belongs to a race of the Gray-capped.",List of Plates (vol. VI); engraved caption on the leaf; Gould's text; Kansas catalogue; the plate
VI,30,,Sonnerat's Pygmy Woodpecker,Iyngipicus maculatus,Yungipicus maculatus,Philippine Pygmy Woodpecker,phiwoo1,eBird/Clements 2025,Q27074877,8854301,,,,high,yes,"Scopoli's Picus maculatus (Sonnerat's bird from Panay; Luzon specimens) = Philippine Pygmy Woodpecker: spotted breast, barred rump.",List of Plates (vol. VI); engraved caption on the leaf; Gould's text; Kansas catalogue; the plate
VI,31,,Banded Pygmy Woodpecker,Iyngipicus fulvifasciatus,Yungipicus maculatus,Philippine Pygmy Woodpecker,phiwoo1,eBird/Clements 2025,Q27074877,8854301,,,subspecies,high,yes,Hargitt's fulvifasciatus of Mindanao and Basilan is a race of the Philippine Pygmy Woodpecker.,List of Plates (vol. VI); engraved caption on the leaf; Gould's text; Kansas catalogue; the plate
VI,32,,Ceylonese Pygmy Woodpecker,Iyngipicus gymnophthalmus,Yungipicus nanus,Brown-capped Pygmy Woodpecker,bncwoo3,eBird/Clements 2025,Q27074876,8966665,,Yungipicus nanus_Brown-capped Pygmy Woodpecker,subspecies,high,yes,"Blyth's gymnophthalmos of Ceylon, plain below with a blackish cap, is the Sri Lankan race of the Brown-capped Pygmy Woodpecker.",List of Plates (vol. VI); engraved caption on the leaf; Gould's text; Kansas catalogue; the plate
VI,33,,Travancore Pygmy Woodpecker,Iyngipicus peninsularis,Yungipicus nanus,Brown-capped Pygmy Woodpecker,bncwoo3,eBird/Clements 2025,Q27074876,8966665,,Yungipicus nanus_Brown-capped Pygmy Woodpecker,subspecies,high,yes,"Hargitt's peninsularis of Travancore and Malabar, brown-capped and nearly plain below, belongs to the south-west Indian race of the Brown-capped Pygmy Woodpecker.",List of Plates (vol. VI); engraved caption on the leaf; Gould's text; Kansas catalogue; the plate
VI,34,,Vigors's Pygmy Woodpecker,Iyngipicus nanus,Yungipicus nanus,Brown-capped Pygmy Woodpecker,bncwoo3,eBird/Clements 2025,Q27074876,8966665,,Yungipicus nanus_Brown-capped Pygmy Woodpecker,,high,yes,,List of Plates (vol. VI); engraved caption on the leaf; the text leaf bound after the plate; Kansas catalogue; pinned in Featherframe (gould_asia.yaml)
VI,35,,Formosan Green Woodpecker,Gecinus Tancolo,Picus canus,Gray-headed Woodpecker,gyfwoo1,eBird/Clements 2025,Q201106,2478548,FC68F046,Picus canus_Gray-headed Woodpecker,subspecies,high,yes,"Gecinus tancolo Gould, from Formosa, is Picus canus tancolo, a race of Gray-headed Woodpecker in eBird's Black-naped group.",List of Plates; engraved caption; Gould's text; Kansas catalogue
VI,36,,Yellow-naped Woodpecker,Chrysophlegma flavinucha,Chrysophlegma flavinucha,Greater Yellownape,greyel1,eBird/Clements 2025,Q27074946,6101206,B122779F97420784,Chrysophlegma flavinucha_Greater Yellownape,,high,yes,,List of Plates (vol. VI); engraved caption on the leaf; the text leaf bound after the plate; Kansas catalogue; pinned in Featherframe (gould_asia.yaml)
VI,37,,Negros Yellow-faced Woodpecker,Chrysocolaptes xanthocephalus,Chrysocolaptes xanthocephalus,Yellow-faced Flameback,yeffla1,eBird/Clements 2025,Q2967368,7974590,101A379CCB005734,,,high,yes,"Walden and Layard's xanthocephalus of Negros = Yellow-faced Flameback, split from the Greater Flameback group: yellow face, red crown in the male, crimson back.",List of Plates (vol. VI); engraved caption on the leaf; Gould's text; Kansas catalogue; the plate
VI,38,,Indian Wryneck,Yunx Indica,Jynx ruficollis,Red-throated Wryneck,runwry1,eBird/Clements 2025,Q1073606,2478160,93EC5E124D3196A1,Jynx ruficollis_Rufous-necked Wryneck,,judged,yes,"Gould's Yunx indica has a chestnut-red throat patch and he likens it to Y. pectoralis of South Africa; the plate shows that patch on both birds, which no Eurasian Wryneck has, so it is a Red-throated Wryneck. Its Asian origin is unproven: Gould only believed the skin came from Afghanistan or Tibet.",List of Plates; engraved caption; Gould's text; Kansas catalogue; the plate
VI,39,,Speckled Piculet,Vivia innominata,Picumnus innominatus,Speckled Piculet,spepic1,eBird/Clements 2025,Q2672657,5228719,,Picumnus innominatus_Speckled Piculet,,high,yes,,List of Plates (vol. VI); engraved caption on the leaf; the text leaf bound after the plate; Kansas catalogue; pinned in Featherframe (gould_asia.yaml)
VI,40,,Rufous Piculet,Sasia ochracea,Sasia ochracea,White-browed Piculet,whbpic3,eBird/Clements 2025,Q2670949,2478211,,Sasia ochracea_White-browed Piculet,,high,yes,,List of Plates (vol. VI); engraved caption on the leaf; the text leaf bound after the plate; Kansas catalogue; pinned in Featherframe (gould_asia.yaml)
VI,41,,Malayan Piculet,Sasia abnormis,Sasia abnormis,Rufous Piculet,rufpic1,eBird/Clements 2025,Q388285,2478207,,Sasia abnormis_Rufous Piculet,,high,yes,,List of Plates (vol. VI); engraved caption on the leaf; the text leaf bound after the plate; Kansas catalogue; pinned in Featherframe (gould_asia.yaml)
VI,42,,Powerful Cuckoo,Cuculus strenuus,Hierococcyx sparverioides,Large Hawk-Cuckoo,larhac2,eBird/Clements 2025,Q388301,5231900,CC033E8154BF486F,Hierococcyx sparverioides_Large Hawk-Cuckoo,,high,yes,"Cuculus strenuus Gould, a very large hawk-cuckoo from Manila (wing 9 1/4 in.), is the Large Hawk-Cuckoo, a winter visitor there; not a race of it, so no form.",List of Plates; engraved caption; Gould's text; Kansas catalogue
VI,43,,Rufous-bellied Cuckoo,Cuculus hyperythrus,Hierococcyx hyperythrus,Northern Hawk-Cuckoo,nohcuc1,eBird/Clements 2025,Q2998692,6085657,207B35376E56241B,Hierococcyx hyperythrus_Northern Hawk-Cuckoo,,high,yes,,List of Plates (vol. VI); engraved caption on the leaf; the text leaf bound after the plate; Kansas catalogue; pinned in Featherframe (gould_asia.yaml)
VI,44,,Hairy-browed Cuckoo,Dasylophus superciliosus,Dasylophus superciliosus,Red-crested Malkoha,recmal1,eBird/Clements 2025,Q1110879,2496454,00F880FAFA0134D0,,,high,yes,"Dasylophus superciliosus of Luzon = Red-crested Malkoha: black, with tufts of red bristles over the eye.",List of Plates (vol. VI); engraved caption on the leaf; Gould's text; Kansas catalogue; the plate
VI,45,,Curl-crested Cuckoo,Lepidogrammus Cumingi,Dasylophus cumingi,Scale-feathered Malkoha,scfmal1,eBird/Clements 2025,Q523212,6100752,653D9BD04835B33B,Dasylophus cumingi_Scale-feathered Malkoha,,high,yes,,List of Plates (vol. VI); engraved caption on the leaf; the text leaf bound after the plate; Kansas catalogue; pinned in Featherframe (gould_asia.yaml)
VI,46,,Emerald Cuckoo,Chalcites Hodgsoni,Chrysococcyx maculatus,Asian Emerald Cuckoo,asecuc1,eBird/Clements 2025,Q864740,2496315,DD1544E8F05625C1,Chrysococcyx maculatus_Asian Emerald Cuckoo,,high,yes,,List of Plates (vol. VI); engraved caption on the leaf; the text leaf bound after the plate; Kansas catalogue; pinned in Featherframe (gould_asia.yaml)
VI,47,,Amethystine Cuckoo,Chalcites xanthorhynchus,Chrysococcyx xanthorhynchus,Violet Cuckoo,viocuc1,eBird/Clements 2025,Q470370,2496321,A6C0353324EA444C,Chrysococcyx xanthorhynchus_Violet Cuckoo,,high,yes,,List of Plates (vol. VI); engraved caption on the leaf; the text leaf bound after the plate; Kansas catalogue; pinned in Featherframe (gould_asia.yaml)
VI,48,,Yellow-rumped Honey-guide,Indicator xanthonotus,Indicator xanthonotus,Yellow-rumped Honeyguide,yerhon1,eBird/Clements 2025,Q1274121,5228978,CBA33B096F647E70,,,high,yes,Blyth's Indicator xanthonotus = Yellow-rumped Honeyguide.,List of Plates (vol. VI); engraved caption on the leaf; Gould's text; Kansas catalogue; the plate
VI,49,,Embroidered Barbet,Megalaema nuchalis,Psilopogon nuchalis,Taiwan Barbet,taibar2,eBird/Clements 2025,Q27074855,7792756,244D53367728D6C3,Psilopogon nuchalis_Taiwan Barbet,,high,yes,,List of Plates (vol. VI); engraved caption on the leaf; the text leaf bound after the plate; Kansas catalogue; pinned in Featherframe (gould_asia.yaml)
VI,50,,Franklin's Barbet,Megalaema Franklinii,Psilopogon franklinii,Golden-throated Barbet,gotbar2,eBird/Clements 2025,Q1259524,,C8F408EBA08E5EDD,Psilopogon franklinii_Golden-throated Barbet,,high,yes,,List of Plates (vol. VI); engraved caption on the leaf; the text leaf bound after the plate; Kansas catalogue; pinned in Featherframe (gould_asia.yaml)
VI,51,,Red-breasted Pigeon,Phlogoenas cruenta,Gallicolumba luzonica,Luzon Bleeding-heart,lubhea1,eBird/Clements 2025,Q1049295,2495239,804BBC8CEFE8DED9,,,high,yes,Gmelin's Columba cruenta (syn. C. luzonica Scopoli) = Luzon Bleeding-heart.,List of Plates (vol. VI); engraved caption on the leaf; Gould's text; Kansas catalogue; the plate
VI,52,,Maroon-breasted Pigeon,Phlogoenas crinigera,Gallicolumba crinigera,Mindanao Bleeding-heart,minblh1,eBird/Clements 2025,Q809443,2495224,F868CF77560D17E0,,,high,yes,"Peristera crinigera (syn. Phlogoenas bartletti Sclater) = Mindanao Bleeding-heart: glossy green head and neck, large maroon breast patch.",List of Plates (vol. VI); engraved caption on the leaf; Gould's text; Kansas catalogue; the plate
VI,53,,Otidiphaps,Otidiphaps nobilis,Otidiphaps nobilis,Pheasant Pigeon,phepig1,eBird/Clements 2025,Q662429,2495924,5C686F54B67CFAE1,Otidiphaps nobilis_Pheasant Pigeon,,high,yes,,List of Plates (vol. VI); engraved caption on the leaf; the text leaf bound after the plate; Kansas catalogue; pinned in Featherframe (gould_asia.yaml)
VI,54,,Mongolian Rock-Pigeon,Columba rupestris,Columba rupestris,Hill Pigeon,hilpig1,eBird/Clements 2025,Q754662,5231820,BF20B94DAF59C36D,,,high,yes,Pallas's Columba rupestris = Hill Pigeon.,List of Plates (vol. VI); engraved caption on the leaf; Gould's text; Kansas catalogue; the plate
VI,55,,White-bellied Pigeon,Columba leuconota,Columba leuconota,Snow Pigeon,snopig1,eBird/Clements 2025,Q841221,5231842,F5750571C185EF31,,,high,yes,Vigors's Columba leuconota = Snow Pigeon.,List of Plates (vol. VI); engraved caption on the leaf; Gould's text; Kansas catalogue; the plate
VI,56,,Indian Rock-Pigeon,Columba intermedia,Columba livia,Rock Pigeon,rocpig,eBird/Clements 2025,Q42326,2495414,BBA263C235B15B88,Columba livia_Rock Pigeon,subspecies,high,yes,"Columba intermedia Strickland, the grey-rumped rock dove of India and Ceylon, is C. livia intermedia, a race of Rock Pigeon.",List of Plates; engraved caption; Gould's text; Kansas catalogue
VI,57,,Elphinstone's Wood-Pigeon,Palumbus Elphinstonei,Columba elphinstonii,Nilgiri Wood-Pigeon,niwpig1,eBird/Clements 2025,Q1074450,5231876,5813ADBEB25F162F,,,high,yes,"Sykes's Elphinstone's Pigeon of the Nilgiris and Western Ghats = Nilgiri Wood-Pigeon; text and figure are the Indian bird, not the Ceylon birds Gould mentions (now Sri Lanka Wood-Pigeon).",List of Plates (vol. VI); engraved caption on the leaf; Gould's text; Kansas catalogue; the plate
VI,58,,Collared Wood-Pigeon,Palumbus pulchricollis,Columba pulchricollis,Ashy Wood-Pigeon,aswpig1,eBird/Clements 2025,Q367075,5231868,6E814856F989835F,,,high,yes,"Hodgson's Columba pulchricollis = Ashy Wood-Pigeon: grey head, buff-tipped nuchal collar.",List of Plates (vol. VI); engraved caption on the leaf; Gould's text; Kansas catalogue; the plate
VI,59,,Branded Pigeon,Phlogoenas tristigmata,Gallicolumba tristigmata,Sulawesi Ground Dove,sugdov1,eBird/Clements 2025,Q795500,2495220,F991F61F5F5EB91D,,,high,yes,Temminck's Columba tristigmata of Celebes = Sulawesi Ground Dove.,List of Plates (vol. VI); engraved caption on the leaf; Gould's text; Kansas catalogue; the plate
VI,60,,Pallas's Sand-Grouse,Syrrhaptes paradoxus,Syrrhaptes paradoxus,Pallas's Sandgrouse,palsan1,eBird/Clements 2025,Q128002,2480208,BDCB55F1196CAC6A,Syrrhaptes paradoxus_Pallas's Sandgrouse,,high,yes,,List of Plates (vol. VI); engraved caption on the leaf; the text leaf bound after the plate; Kansas catalogue; pinned in Featherframe (gould_asia.yaml)
VI,61,,Tibetian Short-toed Sand-Grouse,Syrrhaptes Tibetanus,Syrrhaptes tibetanus,Tibetan Sandgrouse,tibsan1,eBird/Clements 2025,Q127890,2480209,06AC42C70A676C27,,,high,yes,Gould's Syrrhaptes tibetanus from Ladakh = Tibetan Sandgrouse.,List of Plates (vol. VI); engraved caption on the leaf; Gould's text; Kansas catalogue; the plate
VI,62,,Spotted Sand-Grouse,Pterocles guttatus,Pterocles senegallus,Spotted Sandgrouse,sposan1,eBird/Clements 2025,Q80832,2480194,942BC61855ED501E,Pterocles senegallus_Spotted Sandgrouse,,judged,yes,"the plate: orange face, grey neck, no black collar; guttatus is its synonym",List of Plates (vol. VI); engraved caption on the leaf; the text leaf bound after the plate; Kansas catalogue; pinned in Featherframe (gould_asia.yaml)
VI,63,,Coronetted Sand-Grouse,Pterocles coronatus,Pterocles coronatus,Crowned Sandgrouse,crosan1,eBird/Clements 2025,Q127886,2480205,90194DA5CBF312EC,,,high,yes,Lichtenstein's Pterocles coronatus = Crowned Sandgrouse.,List of Plates (vol. VI); engraved caption on the leaf; Gould's text; Kansas catalogue; the plate
VI,64,,Whistling Sand-Grouse,Pterocles exustus,Pterocles exustus,Chestnut-bellied Sandgrouse,chbsan,eBird/Clements 2025,Q127903,2480197,F5DE9155D65FAB81,Pterocles exustus_Chestnut-bellied Sandgrouse,,high,yes,,List of Plates (vol. VI); engraved caption on the leaf; the text leaf bound after the plate; Kansas catalogue; pinned in Featherframe (gould_asia.yaml)
VI,65,,Banded Sand-Grouse,Pterocles fasciatus,Pterocles indicus,Painted Sandgrouse,paisan1,eBird/Clements 2025,Q127884,2480206,03CF8CB55C61AC35,,,high,yes,"Gould's Pterocles fasciatus (syn. Tetrao indicus Gmelin, P. quadricinctus Sykes) is the Indian bird, the Painted Sandgrouse.",List of Plates (vol. VI); engraved caption on the leaf; Gould's text; Kansas catalogue; the plate
VI,66,,Georgian Black Grouse,Tetrao Mlokosiewiczi,Lyrurus mlokosiewiczi,Caucasian Grouse,caugro1,eBird/Clements 2025,Q845408,2473680,4ACE5613FF666F16,,,high,yes,"Taczanowski's Tetrao mlokosiewiczi of the Caucasus = Caucasian Grouse: all black, long and barely forked tail.",List of Plates (vol. VI); engraved caption on the leaf; Gould's text; Kansas catalogue; the plate
VI,67,,Ceylon Spur-Fowl,Galloperdix Zeylonicus,Galloperdix bicalcarata,Sri Lanka Spurfowl,ceyspu1,eBird/Clements 2025,Q1260161,2473695,1C615F4296BCCE5C,Galloperdix bicalcarata_Sri Lanka Spurfowl,,high,yes,,List of Plates (vol. VI); engraved caption on the leaf; the text leaf bound after the plate; Kansas catalogue; pinned in Featherframe (gould_asia.yaml)
VI,68,,Rufous Spur-Fowl,Galloperdix spadiceus,Galloperdix spadicea,Red Spurfowl,redspu1,eBird/Clements 2025,Q1269712,2473696,730665C103E50CE9,Galloperdix spadicea_Red Spurfowl,,high,yes,,List of Plates (vol. VI); engraved caption on the leaf; the text leaf bound after the plate; Kansas catalogue; pinned in Featherframe (gould_asia.yaml)
VI,69,,Painted Spur-Fowl,Galloperdix lunulosa,Galloperdix lunulata,Painted Spurfowl,paispu1,eBird/Clements 2025,Q1259938,2473700,3A5DB01CA96B77AD,,,high,yes,Perdix lunulosa (lunulata Valenciennes) = Painted Spurfowl.,List of Plates (vol. VI); engraved caption on the leaf; Gould's text; Kansas catalogue; the plate
VI,70,,Crimson-breasted Partridge,Hematortyx sanguiniceps,Haematortyx sanguiniceps,Crimson-headed Partridge,crhpar1,eBird/Clements 2025,Q604442,2473719,53F470C05F9E1760,Haematortyx sanguiniceps_Crimson-headed Partridge,,high,yes,,List of Plates (vol. VI); engraved caption on the leaf; the text leaf bound after the plate; Kansas catalogue; pinned in Featherframe (gould_asia.yaml)
VI,71,,Rufous-breasted Bamboo-Partridge,Bambusicola hyperythra,Arborophila hyperythra,Red-breasted Partridge,rebpar5,eBird/Clements 2025,Q606421,2473612,69E98505C24FAB8C,Arborophila hyperythra_Red-breasted Partridge,,high,yes,,List of Plates (vol. VI); engraved caption on the leaf; the text leaf bound after the plate; Kansas catalogue; pinned in Featherframe (gould_asia.yaml)
VI,72,,Formosan Bamboo-Partridge,Bambusicola sonorivox,Bambusicola sonorivox,Taiwan Bamboo-Partridge,taibap1,eBird/Clements 2025,Q21470350,7529528,,Bambusicola sonorivox_Taiwan Bamboo-Partridge,,high,yes,,List of Plates (vol. VI); engraved caption on the leaf; the text leaf bound after the plate; Kansas catalogue; pinned in Featherframe (gould_asia.yaml)
VI,73,,Bearded Partridge,Perdix barbata,Perdix dauurica,Daurian Partridge,daupar1,eBird/Clements 2025,Q27074584,5227956,0923A272116E8D4E,,,high,yes,"Verreaux and Des Murs's Perdix barbata (syn. Tetrao perdix var. daurica Pallas) = Daurian Partridge: orange face and breast, black belly patch.",List of Plates (vol. VI); engraved caption on the leaf; Gould's text; Kansas catalogue; the plate
VI,74,,Thibet Partridge,Perdix Hodgsoniae,Perdix hodgsoniae,Tibetan Partridge,tibpar1,eBird/Clements 2025,Q1063957,5227946,ABB81DC66D1487F4,,,high,yes,Hodgson's Sacfa hodgsoniae = Tibetan Partridge.,List of Plates (vol. VI); engraved caption on the leaf; Gould's text; Kansas catalogue; the plate
VI,75,,Lerwa Partridge,Lerwa nivicola,Lerwa lerwa,Snow Partridge,snopar1,eBird/Clements 2025,Q833453,2474021,AEC62A99FF842452,,,high,yes,Hodgson's Lerwa nivicola (Perdix lerwa) = Snow Partridge.,List of Plates (vol. VI); engraved caption on the leaf; Gould's text; Kansas catalogue; the plate
VII,1,,Bonham's Sand-Partridge,Ammoperdix Bonhami,Ammoperdix griseogularis,See-see Partridge,sespar1,eBird/Clements 2025,Q920780,2473732,439AFD40508D453F,,,high,yes,Gray's Caccabis bonhami of Persia (syn. griseogularis Brandt) = See-see Partridge.,List of Plates (vol. VII); engraved caption on the leaf; Gould's text; Kansas catalogue; the plate
VII,2,,Hey's Sand-Partridge,Ammoperdix Heyi,Ammoperdix heyi,Sand Partridge,sanpar1,eBird/Clements 2025,Q1274275,2473733,CD83E49E5C1FB3F8,,,high,yes,Temminck's Perdix heyii of Arabia = Sand Partridge.,List of Plates (vol. VII); engraved caption on the leaf; Gould's text; Kansas catalogue; the plate
VII,3,,Little Red-billed Partridge,Microperdix erythrorhyncha,Perdicula erythrorhyncha,Painted Bush-Quail,pabqua1,eBird/Clements 2025,Q1261664,2473362,8E9DF823417D7AC2,Perdicula erythrorhyncha_Painted Bush-Quail,,high,yes,,List of Plates (vol. VII); engraved caption on the leaf; the text leaf bound after the plate; Kansas catalogue; pinned in Featherframe (gould_asia.yaml)
VII,4,,Asiatic Bush-Quail,Perdicula Asiatica,Perdicula asiatica,Jungle Bush-Quail,jubqua1,eBird/Clements 2025,Q1263482,2473356,324136665E8C7568,Perdicula asiatica_Jungle Bush-Quail,,high,yes,,List of Plates (vol. VII); engraved caption on the leaf; the text leaf bound after the plate; Kansas catalogue; pinned in Featherframe (gould_asia.yaml)
VII,5,,Argoondah Bush-Quail,Perdicula Argoondah,Perdicula argoondah,Rock Bush-Quail,robqua1,eBird/Clements 2025,Q1273414,2473365,177160F1387B62B6,Perdicula argoondah_Rock Bush-Quail,,high,yes,,List of Plates (vol. VII); engraved caption on the leaf; the text leaf bound after the plate; Kansas catalogue; pinned in Featherframe (gould_asia.yaml)
VII,6,,Chinese Quail,Excalfactoria Chinensis,Synoicus chinensis,Blue-breasted Quail,blbqua1,eBird/Clements 2025,Q27043839,8082581,C2579CCB48D8AF6F,Synoicus chinensis_Blue-breasted Quail,,high,yes,,List of Plates (vol. VII); engraved caption on the leaf; the text leaf bound after the plate; Kansas catalogue; pinned in Featherframe (gould_asia.yaml)
VII,7,,Minute Quail,Excalfactoria minima,Synoicus chinensis,Blue-breasted Quail,blbqua1,eBird/Clements 2025,Q27043839,8082581,C2579CCB48D8AF6F,Synoicus chinensis_Blue-breasted Quail,subspecies,high,yes,"Excalfactoria minima Gould, from Wallace's Macassar birds, is the Sulawesi population of the race lineata of Blue-breasted Quail.",List of Plates; engraved caption; Gould's text; Kansas catalogue
VII,8,,Slate-coloured Partridge,Malacoturnix superciliosus,Ophrysia superciliosa,Himalayan Quail,himqua1,eBird/Clements 2025,Q852146,2473657,1EDD86FF97DAFBAB,,,high,yes,"Gray's Rollulus superciliosus (Malacoturnix) = Himalayan Quail, drawn from the Derby Museum pair.",List of Plates (vol. VII); engraved caption on the leaf; Gould's text; Kansas catalogue; the plate
VII,9,,Coromandel Quail,Coturnix Coromandelicus,Coturnix coromandelica,Rain Quail,raiqua1,eBird/Clements 2025,Q944167,2474163,A6F042E2559E83B1,Coturnix coromandelica_Rain Quail,,high,yes,,List of Plates (vol. VII); engraved caption on the leaf; the text leaf bound after the plate; Kansas catalogue; pinned in Featherframe (gould_asia.yaml)
VII,10,,Little Hemipode,Turnix Dussumieri,Turnix sylvaticus,Small Buttonquail,smabut2,eBird/Clements 2025,Q18836,2475001,0DA8BB90D5401FDB,Turnix sylvaticus_Small Buttonquail,subspecies,high,yes,"Turnix dussumieri Temminck, of India, is T. sylvaticus dussumier, the Indian race of Small Buttonquail.",List of Plates; engraved caption; Gould's text; Kansas catalogue
VII,11,,Fasciated Hemipode,Turnix fasciatus,Turnix suscitator,Barred Buttonquail,barbut1,eBird/Clements 2025,Q1262057,2474982,FDA8873BEB981EA6,Turnix suscitator_Barred Buttonquail,subspecies,high,yes,"Hemipodius fasciatus Temminck, from the Philippines, is T. suscitator fasciatus, a race of Barred Buttonquail; Gould's figures are Wallace's Macassar birds, of the Sulawesi race rufilatus.",List of Plates; engraved caption; Gould's text; Kansas catalogue
VII,12,,Chestnut-tailed Lobed Pheasant,Lobiophasis castaneicaudatus,Lophura bulweri,Bulwer's Pheasant,bulphe1,eBird/Clements 2025,Q766605,5228005,2CE71349C76BA2BD,,variant,high,yes,"Sharpe's Lobiophasis castaneicaudatus, from the same river as Bulwer's, is the immature male of Bulwer's Pheasant, as Sharpe suspected: blue facial wattles, maroon neck, chestnut tail.",List of Plates (vol. VII); engraved caption on the leaf; Gould's text; Kansas catalogue; the plate
VII,13,,Bulwer's Pheasant,Lobiophasis Bulweri,Lophura bulweri,Bulwer's Pheasant,bulphe1,eBird/Clements 2025,Q766605,5228005,2CE71349C76BA2BD,,,high,yes,"Sharpe's Lobiophasis bulweri of Borneo = Bulwer's Pheasant: blue wattles, white tail.",List of Plates (vol. VII); engraved caption on the leaf; Gould's text; Kansas catalogue; the plate
VII,14,,Lineated Pheasant,Euplocamus lineatus,Lophura leucomelanos,Kalij Pheasant,kalphe,eBird/Clements 2025,Q840349,5227993,93A177347D102ED8,Lophura leucomelanos_Kalij Pheasant,subspecies,high,yes,"Euplocamus lineatus Vigors is the Lineated Kalij, Lophura leucomelanos lineata, which Clements keeps in Kalij Pheasant; the plate shows the pencilled grey male with the dark legs Gould uses to separate it from the Silver Pheasant.",List of Plates; engraved caption; Gould's text; Kansas catalogue; the plate
VII,15,,Vieillot's Fireback,Euplocamus Vieilloti,Lophura rufa,Malayan Crested Fireback,crefir3,eBird/Clements 2025,Q55111783,,,,,high,yes,"Gray's Euplocomus vieilloti of Malacca and Sumatra, which Gould separates from the chestnut-bellied ignitus, is the Malayan Crested Fireback: white-streaked flanks, white central tail. eBird 2025 splits it from the Bornean.",List of Plates (vol. VII); engraved caption on the leaf; Gould's text; Kansas catalogue; the plate
VII,16,,Swinhoe's Fireback,Euplocamus Swinhoii,Lophura swinhoii,Swinhoe's Pheasant,swiphe1,eBird/Clements 2025,Q715245,5227984,1EFA9BD0F96B5DDC,,,high,yes,Gould's Euplocamus swinhoii of Formosa = Swinhoe's Pheasant.,List of Plates (vol. VII); engraved caption on the leaf; Gould's text; Kansas catalogue; the plate
VII,17,,Pencilled Pheasant,Gennaeus nycthemerus,Lophura nycthemera,Silver Pheasant,silphe,eBird/Clements 2025,Q546835,5227966,69DAB4A8,,,high,yes,Linnaeus's Phasianus nycthemerus = Silver Pheasant.,List of Plates (vol. VII); engraved caption on the leaf; Gould's text; Kansas catalogue; the plate
VII,18,,Cheer,Catreus Wallichii,Catreus wallichii,Cheer Pheasant,chephe1,eBird/Clements 2025,Q385891,5227753,BCF98F51812DA4B4,Catreus wallichii_Cheer Pheasant,,high,yes,,List of Plates (vol. VII); engraved caption on the leaf; the text leaf bound after the plate; Kansas catalogue; pinned in Featherframe (gould_asia.yaml)
VII,19,,Golden Pheasant,Thaumalea picta,Chrysolophus pictus,Golden Pheasant,golphe,eBird/Clements 2025,Q335113,5228034,093AC1FC5140E629,Chrysolophus pictus_Golden Pheasant,,high,yes,,List of Plates (vol. VII); engraved caption on the leaf; the text leaf bound after the plate; Kansas catalogue; pinned in Featherframe (gould_asia.yaml)
VII,20,,Lady Amherst's Pheasant,Thaumalea Amherstiae,Chrysolophus amherstiae,Lady Amherst's Pheasant,laaphe1,eBird/Clements 2025,Q385750,5228033,DDF032E83155CBB2,Chrysolophus amherstiae_Lady Amherst's Pheasant,,high,yes,,List of Plates (vol. VII); engraved caption on the leaf; the text leaf bound after the plate; Kansas catalogue; pinned in Featherframe (gould_asia.yaml)
VII,21,,Siamese Fireback,Diardigallus praelatus,Lophura diardi,Siamese Fireback,siafir1,eBird/Clements 2025,Q839857,5227987,6805AC5A7415198C,,,high,yes,Bonaparte's Diardigallus praelatus (syn. fasciolatus Blyth) of Siam = Siamese Fireback.,List of Plates (vol. VII); engraved caption on the leaf; Gould's text; Kansas catalogue; the plate
VII,22,,Chinese Crossoptilon,Crossoptilon auritum,Crossoptilon mantchuricum,Brown Eared-Pheasant,brephe1,eBird/Clements 2025,Q790606,2474098,3AE74F1C350F8E34,,,high,yes,"The plate shows the Brown Eared-Pheasant: chocolate-brown body, white ear tufts and tail base. Gould used Pallas's auritum for the birds of the hills west of Peking, with Swinhoe's mantchuricum as its synonym; auritum is now the Blue Eared-Pheasant.",List of Plates (vol. VII); engraved caption on the leaf; Gould's text; Kansas catalogue; the plate
VII,23,,Elliot's Pheasant,Calophasis Ellioti,Syrmaticus ellioti,Elliot's Pheasant,ellphe1,eBird/Clements 2025,Q285477,2473483,117C0DDFB67149E8,,,high,yes,Swinhoe's Phasianus ellioti of Chekiang = Elliot's Pheasant.,List of Plates (vol. VII); engraved caption on the leaf; Gould's text; Kansas catalogue; the plate
VII,24,,Chinese Pucras Pheasant,Pucrasia xanthospila,Pucrasia macrolopha,Koklass Pheasant,kokphe1,eBird/Clements 2025,Q899810,2473562,6383E214366FDC88,Pucrasia macrolopha_Koklass Pheasant,subspecies,high,yes,"Pucrasia xanthospila G. R. Gray, from northern China, is P. macrolopha xanthospila, a race of Koklass Pheasant.",List of Plates; engraved caption; Gould's text; Kansas catalogue
VII,25,,Darwin's Pucras Pheasant,Pucrasia Darwini,Pucrasia macrolopha,Koklass Pheasant,kokphe1,eBird/Clements 2025,Q899810,2473562,6383E214366FDC88,Pucrasia macrolopha_Koklass Pheasant,subspecies,high,yes,"Pucrasia darwini Swinhoe, from the hills behind Ningpo, is P. macrolopha darwini, the east Chinese race of Koklass Pheasant.",List of Plates; engraved caption; Gould's text; Kansas catalogue
VII,26,,Himalayan Pucras Pheasant,Pucrasia macrolopha,Pucrasia macrolopha,Koklass Pheasant,kokphe1,eBird/Clements 2025,Q899810,2473562,6383E214366FDC88,Pucrasia macrolopha_Koklass Pheasant,,high,yes,,List of Plates (vol. VII); engraved caption on the leaf; the text leaf bound after the plate; Kansas catalogue; pinned in Featherframe (gould_asia.yaml)
VII,27,,Kafiristan Pucras Pheasant,Pucrasia castanea,Pucrasia macrolopha,Koklass Pheasant,kokphe1,eBird/Clements 2025,Q899810,2473562,6383E214366FDC88,Pucrasia macrolopha_Koklass Pheasant,subspecies,high,yes,"Pucrasia castanea Gould, from Griffith's Kafiristan birds, is P. macrolopha castanea, the chestnut-mantled western race of Koklass Pheasant.",List of Plates; engraved caption; Gould's text; Kansas catalogue
VII,28,,Nepaul Pucras Pheasant,Pucrasia Nipalensis,Pucrasia macrolopha,Koklass Pheasant,kokphe1,eBird/Clements 2025,Q899810,2473562,6383E214366FDC88,Pucrasia macrolopha_Koklass Pheasant,subspecies,high,yes,"Pucrasia nipalensis Gould, from Nepal and Bhutan, is P. macrolopha nipalensis, a race of Koklass Pheasant.",List of Plates; engraved caption; Gould's text; Kansas catalogue
VII,29,,Caspian Snow-Partridge,Tetraogallus Caspius,Tetraogallus caspius,Caspian Snowcock,cassno1,eBird/Clements 2025,Q1274601,2473442,039BF484C6E832D0,,,high,yes,"Gmelin's Tetrao caspius = Caspian Snowcock, drawn from a living bird from Tabriz.",List of Plates (vol. VII); Gould's text; Kansas catalogue; the plate
VII,30,,Himalayan Snow-Partridge,Tetraogallus Himalayensis,Tetraogallus himalayensis,Himalayan Snowcock,himsno,eBird/Clements 2025,Q732340,2473455,AC2DD69D25CC9211,,,high,yes,"G. R. Gray's Tetraogallus himalayensis = Himalayan Snowcock: chestnut neck stripes, black-and-white scaled chest.",List of Plates (vol. VII); Gould's text; Kansas catalogue; the plate
VII,31,,Altaic Snow-Partridge,Tetraogallus Altaicus,Tetraogallus altaicus,Altai Snowcock,altsno1,eBird/Clements 2025,Q1266639,2473454,D9A6E25C5C83C6F9,,,high,yes,"Gebler's Perdix altaica = Altai Snowcock: white flanks, black lower belly.",List of Plates (vol. VII); Gould's text; Kansas catalogue; the plate
VII,32,,Tibetan Snow-Partridge,Tetraogallus Tibetanus,Tetraogallus tibetanus,Tibetan Snowcock,tibsno1,eBird/Clements 2025,Q747124,2473447,509A30B1CFCCC041,Tetraogallus tibetanus_Tibetan Snowcock,,high,yes,,List of Plates (vol. VII); engraved caption on the leaf; the text leaf bound after the plate; Kansas catalogue; pinned in Featherframe (gould_asia.yaml)
VII,33,,Reeves's Pheasant,Phasianus Reevesii,Syrmaticus reevesii,Reeves's Pheasant,reephe1,eBird/Clements 2025,Q339483,2473477,94785AFFA715F16E,,,high,yes,J. E. Gray's Phasianus reevesii = Reeves's Pheasant.,List of Plates (vol. VII); engraved caption on the leaf; Gould's text; Kansas catalogue; the plate
VII,34,,Common Pheasant,Phasianus colchicus,Phasianus colchicus,Ring-necked Pheasant,rinphe1,eBird/Clements 2025,Q25432,9752149,,,,high,yes,nominate colchicus; the pheasant is VII.39 (one plate per species),List of Plates (vol. VII); engraved caption on the leaf; the text leaf bound after the plate; Kansas catalogue
VII,35,,Shaw's Pheasant,Phasianus Shawii,Phasianus colchicus,Ring-necked Pheasant,rinphe1,eBird/Clements 2025,Q25432,9752149,,Phasianus colchicus_Ring-necked Pheasant,subspecies,high,yes,"Phasianus shawi Elliot, the Yarkand pheasant (Gould's text sinks Elliot's insignis into it), is P. colchicus shawii, a race of Ring-necked Pheasant.",List of Plates; engraved caption; Gould's text; Kansas catalogue
VII,36,,Oxus Pheasant,Phasianus chrysomelas,Phasianus colchicus,Ring-necked Pheasant,rinphe1,eBird/Clements 2025,Q25432,9752149,,Phasianus colchicus_Ring-necked Pheasant,subspecies,high,yes,"Phasianus chrysomelas Severtzov, from the Oxus delta, is P. colchicus chrysomelas, a race of Ring-necked Pheasant.",List of Plates; engraved caption; Gould's text; Kansas catalogue
VII,37,,Sommering's Pheasant,Phasianus Soemmeringii,Syrmaticus soemmerringii,Copper Pheasant,copphe1,eBird/Clements 2025,Q731600,2473484,0C641DC55521E668,,,high,yes,Temminck's Phasianus soemmerringii of Japan = Copper Pheasant.,List of Plates (vol. VII); engraved caption on the leaf; Gould's text; Kansas catalogue; the plate
VII,38,,Sparkling Pheasant,Phasianus scintillans,Syrmaticus soemmerringii,Copper Pheasant,copphe1,eBird/Clements 2025,Q731600,2473484,0C641DC55521E668,,subspecies,high,yes,"Gould's Phasianus scintillans is a race of the Copper Pheasant, S. s. scintillans.",List of Plates (vol. VII); engraved caption on the leaf; Gould's text; Kansas catalogue; the plate
VII,39,,Chinese Ring-necked Pheasant,Phasianus torquatus,Phasianus colchicus,Ring-necked Pheasant,rinphe1,eBird/Clements 2025,Q25432,9752149,,Phasianus colchicus_Ring-necked Pheasant,subspecies,judged,yes,the ringed stock introduced to North America; the one form pinned on purpose (Wells),List of Plates (vol. VII); engraved caption on the leaf; the text leaf bound after the plate; Kansas catalogue; pinned in Featherframe (gould_asia.yaml)
VII,40,,Japanese Pheasant,Phasianus versicolor,Phasianus versicolor,Green Pheasant,rinphe2,eBird/Clements 2025,Q425900,5227775,22C500C0224D53F5,,,high,yes,"Vieillot's Phasianus versicolor of Japan = Green Pheasant, a species in eBird 2025.",List of Plates (vol. VII); engraved caption on the leaf; Gould's text; Kansas catalogue; the plate
VII,41,,Mongolian Pheasant,Phasianus Mongolicus,Phasianus colchicus,Ring-necked Pheasant,rinphe1,eBird/Clements 2025,Q25432,9752149,,Phasianus colchicus_Ring-necked Pheasant,subspecies,high,yes,"Phasianus mongolicus Brandt, the white-ringed pheasant of Balkhash and the Kirghiz steppe, is P. colchicus mongolicus, a race of Ring-necked Pheasant.",List of Plates; engraved caption; Gould's text; Kansas catalogue
VII,42,,Geoffroy's Francolin,Ithaginis Geoffroyi,Ithaginis cruentus,Blood Pheasant,blophe1,eBird/Clements 2025,Q839539,2474060,FFF63987ED03228F,Ithaginis cruentus_Blood Pheasant,subspecies,high,yes,"Ithaginis geoffroyi J. Verreaux, from western China, is I. cruentus geoffroyi, a race of Blood Pheasant.",List of Plates; engraved caption; Gould's text; Kansas catalogue
VII,43,,Sanguine Francolin,Ithaginis cruentus,Ithaginis cruentus,Blood Pheasant,blophe1,eBird/Clements 2025,Q839539,2474060,FFF63987ED03228F,Ithaginis cruentus_Blood Pheasant,,high,yes,,List of Plates (vol. VII); engraved caption on the leaf; the text leaf bound after the plate; Kansas catalogue; pinned in Featherframe (gould_asia.yaml)
VII,44,,Mou-pin Snow-Partridge,Tetraophasis obscurus,Tetraophasis obscurus,Chestnut-throated Monal-Partridge,verpar1,eBird/Clements 2025,Q202469,2473534,B04F04D63A389340,,,high,yes,J. Verreaux's Lophophorus obscurus from Moupin = Chestnut-throated (Verreaux's) Monal-Partridge; the plate shows the chestnut throat.,List of Plates (vol. VII); engraved caption on the leaf; Gould's text; Kansas catalogue; the plate
VII,45,,Western Horned Pheasant,Ceriornis melanocephala,Tragopan melanocephalus,Western Tragopan,westra1,eBird/Clements 2025,Q845992,2473543,44BD6CF10F289FE5,,,high,yes,Gray's Satyra melanocephala = Western Tragopan.,List of Plates (vol. VII); engraved caption on the leaf; Gould's text; Kansas catalogue; the plate
VII,46,,Temminck's Horned Pheasant,Ceriornis Temmincki,Tragopan temminckii,Temminck's Tragopan,temtra1,eBird/Clements 2025,Q827262,2473544,5DDD7AA1E77E2A60,,,high,yes,Gray's Satyra temminckii = Temminck's Tragopan.,List of Plates (vol. VII); engraved caption on the leaf; Gould's text; Kansas catalogue; the plate
VII,47,,Blyth's Horned Pheasant,Ceriornis Blythi,Tragopan blythii,Blyth's Tragopan,blytra1,eBird/Clements 2025,Q852864,2473540,528CC7C2E85AD4C0,,,high,yes,"Jerdon's Ceriornis blythii from the hills near Sadiya = Blyth's Tragopan: yellow throat skin, grey-buff underparts.",List of Plates (vol. VII); Gould's text; Kansas catalogue; the plate
VII,48,,Dr. Cabot's Horned Pheasant,Ceriornis Caboti,Tragopan caboti,Cabot's Tragopan,cabtra1,eBird/Clements 2025,Q902930,2473545,0D009C55E6B5FD40,,,high,yes,Gould's Ceriornis caboti = Cabot's Tragopan: buff underparts.,List of Plates (vol. VII); engraved caption on the leaf; Gould's text; Kansas catalogue; the plate
VII,49,,Nipaulese Horned Pheasant,Ceriornis Satyra,Tragopan satyra,Satyr Tragopan,sattra1,eBird/Clements 2025,Q685399,2473539,FB26CE585FEF8973,,,high,yes,Linnaeus's Meleagris satyra = Satyr Tragopan.,List of Plates (vol. VII); engraved caption on the leaf; Gould's text; Kansas catalogue; the plate
VII,50,,Assam Peacock Pheasant,Polyplectron chinquis,Polyplectron bicalcaratum,Gray Peacock-Pheasant,grypep2,eBird/Clements 2025,Q748957,2474079,824E5471AC97F6CD,Polyplectron bicalcaratum_Gray Peacock-Pheasant,,high,yes,"Polyplectron chinquis Temminck, Gould's Assam and Sylhet peacock-pheasant, is a synonym of P. bicalcaratum, the Gray Peacock-Pheasant (Gould kept bicalcaratum for the Malayan bird, VII.51), so no form.",List of Plates; engraved caption; Gould's text; Kansas catalogue
VII,51,,Malayan Peacock Pheasant,Polyplectron bicalcaratum,Polyplectron malacense,Malayan Peacock-Pheasant,mapphe1,eBird/Clements 2025,Q268392,2474087,DBFC1B0CD4D762C0,Polyplectron malacense_Malayan Peacock-Pheasant,,high,yes,"Gould uses bicalcaratum, after Blyth, for 'the Malayan bird' from Singapore and the Malay Peninsula, smaller and browner than his chinquis (VII.50, the Gray Peacock-Pheasant), with larger ocelli and a greenish-blue crest. His synonymy includes Scopoli's malaccensis. The plate's crested brown male is the Malayan Peacock-Pheasant.",List of Plates (vol. VII); engraved caption on the leaf; the text leaf bound after the plate; Kansas catalogue; the plate
VII,52,,Argus Pheasant,Argusianus argus,Argusianus argus,Great Argus,grearg1,eBird/Clements 2025,Q652266,5227762,F9F6A725C2D1CAA9,Argusianus argus_Great Argus,,high,yes,,List of Plates (vol. VII); engraved caption on the leaf; the text leaf bound after the plate; Kansas catalogue; pinned in Featherframe (gould_asia.yaml)
VII,53,,Monaul,Lophophorus Impeyanus,Lophophorus impejanus,Himalayan Monal,himmon1,eBird/Clements 2025,Q742818,5227747,F57FA4371F4DA7CE,Lophophorus impejanus_Himalayan Monal,,high,yes,,List of Plates (vol. VII); engraved caption on the leaf; the text leaf bound after the plate; Kansas catalogue; pinned in Featherframe (gould_asia.yaml)
VII,54,,De L'Huys's Monaul,Lophophorus l'Huysi,Lophophorus lhuysii,Chinese Monal,chimon1,eBird/Clements 2025,Q662861,5227748,583D3E979D655290,,,high,yes,Geoffroy Saint-Hilaire's Lophophorus lhuysi = Chinese Monal.,List of Plates (vol. VII); engraved caption on the leaf; Gould's text; Kansas catalogue; the plate
VII,55,,Sclater's Monaul,Chalcophasis Sclateri,Lophophorus sclateri,Sclater's Monal,sclmon1,eBird/Clements 2025,Q252488,5227749,298DEB8C1204C101,,,high,yes,"Jerdon's Lophophorus sclateri (Chalcophasis) = Sclater's Monal: white rump, rufous tail tip.",List of Plates (vol. VII); engraved caption on the leaf; Gould's text; Kansas catalogue; the plate
VII,56,,Sonnerat's Jungle-fowl,Gallus Sonnerati,Gallus sonneratii,Gray Junglefowl,grejun2,eBird/Clements 2025,Q304434,5227765,444C1F4D2DA022D9,Gallus sonneratii_Gray Junglefowl,,high,yes,,List of Plates (vol. VII); engraved caption on the leaf; the text leaf bound after the plate; Kansas catalogue; pinned in Featherframe (gould_asia.yaml)
VII,57,,Lesser Florikin,Sypheotides auritus,Sypheotides indicus,Lesser Florican,lesflo2,eBird/Clements 2025,Q1273465,2474868,FEA2C3CDFCACEEF2,,,high,yes,"Latham's Otis aurita = Lesser Florican, Sypheotides indicus.",List of Plates (vol. VII); engraved caption on the leaf; Gould's text; Kansas catalogue; the plate
VII,58,,MacQueen's Bustard,Otis MacQueeni,Chlamydotis macqueenii,Asian Houbara,macbus1,eBird/Clements 2025,Q1262382,2474863,1BCEB0FD7CDFB06A,,,high,yes,"Otis macqueeni Hardwicke and Gray = Asian Houbara (MacQueen's Bustard), split from the African Houbara.",List of Plates (vol. VII); engraved caption on the leaf; Gould's text; Kansas catalogue; the plate
VII,59,,Rosy Tantalus,Tantalus leucocephalus,Mycteria leucocephala,Painted Stork,paisto1,eBird/Clements 2025,Q631805,2481938,,Mycteria leucocephala_Painted Stork,,high,yes,,List of Plates (vol. VII); engraved caption on the leaf; the text leaf bound after the plate; Kansas catalogue; pinned in Featherframe (gould_asia.yaml)
VII,60,,Rufescent Curlew,Numenius rufescens,Numenius madagascariensis,Far Eastern Curlew,faecur,eBird/Clements 2025,Q76496,2481791,DAF8F22BD6A6C662,Numenius madagascariensis_Far Eastern Curlew,,judged,yes,rufescens Gould is the Far Eastern Curlew; the survey read Eurasian,List of Plates (vol. VII); engraved caption on the leaf; the text leaf bound after the plate; Kansas catalogue; pinned in Featherframe (gould_asia.yaml)
VII,61,,Red-billed Erolia,Ibidorhynchus Struthersi,Ibidorhyncha struthersii,Ibisbill,ibisbi1,eBird/Clements 2025,Q217704,2480336,0C1F2A47F97EF09C,Ibidorhyncha struthersii_Ibisbill,,high,yes,Red-billed Erolia = Ibisbill,List of Plates (vol. VII); engraved caption on the leaf; the text leaf bound after the plate; Kansas catalogue; pinned in Featherframe (gould_asia.yaml)
VII,62,,Zic-zac,Pluvianus Aegyptius,Pluvianus aegyptius,Egyptian Plover,egyplo1,eBird/Clements 2025,Q835119,2480762,1B28A4B6389473D3,,,high,yes,Linnaeus's Charadrius aegyptius = Egyptian Plover.,List of Plates (vol. VII); engraved caption on the leaf; Gould's text; Kansas catalogue; the plate
VII,63,,Black-winged Pratincole,Glareola melanoptera,Glareola nordmanni,Black-winged Pratincole,blwpra1,eBird/Clements 2025,Q695729,2480758,E1F6A875C32C042D,,,high,yes,"Black-winged Pratincole (Glareola nordmanni, KU), not in BirdNET; the survey's Oriental Pratincole is wrong",List of Plates (vol. VII); engraved caption on the leaf; the text leaf bound after the plate; Kansas catalogue
VII,64,,Cinereous Pratincole,Glareola lactea,Glareola lactea,Small Pratincole,smapra1,eBird/Clements 2025,Q934460,2480755,D9A310F122B86A22,Glareola lactea_Small Pratincole,,high,yes,,List of Plates (vol. VII); engraved caption on the leaf; the text leaf bound after the plate; Kansas catalogue; pinned in Featherframe (gould_asia.yaml)
VII,65,,Indian Courser,Cursorius Coromandelicus,Cursorius coromandelicus,Indian Courser,indcou1,eBird/Clements 2025,Q546548,2480743,236D9272D392B777,,,high,yes,Gmelin's Charadrius coromandelicus = Indian Courser.,List of Plates (vol. VII); engraved caption on the leaf; Gould's text; Kansas catalogue; the plate
VII,66,,Spoon-billed Sandpiper,Eurinorhynchus pygmaeus,Calidris pygmaea,Spoon-billed Sandpiper,spbsan1,eBird/Clements 2025,Q28065684,10658506,3FC8CA50CC50BAAD,Calidris pygmaea_Spoon-billed Sandpiper,,high,yes,,List of Plates (vol. VII); engraved caption on the leaf; the text leaf bound after the plate; Kansas catalogue; pinned in Featherframe (gould_asia.yaml)
VII,67,,White-breasted Water-hen,Gallinula phoenicura,Amaurornis phoenicurus,White-breasted Waterhen,whbwat1,eBird/Clements 2025,Q862825,2474732,F53518E3D78616E7,Amaurornis phoenicurus_White-breasted Waterhen,,high,yes,,List of Plates (vol. VII); engraved caption on the leaf; the text leaf bound after the plate; Kansas catalogue; pinned in Featherframe (gould_asia.yaml)
VII,68,,Chinese Jacana,Hydrophasianus Sinensis,Hydrophasianus chirurgus,Pheasant-tailed Jacana,phtjac1,eBird/Clements 2025,Q18861,2481840,6F672FA3A724EC9F,Hydrophasianus chirurgus_Pheasant-tailed Jacana,,high,yes,,List of Plates (vol. VII); engraved caption on the leaf; the text leaf bound after the plate; Kansas catalogue; pinned in Featherframe (gould_asia.yaml)
VII,69,,Mandarin Duck,Aix galericulata,Aix galericulata,Mandarin Duck,manduc,eBird/Clements 2025,Q200339,2498388,E1714A09EA1DFD1D,Aix galericulata_Mandarin Duck,,high,yes,,List of Plates (vol. VII); engraved caption on the leaf; the text leaf bound after the plate; Kansas catalogue; pinned in Featherframe (gould_asia.yaml)
VII,70,,Black-bellied Tern,Sterna melanogaster,Sterna acuticauda,Black-bellied Tern,blbter1,eBird/Clements 2025,Q934603,5229261,807E1277B4640875,,,high,yes,Temminck's Sterna melanogaster (syn. acuticauda Gray) = Black-bellied Tern.,List of Plates (vol. VII); engraved caption on the leaf; Gould's text; Kansas catalogue; the plate
VII,71,,Kurile Guillemot,Uria Carbo,Cepphus carbo,Spectacled Guillemot,spegui1,eBird/Clements 2025,Q917150,2481318,906805208A4BB584,,,high,yes,Pallas's Cepphus carbo = Spectacled Guillemot.,List of Plates (vol. VII); engraved caption on the leaf; Gould's text; Kansas catalogue; the plate
